Date,Ticker,Adj Close,Close,High,Low,Open,Volume
2006-05-15,AAPL,2.0293221473693848,2.4210710525512695,2.442142963409424,2.3971428871154785,2.4060709476470947,529177600
2006-05-16,AAPL,1.9452033042907715,2.320713996887207,2.4375,2.3125,2.432142972946167,936740000
2006-05-17,AAPL,1.9535858631134033,2.330713987350464,2.3464291095733643,2.2882139682769775,2.3110709190368652,754194000
2006-05-18,AAPL,1.891320824623108,2.2564289569854736,2.366429090499878,2.254286050796509,2.3457140922546387,658442400
2006-05-19,AAPL,1.9311349391937256,2.303929090499878,2.317142963409424,2.2435710430145264,2.2592859268188477,985866000
2006-05-22,AAPL,1.8973067998886108,2.26357102394104,2.2853569984436035,2.241786003112793,2.2810709476470947,718975600
2006-05-23,AAPL,1.8904218673706055,2.255357027053833,2.328213930130005,2.25,2.3164288997650146,694414000
2006-05-24,AAPL,1.8961101770401,2.2621428966522217,2.273214101791382,2.198570966720581,2.249643087387085,916031200
2006-05-25,AAPL,1.9257457256317139,2.297499895095825,2.301785945892334,2.260356903076172,2.2950000762939453,463372000
2006-05-26,AAPL,1.90239679813385,2.2696430683135986,2.3057138919830322,2.255000114440918,2.296786069869995,432950000
2006-05-30,AAPL,1.8326478004455566,2.186429023742676,2.260714054107666,2.186429023742676,2.260356903076172,563402000
2006-05-31,AAPL,1.7892398834228516,2.134643077850342,2.2067859172821045,2.0960710048675537,2.205713987350464,1280977600
2006-06-01,AAPL,1.8610849380493164,2.2203569412231445,2.2242860794067383,2.125714063644409,2.137500047683716,942508000
2006-06-02,AAPL,1.8458186388015747,2.2021429538726807,2.253571033477783,2.174285888671875,2.249643087387085,685787200
2006-06-05,AAPL,1.7961257696151733,2.142857074737549,2.183928966522217,2.1417860984802246,2.183928966522217,605785600
2006-06-06,AAPL,1.787743091583252,2.132857084274292,2.1653571128845215,2.103929042816162,2.1507139205932617,726037200
2006-06-07,AAPL,1.7530194520950317,2.0914289951324463,2.1571431159973145,2.0839290618896484,2.1464290618896484,750506400
2006-06-08,AAPL,1.8188765048980713,2.1700000762939453,2.1760709285736084,2.0410709381103516,2.0871429443359375,1397482800
2006-06-09,AAPL,1.7733745574951172,2.1157140731811523,2.198570966720581,2.1107139587402344,2.184999942779541,775838000
2006-06-12,AAPL,1.7063190937042236,2.0357139110565186,2.133213996887207,2.0342860221862793,2.121428966522217,717785600
2006-06-13,AAPL,1.7461330890655518,2.083214044570923,2.1107139587402344,2.0485711097717285,2.057499885559082,1080643200
2006-06-14,AAPL,1.7245805263519287,2.057499885559082,2.0992860794067383,2.0246429443359375,2.0814290046691895,878136000
2006-06-15,AAPL,1.7775651216506958,2.120713949203491,2.133570909500122,2.0267860889434814,2.046428918838501,1190383600
2006-06-16,AAPL,1.7230831384658813,2.0557138919830322,2.113929033279419,2.054286003112793,2.1057140827178955,838101600
2006-06-19,AAPL,1.7123059034347534,2.0428569316864014,2.07785701751709,2.0357139110565186,2.065356969833374,704575200
2006-06-20,AAPL,1.720388650894165,2.052500009536743,2.0839290618896484,2.0460710525512695,2.057499885559082,672974400
2006-06-21,AAPL,1.7320642471313477,2.0664288997650146,2.0967860221862793,2.046428918838501,2.062143087387085,863296000
2006-06-22,AAPL,1.7835524082183838,2.127856969833374,2.1339290142059326,2.0739290714263916,2.078571081161499,965633200
2006-06-23,AAPL,1.7611002922058105,2.1010708808898926,2.1489291191101074,2.0975000858306885,2.132857084274292,660203600
2006-06-26,AAPL,1.765891432762146,2.106786012649536,2.114285945892334,2.0846428871154785,2.1132140159606934,466536000
2006-06-27,AAPL,1.719191312789917,2.0510709285736084,2.115000009536743,2.049999952316284,2.1103570461273193,550611600
2006-06-28,AAPL,1.6769822835922241,2.000714063644409,2.046428918838501,1.978929042816162,2.0460710525512695,850704400
2006-06-29,AAPL,1.7652915716171265,2.1060709953308105,2.1103570461273193,2.0139288902282715,2.0271430015563965,873398400
2006-06-30,AAPL,1.7144017219543457,2.0453569889068604,2.0625,2.017857074737549,2.056786060333252,739695600
2006-07-03,AAPL,1.7347577810287476,2.069643020629883,2.07785701751709,2.0478570461273193,2.054286003112793,194770800
2006-07-05,AAPL,1.7063190937042236,2.0357139110565186,2.057142972946167,2.0199999809265137,2.0410709381103516,518240800
2006-07-06,AAPL,1.6694989204406738,1.991786003112793,2.049999952316284,1.986070990562439,2.038928985595703,633208800
2006-07-07,AAPL,1.6584224700927734,1.9785710573196411,2.0196430683135986,1.9524999856948853,1.9814289808273315,799360800
2006-07-10,AAPL,1.6464483737945557,1.964285969734192,2.0174999237060547,1.9464290142059326,1.989285945892334,529345600
2006-07-11,AAPL,1.6659058332443237,1.9874999523162842,1.9996429681777954,1.9474999904632568,1.9682140350341797,825022800
2006-07-12,AAPL,1.5853805541992188,1.8914289474487305,1.9728569984436035,1.8899999856948853,1.9703569412231445,927329200
2006-07-13,AAPL,1.5641255378723145,1.8660709857940674,1.9328570365905762,1.8360710144042969,1.858214020729065,1249906000
2006-07-14,AAPL,1.5168280601501465,1.809643030166626,1.888929009437561,1.791429042816162,1.875,993036800
2006-07-17,AAPL,1.5677180290222168,1.8703570365905762,1.8967859745025635,1.844642996788025,1.847499966621399,1024542400
2006-07-18,AAPL,1.5835843086242676,1.8892860412597656,1.9232139587402344,1.8517860174179077,1.8985710144042969,1000448400
2006-07-19,AAPL,1.6195067167282104,1.932142972946167,1.9671430587768555,1.8700000047683716,1.8914289474487305,1390743200
2006-07-20,AAPL,1.8110930919647217,2.1607139110565186,2.1996428966522217,2.132857084274292,2.177143096923828,1972146400
2006-07-21,AAPL,1.8176790475845337,2.1685709953308105,2.183928966522217,2.130000114440918,2.1364290714263916,891892400
2006-07-24,AAPL,1.8386338949203491,2.193571090698242,2.2178568840026855,2.1582140922546387,2.187856912612915,722856400
2006-07-25,AAPL,1.8539015054702759,2.2117860317230225,2.2174999713897705,2.1707139015197754,2.2064290046691895,589069600
2006-07-26,AAPL,1.9119755029678345,2.2810709476470947,2.3085711002349854,2.20285701751709,2.2142860889434814,898427600
2006-07-27,AAPL,1.8979060649871826,2.2642860412597656,2.322143077850342,2.244999885559082,2.3035709857940674,735044800
2006-07-28,AAPL,1.9634642601013184,2.3424999713897705,2.3457140922546387,2.267857074737549,2.2835710048675537,691507600
2006-07-31,AAPL,2.034411668777466,2.427143096923828,2.45107102394104,2.367142915725708,2.3867859840393066,892841600
2006-08-01,AAPL,2.0110623836517334,2.3992860317230225,2.4260709285736084,2.3550000190734863,2.4007139205932617,711765600
2006-08-02,AAPL,2.0403995513916016,2.434286117553711,2.45285701751709,2.4110710620880127,2.4160709381103516,550768400
2006-08-03,AAPL,2.0832059383392334,2.4853570461273193,2.5,2.421786069869995,2.4253571033477783,841044400
2006-08-04,AAPL,2.0445899963378906,2.43928599357605,2.450356960296631,2.319999933242798,2.3946430683135986,1852866400
2006-08-07,AAPL,2.0119597911834717,2.4003570079803467,2.4857139587402344,2.3682138919830322,2.4185709953308105,1245512800
2006-08-08,AAPL,1.9392167329788208,2.313570976257324,2.3967859745025635,2.303929090499878,2.396070957183838,997864000
2006-08-09,AAPL,1.903592586517334,2.271070957183838,2.3428568840026855,2.2642860412597656,2.3367860317230225,955838800
2006-08-10,AAPL,1.9179630279541016,2.2882139682769775,2.314642906188965,2.239285945892334,2.2589290142059326,697760000
2006-08-11,AAPL,1.9053902626037598,2.273214101791382,2.2903571128845215,2.234999895095825,2.258213996887207,777529200
2006-08-14,AAPL,1.9140710830688477,2.2835710048675537,2.3292860984802246,2.2714290618896484,2.2874999046325684,717620400
2006-08-15,AAPL,1.9892092943191528,2.37321400642395,2.375,2.31428599357605,2.333570957183838,861352800
2006-08-16,AAPL,2.0350098609924316,2.427856922149658,2.4310710430145264,2.368928909301758,2.3964290618896484,781284000
2006-08-17,AAPL,2.0233359336853027,2.413928985595703,2.4521429538726807,2.3992860317230225,2.4285709857940674,581148400
2006-08-18,AAPL,2.032914876937866,2.4253571033477783,2.442857027053833,2.4021430015563965,2.4182140827178955,536354000
2006-08-21,AAPL,1.9925026893615723,2.377142906188965,2.4039289951324463,2.362499952316284,2.4035708904266357,526226400
2006-08-22,AAPL,2.024233341217041,2.4149999618530273,2.440000057220459,2.375,2.3814289569854736,576968000
2006-08-23,AAPL,2.01495361328125,2.4039289951324463,2.4517860412597656,2.390713930130005,2.4285709857940674,536258800
2006-08-24,AAPL,2.029921293258667,2.421786069869995,2.435357093811035,2.366786003112793,2.424643039703369,655191600
2006-08-25,AAPL,2.058060884475708,2.455357074737549,2.4660708904266357,2.4039289951324463,2.4049999713897705,543958800
2006-08-28,AAPL,2.005075454711914,2.3921430110931396,2.450356960296631,2.3814289569854736,2.4464290142059326,738161200
2006-08-29,AAPL,1.990107774734497,2.374285936355591,2.4021430015563965,2.325714111328125,2.3924999237060547,947332400
2006-08-30,AAPL,2.004476308822632,2.3914289474487305,2.42214298248291,2.3814289569854736,2.4049999713897705,680142400
2006-08-31,AAPL,2.031118392944336,2.4232139587402344,2.43928599357605,2.380713939666748,2.4028570652008057,574697200
2006-09-01,AAPL,2.0469837188720703,2.442142963409424,2.4517860412597656,2.42214298248291,2.445713996887207,408494800
2006-09-05,AAPL,2.139784574508667,2.552856922149658,2.5535709857940674,2.448214054107666,2.4632139205932617,1012457600
2006-09-06,AAPL,2.0963776111602783,2.501070976257324,2.560357093811035,2.489285945892334,2.5385708808898926,974103200
2006-09-07,AAPL,2.1792986392974854,2.5999999046325684,2.624285936355591,2.5089290142059326,2.5214290618896484,1267957600
2006-09-08,AAPL,2.1709165573120117,2.5899999141693115,2.627500057220459,2.568213939666748,2.620357036590576,895921600
2006-09-11,AAPL,2.170318365097046,2.5892860889434814,2.633213996887207,2.5507140159606934,2.5867860317230225,949124400
2006-09-12,AAPL,2.1742103099823,2.5939290523529053,2.62321400642395,2.551785945892334,2.6003570556640625,1684687200
2006-09-13,AAPL,2.2212095260620117,2.6500000953674316,2.6542859077453613,2.5821430683135986,2.601785898208618,1146138000
2006-09-14,AAPL,2.2203104496002197,2.6489291191101074,2.666785955429077,2.6235709190368652,2.632857084274292,801729600
2006-09-15,AAPL,2.2182157039642334,2.6464290618896484,2.677856922149658,2.617500066757202,2.664285898208618,981853600
2006-09-18,AAPL,2.2119290828704834,2.6389288902282715,2.6735711097717285,2.617856979370117,2.635714054107666,705278000
2006-09-19,AAPL,2.20833683013916,2.634643077850342,2.6557140350341797,2.5999999046325684,2.6464290618896484,710049200
2006-09-20,AAPL,2.2529401779174805,2.687856912612915,2.70285701751709,2.6507139205932617,2.6564290523529053,822791200
2006-09-21,AAPL,2.234679698944092,2.6660709381103516,2.7164289951324463,2.643570899963379,2.6875,794124800
2006-09-22,AAPL,2.185286521911621,2.607142925262451,2.6549999713897705,2.5921430587768555,2.6535708904266357,665112000
2006-09-25,AAPL,2.267608880996704,2.705357074737549,2.7092859745025635,2.632857084274292,2.636070966720581,858992400
2006-09-26,AAPL,2.3232884407043457,2.7717859745025635,2.7778570652008057,2.7178568840026855,2.7207140922546387,1102948000
2006-09-27,AAPL,2.2873663902282715,2.728929042816162,2.7667860984802246,2.7078568935394287,2.756071090698242,810373200
2006-09-28,AAPL,2.3053269386291504,2.750356912612915,2.7671430110931396,2.7125000953674316,2.750714063644409,723609600
2006-09-29,AAPL,2.304429292678833,2.749285936355591,2.768570899963379,2.7385709285736084,2.7539288997650146,405812400
2006-10-02,AAPL,2.2409653663635254,2.6735711097717285,2.7096428871154785,2.6535708904266357,2.682142972946167,712639200
2006-10-03,AAPL,2.217616558074951,2.645714044570923,2.676785945892334,2.613929033279419,2.6589291095733643,790708800
2006-10-04,AAPL,2.256532907485962,2.692142963409424,2.694999933242798,2.6128571033477783,2.6464290618896484,829082800
2006-10-05,AAPL,2.240067481994629,2.672499895095825,2.7200000286102295,2.6475000381469727,2.6617860794067383,683883200
2006-10-06,AAPL,2.221806764602661,2.6507139205932617,2.680000066757202,2.636070966720581,2.6578569412231445,466958800
2006-10-09,AAPL,2.2340803146362305,2.6653571128845215,2.681428909301758,2.626070976257324,2.635714054107666,438222400
2006-10-10,AAPL,2.2095329761505127,2.636070966720581,2.6635708808898926,2.609999895095825,2.6621429920196533,531588400
2006-10-11,AAPL,2.192171335220337,2.615356922149658,2.6421430110931396,2.5928568840026855,2.622143030166626,571855200
2006-10-12,AAPL,2.2529401779174805,2.687856912612915,2.692500114440918,2.628571033477783,2.6289288997650146,592855200
2006-10-13,AAPL,2.245755910873413,2.679286003112793,2.745713949203491,2.669286012649536,2.70107102394104,684196800
2006-10-16,AAPL,2.257131338119507,2.692857027053833,2.7100000381469727,2.6710710525512695,2.685357093811035,508692800
2006-10-17,AAPL,2.2239017486572266,2.6532139778137207,2.688214063644409,2.6442859172821045,2.680000066757202,480925200
2006-10-18,AAPL,2.231088161468506,2.6617860794067383,2.691786050796509,2.6396429538726807,2.669642925262451,1133907600
2006-10-19,AAPL,2.364598274230957,2.821070909500122,2.8553569316864014,2.791429042816162,2.830713987350464,1512977200
2006-10-20,AAPL,2.3933372497558594,2.8553569316864014,2.856786012649536,2.809643030166626,2.820357084274292,639413600
2006-10-23,AAPL,2.438540458679199,2.9092860221862793,2.924999952316284,2.8482139110565186,2.856786012649536,832507200
2006-10-24,AAPL,2.4262661933898926,2.8946430683135986,2.9171431064605713,2.864285945892334,2.9003570079803467,463212400
2006-10-25,AAPL,2.4451255798339844,2.9171431064605713,2.9285709857940674,2.893213987350464,2.9053568840026855,485214800
2006-10-26,AAPL,2.4603922367095947,2.935357093811035,2.950000047683716,2.8975000381469727,2.924999952316284,432756800
2006-10-27,AAPL,2.4071075916290283,2.871786117553711,2.944643020629883,2.8575000762939453,2.919642925262451,594966400
2006-10-30,AAPL,2.407407522201538,2.872143030166626,2.8892860412597656,2.8392860889434814,2.856786012649536,499917600
2006-10-31,AAPL,2.42716383934021,2.895714044570923,2.9171431064605713,2.865356922149658,2.9089291095733643,501474400
2006-11-01,AAPL,2.3696882724761963,2.8271429538726807,2.9064290523529053,2.7985711097717285,2.8964290618896484,611192400
2006-11-02,AAPL,2.36430025100708,2.820713996887207,2.8328568935394287,2.8035709857940674,2.818571090698242,465483200
2006-11-03,AAPL,2.343644142150879,2.7960710525512695,2.8403570652008057,2.7782139778137207,2.8342859745025635,431888800
2006-11-06,AAPL,2.386152982711792,2.8467860221862793,2.859286069869995,2.8010709285736084,2.819643020629883,434576800
2006-11-07,AAPL,2.4101006984710693,2.875356912612915,2.892857074737549,2.861785888671875,2.87321400642395,525932400
2006-11-08,AAPL,2.4681756496429443,2.944643020629883,2.953213930130005,2.8532140254974365,2.8578569889068604,690916800
2006-11-09,AAPL,2.494819164276123,2.976428985595703,3.0246429443359375,2.932857036590576,2.960714101791382,923053600
2006-11-10,AAPL,2.488232135772705,2.9685709476470947,2.9857139587402344,2.9464290142059326,2.983928918838501,373864400
2006-11-13,AAPL,2.525052309036255,3.012500047683716,3.016071081161499,2.9514288902282715,2.9721429347991943,450674000
2006-11-14,AAPL,2.5445101261138916,3.0357139110565186,3.0357139110565186,2.996428966522217,3.0285708904266357,588954800
2006-11-15,AAPL,2.5160727500915527,3.00178599357605,3.067857027053833,3.0,3.0374999046325684,655323200
2006-11-16,AAPL,2.562772035598755,3.057499885559082,3.0821430683135986,3.0221428871154785,3.0310709476470947,693940800
2006-11-17,AAPL,2.569956064224243,3.066071033477783,3.0692861080169678,3.0357139110565186,3.0407140254974365,466424000
2006-11-20,AAPL,2.5885164737701416,3.0882139205932617,3.107142925262451,3.0428569316864014,3.049999952316284,570794000
2006-11-21,AAPL,2.6522793769836426,3.164285898208618,3.164285898208618,3.1110711097717285,3.122143030166626,622666800
2006-11-22,AAPL,2.703467845916748,3.2253570556640625,3.2410709857940674,3.137500047683716,3.1782140731811523,671941200
2006-11-24,AAPL,2.742983341217041,3.2725000381469727,3.3242859840393066,3.1964290142059326,3.197499990463257,518677600
2006-11-27,AAPL,2.680418014526367,3.197856903076172,3.3271429538726807,3.1964290142059326,3.303929090499878,1074836000
2006-11-28,AAPL,2.7483720779418945,3.2789289951324463,3.2846429347991943,3.211071014404297,3.2271430492401123,1036173600
2006-11-29,AAPL,2.7480716705322266,3.2785708904266357,3.3267860412597656,3.2232139110565186,3.3214290142059326,1157083200
2006-11-30,AAPL,2.743880271911621,3.273571014404297,3.309999942779541,3.252142906188965,3.2932140827178955,870486400
2006-12-01,AAPL,2.73370361328125,3.2614290714263916,3.297499895095825,3.2178568840026855,3.2785708904266357,795079600
2006-12-04,AAPL,2.7277162075042725,3.254286050796509,3.2874999046325684,3.232142925262451,3.2814290523529053,709536800
2006-12-05,AAPL,2.732206344604492,3.259643077850342,3.297499895095825,3.245357036590576,3.273214101791382,662838400
2006-12-06,AAPL,2.6890993118286133,3.208214044570923,3.2639288902282715,3.202500104904175,3.237143039703369,638184400
2006-12-07,AAPL,2.605579137802124,3.1085710525512695,3.232142925262451,3.1035709381103516,3.2153570652008057,1004827600
2006-12-08,AAPL,2.6421008110046387,3.1521430015563965,3.192500114440918,3.107142925262451,3.115356922149658,784277200
2006-12-11,AAPL,2.656769275665283,3.169642925262451,3.18928599357605,3.1446430683135986,3.174999952316284,499780400
2006-12-12,AAPL,2.5786378383636475,3.0764288902282715,3.1728570461273193,3.054642915725708,3.1646430492401123,1026620000
2006-12-13,AAPL,2.6657497882843018,3.180356979370117,3.1810710430145264,3.112499952316284,3.141071081161499,857052000
2006-12-14,AAPL,2.6507816314697266,3.1624999046325684,3.2142860889434814,3.1521430015563965,3.180356979370117,832330800
2006-12-15,AAPL,2.6259350776672363,3.132857084274292,3.186429023742676,3.118928909301758,3.179286003112793,739939200
2006-12-18,AAPL,2.558580160140991,3.052500009536743,3.142857074737549,3.021070957183838,3.129642963409424,721576800
2006-12-19,AAPL,2.5837271213531494,3.0824999809265137,3.0957140922546387,2.98642897605896,3.026071071624756,911405600
2006-12-20,AAPL,2.537327527999878,3.0271430015563965,3.0953569412231445,3.0264289379119873,3.0882139205932617,567691600
2006-12-21,AAPL,2.4816465377807617,2.960714101791382,3.052856922149658,2.93571400642395,3.0250000953674316,903599200
2006-12-22,AAPL,2.4606919288635254,2.93571400642395,3.0014290809631348,2.914285898208618,2.9807140827178955,613303600
2006-12-26,AAPL,2.4400360584259033,2.9110710620880127,2.9489290714263916,2.8889288902282715,2.933928966522217,490688800
2006-12-27,AAPL,2.440335750579834,2.911428928375244,2.9285709857940674,2.741786003112793,2.7910709381103516,1935754800
2006-12-28,AAPL,2.4208784103393555,2.888214111328125,2.9017860889434814,2.8446431159973145,2.865000009536743,1119876800
2006-12-29,AAPL,2.5397210121154785,3.0299999713897705,3.049999952316284,2.9771430492401123,2.99821400642395,1076429200
2007-01-03,AAPL,2.5085878372192383,2.992856979370117,3.0921430587768555,2.924999952316284,3.0817859172821045,1238319600
2007-01-04,AAPL,2.56427001953125,3.059286117553711,3.069643020629883,2.9935710430145264,3.00178599357605,847260400
2007-01-05,AAPL,2.546009063720703,3.0374999046325684,3.078571081161499,3.0142860412597656,3.063214063644409,834741600
2007-01-08,AAPL,2.558580160140991,3.052500009536743,3.0903570652008057,3.0457139015197754,3.069999933242798,797106800
2007-01-09,AAPL,2.7711215019226074,3.3060710430145264,3.320713996887207,3.0410709381103516,3.0875000953674316,3349298400
2007-01-10,AAPL,2.9037363529205322,3.4642860889434814,3.492856979370117,3.3375000953674316,3.3839290142059326,2952880000
2007-01-11,AAPL,2.867814064025879,3.421428918838501,3.4564290046691895,3.3964290618896484,3.426429033279419,1440252800
2007-01-12,AAPL,2.8324904441833496,3.379286050796509,3.3949999809265137,3.3296430110931396,3.378213882446289,1312690400
2007-01-16,AAPL,2.9067296981811523,3.4678568840026855,3.4732139110565186,3.4089291095733643,3.4171431064605713,1244076400
2007-01-17,AAPL,2.8423686027526855,3.391071081161499,3.4857139587402344,3.3864290714263916,3.484286069869995,1646260000
2007-01-18,AAPL,2.666349172592163,3.1810710430145264,3.2896430492401123,3.180356979370117,3.289285898208618,2364605600
2007-01-19,AAPL,2.649285316467285,3.1607139110565186,3.2017860412597656,3.1471428871154785,3.1653571128845215,1364473600
2007-01-22,AAPL,2.5980958938598633,3.0996429920196533,3.184286117553711,3.058928966522217,3.1835711002349854,1454026000
2007-01-23,AAPL,2.5654656887054443,3.06071400642395,3.125356912612915,3.053929090499878,3.061785936355591,1207424400
2007-01-24,AAPL,2.5954012870788574,3.0964291095733643,3.112499952316284,3.0742859840393066,3.0957140922546387,927813600
2007-01-25,AAPL,2.581930160522461,3.080357074737549,3.1607139110565186,3.072499990463257,3.1110711097717285,905973600
2007-01-26,AAPL,2.5558862686157227,3.049285888671875,3.120357036590576,3.0353569984436035,3.1110711097717285,986874000
2007-01-29,AAPL,2.572650671005249,3.0692861080169678,3.0946431159973145,3.054642915725708,3.0821430683135986,901664400
2007-01-30,AAPL,2.5609757900238037,3.055356979370117,3.0889289379119873,3.044642925262451,3.0867860317230225,577970400
2007-01-31,AAPL,2.566364049911499,3.061785936355591,3.0714290142059326,3.012500047683716,3.0307140350341797,856069200
2007-02-01,AAPL,2.536728858947754,3.0264289379119873,3.081070899963379,3.0264289379119873,3.0796430110931396,664342000
2007-02-02,AAPL,2.5370278358459473,3.0267860889434814,3.044642925262451,2.989285945892334,3.004286050796509,621530000
2007-02-05,AAPL,2.5127792358398438,2.997857093811035,3.043929100036621,2.997857093811035,3.010714054107666,578852400
2007-02-06,AAPL,2.5190658569335938,3.005357027053833,3.0167860984802246,2.9592859745025635,3.016071081161499,864393600
2007-02-07,AAPL,2.5789363384246826,3.0767860412597656,3.0850000381469727,2.983928918838501,3.0171430110931396,1066825200
2007-02-08,AAPL,2.5798356533050537,3.07785701751709,3.0896430015563965,3.0503571033477783,3.0510709285736084,679030800
2007-02-09,AAPL,2.4927237033843994,2.973928928375244,3.078571081161499,2.9717860221862793,3.067142963409424,860540800
2007-02-12,AAPL,2.540919065475464,3.0314290523529053,3.0421431064605713,2.986785888671875,3.01535701751709,724071600
2007-02-13,AAPL,2.5355303287506104,3.0250000953674316,3.0460710525512695,3.010714054107666,3.041429042816162,580986000
2007-02-14,AAPL,2.553492307662964,3.046428918838501,3.0585711002349854,3.0203568935394287,3.0225000381469727,507981600
2007-02-15,AAPL,2.550797700881958,3.0432140827178955,3.057857036590576,3.0278570652008057,3.051429033279419,363661200
2007-02-16,AAPL,2.5394227504730225,3.0296430587768555,3.0503571033477783,3.023571014404297,3.044642925262451,399868000
2007-02-20,AAPL,2.5714523792266846,3.067857027053833,3.0771429538726807,3.005713939666748,3.023214101791382,617702400
2007-02-21,AAPL,2.6702394485473633,3.18571400642395,3.196070909500122,3.069999933242798,3.070713996887207,1155313600
2007-02-22,AAPL,2.6795201301574707,3.1967859268188477,3.2432138919830322,3.1617860794067383,3.242856979370117,838224800
2007-02-23,AAPL,2.666349172592163,3.1810710430145264,3.226428985595703,3.1732139587402344,3.184286117553711,517893600
2007-02-26,AAPL,2.6495845317840576,3.1610710620880127,3.2142860889434814,3.1289288997650146,3.208570957183838,615848800
2007-02-27,AAPL,2.5124804973602295,2.997499942779541,3.109999895095825,2.978929042816162,3.0821430683135986,1145813200
2007-02-28,AAPL,2.5328359603881836,3.0217859745025635,3.057142972946167,2.9642860889434814,2.9642860889434814,919475200
2007-03-01,AAPL,2.606179714202881,3.109286069869995,3.1539289951324463,2.9910709857940674,3.001070976257324,1415528800
2007-03-02,AAPL,2.5567855834960938,3.0503571033477783,3.1264290809631348,3.0432140827178955,3.098928928375244,860000400
2007-03-05,AAPL,2.584024667739868,3.0828568935394287,3.1660709381103516,3.062856912612915,3.067500114440918,838899600
2007-03-06,AAPL,2.640005350112915,3.1496429443359375,3.1539289951324463,3.121428966522217,3.135714054107666,723186800
2007-03-07,AAPL,2.6259350776672363,3.132857084274292,3.177500009536743,3.12321400642395,3.1446430683135986,626284400
2007-03-08,AAPL,2.63431715965271,3.142857074737549,3.1685709953308105,3.1235709190368652,3.163928985595703,511011200
2007-03-09,AAPL,2.633420467376709,3.1417860984802246,3.1732139587402344,3.121428966522217,3.171428918838501,451836000
2007-03-12,AAPL,2.690296173095703,3.2096428871154785,3.2139289379119873,3.1424999237060547,3.1453568935394287,729408400
2007-03-13,AAPL,2.6462926864624023,3.1571431159973145,3.2357139587402344,3.1571431159973145,3.193213939666748,867890800
2007-03-14,AAPL,2.6941885948181152,3.2142860889434814,3.2142860889434814,3.140000104904175,3.164285898208618,796586000
2007-03-15,AAPL,2.68131685256958,3.1989290714263916,3.2271430492401123,3.189642906188965,3.2128570079803467,559498800
2007-03-16,AAPL,2.681914806365967,3.1996428966522217,3.2139289379119873,3.190000057220459,3.197856903076172,571704000
2007-03-19,AAPL,2.728015422821045,3.254642963409424,3.2696430683135986,3.1996428966522217,3.2228569984436035,712961200
2007-03-20,AAPL,2.738492965698242,3.2671430110931396,3.2799999713897705,3.252142906188965,3.262500047683716,488916400
2007-03-21,AAPL,2.8100385665893555,3.3524999618530273,3.357142925262451,3.273214101791382,3.2853569984436035,686896000
2007-03-22,AAPL,2.812732458114624,3.3557140827178955,3.369999885559082,3.3214290142059326,3.3475000858306885,561492400
2007-03-23,AAPL,2.799561023712158,3.3399999141693115,3.35964298248291,3.3321430683135986,3.3339290618896484,450884000
2007-03-26,AAPL,2.8693103790283203,3.4232139587402344,3.424999952316284,3.3321430683135986,3.356786012649536,864987200
2007-03-27,AAPL,2.8576366901397705,3.4092860221862793,3.458214044570923,3.392857074737549,3.4182140827178955,932052800
2007-03-28,AAPL,2.7911787033081055,3.3299999237060547,3.4071431159973145,3.3267860412597656,3.38857102394104,942337200
2007-03-29,AAPL,2.806445360183716,3.3482139110565186,3.363929033279419,3.293929100036621,3.363929033279419,725723600
2007-03-30,AAPL,2.7812998294830322,3.318213939666748,3.3814289569854736,3.3125,3.367142915725708,600558000
2007-04-02,AAPL,2.8034536838531494,3.3446431159973145,3.3660709857940674,3.322143077850342,3.362143039703369,501992400
2007-04-03,AAPL,2.8288979530334473,3.375,3.401071071624756,3.3485710620880127,3.362143039703369,583934400
2007-04-04,AAPL,2.822012424468994,3.366786003112793,3.3978569507598877,3.361785888671875,3.390713930130005,476784000
2007-04-05,AAPL,2.8342862129211426,3.3814289569854736,3.3814289569854736,3.3399999141693115,3.36142897605896,355516000
2007-04-09,AAPL,2.8034536838531494,3.3446431159973145,3.4035708904266357,3.322856903076172,3.4003570079803467,413341600
2007-04-10,AAPL,2.82141375541687,3.3660709857940674,3.366429090499878,3.336071014404297,3.3453569412231445,352466800
2007-04-11,AAPL,2.7717206478118896,3.306786060333252,3.3553569316864014,3.297499895095825,3.3535709381103516,549018400
2007-04-12,AAPL,2.759747266769409,3.2925000190734863,3.296786069869995,3.240000009536743,3.2871429920196533,656675600
2007-04-13,AAPL,2.7013726234436035,3.2228569984436035,3.2642860412597656,3.2164289951324463,3.246428966522217,719941600
2007-04-16,AAPL,2.7369956970214844,3.26535701751709,3.267857074737549,3.2232139110565186,3.23464298248291,609033600
2007-04-17,AAPL,2.70466685295105,3.226785898208618,3.296428918838501,3.203571081161499,3.2857139110565186,751920400
2007-04-18,AAPL,2.7061619758605957,3.2285709381103516,3.244642972946167,3.200000047683716,3.2200000286102295,464044000
2007-04-19,AAPL,2.7022714614868164,3.223928928375244,3.2589290142059326,3.208214044570923,3.2210710048675537,425913600
2007-04-20,AAPL,2.7232260704040527,3.248929023742676,3.2564289569854736,3.233928918838501,3.2460711002349854,522779600
2007-04-23,AAPL,2.7992613315582275,3.3396430015563965,3.3499999046325684,3.265000104904175,3.271070957183838,780290000
2007-04-24,AAPL,2.7911787033081055,3.3299999237060547,3.442500114440918,3.260714054107666,3.3557140827178955,1055252800
2007-04-25,AAPL,2.8543434143066406,3.4053568840026855,3.4071431159973145,3.3499999046325684,3.365356922149658,1187144000
2007-04-26,AAPL,2.958817481994629,3.5299999713897705,3.6607139110565186,3.510714054107666,3.627856969833374,1737778000
2007-04-27,AAPL,2.99114727973938,3.568571090698242,3.569643020629883,3.488929033279419,3.5064289569854736,699403600
2007-04-30,AAPL,2.987555503845215,3.56428599357605,3.607142925262451,3.559643030166626,3.5746428966522217,616509600
2007-05-01,AAPL,2.9776771068573,3.552500009536743,3.5839290618896484,3.5196430683135986,3.556786060333252,532523600
2007-05-02,AAPL,3.0052173137664795,3.5853569507598877,3.5907139778137207,3.552500009536743,3.558928966522217,505145200
2007-05-03,AAPL,3.0055172443389893,3.585714101791382,3.62321400642395,3.5717859268188477,3.5975000858306885,576077600
2007-05-04,AAPL,3.0177905559539795,3.6003570556640625,3.628571033477783,3.5892860889434814,3.5999999046325684,381987200
2007-05-07,AAPL,3.1108896732330322,3.7114291191101074,3.726785898208618,3.6075000762939453,3.609999895095825,861557200
2007-05-08,AAPL,3.1450157165527344,3.752142906188965,3.755357027053833,3.693571090698242,3.695357084274292,783997200
2007-05-09,AAPL,3.199497938156128,3.817142963409424,3.819999933242798,3.7460711002349854,3.746786117553711,717757600
2007-05-10,AAPL,3.2132680416107178,3.833570957183838,3.8871428966522217,3.7828569412231445,3.808213949203491,1197257600
2007-05-11,AAPL,3.2551772594451904,3.883570909500122,3.8975000381469727,3.813570976257324,3.8478569984436035,653696400
2007-05-14,AAPL,3.2737388610839844,3.9057140350341797,3.9285709857940674,3.8660709857940674,3.9149999618530273,651946400
2007-05-15,AAPL,3.2186570167541504,3.8399999141693115,3.93571400642395,3.802856922149658,3.9132139682769775,954514400
2007-05-16,AAPL,3.2132680416107178,3.833570957183838,3.8867859840393066,3.693571090698242,3.876070976257324,1126767600
2007-05-17,AAPL,3.276132345199585,3.9085710048675537,3.92392897605896,3.8267860412597656,3.8267860412597656,735291200
2007-05-18,AAPL,3.2934958934783936,3.929286003112793,3.9514288902282715,3.9203569889068604,3.936785936355591,621345200
2007-05-21,AAPL,3.352168560028076,3.999285936355591,4.01607084274292,3.930356979370117,3.939642906188965,639892400
2007-05-22,AAPL,3.3988685607910156,4.054999828338623,4.0625,4.000357151031494,4.017499923706055,572409600
2007-05-23,AAPL,3.379410743713379,4.03178596496582,4.107142925262451,4.021070957183838,4.072143077850342,911374800
2007-05-24,AAPL,3.3135526180267334,3.953213930130005,4.087856769561768,3.941786050796509,4.028929233551025,887362000
2007-05-25,AAPL,3.4012627601623535,4.057857036590576,4.063570976257324,3.982142925262451,4.0,632959600
2007-05-29,AAPL,3.4231162071228027,4.083929061889648,4.102142810821533,4.0246429443359375,4.087500095367432,645694000
2007-05-30,AAPL,3.5554311275482178,4.241786003112793,4.24571418762207,4.054643154144287,4.0821428298950195,1478444800
2007-05-31,AAPL,3.6278746128082275,4.328214168548584,4.363214015960693,4.269286155700684,4.288214206695557,1297066400
2007-06-01,AAPL,3.5443544387817383,4.228570938110352,4.328214168548584,4.224643230438232,4.324999809265137,885262000
2007-06-04,AAPL,3.6320641040802,4.333213806152344,4.347499847412109,4.210713863372803,4.236785888671875,886673200
2007-06-05,AAPL,3.672177314758301,4.381071090698242,4.381785869598389,4.3035712242126465,4.336071014404297,920785600
2007-06-06,AAPL,3.7012155055999756,4.415713787078857,4.430356979370117,4.3553571701049805,4.367856979370117,1112241200
2007-06-07,AAPL,3.7140884399414062,4.431070804595947,4.557499885559082,4.3996429443359375,4.463929176330566,1915079600
2007-06-08,AAPL,3.726661205291748,4.446071147918701,4.493928909301758,4.367499828338623,4.493570804595947,1241682400
2007-06-11,AAPL,3.5979390144348145,4.292500019073486,4.505356788635254,4.269286155700684,4.5,1874258400
2007-06-12,AAPL,3.6036272048950195,4.299285888671875,4.346786022186279,4.2253570556640625,4.262499809265137,1426566400
2007-06-13,AAPL,3.5174124240875244,4.1964287757873535,4.328214168548584,4.121428966522217,4.326786041259766,1721353200
2007-06-14,AAPL,3.554830551147461,4.2410712242126465,4.26607084274292,4.1578569412231445,4.185713768005371,973266000
2007-06-15,AAPL,3.6072182655334473,4.3035712242126465,4.309642791748047,4.28071403503418,4.307857036590576,811218800
2007-06-18,AAPL,3.7446229457855225,4.46750020980835,4.470714092254639,4.376429080963135,4.402856826782227,910604800
2007-06-19,AAPL,3.701815605163574,4.416429042816162,4.4646430015563965,4.38964319229126,4.453214168548584,943026000
2007-06-20,AAPL,3.6386513710021973,4.341071128845215,4.45214319229126,4.339285850524902,4.423929214477539,897512000
2007-06-21,AAPL,3.7089991569519043,4.425000190734863,4.438929080963135,4.311429023742676,4.346428871154785,867045200
2007-06-22,AAPL,3.682058095932007,4.392857074737549,4.444643020629883,4.37071418762207,4.423213958740234,631876000
2007-06-25,AAPL,3.6623001098632812,4.369286060333252,4.46750020980835,4.32357120513916,4.435357093811035,965403600
2007-06-26,AAPL,3.581775188446045,4.273213863372803,4.4285712242126465,4.239999771118164,4.427856922149658,1345005200
2007-06-27,AAPL,3.6488289833068848,4.353213787078857,4.3585710525512695,4.259285926818848,4.307499885559082,974696800
2007-06-28,AAPL,3.6090147495269775,4.305714130401611,4.374642848968506,4.285714149475098,4.369999885559082,838143600
2007-06-29,AAPL,3.6533191204071045,4.3585710525512695,4.4285712242126465,4.324643135070801,4.3560709953308105,1137841600
2007-07-02,AAPL,3.6299710273742676,4.330714225769043,4.36035680770874,4.260714054107666,4.323214054107666,994862400
2007-07-03,AAPL,3.8068904876708984,4.541786193847656,4.550000190734863,4.339285850524902,4.357142925262451,1162481600
2007-07-05,AAPL,3.9739277362823486,4.7410712242126465,4.748929023742676,4.596070766448975,4.599999904632568,1453051600
2007-07-06,AAPL,3.9604549407958984,4.724999904632568,4.762143135070801,4.6571431159973145,4.754642963409424,874694800
2007-07-09,AAPL,3.901484251022339,4.6546430587768555,4.746428966522217,4.6135711669921875,4.7278571128845215,995820000
2007-07-10,AAPL,3.9619531631469727,4.726786136627197,4.8035712242126465,4.6003570556640625,4.6028571128845215,1255007600
2007-07-11,AAPL,3.9631519317626953,4.728213787078857,4.775000095367432,4.689642906188965,4.716785907745361,821772000
2007-07-12,AAPL,4.01344108581543,4.788214206695557,4.794285774230957,4.728213787078857,4.7803568840026855,704608800
2007-07-13,AAPL,4.123007297515869,4.918929100036621,4.923213958740234,4.804286003112793,4.822500228881836,907606000
2007-07-16,AAPL,4.134082317352295,4.932143211364746,4.99928617477417,4.910714149475098,4.942500114440918,936112800
2007-07-17,AAPL,4.158329010009766,4.961071014404297,4.985713958740234,4.910714149475098,4.939286231994629,709959600
2007-07-18,AAPL,4.134678840637207,4.932857036590576,4.944285869598389,4.8585710525512695,4.935357093811035,756856800
2007-07-19,AAPL,4.190959453582764,5.0,5.028929233551025,4.987500190734863,5.010714054107666,732891600
2007-07-20,AAPL,4.303219318389893,5.1339287757873535,5.149285793304443,5.0,5.058928966522217,1167773600
2007-07-23,AAPL,4.301721096038818,5.132143020629883,5.186429023742676,5.033214092254639,5.118214130401611,1036490000
2007-07-24,AAPL,4.037990570068359,4.817500114440918,5.035714149475098,4.791070938110352,4.960000038146973,1795292800
2007-07-25,AAPL,4.108935356140137,4.9021430015563965,4.941429138183594,4.8214287757873535,4.9053568840026855,1496182800
2007-07-26,AAPL,4.370573043823242,5.214285850524902,5.3035712242126465,4.8914289474487305,5.211071014404297,2186629200
2007-07-27,AAPL,4.306211471557617,5.137499809265137,5.318571090698242,5.135000228881836,5.221070766448975,1161098400
2007-07-30,AAPL,4.233766078948975,5.0510711669921875,5.194643020629883,4.98464298248291,5.1546430587768555,1106988400
2007-07-31,AAPL,3.944291353225708,4.705714225769043,5.12428617477417,4.697143077850342,5.1060709953308105,1762392800
2007-08-01,AAPL,4.04128360748291,4.8214287757873535,4.835000038146973,4.56321382522583,4.772857189178467,1750156800
2007-08-02,AAPL,4.0858869552612305,4.874642848968506,4.8914289474487305,4.791070938110352,4.880356788635254,852644800
2007-08-03,AAPL,3.9469857215881348,4.708929061889648,4.8553571701049805,4.6964287757873535,4.830714225769043,679187600
2007-08-06,AAPL,4.048764705657959,4.830357074737549,4.831070899963379,4.5821428298950195,4.746428966522217,925170400
2007-08-07,AAPL,4.042179584503174,4.822500228881836,4.901429176330566,4.736785888671875,4.819285869598389,949936400
2007-08-08,AAPL,4.011646270751953,4.786070823669434,4.887856960296631,4.714285850524902,4.884285926818848,808096800
2007-08-09,AAPL,3.783539056777954,4.5139288902282715,4.75,4.46750020980835,4.682499885559082,1125395600
2007-08-10,AAPL,3.7419281005859375,4.464285850524902,4.5625,4.29642915725708,4.3971428871154785,1410749200
2007-08-13,AAPL,3.8254480361938477,4.563929080963135,4.619643211364746,4.517857074737549,4.582857131958008,752911600
2007-08-14,AAPL,3.712890148162842,4.429643154144287,4.5821428298950195,4.418213844299316,4.581786155700684,739006800
2007-08-15,AAPL,3.5892577171325684,4.2821431159973145,4.459286212921143,4.273213863372803,4.383571147918701,992852000
2007-08-16,AAPL,3.5039422512054443,4.180356979370117,4.232142925262451,3.98642897605896,4.178928852081299,1866690000
2007-08-17,AAPL,3.6539177894592285,4.359285831451416,4.410714149475098,4.279285907745361,4.357500076293945,1195062400
2007-08-20,AAPL,3.658708095550537,4.364999771118164,4.4464287757873535,4.3035712242126465,4.427143096923828,803317200
2007-08-21,AAPL,3.818861246109009,4.556070804595947,4.605713844299316,4.3214287757873535,4.364643096923828,1303047200
2007-08-22,AAPL,3.966742515563965,4.732500076293945,4.7410712242126465,4.6546430587768555,4.686429023742676,1061765600
2007-08-23,AAPL,3.923635959625244,4.681070804595947,4.762143135070801,4.634285926818848,4.753213882446289,866838000
2007-08-24,AAPL,4.050262928009033,4.8321428298950195,4.8346428871154785,4.63607120513916,4.661786079406738,911834000
2007-08-27,AAPL,3.9589593410491943,4.723214149475098,4.809286117553711,4.7178568840026855,4.7639288902282715,707439600
2007-08-28,AAPL,3.796410322189331,4.529285907745361,4.728929042816162,4.522500038146973,4.678214073181152,1179365600
2007-08-29,AAPL,4.013742446899414,4.788570880889893,4.792142868041992,4.626429080963135,4.638570785522461,1166860800
2007-08-30,AAPL,4.078699588775635,4.8660712242126465,4.9375,4.724999904632568,4.738214015960693,1435582400
2007-08-31,AAPL,4.145456314086914,4.945713996887207,4.987500190734863,4.90749979019165,4.981785774230957,876887200
2007-09-04,AAPL,4.315489768981934,5.148571014404297,5.2046427726745605,4.994286060333252,4.997857093811035,1316842800
2007-09-05,AAPL,4.093967437744141,4.884285926818848,5.208570957183838,4.860713958740234,5.177499771118164,2328222400
2007-09-06,AAPL,4.041580677032471,4.821785926818848,4.913214206695557,4.739643096923828,4.841429233551025,1901261600
2007-09-07,AAPL,3.944589614868164,4.706070899963379,4.724999904632568,4.642857074737549,4.7146430015563965,1430576000
2007-09-10,AAPL,4.092471122741699,4.882500171661377,4.929999828338623,4.783928871154785,4.892499923706055,1487838800
2007-09-11,AAPL,4.055952548980713,4.838929176330566,4.939286231994629,4.776785850524902,4.925000190734863,971885600
2007-09-12,AAPL,4.096663475036621,4.887499809265137,4.978570938110352,4.848214149475098,4.856785774230957,1022770000
2007-09-13,AAPL,4.107141017913818,4.900000095367432,4.964285850524902,4.880356788635254,4.958213806152344,656163200
2007-09-14,AAPL,4.155335903167725,4.957499980926514,4.963571071624756,4.864285945892334,4.877500057220459,607320000
2007-09-17,AAPL,4.143362045288086,4.943213939666748,5.021070957183838,4.914286136627197,4.963929176330566,793371600
2007-09-18,AAPL,4.218501091003418,5.0328569412231445,5.101786136627197,4.922500133514404,4.966429233551025,1064089600
2007-09-19,AAPL,4.214009761810303,5.027500152587891,5.112856864929199,4.978570938110352,5.1078572273254395,1026880400
2007-09-20,AAPL,4.2002387046813965,5.01107120513916,5.063929080963135,4.975714206695557,5.005356788635254,691840800
2007-09-21,AAPL,4.315192222595215,5.148213863372803,5.166070938110352,5.01107120513916,5.040713787078857,1138880400
2007-09-24,AAPL,4.4388251304626465,5.295713901519775,5.351786136627197,5.237500190734863,5.240356922149658,1052161600
2007-09-25,AAPL,4.585506916046143,5.470714092254639,5.472143173217773,5.243570804595947,5.244286060333252,1192550800
2007-09-26,AAPL,4.573234558105469,5.456070899963379,5.535714149475098,5.401785850524902,5.516786098480225,975268000
2007-09-27,AAPL,4.6250224113464355,5.517857074737549,5.518570899963379,5.440000057220459,5.491786003112793,658198800
2007-09-28,AAPL,4.594189643859863,5.4810709953308105,5.521429061889648,5.455357074737549,5.480000019073486,615101200
2007-10-01,AAPL,4.6801042556762695,5.583570957183838,5.621786117553711,5.461785793304443,5.522500038146973,837068400
2007-10-02,AAPL,4.743269920349121,5.658928871154785,5.663928985595703,5.567500114440918,5.591071128845215,792069600
2007-10-03,AAPL,4.727402210235596,5.639999866485596,5.684999942779541,5.607500076293945,5.635000228881836,692518400
2007-10-04,AAPL,4.677111625671387,5.579999923706055,5.645713806152344,5.482142925262451,5.642857074737549,656958400
2007-10-05,AAPL,4.833074569702148,5.76607084274292,5.770713806152344,5.632143020629883,5.656071186065674,943471200
2007-10-08,AAPL,5.026456832885742,5.996786117553711,5.996786117553711,5.820356845855713,5.838929176330566,835928800
2007-10-09,AAPL,5.024960994720459,5.994999885559082,6.1110711097717285,5.95285701751709,6.07857084274292,1104286400
2007-10-10,AAPL,4.992928981781006,5.956786155700684,5.99571418762207,5.914286136627197,5.98392915725708,667590000
2007-10-11,AAPL,4.856424808502197,5.793929100036621,6.138570785522461,5.471786022186279,6.053214073181152,1643992000
2007-10-12,AAPL,5.0067009925842285,5.973214149475098,5.974286079406738,5.778571128845215,5.821785926818848,988176000
2007-10-15,AAPL,4.9986162185668945,5.963571071624756,6.056070804595947,5.839285850524902,5.99928617477417,1077930000
2007-10-16,AAPL,5.076449871063232,6.056428909301758,6.07785701751709,5.898213863372803,5.912143230438232,1067830400
2007-10-17,AAPL,5.171344757080078,6.169642925262451,6.179999828338623,6.042142868041992,6.167500019073486,1127613200
2007-10-18,AAPL,5.193796157836914,6.1964287757873535,6.221070766448975,6.10892915725708,6.125,823676000
2007-10-19,AAPL,5.101596355438232,6.086429119110107,6.236785888671875,6.0714287757873535,6.2228569984436035,1291780000
2007-10-22,AAPL,5.219540596008301,6.227142810821533,6.246428966522217,6.070000171661377,6.083929061889648,1649499600
2007-10-23,AAPL,5.572778701782227,6.648571014404297,6.735713958740234,6.5271430015563965,6.734285831451416,1795164000
2007-10-24,AAPL,5.56589412689209,6.64035701751709,6.686070919036865,6.401429176330566,6.63607120513916,1288481600
2007-10-25,AAPL,5.471596717834473,6.527856826782227,6.639286041259766,6.487856864929199,6.602499961853027,973602000
2007-10-26,AAPL,5.529073238372803,6.596428871154785,6.620357036590576,6.531428813934326,6.617499828338623,706876800
2007-10-29,AAPL,5.540746212005615,6.61035680770874,6.663928985595703,6.596428871154785,6.623213768005371,540554000
2007-10-30,AAPL,5.597926139831543,6.6785712242126465,6.763214111328125,6.597499847412109,6.649285793304443,939414000
2007-10-31,AAPL,5.6862335205078125,6.783928871154785,6.789999961853027,6.6053571701049805,6.701070785522461,833310800
2007-11-01,AAPL,5.611095905303955,6.694285869598389,6.789286136627197,6.4285712242126465,6.735713958740234,805036400
2007-11-02,AAPL,5.623969078063965,6.7096428871154785,6.765714168548584,6.553214073181152,6.757500171661377,1002114400
2007-11-05,AAPL,5.573378086090088,6.649285793304443,6.748570919036865,6.579999923706055,6.617499828338623,804176800
2007-11-06,AAPL,5.741313934326172,6.849643230438232,6.857142925262451,6.616786003112793,6.680356979370117,954727200
2007-11-07,AAPL,5.576969146728516,6.653571128845215,6.881429195404053,6.647500038146973,6.807499885559082,994327600
2007-11-08,AAPL,5.252769470214844,6.266786098480225,6.675000190734863,5.991786003112793,6.666786193847656,1890378000
2007-11-09,AAPL,4.9504218101501465,5.906071186065674,6.25428581237793,5.900356769561768,6.112500190734863,1526380800
2007-11-12,AAPL,4.602872371673584,5.491428852081299,5.989285945892334,5.379642963409424,5.902856826782227,1769065200
2007-11-13,AAPL,5.087825298309326,6.070000171661377,6.106429100036621,5.491428852081299,5.744643211364746,1739446800
2007-11-14,AAPL,4.972571849822998,5.932499885559082,6.341785907745361,5.8478569984436035,6.32714319229126,1449168000
2007-11-15,AAPL,4.918389320373535,5.867856979370117,6.056786060333252,5.724999904632568,5.942500114440918,1487410400
2007-11-16,AAPL,4.980955123901367,5.942500114440918,5.965000152587891,5.690357208251953,5.903571128845215,1383494000
2007-11-19,AAPL,4.907912731170654,5.8553571701049805,6.007143020629883,5.789286136627197,5.932143211364746,1154428800
2007-11-20,AAPL,5.054595470428467,6.0303568840026855,6.135356903076172,5.840356826782227,5.916786193847656,1543642800
2007-11-21,AAPL,5.042922019958496,6.0164289474487305,6.1553568840026855,5.881071090698242,5.92285680770874,1217809600
2007-11-23,AAPL,5.135124206542969,6.126429080963135,6.1446428298950195,6.0625,6.142857074737549,465757600
2007-11-26,AAPL,5.165059566497803,6.162143230438232,6.331070899963379,6.1553568840026855,6.199643135070801,1305754800
2007-11-27,AAPL,5.2330121994018555,6.243214130401611,6.278213977813721,6.071785926818848,6.257856845855713,1317030400
2007-11-28,AAPL,5.394963264465332,6.436429023742676,6.449999809265137,6.262499809265137,6.315000057220459,1150912000
2007-11-29,AAPL,5.5167999267578125,6.581786155700684,6.613214015960693,6.398213863372803,6.408214092254639,1050926800
2007-11-30,AAPL,5.454832553863525,6.507856845855713,6.70357084274292,6.4178571701049805,6.690713882446289,1187802000
2007-12-03,AAPL,5.354252338409424,6.387856960296631,6.5764288902282715,6.346428871154785,6.494999885559082,961469600
2007-12-04,AAPL,5.382688999176025,6.421785831451416,6.460713863372803,6.321071147918701,6.326786041259766,773799600
2007-12-05,AAPL,5.553022861480713,6.625,6.642857074737549,6.51464319229126,6.53178596496582,892402000
2007-12-06,AAPL,5.6862335205078125,6.783928871154785,6.789286136627197,6.6471428871154785,6.6496429443359375,899810800
2007-12-07,AAPL,5.81645393371582,6.939286231994629,6.963929176330566,6.715713977813721,6.804999828338623,1066066400
2007-12-10,AAPL,5.813758373260498,6.936070919036865,6.987856864929199,6.881785869598389,6.913928985595703,722377600
2007-12-11,AAPL,5.644023895263672,6.7335710525512695,7.0296430587768555,6.692500114440918,6.955357074737549,1110925200
2007-12-12,AAPL,5.713475227355957,6.816429138183594,6.945713996887207,6.634285926818848,6.908570766448975,1225660800
2007-12-13,AAPL,5.742514133453369,6.851070880889893,6.861429214477539,6.707857131958008,6.792500019073486,864617600
2007-12-14,AAPL,5.699406623840332,6.799643039703369,6.900000095367432,6.769286155700684,6.798929214477539,674312800
2007-12-17,AAPL,5.520092010498047,6.585713863372803,6.880356788635254,6.534999847412109,6.811429023742676,1024693600
2007-12-18,AAPL,5.477582931518555,6.534999847412109,6.690357208251953,6.378571033477783,6.661428928375244,1222603200
2007-12-19,AAPL,5.481775760650635,6.539999961853027,6.59428596496582,6.460713863372803,6.534999847412109,827478400
2007-12-20,AAPL,5.6042094230651855,6.686070919036865,6.708213806152344,6.547500133514404,6.622499942779541,774057200
2007-12-21,AAPL,5.804778575897217,6.925356864929199,6.925356864929199,6.78178596496582,6.789999961853027,993960800
2007-12-24,AAPL,5.951160430908203,7.099999904632568,7.118928909301758,6.956786155700684,6.965356826782227,480202800
2007-12-26,AAPL,5.955653667449951,7.1053571701049805,7.177143096923828,7.029285907745361,7.107500076293945,703732400
2007-12-27,AAPL,5.944279193878174,7.091785907745361,7.248570919036865,7.064286231994629,7.1053571701049805,795527600
2007-12-28,AAPL,5.981995582580566,7.136785984039307,7.19857120513916,7.031428813934326,7.163928985595703,699647200
2007-12-31,AAPL,5.9296088218688965,7.074285984039307,7.160714149475098,7.0625,7.125,539333200
2008-01-02,AAPL,5.8326191902160645,6.958570957183838,7.1521430015563965,6.876786231994629,7.116786003112793,1079178800
2008-01-03,AAPL,5.8353118896484375,6.961785793304443,7.049643039703369,6.881785869598389,6.978929042816162,842066400
2008-01-04,AAPL,5.3898725509643555,6.430356979370117,6.892857074737549,6.3889288902282715,6.837500095367432,1455832000
2008-01-07,AAPL,5.317729949951172,6.34428596496582,6.557143211364746,6.0796427726745605,6.473214149475098,2072193200
2008-01-08,AAPL,5.126441955566406,6.1160712242126465,6.5164289474487305,6.099999904632568,6.433570861816406,1523816000
2008-01-09,AAPL,5.370414733886719,6.4071431159973145,6.410714149475098,6.010714054107666,6.117856979370117,1813882000
2008-01-10,AAPL,5.329105377197266,6.3578572273254395,6.464285850524902,6.26464319229126,6.3421430587768555,1482975200
2008-01-11,AAPL,5.169548511505127,6.167500019073486,6.351786136627197,6.0714287757873535,6.285714149475098,1232285600
2008-01-14,AAPL,5.351853370666504,6.385000228881836,6.4078569412231445,6.256071090698242,6.340000152587891,1100450400
2008-01-15,AAPL,5.0602850914001465,6.037143230438232,6.400713920593262,5.880713939666748,6.347143173217773,2343278000
2008-01-16,AAPL,4.778892993927002,5.7014288902282715,6.036070823669434,5.596428871154785,5.901071071624756,2213845200
2008-01-17,AAPL,4.816310405731201,5.746070861816406,5.90571403503418,5.6578569412231445,5.768214225769043,1757859600
2008-01-18,AAPL,4.830381393432617,5.762856960296631,5.919642925262451,5.700356960296631,5.775356769561768,1724343600
2008-01-22,AAPL,4.659149169921875,5.558570861816406,5.713571071624756,5.214285850524902,5.2878570556640625,2434754000
2008-01-23,AAPL,4.163119792938232,4.966785907745361,5.0,4.505000114440918,4.86392879486084,3372969600
2008-01-24,AAPL,4.0592427253723145,4.8428568840026855,5.025000095367432,4.7146430015563965,4.999642848968506,2005866800
2008-01-25,AAPL,3.8919053077697754,4.643214225769043,4.96750020980835,4.628929138183594,4.963929176330566,1554739200
2008-01-28,AAPL,3.8919053077697754,4.643214225769043,4.757143020629883,4.51607084274292,4.57714319229126,1474844000
2008-01-29,AAPL,3.937704563140869,4.697856903076172,4.742499828338623,4.60892915725708,4.683928966522217,1099982800
2008-01-30,AAPL,3.9568660259246826,4.720714092254639,4.837500095367432,4.642857074737549,4.69178581237793,1243051600
2008-01-31,AAPL,4.052058696746826,4.834286212921143,4.880356788635254,4.621428966522217,4.623213768005371,1345674400
2008-02-01,AAPL,4.003862380981445,4.776785850524902,4.878213882446289,4.720714092254639,4.865714073181152,1010744000
2008-02-04,AAPL,3.9410006999969482,4.701786041259766,4.853570938110352,4.693571090698242,4.793213844299316,899234000
2008-02-05,AAPL,3.8724474906921387,4.619999885559082,4.785714149475098,4.603570938110352,4.658214092254639,1141042000
2008-02-06,AAPL,3.65212345123291,4.357142925262451,4.711429119110107,4.348928928375244,4.672500133514404,1573272400
2008-02-07,AAPL,3.62937068939209,4.329999923706055,4.4564290046691895,4.18821382522583,4.284643173217773,2083331600
2008-02-08,AAPL,3.756296157836914,4.481429100036621,4.489285945892334,4.3428568840026855,4.360000133514404,1355972800
2008-02-11,AAPL,3.87514066696167,4.623213768005371,4.6421427726745605,4.5428571701049805,4.571785926818848,1201432400
2008-02-12,AAPL,3.7377374172210693,4.459286212921143,4.6785712242126465,4.414999961853027,4.6678571701049805,1225980000
2008-02-13,AAPL,3.8736443519592285,4.621428966522217,4.635000228881836,4.486785888671875,4.524285793304443,968534000
2008-02-14,AAPL,3.8155694007873535,4.552143096923828,4.67142915725708,4.536070823669434,4.621428966522217,954097200
2008-02-15,AAPL,3.730851173400879,4.451070785522461,4.538570880889893,4.430714130401611,4.509643077850342,901300400
2008-02-19,AAPL,3.65751051902771,4.3635711669921875,4.526785850524902,4.3371429443359375,4.499642848968506,1005046000
2008-02-20,AAPL,3.706603765487671,4.42214298248291,4.449999809265137,4.345714092254639,4.364285945892334,967439200
2008-02-21,AAPL,3.6383516788482666,4.340713977813721,4.516786098480225,4.316429138183594,4.501786231994629,938114800
2008-02-22,AAPL,3.5760860443115234,4.2664289474487305,4.375357151031494,4.138214111328125,4.37428617477417,1529878000
2008-02-25,AAPL,3.5844688415527344,4.276429176330566,4.291786193847656,4.166429042816162,4.23535680770874,1256774400
2008-02-26,AAPL,3.566805601119995,4.255356788635254,4.324643135070801,4.122857093811035,4.2014288902282715,1504888000
2008-02-27,AAPL,3.6808605194091797,4.3914289474487305,4.3946428298950195,4.21750020980835,4.222499847412109,1475138000
2008-02-28,AAPL,3.8889126777648926,4.63964319229126,4.721428871154785,4.491786003112793,4.5428571701049805,1618254400
2008-02-29,AAPL,3.7425272464752197,4.465000152587891,4.650356769561768,4.4571428298950195,4.617499828338623,1255480800
2008-03-03,AAPL,3.6440396308898926,4.347499847412109,4.49928617477417,4.214285850524902,4.444285869598389,1593043200
2008-03-04,AAPL,3.7305517196655273,4.450714111328125,4.460000038146973,4.300000190734863,4.356785774230957,1785383600
2008-03-05,AAPL,3.726661205291748,4.446071147918701,4.46928596496582,4.3660712242126465,4.413570880889893,1221836000
2008-03-06,AAPL,3.620091438293457,4.318929195404053,4.5535712242126465,4.314642906188965,4.450356960296631,1473698800
2008-03-07,AAPL,3.6596055030822754,4.3660712242126465,4.3921427726745605,4.251786231994629,4.300356864929199,1230462800
2008-03-10,AAPL,3.5829710960388184,4.2746429443359375,4.409286022186279,4.263214111328125,4.356429100036621,999588800
2008-03-11,AAPL,3.812276840209961,4.548213958740234,4.552856922149658,4.357142925262451,4.432143211364746,1163943200
2008-03-12,AAPL,3.772761106491089,4.501070976257324,4.595714092254639,4.4703569412231445,4.537143230438232,1059629200
2008-03-13,AAPL,3.8299379348754883,4.569285869598389,4.625,4.392857074737549,4.432143211364746,1262102800
2008-03-14,AAPL,3.7901246547698975,4.521786212921143,4.653571128845215,4.435713768005371,4.638570785522461,1156640800
2008-03-17,AAPL,3.7937169075012207,4.526071071624756,4.59250020980835,4.376786231994629,4.376786231994629,1072598800
2008-03-18,AAPL,3.9760236740112305,4.743570804595947,4.75,4.5953569412231445,4.6135711669921875,1205120000
2008-03-19,AAPL,3.881727457046509,4.631071090698242,4.7960710525512695,4.631071090698242,4.75428581237793,1010536800
2008-03-20,AAPL,3.9894943237304688,4.759643077850342,4.760356903076172,4.6135711669921875,4.682857036590576,908787600
2008-03-24,AAPL,4.176888942718506,4.983213901519775,5.0303568840026855,4.772857189178467,4.786070823669434,1066920400
2008-03-25,AAPL,4.220295429229736,5.034999847412109,5.110713958740234,4.9046430587768555,4.998570919036865,1052391200
2008-03-26,AAPL,4.342432975769043,5.180714130401611,5.204999923706055,5.022857189178467,5.031071186065674,1182084400
2008-03-27,AAPL,4.198442459106445,5.0089287757873535,5.189642906188965,4.999642848968506,5.176785945892334,999829600
2008-03-28,AAPL,4.281065464019775,5.107500076293945,5.166070938110352,5.057143211364746,5.064286231994629,714610400
2008-03-31,AAPL,4.295733451843262,5.125,5.2039289474487305,5.090000152587891,5.116786003112793,768065200
2008-04-01,AAPL,4.476243019104004,5.340356826782227,5.34499979019165,5.128929138183594,5.224999904632568,1032567200
2008-04-02,AAPL,4.4151763916015625,5.267499923706055,5.400000095367432,5.208929061889648,5.313570976257324,1044968400
2008-04-03,AAPL,4.538511276245117,5.414642810821533,5.486785888671875,5.25,5.252142906188965,1051568000
2008-04-04,AAPL,4.582515239715576,5.4671430587768555,5.525356769561768,5.3839287757873535,5.435357093811035,854417200
2008-04-07,AAPL,4.666632652282715,5.567500114440918,5.703214168548584,5.539642810821533,5.576070785522461,1158326400
2008-04-08,AAPL,4.5753302574157715,5.458570957183838,5.587500095367432,5.440000057220459,5.48392915725708,1014294400
2008-04-09,AAPL,4.533419132232666,5.408570766448975,5.496070861816406,5.373570919036865,5.4753570556640625,873398400
2008-04-10,AAPL,4.62652063369751,5.5196428298950195,5.550714015960693,5.378571033477783,5.397500038146973,955763200
2008-04-11,AAPL,4.404699802398682,5.255000114440918,5.474999904632568,5.228570938110352,5.454286098480225,1210076000
2008-04-14,AAPL,4.42385721206665,5.277856826782227,5.330357074737549,5.162143230438232,5.241786003112793,845087600
2008-04-15,AAPL,4.441817760467529,5.299285888671875,5.347143173217773,5.204286098480225,5.335713863372803,698037200
2008-04-16,AAPL,4.601075649261475,5.489285945892334,5.503571033477783,5.37928581237793,5.4185709953308105,795774000
2008-04-17,AAPL,4.624724864959717,5.517499923706055,5.5714287757873535,5.476786136627197,5.506071090698242,704267200
2008-04-18,AAPL,4.820802211761475,5.751429080963135,5.795000076293945,5.656428813934326,5.682857036590576,1026765600
2008-04-21,AAPL,5.033940315246582,6.005713939666748,6.017857074737549,5.7771430015563965,5.793213844299316,1039152800
2008-04-22,AAPL,4.795655727386475,5.721428871154785,6.0,5.646070957183838,5.978570938110352,1439572400
2008-04-23,AAPL,4.876180648803711,5.817500114440918,5.887143135070801,5.752857208251953,5.85892915725708,1504190800
2008-04-24,AAPL,5.057288646697998,6.033570766448975,6.070713996887207,5.685357093811035,5.90500020980835,1696066400
2008-04-25,AAPL,5.080939769744873,6.06178617477417,6.110713958740234,5.943571090698242,6.096428871154785,992474000
2008-04-28,AAPL,5.156077861785889,6.151429176330566,6.205357074737549,6.0403571128845215,6.0625,787214400
2008-04-29,AAPL,5.240197658538818,6.251786231994629,6.273571014404297,6.080357074737549,6.1110711097717285,923476400
2008-04-30,AAPL,5.207267761230469,6.212500095367432,6.4285712242126465,6.175714015960693,6.292500019073486,1139524400
2008-05-01,AAPL,5.388376712799072,6.4285712242126465,6.4285712242126465,6.244999885559082,6.248570919036865,903576800
2008-05-02,AAPL,5.416516304016113,6.4621429443359375,6.497142791748047,6.376786231994629,6.435357093811035,1006082000
2008-05-05,AAPL,5.529970645904541,6.597499847412109,6.618214130401611,6.466071128845215,6.497142791748047,854557200
2008-05-06,AAPL,5.587746620178223,6.666429042816162,6.682857036590576,6.506429195404053,6.59499979019165,918870400
2008-05-07,AAPL,5.465909957885742,6.521070957183838,6.721428871154785,6.447856903076172,6.6446428298950195,1157133600
2008-05-08,AAPL,5.539850234985352,6.609285831451416,6.660714149475098,6.538214206695557,6.56321382522583,899085600
2008-05-09,AAPL,5.491653919219971,6.551785945892334,6.580357074737549,6.477499961853027,6.541429042816162,673072400
2008-05-12,AAPL,5.632648468017578,6.71999979019165,6.745357036590576,6.5303568840026855,6.614643096923828,818563200
2008-05-13,AAPL,5.686532974243164,6.784286022186279,6.837500095367432,6.709286212921143,6.7360711097717285,823236400
2008-05-14,AAPL,5.575773239135742,6.6521430015563965,6.865714073181152,6.627500057220459,6.8296427726745605,916823600
2008-05-15,AAPL,5.679649353027344,6.776071071624756,6.7821431159973145,6.57857084274292,6.671785831451416,873208000
2008-05-16,AAPL,5.616486072540283,6.700714111328125,6.79642915725708,6.6785712242126465,6.789642810821533,765769200
2008-05-19,AAPL,5.496144771575928,6.557143211364746,6.73892879486084,6.474999904632568,6.709286212921143,945820400
2008-05-20,AAPL,5.564995765686035,6.639286041259766,6.648571014404297,6.432857036590576,6.493570804595947,969850000
2008-05-21,AAPL,5.334193706512451,6.36392879486084,6.712500095367432,6.294642925262451,6.631071090698242,1157657200
2008-05-22,AAPL,5.3000664710998535,6.323214054107666,6.476070880889893,6.142857074737549,6.4021430015563965,1206735600
2008-05-23,AAPL,5.423401355743408,6.4703569412231445,6.499642848968506,6.349999904632568,6.456070899963379,906917200
2008-05-27,AAPL,5.580862045288086,6.658214092254639,6.658214092254639,6.494286060333252,6.526785850524902,789905200
2008-05-28,AAPL,5.59822416305542,6.678928852081299,6.712500095367432,6.561429023742676,6.693213939666748,743979600
2008-05-29,AAPL,5.588644981384277,6.667500019073486,6.721428871154785,6.625,6.670000076293945,647186400
2008-05-30,AAPL,5.650310516357422,6.7410712242126465,6.769286155700684,6.692142963409424,6.694643020629883,610184400
2008-06-02,AAPL,5.570984363555908,6.646429061889648,6.773213863372803,6.590356826782227,6.735713958740234,679840000
2008-06-03,AAPL,5.549129009246826,6.620357036590576,6.721428871154785,6.512143135070801,6.6735711097717285,750520400
2008-06-04,AAPL,5.543743133544922,6.61392879486084,6.681786060333252,6.543929100036621,6.572143077850342,726983600
2008-06-05,AAPL,5.670668125152588,6.76535701751709,6.78000020980835,6.632143020629883,6.65500020980835,755445600
2008-06-06,AAPL,5.55721378326416,6.630000114440918,6.783928871154785,6.626786231994629,6.714285850524902,966422800
2008-06-09,AAPL,5.436572074890137,6.4860711097717285,6.605000019073486,6.276785850524902,6.599643230438232,1888392800
2008-06-10,AAPL,5.55721378326416,6.630000114440918,6.670713901519775,6.393570899963379,6.446785926818848,1140941200
2008-06-11,AAPL,5.412624359130859,6.457499980926514,6.642857074737549,6.413928985595703,6.583570957183838,961550800
2008-06-12,AAPL,5.1866135597229,6.187857151031494,6.521429061889648,6.114285945892334,6.481785774230957,1308333600
2008-06-13,AAPL,5.159968376159668,6.156071186065674,6.21999979019165,5.903929233551025,6.130000114440918,1345957200
2008-06-16,AAPL,5.293781757354736,6.315713882446289,6.353570938110352,6.038214206695557,6.117856979370117,1051730400
2008-06-17,AAPL,5.431186199188232,6.479642868041992,6.499642848968506,6.336071014404297,6.360713958740234,899656800
2008-06-18,AAPL,5.350957870483398,6.3839287757873535,6.507143020629883,6.333929061889648,6.468571186065674,811468000
2008-06-19,AAPL,5.415318965911865,6.460713863372803,6.512143135070801,6.314286231994629,6.376786231994629,791949200
2008-06-20,AAPL,5.246783256530762,6.259643077850342,6.464285850524902,6.25,6.4053568840026855,888367200
2008-06-23,AAPL,5.183618068695068,6.184286117553711,6.281428813934326,6.127142906188965,6.240714073181152,645780800
2008-06-24,AAPL,5.186312675476074,6.1875,6.277856826782227,6.129642963409424,6.156071186065674,621947200
2008-06-25,AAPL,5.310246467590332,6.335357189178467,6.386785984039307,6.210000038146973,6.2360711097717285,644450800
2008-06-26,AAPL,5.036934852600098,6.009285926818848,6.244286060333252,6.000357151031494,6.216785907745361,869610000
2008-06-27,AAPL,5.091715335845947,6.074643135070801,6.091785907745361,5.862500190734863,5.946785926818848,1042249600
2008-06-30,AAPL,5.012386798858643,5.980000019073486,6.142857074737549,5.950714111328125,6.078214168548584,684196800
2008-07-01,AAPL,5.229121685028076,6.2385711669921875,6.239999771118164,5.857142925262451,5.865356922149658,1111280800
2008-07-02,AAPL,5.034540176391602,6.006429195404053,6.337500095367432,6.006429195404053,6.257143020629883,837519200
2008-07-03,AAPL,5.09261417388916,6.075714111328125,6.148929119110107,5.919642925262451,6.056786060333252,523362000
2008-07-07,AAPL,5.243488788604736,6.255713939666748,6.326070785522461,6.139286041259766,6.184286117553711,820391600
2008-07-08,AAPL,5.37490701675415,6.412499904632568,6.4178571701049805,6.169285774230957,6.264286041259766,888350400
2008-07-09,AAPL,5.216248512268066,6.223214149475098,6.461071014404297,6.21928596496582,6.435713768005371,895776000
2008-07-10,AAPL,5.287494659423828,6.30821418762207,6.333570957183838,6.120357036590576,6.247142791748047,840688800
2008-07-11,AAPL,5.166256427764893,6.163570880889893,6.325356960296631,6.107142925262451,6.266786098480225,930011600
2008-07-14,AAPL,5.205171585083008,6.210000038146973,6.403571128845215,6.181428909301758,6.401429176330566,886054400
2008-07-15,AAPL,5.078244686126709,6.058570861816406,6.204999923706055,5.942500114440918,6.159999847412109,1040043200
2008-07-16,AAPL,5.173141956329346,6.171785831451416,6.1760711669921875,6.021429061889648,6.07857084274292,747790400
2008-07-17,AAPL,5.143204212188721,6.13607120513916,6.24928617477417,6.121070861816406,6.2178568840026855,757526000
2008-07-18,AAPL,4.943835258483887,5.898213863372803,6.058928966522217,5.892857074737549,6.018570899963379,868414400
2008-07-21,AAPL,4.977962970733643,5.938929080963135,5.982142925262451,5.75428581237793,5.960713863372803,1360469600
2008-07-22,AAPL,4.8501386642456055,5.786428928375244,5.812857151031494,5.233213901519775,5.3214287757873535,1879592400
2008-07-23,AAPL,4.977062702178955,5.937857151031494,6.013214111328125,5.769999980926514,5.892499923706055,1061768400
2008-07-24,AAPL,4.760629177093506,5.679643154144287,5.9021430015563965,5.658928871154785,5.868570804595947,839619200
2008-07-25,AAPL,4.853128910064697,5.789999961853027,5.8214287757873535,5.666070938110352,5.728570938110352,633637200
2008-07-28,AAPL,4.622030258178711,5.514286041259766,5.802499771118164,5.50071382522583,5.79785680770874,780712800
2008-07-29,AAPL,4.702255725860596,5.610000133514404,5.694643020629883,5.487500190734863,5.550356864929199,684070800
2008-07-30,AAPL,4.786074161529541,5.710000038146973,5.731785774230957,5.574285984039307,5.635000228881836,725183200
2008-07-31,AAPL,4.758235931396484,5.676785945892334,5.7928571701049805,5.606429100036621,5.626429080963135,637498400
2008-08-01,AAPL,4.689682960510254,5.59499979019165,5.713929176330566,5.5625,5.710713863372803,544639200
2008-08-04,AAPL,4.58700704574585,5.472499847412109,5.639286041259766,5.461071014404297,5.5928568840026855,592527600
2008-08-05,AAPL,4.808825969696045,5.737143039703369,5.742856979370117,5.529285907745361,5.550714015960693,688371600
2008-08-06,AAPL,4.915097713470459,5.86392879486084,5.978570938110352,5.642857074737549,5.713213920593262,791408800
2008-08-07,AAPL,4.896538734436035,5.841785907745361,5.933928966522217,5.767857074737549,5.811070919036865,672372400
2008-08-08,AAPL,5.075550556182861,6.055356979370117,6.058928966522217,5.848214149475098,5.852142810821533,713997200
2008-08-11,AAPL,5.195592403411865,6.19857120513916,6.3035712242126465,6.059642791748047,6.0739288330078125,891304400
2008-08-12,AAPL,5.290487289428711,6.31178617477417,6.403213977813721,6.196785926818848,6.197143077850342,836278800
2008-08-13,AAPL,5.367420673370361,6.403571128845215,6.4285712242126465,6.2821431159973145,6.356429100036621,842346400
2008-08-14,AAPL,5.368021011352539,6.404285907745361,6.444643020629883,6.351428985595703,6.368928909301758,711300800
2008-08-15,AAPL,5.260851860046387,6.276429176330566,6.419642925262451,6.251786231994629,6.394286155700684,708251600
2008-08-18,AAPL,5.250374794006348,6.2639288902282715,6.3503570556640625,6.207857131958008,6.270357131958008,552014400
2008-08-19,AAPL,5.194693565368652,6.197500228881836,6.3239288330078125,6.13607120513916,6.2335710525512695,616204400
2008-08-20,AAPL,5.263845920562744,6.28000020980835,6.319285869598389,6.200356960296631,6.241786003112793,506951200
2008-08-21,AAPL,5.217445373535156,6.224643230438232,6.26607084274292,6.1389288902282715,6.2310709953308105,539744800
2008-08-22,AAPL,5.292286396026611,6.313929080963135,6.339285850524902,6.270357131958008,6.279285907745361,439611200
2008-08-25,AAPL,5.165358066558838,6.162499904632568,6.293929100036621,6.130713939666748,6.291070938110352,484425200
2008-08-26,AAPL,5.197988033294678,6.2014288902282715,6.24571418762207,6.164642810821533,6.170000076293945,445550000
2008-08-27,AAPL,5.228820323944092,6.238214015960693,6.2771430015563965,6.1496429443359375,6.189642906188965,477780800
2008-08-28,AAPL,5.200982093811035,6.204999923706055,6.294642925262451,6.169642925262451,6.260000228881836,431384800
2008-08-29,AAPL,5.074953079223633,6.054643154144287,6.1964287757873535,6.037143230438232,6.177143096923828,599289600
2008-09-02,AAPL,4.974968910217285,5.935357093811035,6.1964287757873535,5.892857074737549,6.1571431159973145,780763200
2008-09-03,AAPL,4.998018264770508,5.962856769561768,6.024285793304443,5.857142925262451,5.958570957183838,734834800
2008-09-04,AAPL,4.826189994812012,5.757856845855713,5.996786117553711,5.743214130401611,5.9235711097717285,743386000
2008-09-05,AAPL,4.795055866241455,5.720714092254639,5.800000190734863,5.630356788635254,5.663928985595703,786884000
2008-09-08,AAPL,4.727402210235596,5.639999866485596,5.8889288902282715,5.409286022186279,5.877500057220459,1045979200
2008-09-09,AAPL,4.540605068206787,5.417142868041992,5.712856769561768,5.349643230438232,5.602142810821533,1245025600
2008-09-10,AAPL,4.538511276245117,5.414642810821533,5.5353569984436035,5.314286231994629,5.440000057220459,973142800
2008-09-11,AAPL,4.569643020629883,5.451786041259766,5.463929176330566,5.214285850524902,5.292142868041992,971135200
2008-09-12,AAPL,4.458582401275635,5.319285869598389,5.38964319229126,5.232142925262451,5.38964319229126,793027200
2008-09-15,AAPL,4.2017364501953125,5.012856960296631,5.2746429443359375,5.012856960296631,5.072500228881836,920634400
2008-09-16,AAPL,4.187370300292969,4.99571418762207,5.089285850524902,4.7196431159973145,4.78071403503418,1199836400
2008-09-17,AAPL,3.8266472816467285,4.565357208251953,4.946785926818848,4.565357208251953,4.946071147918701,1200455200
2008-09-18,AAPL,4.014042377471924,4.788928985595703,4.836785793304443,4.309999942779541,4.663214206695557,1676253600
2008-09-19,AAPL,4.218199729919434,5.03249979019165,5.150000095367432,4.868214130401611,5.0928568840026855,1430875600
2008-09-22,AAPL,3.92303729057312,4.680356979370117,5.0089287757873535,4.666429042816162,4.997857093811035,856713200
2008-09-23,AAPL,3.7970097064971924,4.53000020980835,4.849999904632568,4.523571014404297,4.708929061889648,1280364400
2008-09-24,AAPL,3.8529906272888184,4.596786022186279,4.676785945892334,4.4696431159973145,4.5453572273254395,1047015200
2008-09-25,AAPL,3.9493815898895264,4.711785793304443,4.813929080963135,4.590000152587891,4.635714054107666,1006045600
2008-09-26,AAPL,3.8389194011688232,4.579999923706055,4.635714054107666,4.392857074737549,4.461071014404297,1126451200
2008-09-29,AAPL,3.151003360748291,3.7592859268188477,4.274285793304443,3.5924999713897705,4.2721428871154785,2622057200
2008-09-30,AAPL,3.402461051940918,4.059286117553711,4.107142925262451,3.796428918838501,3.8660709857940674,1626682400
2008-10-01,AAPL,3.2665536403656006,3.8971428871154785,4.012856960296631,3.8353569507598877,3.997143030166626,1296484000
2008-10-02,AAPL,2.9965367317199707,3.575000047683716,3.885356903076172,3.5714290142059326,3.8575000762939453,1609364400
2008-10-03,AAPL,2.9058310985565186,3.4667859077453613,3.8035709857940674,3.380357027053833,3.7142860889434814,2294398400
2008-10-06,AAPL,2.9378628730773926,3.505000114440918,3.5278570652008057,3.1264290809631348,3.2842860221862793,2107417200
2008-10-07,AAPL,2.6690433025360107,3.184286117553711,3.625,3.176785945892334,3.588571071624756,1878772000
2008-10-08,AAPL,2.6879024505615234,3.2067859172821045,3.440356969833374,3.059999942779541,3.068213939666748,2207741200
2008-10-09,AAPL,2.6564695835113525,3.169286012649536,3.421428918838501,3.0928568840026855,3.3339290618896484,1617383600
2008-10-10,AAPL,2.89775013923645,3.4571430683135986,3.5714290142059326,3.0357139110565186,3.06071400642395,2219299600
2008-10-13,AAPL,3.300679922103882,3.937856912612915,3.947499990463257,3.6078569889068604,3.733928918838501,1539076000
2008-10-14,AAPL,3.115680456161499,3.7171430587768555,4.1571431159973145,3.6835711002349854,4.1521430015563965,1980994400
2008-10-15,AAPL,2.9321749210357666,3.49821400642395,3.8214290142059326,3.4960711002349854,3.708570957183838,1584175600
2008-10-16,AAPL,3.0501210689544678,3.6389288902282715,3.6939289569854736,3.2764289379119873,3.563214063644409,1980521200
2008-10-17,AAPL,2.915710210800171,3.4785709381103516,3.6442859172821045,3.067500114440918,3.557142972946167,1762227600
2008-10-20,AAPL,2.9468424320220947,3.515713930130005,3.572499990463257,3.3442859649658203,3.563570976257324,1549170000
2008-10-21,AAPL,2.7387914657592773,3.2674999237060547,3.496428966522217,3.255713939666748,3.4625000953674316,2193660000
2008-10-22,AAPL,2.8998444080352783,3.4596428871154785,3.6160709857940674,3.3189289569854736,3.4774999618530273,2248808800
2008-10-23,AAPL,2.940556764602661,3.508213996887207,3.544642925262451,3.2821431159973145,3.4467859268188477,1675430400
2008-10-24,AAPL,2.885176420211792,3.442142963409424,3.496428966522217,3.2182140350341797,3.2260708808898926,1590058400
2008-10-27,AAPL,2.756754159927368,3.288928985595703,3.486785888671875,3.2807140350341797,3.3953568935394287,1208771200
2008-10-28,AAPL,2.9908478260040283,3.568213939666748,3.5892860889434814,3.29892897605896,3.4082140922546387,1634133200
2008-10-29,AAPL,3.129749298095703,3.733928918838501,3.9121429920196533,3.5692861080169678,3.6021430492401123,1950978400
2008-10-30,AAPL,3.324028968811035,3.9657139778137207,4.006785869598389,3.8432140350341797,3.865356922149658,1638089600
2008-10-31,AAPL,3.220752000808716,3.8424999713897705,3.9564290046691895,3.755000114440918,3.835714101791382,1659756000
2008-11-03,AAPL,3.2018933296203613,3.819999933242798,3.8964290618896484,3.744999885559082,3.7832140922546387,1057938000
2008-11-04,AAPL,3.322533369064331,3.9639289379119873,3.992500066757202,3.809643030166626,3.9282140731811523,1398681200
2008-11-05,AAPL,3.092329740524292,3.68928599357605,3.9185709953308105,3.6782140731811523,3.8896429538726807,1256455200
2008-11-06,AAPL,2.9666013717651367,3.539285898208618,3.6707139015197754,3.5,3.608928918838501,1319074400
2008-11-07,AAPL,2.9408562183380127,3.508570909500122,3.566071033477783,3.4185709953308105,3.544286012649536,1095253600
2008-11-10,AAPL,2.870208740234375,3.424285888671875,3.585714101791382,3.375,3.577500104904175,1123822000
2008-11-11,AAPL,2.8369791507720947,3.384643077850342,3.4703569412231445,3.2950000762939453,3.386070966720581,1224538000
2008-11-12,AAPL,2.6977806091308594,3.2185709476470947,3.3299999237060547,3.2146430015563965,3.3010709285736084,1178976400
2008-11-13,AAPL,2.886972665786743,3.4442861080169678,3.4442861080169678,3.072143077850342,3.2096428871154785,1854087200
2008-11-14,AAPL,2.7013726234436035,3.2228569984436035,3.356786012649536,3.2142860889434814,3.3485710620880127,1405266800
2008-11-17,AAPL,2.6385080814361572,3.1478569507598877,3.233928918838501,3.116429090499878,3.1600000858306885,1162526400
2008-11-18,AAPL,2.691493511199951,3.211071014404297,3.249643087387085,3.1021430492401123,3.2014288902282715,1209695200
2008-11-19,AAPL,2.5831286907196045,3.0817859172821045,3.270714044570923,3.0789289474487305,3.1942861080169678,1171900800
2008-11-20,AAPL,2.4095020294189453,2.874643087387085,3.0875000953674316,2.857142925262451,3.044286012649536,1716814400
2008-11-21,AAPL,2.472066879272461,2.9492859840393066,3.004286050796509,2.8264288902282715,2.9260709285736084,1569271200
2008-11-24,AAPL,2.7824978828430176,3.319643020629883,3.385356903076172,3.0299999713897705,3.0432140827178955,1442257600
2008-11-25,AAPL,2.718136787414551,3.242856979370117,3.382499933242798,3.148571014404297,3.379642963409424,1235292800
2008-11-26,AAPL,2.843865394592285,3.392857074737549,3.4017860889434814,3.2089290618896484,3.2114291191101074,899836000
2008-11-28,AAPL,2.774115562438965,3.309643030166626,3.3842859268188477,3.2807140350341797,3.382143020629883,297774400
2008-12-01,AAPL,2.662156820297241,3.1760709285736084,3.2953569889068604,3.1757140159606934,3.260714054107666,923767600
2008-12-02,AAPL,2.7681291103363037,3.302500009536743,3.308928966522217,3.0892860889434814,3.2153570652008057,1148722400
2008-12-03,AAPL,2.8708062171936035,3.424999952316284,3.436785936355591,3.171428918838501,3.192857027053833,1338680000
2008-12-04,AAPL,2.7363979816436768,3.2646429538726807,3.4003570079803467,3.1807138919830322,3.372499942779541,1091370000
2008-12-05,AAPL,2.8139302730560303,3.357142925262451,3.374643087387085,3.1735711097717285,3.226785898208618,1043795200
2008-12-08,AAPL,2.9851605892181396,3.561429023742676,3.5999999046325684,3.421428918838501,3.4742860794067383,1185142000
2008-12-09,AAPL,2.9953386783599854,3.573570966720581,3.700000047683716,3.4717860221862793,3.5014290809631348,1203496000
2008-12-10,AAPL,2.939957618713379,3.507499933242798,3.5532140731811523,3.4464290142059326,3.495357036590576,938047600
2008-12-11,AAPL,2.843865394592285,3.392857074737549,3.6157140731811523,3.3867859840393066,3.476785898208618,1040617200
2008-12-12,AAPL,2.9417545795440674,3.509643077850342,3.5357139110565186,3.304642915725708,3.31428599357605,1041174400
2008-12-15,AAPL,2.8363821506500244,3.3839290142059326,3.4360709190368652,3.3214290142059326,3.4282140731811523,891758000
2008-12-16,AAPL,2.8567376136779785,3.4082140922546387,3.445713996887207,3.3125,3.356429100036621,1093506400
2008-12-17,AAPL,2.6690433025360107,3.184286117553711,3.253571033477783,3.143570899963379,3.251070976257324,1293860400
2008-12-18,AAPL,2.67712664604187,3.1939289569854736,3.243928909301758,3.1585710048675537,3.189642906188965,857416000
2008-12-19,AAPL,2.6941885948181152,3.2142860889434814,3.247857093811035,3.171428918838501,3.2121429443359375,801920000
2008-12-22,AAPL,2.5666637420654297,3.062143087387085,3.2153570652008057,3.0246429443359375,3.2149999141693115,844740400
2008-12-23,AAPL,2.585822343826294,3.0850000381469727,3.138214111328125,3.067857027053833,3.1024999618530273,635031600
2008-12-24,AAPL,2.5457074642181396,3.0371429920196533,3.080357074737549,3.0196430683135986,3.0764288902282715,271334000
2008-12-26,AAPL,2.568758964538574,3.064642906188965,3.122143030166626,3.044286012649536,3.0942859649658203,308324800
2008-12-29,AAPL,2.592707633972168,3.0932140350341797,3.129286050796509,3.0382139682769775,3.0899999141693115,686000000
2008-12-30,AAPL,2.5831286907196045,3.0817859172821045,3.1446430683135986,3.0257139205932617,3.122143030166626,967601600
2008-12-31,AAPL,2.5549888610839844,3.0482139587402344,3.133570909500122,3.0478570461273193,3.070357084274292,607541200
2009-01-02,AAPL,2.716639757156372,3.2410709857940674,3.2514290809631348,3.041429042816162,3.067142963409424,746015200
2009-01-05,AAPL,2.8312923908233643,3.377856969833374,3.434999942779541,3.3110709190368652,3.327500104904175,1181608400
2009-01-06,AAPL,2.7845938205718994,3.322143077850342,3.4703569412231445,3.299643039703369,3.426785945892334,1289310400
2009-01-07,AAPL,2.7244231700897217,3.250356912612915,3.3035709857940674,3.2235710620880127,3.2789289951324463,753048800
2009-01-08,AAPL,2.7750141620635986,3.31071400642395,3.3267860412597656,3.2157139778137207,3.2296431064605713,673500800
2009-01-09,AAPL,2.711549997329712,3.234999895095825,3.3350000381469727,3.2192859649658203,3.3289289474487305,546845600
2009-01-12,AAPL,2.6540756225585938,3.166429042816162,3.249643087387085,3.12678599357605,3.2307140827178955,617716400
2009-01-13,AAPL,2.625636100769043,3.132499933242798,3.2049999237060547,3.0839290618896484,3.1514289379119873,798397600
2009-01-14,AAPL,2.5543906688690186,3.047499895095825,3.1160709857940674,3.0257139205932617,3.0799999237060547,1021664000
2009-01-15,AAPL,2.496016025543213,2.9778571128845215,3.004286050796509,2.858928918838501,2.877500057220459,1831634000
2009-01-16,AAPL,2.4645838737487793,2.940356969833374,3.01357102394104,2.871428966522217,3.010714054107666,1047625600
2009-01-20,AAPL,2.3409507274627686,2.7928569316864014,2.9285709857940674,2.7928569316864014,2.9260709285736084,919914800
2009-01-21,AAPL,2.4795517921447754,2.958214044570923,2.9600000381469727,2.8324999809265137,2.8353569507598877,1089270000
2009-01-22,AAPL,2.645094633102417,3.1557140350341797,3.2142860889434814,3.065000057220459,3.1442859172821045,1409528400
2009-01-23,AAPL,2.645094633102417,3.1557140350341797,3.2096428871154785,3.0892860889434814,3.1007139682769775,763770000
2009-01-26,AAPL,2.6834115982055664,3.2014288902282715,3.248929023742676,3.1535708904266357,3.1735711097717285,692238400
2009-01-27,AAPL,2.716040849685669,3.240356922149658,3.2696430683135986,3.2049999237060547,3.2210710048675537,618038400
2009-01-28,AAPL,2.8199174404144287,3.364285945892334,3.392857074737549,3.267857074737549,3.2899999618530273,861406000
2009-01-29,AAPL,2.7839953899383545,3.3214290142059326,3.369286060333252,3.307142972946167,3.3246428966522217,592729200
2009-01-30,AAPL,2.698080062866211,3.2189290523529053,3.3435709476470947,3.2146430015563965,3.307142972946167,651478800
2009-02-02,AAPL,2.7393901348114014,3.268213987350464,3.2857139110565186,3.174999952316284,3.182142972946167,558247200
2009-02-03,AAPL,2.7833948135375977,3.320713996887207,3.3350000381469727,3.2242860794067383,3.2828569412231445,599309200
2009-02-04,AAPL,2.800459384918213,3.3410708904266357,3.4375,3.325000047683716,3.3292860984802246,808421600
2009-02-05,AAPL,2.887571096420288,3.444999933242798,3.4732139110565186,3.307857036590576,3.313214063644409,749246400
2009-02-06,AAPL,2.9851605892181396,3.561429023742676,3.5714290142059326,3.4642860889434814,3.4649999141693115,687209600
2009-02-09,AAPL,3.068680763244629,3.6610710620880127,3.6785709857940674,3.5535709857940674,3.5714290142059326,715010800
2009-02-10,AAPL,2.9285829067230225,3.493928909301758,3.6610710620880127,3.4664289951324463,3.618928909301758,849060800
2009-02-11,AAPL,2.8983476161956787,3.4578568935394287,3.511070966720581,3.4203569889068604,3.441786050796509,674973600
2009-02-12,AAPL,2.9716899394989014,3.5453569889068604,3.5625,3.422499895095825,3.422499895095825,817188400
2009-02-13,AAPL,2.968397378921509,3.541429042816162,3.5692861080169678,3.504286050796509,3.5353569984436035,608977600
2009-02-17,AAPL,2.8297953605651855,3.376070976257324,3.4657139778137207,3.367142915725708,3.4596428871154785,678238400
2009-02-18,AAPL,2.8250057697296143,3.370357036590576,3.4232139587402344,3.311429023742676,3.3946430683135986,684779200
2009-02-19,AAPL,2.7133467197418213,3.237143039703369,3.3660709857940674,3.2182140350341797,3.3346428871154785,922804400
2009-02-20,AAPL,2.7301111221313477,3.257143020629883,3.299999952316284,3.1785709857940674,3.192857027053833,750316000
2009-02-23,AAPL,2.6028850078582764,3.1053569316864014,3.2857139110565186,3.0896430015563965,3.273214101791382,786982000
2009-02-24,AAPL,2.701672315597534,3.2232139110565186,3.2460711002349854,3.107142925262451,3.12321400642395,807105600
2009-02-25,AAPL,2.7289133071899414,3.255713939666748,3.318571090698242,3.1875,3.2092859745025635,833053200
2009-02-26,AAPL,2.6699411869049072,3.185357093811035,3.318571090698242,3.177143096923828,3.2857139110565186,629868400
2009-02-27,AAPL,2.673532009124756,3.189642906188965,3.260714054107666,3.131071090698242,3.14035701751709,706658400
2009-03-02,AAPL,2.632520914077759,3.140713930130005,3.257143020629883,3.131071090698242,3.1471428871154785,770929600
2009-03-03,AAPL,2.645392894744873,3.1560709476470947,3.2407140731811523,3.13857102394104,3.1760709285736084,724340400
2009-03-04,AAPL,2.729212760925293,3.256071090698242,3.313214063644409,3.194643020629883,3.2207140922546387,741403600
2009-03-05,AAPL,2.6594629287719727,3.1728570461273193,3.2810709476470947,3.1589291095733643,3.2307140827178955,706899200
2009-03-06,AAPL,2.553492307662964,3.046428918838501,3.1571431159973145,2.940356969833374,3.1549999713897705,1011147200
2009-03-09,AAPL,2.4879322052001953,2.9682140350341797,3.128571033477783,2.9489290714263916,3.0064289569854736,698297600
2009-03-10,AAPL,2.6531765460968018,3.1653571128845215,3.184643030166626,3.012856960296631,3.0310709476470947,844258800
2009-03-11,AAPL,2.7744154930114746,3.309999942779541,3.35964298248291,3.1992859840393066,3.2074999809265137,846372800
2009-03-12,AAPL,2.8842787742614746,3.441071033477783,3.4492859840393066,3.2857139110565186,3.317857027053833,768457200
2009-03-13,AAPL,2.8717057704925537,3.4260709285736084,3.4714291095733643,3.393213987350464,3.43928599357605,601168400
2009-03-16,AAPL,2.8564388751983643,3.4078569412231445,3.4782140254974365,3.3635709285736084,3.447499990463257,797244000
2009-03-17,AAPL,2.983365058898926,3.559286117553711,3.560357093811035,3.3953568935394287,3.4014289379119873,786646000
2009-03-18,AAPL,3.0390446186065674,3.625714063644409,3.695713996887207,3.561429023742676,3.568213939666748,796037200
2009-03-19,AAPL,3.042038679122925,3.629286050796509,3.68571400642395,3.580357074737549,3.637500047683716,500180800
2009-03-20,AAPL,3.041140079498291,3.628213882446289,3.682499885559082,3.5917859077453613,3.646070957183838,695587200
2009-03-23,AAPL,3.2228474617004395,3.8450000286102295,3.8628571033477783,3.6339290142059326,3.6682140827178955,666397200
2009-03-24,AAPL,3.1881227493286133,3.8035709857940674,3.9085710048675537,3.7639288902282715,3.7985711097717285,640612000
2009-03-25,AAPL,3.187823534011841,3.8032140731811523,3.869999885559082,3.7092859745025635,3.8421430587768555,646618000
2009-03-26,AAPL,3.2890055179595947,3.92392897605896,3.927856922149658,3.8421430587768555,3.8510708808898926,616252000
2009-03-27,AAPL,3.1986000537872314,3.816071033477783,3.876070976257324,3.799999952316284,3.865356922149658,492872800
2009-03-30,AAPL,3.12795352935791,3.731786012649536,3.750356912612915,3.6646430492401123,3.7325000762939453,502796000
2009-03-31,AAPL,3.1468122005462646,3.754286050796509,3.8375000953674316,3.75,3.766071081161499,570080000
2009-04-01,AAPL,3.2536826133728027,3.8817861080169678,3.892857074737549,3.7103569507598877,3.7174999713897705,589372000
2009-04-02,AAPL,3.374021053314209,4.025356769561768,4.098214149475098,3.9207139015197754,3.9335711002349854,812366800
2009-04-03,AAPL,3.472210168838501,4.142499923706055,4.147500038146973,4.054286003112793,4.078214168548584,636241200
2009-04-06,AAPL,3.545850992202759,4.2303571701049805,4.2410712242126465,4.045713901519775,4.105000019073486,658064400
2009-04-07,AAPL,3.4425740242004395,4.107142925262451,4.166786193847656,4.078214168548584,4.161786079406738,536580800
2009-04-08,AAPL,3.4820899963378906,4.154285907745361,4.1710710525512695,4.0921430587768555,4.122499942779541,455630000
2009-04-09,AAPL,3.579378604888916,4.270357131958008,4.285714149475098,4.212856769561768,4.229286193847656,530756800
2009-04-13,AAPL,3.598836898803711,4.2935709953308105,4.320713996887207,4.25,4.286070823669434,389236400
2009-04-14,AAPL,3.5416603088378906,4.2253570556640625,4.291786193847656,4.1875,4.270357131958008,454622000
2009-04-15,AAPL,3.521604537963867,4.2014288902282715,4.223214149475098,4.134285926818848,4.185713768005371,412882400
2009-04-16,AAPL,3.635658025741577,4.337500095367432,4.398213863372803,4.242499828338623,4.256785869598389,593446000
2009-04-17,AAPL,3.6946301460266113,4.4078569412231445,4.4375,4.294642925262451,4.32785701751709,497495600
2009-04-20,AAPL,3.6072182655334473,4.3035712242126465,4.392499923706055,4.255713939666748,4.347499847412109,466466000
2009-04-21,AAPL,3.644937515258789,4.348570823669434,4.362143039703369,4.235713958740234,4.246070861816406,470685600
2009-04-22,AAPL,3.637454032897949,4.3396430015563965,4.476786136627197,4.32857084274292,4.379642963409424,938767200
2009-04-23,AAPL,3.753903388977051,4.478570938110352,4.5428571701049805,4.411070823669434,4.5221428871154785,945156800
2009-04-24,AAPL,3.7089991569519043,4.425000190734863,4.46928596496582,4.391786098480225,4.4514288902282715,540764000
2009-04-27,AAPL,3.7338452339172363,4.4546427726745605,4.464285850524902,4.380713939666748,4.389286041259766,480690000
2009-04-28,AAPL,3.7089991569519043,4.425000190734863,4.507500171661377,4.4021430015563965,4.4053568840026855,455856800
2009-04-29,AAPL,3.746119976043701,4.46928596496582,4.5303568840026855,4.422500133514404,4.458929061889648,458110800
2009-04-30,AAPL,3.766775369644165,4.493928909301758,4.535714149475098,4.461429119110107,4.507856845855713,498489600
2009-05-01,AAPL,3.8089840412139893,4.544285774230957,4.569643020629883,4.492856979370117,4.492856979370117,397516000
2009-05-04,AAPL,3.953571081161499,4.716785907745361,4.723214149475098,4.559999942779541,4.579999923706055,609358400
2009-05-05,AAPL,3.9727299213409424,4.739643096923828,4.744999885559082,4.682857036590576,4.705357074737549,398255200
2009-05-06,AAPL,3.9664430618286133,4.732142925262451,4.767857074737549,4.650713920593262,4.761785984039307,473538800
2009-05-07,AAPL,3.863466739654541,4.609285831451416,4.728213787078857,4.567856788635254,4.726070880889893,531776000
2009-05-08,AAPL,3.8673577308654785,4.61392879486084,4.68678617477417,4.509285926818848,4.6085710525512695,467964000
2009-05-11,AAPL,3.878732204437256,4.627500057220459,4.677143096923828,4.539999961853027,4.548929214477539,404658800
2009-05-12,AAPL,3.7245655059814453,4.443571090698242,4.632500171661377,4.401785850524902,4.627142906188965,609481600
2009-05-13,AAPL,3.576984167098999,4.267499923706055,4.429286003112793,4.263570785522461,4.400356769561768,595971600
2009-05-14,AAPL,3.6805601119995117,4.39107084274292,4.411786079406738,4.275000095367432,4.277856826782227,447826400
2009-05-15,AAPL,3.664694309234619,4.372142791748047,4.450714111328125,4.34321403503418,4.368570804595947,367567200
2009-05-18,AAPL,3.7913217544555664,4.523213863372803,4.525000095367432,4.341785907745361,4.418929100036621,458841600
2009-05-19,AAPL,3.81527042388916,4.551785945892334,4.618214130401611,4.490714073181152,4.529285907745361,372422400
2009-05-20,AAPL,3.767972946166992,4.495357036590576,4.614643096923828,4.474999904632568,4.55821418762207,388584000
2009-05-21,AAPL,3.7173800468444824,4.434999942779541,4.527856826782227,4.3889288902282715,4.4696431159973145,407946000
2009-05-22,AAPL,3.6670889854431152,4.375,4.434999942779541,4.348214149475098,4.430356979370117,297998400
2009-05-26,AAPL,3.9149551391601562,4.670713901519775,4.672500133514404,4.448214054107666,4.455714225769043,636927200
2009-05-27,AAPL,3.9829092025756836,4.751786231994629,4.820713996887207,4.675356864929199,4.7064290046691895,646422000
2009-05-28,AAPL,4.043378829956055,4.8239288330078125,4.835357189178467,4.715356826782227,4.76607084274292,487552800
2009-05-29,AAPL,4.065530300140381,4.8503570556640625,4.853570938110352,4.7803568840026855,4.835357189178467,456534400
2009-06-01,AAPL,4.171502590179443,4.976786136627197,4.999642848968506,4.857142925262451,4.873929023742676,452499600
2009-06-02,AAPL,4.175692081451416,4.981785774230957,5.04785680770874,4.941071033477783,4.963929176330566,456223600
2009-06-03,AAPL,4.219398498535156,5.033928871154785,5.039642810821533,4.966785907745361,5.0,565199600
2009-06-04,AAPL,4.302917003631592,5.133571147918701,5.149285793304443,5.001429080963135,5.004642963409424,550634000
2009-06-05,AAPL,4.330758094787598,5.166786193847656,5.228570938110352,5.114643096923828,5.189642906188965,632716000
2009-06-08,AAPL,4.306211471557617,5.137499809265137,5.151071071624756,4.979642868041992,5.1364288330078125,931652400
2009-06-09,AAPL,4.272384166717529,5.097143173217773,5.1628570556640625,5.0196428298950195,5.13607120513916,676964400
2009-06-10,AAPL,4.198442459106445,5.0089287757873535,5.083929061889648,4.939286231994629,5.0814290046691895,688623600
2009-06-11,AAPL,4.189461708068848,4.998213768005371,5.055714130401611,4.948214054107666,4.98392915725708,524823600
2009-06-12,AAPL,4.100255966186523,4.891786098480225,4.9678568840026855,4.8585710525512695,4.957499980926514,563085600
2009-06-15,AAPL,4.073912620544434,4.86035680770874,4.89035701751709,4.817500114440918,4.857500076293945,539750400
2009-06-16,AAPL,4.081695556640625,4.869643211364746,4.945356845855713,4.860713958740234,4.880713939666748,514805200
2009-06-17,AAPL,4.058645248413086,4.8421430587768555,4.908928871154785,4.804643154144287,4.881071090698242,571412800
2009-06-18,AAPL,4.067625045776367,4.8528571128845215,4.9285712242126465,4.84250020980835,4.8610711097717285,427680400
2009-06-19,AAPL,4.175393104553223,4.981429100036621,4.982142925262451,4.889286041259766,4.931070804595947,721856800
2009-06-22,AAPL,4.112228870391846,4.906071186065674,5.055714130401611,4.868928909301758,5.023929119110107,634914000
2009-06-23,AAPL,4.011646270751953,4.786070823669434,4.89107084274292,4.74571418762207,4.871428966522217,706532400
2009-06-24,AAPL,4.077803134918213,4.864999771118164,4.910714149475098,4.816429138183594,4.836429119110107,485525600
2009-06-25,AAPL,4.186768531799316,4.994999885559082,5.007143020629883,4.8289289474487305,4.848214149475098,589447600
2009-06-26,AAPL,4.264001846313477,5.0871429443359375,5.127142906188965,4.990714073181152,4.992499828338623,439384400
2009-06-29,AAPL,4.2499308586120605,5.070356845855713,5.14107084274292,5.054999828338623,5.123570919036865,567616000
2009-06-30,AAPL,4.263701438903809,5.086785793304443,5.135714054107666,5.064286231994629,5.0921430587768555,434224000
2009-07-01,AAPL,4.2756757736206055,5.101070880889893,5.166429042816162,5.090000152587891,5.125,414178800
2009-07-02,AAPL,4.191559314727783,5.00071382522583,5.101070880889893,4.992499828338623,5.044642925262451,370479200
2009-07-06,AAPL,4.149347305297852,4.950356960296631,4.963929176330566,4.8660712242126465,4.95357084274292,498688400
2009-07-07,AAPL,4.053256511688232,4.835713863372803,4.9885711669921875,4.82785701751709,4.945713996887207,461596800
2009-07-08,AAPL,4.107738971710205,4.900713920593262,4.929999828338623,4.800714015960693,4.854286193847656,575929200
2009-07-09,AAPL,4.081995010375977,4.869999885559082,4.928214073181152,4.854642868041992,4.920000076293945,343025200
2009-07-10,AAPL,4.1466546058654785,4.947143077850342,4.963213920593262,4.868570804595947,4.869286060333252,445275600
2009-07-13,AAPL,4.26101016998291,5.083570957183838,5.083570957183838,4.911786079406738,4.9835710525512695,483501200
2009-07-14,AAPL,4.258911609649658,5.081070899963379,5.1135711669921875,5.041429042816162,5.072500228881836,347247600
2009-07-15,AAPL,4.396915435791016,5.24571418762207,5.25,5.154285907745361,5.179999828338623,485587200
2009-07-16,AAPL,4.416073322296143,5.268570899963379,5.286428928375244,5.1989288330078125,5.205714225769043,393570800
2009-07-17,AAPL,4.542701721191406,5.419642925262451,5.429286003112793,5.30821418762207,5.324285984039307,602154000
2009-07-20,AAPL,4.5774245262146,5.461071014404297,5.537143230438232,5.3889288902282715,5.473928928375244,735526400
2009-07-21,AAPL,4.535516262054443,5.411070823669434,5.479642868041992,5.348214149475098,5.474643230438232,874781600
2009-07-22,AAPL,4.692079544067383,5.5978569984436035,5.668929100036621,5.575356960296631,5.635356903076172,874104000
2009-07-23,AAPL,4.724409580230713,5.6364288330078125,5.658570766448975,5.555714130401611,5.593928813934326,526962800
2009-07-24,AAPL,4.789371013641357,5.713929176330566,5.714285850524902,5.589285850524902,5.6053571701049805,438362400
2009-07-27,AAPL,4.792662143707275,5.7178568840026855,5.74571418762207,5.616428852081299,5.7203569412231445,433311200
2009-07-28,AAPL,4.789668560028076,5.714285850524902,5.7178568840026855,5.628571033477783,5.674285888671875,363554800
2009-07-29,AAPL,4.790566444396973,5.715356826782227,5.7303571701049805,5.651785850524902,5.675000190734863,382158000
2009-07-30,AAPL,4.873187065124512,5.813929080963135,5.882856845855713,5.767857074737549,5.775000095367432,469604800
2009-07-31,AAPL,4.891149044036865,5.835357189178467,5.892857074737549,5.818213939666748,5.821071147918701,422536800
2009-08-03,AAPL,4.982154369354248,5.943929195404053,5.9514288902282715,5.888214111328125,5.900356769561768,394240000
2009-08-04,AAPL,4.955809116363525,5.912499904632568,5.913214206695557,5.864643096923828,5.89035701751709,395810800
2009-08-05,AAPL,4.942638874053955,5.896786212921143,5.978213787078857,5.864643096923828,5.919642925262451,423183600
2009-08-06,AAPL,4.906715393066406,5.853929042816162,5.946785926818848,5.824643135070801,5.913570880889893,341616800
2009-08-07,AAPL,4.954614162445068,5.911070823669434,5.949999809265137,5.885714054107666,5.9103569984436035,387354800
2009-08-10,AAPL,4.930962562561035,5.882856845855713,5.949999809265137,5.84499979019165,5.916429042816162,300294400
2009-08-11,AAPL,4.87438440322876,5.815357208251953,5.87071418762207,5.781428813934326,5.846070766448975,355342400
2009-08-12,AAPL,4.948624610900879,5.903929233551025,5.9539289474487305,5.802143096923828,5.805356979370117,445071200
2009-08-13,AAPL,5.041725158691406,6.014999866485596,6.023929119110107,5.9464287757873535,5.951786041259766,439980800
2009-08-14,AAPL,4.9926300048828125,5.9564290046691895,6.008213996887207,5.911786079406738,5.997857093811035,305816000
2009-08-17,AAPL,4.777396202087402,5.699643135070801,5.84250020980835,5.693571090698242,5.841071128845215,524381200
2009-08-18,AAPL,4.90941047668457,5.857142925262451,5.865714073181152,5.76464319229126,5.772500038146973,431152400
2009-08-19,AAPL,4.927371025085449,5.878571033477783,5.903571128845215,5.801785945892334,5.8125,413271600
2009-08-20,AAPL,4.979159355163574,5.940357208251953,5.954286098480225,5.878929138183594,5.8921427726745605,342031200
2009-08-21,AAPL,5.065670967102051,6.0435709953308105,6.048929214477539,5.9571428298950195,5.987500190734863,416074400
2009-08-24,AAPL,5.060882568359375,6.0378570556640625,6.096786022186279,6.009643077850342,6.075714111328125,406929600
2009-08-25,AAPL,5.071060657501221,6.050000190734863,6.105000019073486,6.0403571128845215,6.052143096923828,324354800
2009-08-26,AAPL,5.011490345001221,5.978929042816162,6.055356979370117,5.955714225769043,6.0328569412231445,303998800
2009-08-27,AAPL,5.0725579261779785,6.051785945892334,6.056070804595947,5.886785984039307,6.026785850524902,449181600
2009-08-28,AAPL,5.09052038192749,6.073214054107666,6.1603569984436035,6.0189290046691895,6.152500152587891,453700800
2009-08-31,AAPL,5.035438537597656,6.007500171661377,6.0303568840026855,5.9464287757873535,6.005713939666748,311337600
2009-09-01,AAPL,4.948326587677002,5.903571128845215,6.0714287757873535,5.890714168548584,5.999642848968506,469028000
2009-09-02,AAPL,4.9447340965271,5.899285793304443,5.9860711097717285,5.8610711097717285,5.87928581237793,364249200
2009-09-03,AAPL,4.985744476318359,5.948214054107666,5.9678568840026855,5.892857074737549,5.944285869598389,293955200
2009-09-04,AAPL,5.098300933837891,6.082499980926514,6.096428871154785,5.96750020980835,5.974286079406738,374628800
2009-09-08,AAPL,5.176734447479248,6.1760711669921875,6.183570861816406,6.142857074737549,6.177856922149658,315047600
2009-09-09,AAPL,5.12315034866333,6.112143039703369,6.2310709953308105,6.060713768005371,6.170713901519775,811087200
2009-09-10,AAPL,5.1656575202941895,6.1628570556640625,6.1875,6.1003570556640625,6.144999980926514,491134000
2009-09-11,AAPL,5.153681755065918,6.148571014404297,6.184999942779541,6.102499961853027,6.175356864929199,348961200
2009-09-14,AAPL,5.200383186340332,6.204286098480225,6.210713863372803,6.080357074737549,6.101070880889893,322011200
2009-09-15,AAPL,5.243488788604736,6.255713939666748,6.273213863372803,6.199643135070801,6.215713977813721,426470800
2009-09-16,AAPL,5.4443559646606445,6.495357036590576,6.526785850524902,6.3528571128845215,6.356785774230957,754023200
2009-09-17,AAPL,5.524582862854004,6.591071128845215,6.6710710525512695,6.498929023742676,6.49928617477417,810572000
2009-09-18,AAPL,5.5386528968811035,6.6078572273254395,6.662499904632568,6.598570823669434,6.636785984039307,601582800
2009-09-21,AAPL,5.508717060089111,6.572143077850342,6.612856864929199,6.486429214477539,6.581786155700684,437715600
2009-09-22,AAPL,5.522488117218018,6.588571071624756,6.62071418762207,6.5303568840026855,6.61392879486084,356753600
2009-09-23,AAPL,5.553022861480713,6.625,6.746428966522217,6.608213901519775,6.621428966522217,593563600
2009-09-24,AAPL,5.502730369567871,6.565000057220459,6.70357084274292,6.527500152587891,6.685713768005371,550880400
2009-09-25,AAPL,5.459324359893799,6.513214111328125,6.625,6.480000019073486,6.500357151031494,445239200
2009-09-28,AAPL,5.572480201721191,6.648213863372803,6.667142868041992,6.547500133514404,6.56678581237793,337444800
2009-09-29,AAPL,5.549429893493652,6.62071418762207,6.692856788635254,6.582499980926514,6.668929100036621,345385600
2009-09-30,AAPL,5.548530578613281,6.619643211364746,6.658928871154785,6.521786212921143,6.647500038146973,539585200
2009-10-01,AAPL,5.414122104644775,6.459286212921143,6.650713920593262,6.45357084274292,6.619643211364746,524711600
2009-10-02,AAPL,5.535059452056885,6.603570938110352,6.640714168548584,6.476786136627197,6.478929042816162,553308000
2009-10-05,AAPL,5.5685882568359375,6.643570899963379,6.6735711097717285,6.581070899963379,6.650000095367432,423133200
2009-10-06,AAPL,5.6880292892456055,6.786070823669434,6.786070823669434,6.689286231994629,6.704999923706055,605085600
2009-10-07,AAPL,5.695213794708252,6.794642925262451,6.805356979370117,6.751070976257324,6.7771430015563965,465668000
2009-10-08,AAPL,5.665876865386963,6.759643077850342,6.837500095367432,6.746070861816406,6.809286117553711,438211200
2009-10-09,AAPL,5.701800346374512,6.802499771118164,6.810713768005371,6.736429214477539,6.748929023742676,293272000
2009-10-12,AAPL,5.711978912353516,6.814642906188965,6.8396430015563965,6.772857189178467,6.822143077850342,288024800
2009-10-13,AAPL,5.68833065032959,6.786428928375244,6.827499866485596,6.775000095367432,6.80821418762207,348020400
2009-10-14,AAPL,5.726348876953125,6.831786155700684,6.868570804595947,6.793929100036621,6.8660712242126465,375510800
2009-10-15,AAPL,5.704493045806885,6.805714130401611,6.818571090698242,6.7689290046691895,6.772500038146973,373556400
2009-10-16,AAPL,5.6293559074401855,6.716071128845215,6.7985711097717285,6.708570957183838,6.762499809265137,431426800
2009-10-19,AAPL,5.683540344238281,6.78071403503418,6.785714149475098,6.626786231994629,6.708929061889648,942230800
2009-10-20,AAPL,5.94996452331543,7.098570823669434,7.205357074737549,7.066071033477783,7.164286136627197,1141039200
2009-10-21,AAPL,6.134368896484375,7.318571090698242,7.4539289474487305,7.115356922149658,7.12571382522583,1193726800
2009-10-22,AAPL,6.142749786376953,7.32857084274292,7.423213958740234,7.232500076293945,7.310713768005371,791392000
2009-10-23,AAPL,6.1050286293029785,7.283570766448975,7.349999904632568,7.258213996887207,7.346428871154785,420786800
2009-10-26,AAPL,6.061324119567871,7.231429100036621,7.3839287757873535,7.146429061889648,7.273929119110107,484338400
2009-10-27,AAPL,5.9083571434021,7.048929214477539,7.243214130401611,7.01607084274292,7.20214319229126,756551600
2009-10-28,AAPL,5.759575366973877,6.871428966522217,7.072143077850342,6.824999809265137,7.061070919036865,818386800
2009-10-29,AAPL,5.8778204917907715,7.012499809265137,7.028929233551025,6.862143039703369,6.964285850524902,570270400
2009-10-30,AAPL,5.642827987670898,6.732142925262451,7.028571128845215,6.7203569412231445,7.002142906188965,717525200
2009-11-02,AAPL,5.667074680328369,6.76107120513916,6.888570785522461,6.627500057220459,6.778571128845215,678983200
2009-11-03,AAPL,5.650310516357422,6.7410712242126465,6.768570899963379,6.639999866485596,6.708929061889648,522541600
2009-11-04,AAPL,5.711978912353516,6.814642906188965,6.923213958740234,6.793929100036621,6.81178617477417,487530400
2009-11-05,AAPL,5.8083696365356445,6.929643154144287,6.964285850524902,6.850714206695557,6.871428966522217,384801200
2009-11-06,AAPL,5.817648410797119,6.940713882446289,6.971070766448975,6.871428966522217,6.875357151031494,295097600
2009-11-09,AAPL,6.030790328979492,7.195000171661377,7.210713863372803,7.009285926818848,7.033570766448975,528855600
2009-11-10,AAPL,6.076292037963867,7.24928617477417,7.320713996887207,7.178928852081299,7.179286003112793,401195200
2009-11-11,AAPL,6.084375381469727,7.2589287757873535,7.3214287757873535,7.208213806152344,7.305714130401611,443870000
2009-11-12,AAPL,6.046655178070068,7.213929176330566,7.31678581237793,7.193929195404053,7.255000114440918,363731200
2009-11-13,AAPL,6.120298862457275,7.301785945892334,7.315357208251953,7.216785907745361,7.245357036590576,343240800
2009-11-16,AAPL,6.185555934906006,7.379642963409424,7.4285712242126465,7.321785926818848,7.338571071624756,485206400
2009-11-17,AAPL,6.1966328620910645,7.392857074737549,7.408570766448975,7.3214287757873535,7.360000133514404,396513600
2009-11-18,AAPL,6.165498733520508,7.355713844299316,7.392857074737549,7.285714149475098,7.376429080963135,374320800
2009-11-19,AAPL,6.002351760864258,7.161070823669434,7.307499885559082,7.135714054107666,7.307499885559082,542326400
2009-11-20,AAPL,5.984689712524414,7.139999866485596,7.15678596496582,7.062857151031494,7.112500190734863,406666400
2009-11-23,AAPL,6.163106441497803,7.3528571128845215,7.357142925262451,7.248213768005371,7.25,474896800
2009-11-24,AAPL,6.119998455047607,7.30142879486084,7.3528571128845215,7.246428966522217,7.333213806152344,318438400
2009-11-25,AAPL,6.112514019012451,7.292500019073486,7.3446431159973145,7.2771430015563965,7.335713863372803,286454000
2009-11-27,AAPL,6.00474739074707,7.163928985595703,7.248570919036865,7.0846428871154785,7.114999771118164,295257200
2009-11-30,AAPL,5.984391212463379,7.13964319229126,7.20285701751709,7.098928928375244,7.182499885559082,424858000
2009-12-01,AAPL,5.896381378173828,7.034643173217773,7.241786003112793,7.0296430587768555,7.2228569984436035,465763200
2009-12-02,AAPL,5.874229431152344,7.008213996887207,7.193571090698242,6.9910712242126465,7.105713844299316,715260000
2009-12-03,AAPL,5.881713390350342,7.0171427726745605,7.106429100036621,7.009643077850342,7.050714015960693,448719600
2009-12-04,AAPL,5.7871174812316895,6.904285907745361,7.138570785522461,6.795713901519775,7.132143020629883,826884800
2009-12-07,AAPL,5.656297206878662,6.748213768005371,6.9203572273254395,6.7385711669921875,6.904285907745361,714758800
2009-12-08,AAPL,5.683839797973633,6.781071186065674,6.869643211364746,6.739285945892334,6.762856960296631,690398800
2009-12-09,AAPL,5.921226501464844,7.064286231994629,7.07714319229126,6.796785831451416,6.8314290046691895,684782000
2009-12-10,AAPL,5.880215167999268,7.01535701751709,7.132143020629883,7.00428581237793,7.125,489669600
2009-12-11,AAPL,5.827528953552246,6.952499866485596,7.0714287757873535,6.908214092254639,7.063570976257324,429774800
2009-12-14,AAPL,5.896681308746338,7.034999847412109,7.0510711669921875,6.877142906188965,6.977499961853027,495790400
2009-12-15,AAPL,5.812560558319092,6.934642791748047,7.053928852081299,6.902500152587891,6.993928909301758,419459600
2009-12-16,AAPL,5.838305950164795,6.965356826782227,7.017857074737549,6.948214054107666,6.9678568840026855,352984800
2009-12-17,AAPL,5.743412017822266,6.852142810821533,6.964285850524902,6.8214287757873535,6.937857151031494,388838800
2009-12-18,AAPL,5.85028076171875,6.979642868041992,6.982142925262451,6.878571033477783,6.898929119110107,608770400
2009-12-21,AAPL,5.934098243713379,7.0796427726745605,7.1339287757873535,6.988214015960693,7.001786231994629,611906400
2009-12-22,AAPL,5.997862339019775,7.15571403503418,7.173213958740234,7.09499979019165,7.122857093811035,349515600
2009-12-23,AAPL,6.049949645996094,7.2178568840026855,7.2278571128845215,7.171785831451416,7.185713768005371,345525600
2009-12-24,AAPL,6.257701396942139,7.465713977813721,7.476786136627197,7.262499809265137,7.2696428298950195,500889200
2009-12-28,AAPL,6.334634780883789,7.557499885559082,7.64107084274292,7.4860711097717285,7.561429023742676,644565600
2009-12-29,AAPL,6.25949764251709,7.4678568840026855,7.597143173217773,7.4546427726745605,7.593928813934326,445205600
2009-12-30,AAPL,6.3355326652526855,7.558570861816406,7.5714287757873535,7.439642906188965,7.458213806152344,412084400
2009-12-31,AAPL,6.308291435241699,7.526071071624756,7.619643211364746,7.519999980926514,7.611785888671875,352410800
2010-01-04,AAPL,6.4064812660217285,7.643214225769043,7.660714149475098,7.585000038146973,7.622499942779541,493729600
2010-01-05,AAPL,6.417557716369629,7.656428813934326,7.699643135070801,7.6160712242126465,7.664286136627197,601904800
2010-01-06,AAPL,6.31547737121582,7.534643173217773,7.68678617477417,7.526785850524902,7.656428813934326,552160000
2010-01-07,AAPL,6.303802967071533,7.520713806152344,7.5714287757873535,7.466071128845215,7.5625,477131200
2010-01-08,AAPL,6.345711708068848,7.570713996887207,7.5714287757873535,7.466429233551025,7.510714054107666,447610800
2010-01-11,AAPL,6.28973388671875,7.503929138183594,7.607142925262451,7.444643020629883,7.599999904632568,462229600
2010-01-12,AAPL,6.218186378479004,7.4185709953308105,7.491786003112793,7.372142791748047,7.471070766448975,594459600
2010-01-13,AAPL,6.3058977127075195,7.523213863372803,7.533214092254639,7.289286136627197,7.423929214477539,605892000
2010-01-14,AAPL,6.269375324249268,7.479642868041992,7.5164289474487305,7.465000152587891,7.503929138183594,432894000
2010-01-15,AAPL,6.164602756500244,7.354642868041992,7.557143211364746,7.352499961853027,7.533214092254639,594067600
2010-01-19,AAPL,6.437314033508301,7.679999828338623,7.685357093811035,7.401429176330566,7.440357208251953,730007600
2010-01-20,AAPL,6.33822774887085,7.56178617477417,7.698214054107666,7.482142925262451,7.675356864929199,612152800
2010-01-21,AAPL,6.22866153717041,7.431070804595947,7.618214130401611,7.400356769561768,7.574285984039307,608154400
2010-01-22,AAPL,5.9197306632995605,7.0625,7.410714149475098,7.041429042816162,7.385000228881836,881767600
2010-01-25,AAPL,6.0789875984191895,7.252500057220459,7.310713768005371,7.1496429443359375,7.232500076293945,1065699600
2010-01-26,AAPL,6.164902210235596,7.355000019073486,7.632500171661377,7.235000133514404,7.3553571701049805,1867110000
2010-01-27,AAPL,6.222975254058838,7.424285888671875,7.520713806152344,7.126070976257324,7.387499809265137,1722568400
2010-01-28,AAPL,5.965831756591797,7.117499828338623,7.339285850524902,7.096428871154785,7.318929195404053,1173502400
2010-01-29,AAPL,5.749398708343506,6.859285831451416,7.221428871154785,6.794642925262451,7.181428909301758,1245952400
2010-02-01,AAPL,5.829324245452881,6.9546427726745605,7.0,6.8321428298950195,6.870357036590576,749876400
2010-02-02,AAPL,5.863152027130127,6.994999885559082,7.0114288330078125,6.906428813934326,6.996786117553711,698342400
2010-02-03,AAPL,5.964034080505371,7.115356922149658,7.150000095367432,6.943571090698242,6.9703569412231445,615328000
2010-02-04,AAPL,5.749099254608154,6.85892915725708,7.0846428871154785,6.841785907745361,7.026071071624756,757652000
2010-02-05,AAPL,5.85117769241333,6.980713844299316,7.0,6.816071033477783,6.879642963409424,850306800
2010-02-08,AAPL,5.811063289642334,6.932857036590576,7.067142963409424,6.9285712242126465,6.98892879486084,478270800
2010-02-09,AAPL,5.873032569885254,7.006785869598389,7.0535712242126465,6.955357074737549,7.014999866485596,632886800
2010-02-10,AAPL,5.841001033782959,6.968571186065674,7.021429061889648,6.937857151031494,6.996070861816406,370361600
2010-02-11,AAPL,5.94727087020874,7.0953569412231445,7.1339287757873535,6.930714130401611,6.960000038146973,550345600
2010-02-12,AAPL,5.998461723327637,7.156428813934326,7.2014288902282715,6.982142925262451,7.075356960296631,655468800
2010-02-16,AAPL,6.088865756988525,7.264286041259766,7.2746429443359375,7.197143077850342,7.2121429443359375,543737600
2010-02-17,AAPL,6.063422203063965,7.23392915725708,7.296785831451416,7.1735711097717285,7.292500019073486,436396800
2010-02-18,AAPL,6.074794292449951,7.247499942779541,7.28178596496582,7.175714015960693,7.201070785522461,422825200
2010-02-19,AAPL,6.037076950073242,7.202499866485596,7.257143020629883,7.182499885559082,7.209286212921143,415469600
2010-02-22,AAPL,5.999659061431885,7.1578569412231445,7.232142925262451,7.11392879486084,7.226428985595703,390563600
2010-02-23,AAPL,5.899075508117676,7.0378570556640625,7.190357208251953,6.989643096923828,7.142857074737549,575094800
2010-02-24,AAPL,6.006842136383057,7.166429042816162,7.194285869598389,7.065713882446289,7.0796427726745605,460566400
2010-02-25,AAPL,6.04695463180542,7.214285850524902,7.244999885559082,7.03178596496582,7.049285888671875,665126000
2010-02-26,AAPL,6.125387668609619,7.307857036590576,7.327499866485596,7.214285850524902,7.2278571128845215,507460800
2010-03-01,AAPL,6.256206512451172,7.463929176330566,7.482142925262451,7.337500095367432,7.348214149475098,550093600
2010-03-02,AAPL,6.252016544342041,7.458929061889648,7.5296430587768555,7.419285774230957,7.497499942779541,566546400
2010-03-03,AAPL,6.266383647918701,7.476070880889893,7.495357036590576,7.42642879486084,7.4621429443359375,372052800
2010-03-04,AAPL,6.307693004608154,7.525356769561768,7.5328569412231445,7.451070785522461,7.474286079406738,366041200
2010-03-05,AAPL,6.554360389709473,7.819643020629883,7.846428871154785,7.6653571128845215,7.67642879486084,899620400
2010-03-08,AAPL,6.558253288269043,7.824285984039307,7.86035680770874,7.794642925262451,7.857500076293945,429889600
2010-03-09,AAPL,6.6762003898620605,7.965000152587891,8.035714149475098,7.78178596496582,7.796785831451416,920259200
2010-03-10,AAPL,6.7306809425354,8.029999732971191,8.052857398986816,7.971428871154785,7.993928909301758,596218000
2010-03-11,AAPL,6.750436782836914,8.053570747375488,8.053570747375488,7.975714206695557,7.996786117553711,405700400
2010-03-12,AAPL,6.783368110656738,8.092857360839844,8.133213996887207,8.0625,8.120356559753418,416323600
2010-03-15,AAPL,6.700745582580566,7.994286060333252,8.053570747375488,7.8660712242126465,8.049285888671875,493502800
2010-03-16,AAPL,6.719005584716797,8.016071319580078,8.03499984741211,7.946785926818848,8.006428718566895,446908000
2010-03-17,AAPL,6.709127902984619,8.00428581237793,8.087499618530273,7.973928928375244,8.032142639160156,450956800
2010-03-18,AAPL,6.724992752075195,8.023214340209961,8.035714149475098,7.950356960296631,8.003570556640625,342109600
2010-03-19,AAPL,6.653148651123047,7.9375,8.044285774230957,7.901071071624756,8.028214454650879,559445600
2010-03-22,AAPL,6.727987289428711,8.026785850524902,8.071429252624512,7.862500190734863,7.873929023742676,456419600
2010-03-23,AAPL,6.836053848266602,8.15571403503418,8.170714378356934,8.003570556640625,8.058570861816406,602431200
2010-03-24,AAPL,6.866289138793945,8.19178581237793,8.221428871154785,8.125356674194336,8.130000114440918,597780400
2010-03-25,AAPL,6.7848639488220215,8.094642639160156,8.248929023742676,8.08035659790039,8.247142791748047,542284400
2010-03-26,AAPL,6.912089824676514,8.246429443359375,8.283928871154785,8.162500381469727,8.176786422729492,640875200
2010-03-29,AAPL,6.956694602966309,8.299642562866211,8.352499961853027,8.272143363952637,8.321429252624512,540744400
2010-03-30,AAPL,7.060267448425293,8.423213958740234,8.481429100036621,8.366070747375488,8.449999809265137,527310000
2010-03-31,AAPL,7.034823894500732,8.39285659790039,8.450357437133789,8.373571395874023,8.410357475280762,430659600
2010-04-01,AAPL,7.06386137008667,8.427499771118164,8.526070594787598,8.3125,8.478928565979004,603145200
2010-04-05,AAPL,7.139297962188721,8.517499923706055,8.518214225769043,8.384642601013184,8.392143249511719,684507600
2010-04-06,AAPL,7.17072868347168,8.555000305175781,8.579999923706055,8.464285850524902,8.507143020629883,447017200
2010-04-07,AAPL,7.202460765838623,8.592857360839844,8.640000343322754,8.523571014404297,8.555356979370117,628502000
2010-04-08,AAPL,7.18300724029541,8.569643020629883,8.626428604125977,8.501428604125977,8.587142944335938,572989200
2010-04-09,AAPL,7.23808479309082,8.635356903076172,8.63892936706543,8.587857246398926,8.6225004196167,334182800
2010-04-12,AAPL,7.253057479858398,8.653214454650879,8.681071281433105,8.63607120513916,8.649999618530273,333026400
2010-04-13,AAPL,7.257242202758789,8.65821361541748,8.671428680419922,8.61107063293457,8.637857437133789,306210800
2010-04-14,AAPL,7.354835510253906,8.774642944335938,8.778928756713867,8.71678638458252,8.760000228881836,404076400
2010-04-15,AAPL,7.4515252113342285,8.890000343322754,8.893928527832031,8.768214225769043,8.777856826782227,376784800
2010-04-16,AAPL,7.406026363372803,8.835714340209961,8.96928596496582,8.733928680419922,8.8774995803833,750545600
2010-04-19,AAPL,7.396145343780518,8.823928833007812,8.853214263916016,8.634642601013184,8.822500228881836,566924400
2010-04-20,AAPL,7.321906089782715,8.735357284545898,8.901785850524902,8.677143096923828,8.876428604125977,738326400
2010-04-21,AAPL,7.759862422943115,9.257857322692871,9.29464340209961,9.133213996887207,9.242856979370117,982391200
2010-04-22,AAPL,7.976892948150635,9.516785621643066,9.526785850524902,9.149999618530273,9.222857475280762,793424800
2010-04-23,AAPL,8.107409477233887,9.672499656677246,9.72071361541748,9.535714149475098,9.571070671081543,796955600
2010-04-26,AAPL,8.067593574523926,9.625,9.730713844299316,9.578213691711426,9.710000038146973,479068800
2010-04-27,AAPL,7.844281196594238,9.35857105255127,9.565713882446289,9.304286003112793,9.545356750488281,709343600
2010-04-28,AAPL,7.8311076164245605,9.342857360839844,9.428570747375488,9.157500267028809,9.401785850524902,758402400
2010-04-29,AAPL,8.041851997375488,9.59428596496582,9.64285659790039,9.357500076293945,9.393570899963379,558840800
2010-04-30,AAPL,7.815838813781738,9.3246431350708,9.663213729858398,9.321429252624512,9.618213653564453,542463600
2010-05-03,AAPL,7.973303318023682,9.512499809265137,9.567143440246582,9.388570785522461,9.422857284545898,454342000
2010-05-04,AAPL,7.743696689605713,9.238571166992188,9.403214454650879,9.16964340209961,9.38892936706543,723819600
2010-05-05,AAPL,7.663169860839844,9.142499923706055,9.21928596496582,8.883213996887207,9.036786079406738,883103200
2010-05-06,AAPL,7.371601581573486,8.79464340209961,9.223214149475098,7.1160712242126465,9.065357208251953,1285860800
2010-05-07,AAPL,7.060568332672119,8.42357063293457,8.806071281433105,8.043213844299316,8.70392894744873,1676018400
2010-05-10,AAPL,7.603296756744385,9.071070671081543,9.094642639160156,8.876070976257324,8.9375,984306400
2010-05-11,AAPL,7.679035663604736,9.161429405212402,9.28178596496582,8.946429252624512,8.994285583496094,848906800
2010-05-12,AAPL,7.84577751159668,9.360357284545898,9.397500038146973,9.239286422729492,9.258570671081543,654379600
2010-05-13,AAPL,7.734116554260254,9.227143287658691,9.464285850524902,9.157142639160156,9.400713920593262,599712400
2010-05-14,AAPL,7.598212242126465,9.0649995803833,9.15999984741211,8.910714149475098,9.1128568649292,759362800
2010-05-17,AAPL,7.610185623168945,9.079285621643066,9.149286270141602,8.846785545349121,9.096428871154785,762834800
2010-05-18,AAPL,7.554503917694092,9.012857437133789,9.233928680419922,8.937856674194336,9.177857398986816,782678400
2010-05-19,AAPL,7.4341630935668945,8.869285583496094,9.032856941223145,8.744643211364746,8.910714149475098,1025726800
2010-05-20,AAPL,7.117448806762695,8.491429328918457,8.708929061889648,8.436071395874023,8.638570785522461,1282915200
2010-05-21,AAPL,7.253950595855713,8.65428638458252,8.73214340209961,8.262499809265137,8.3149995803833,1223891200
2010-05-24,AAPL,7.386866092681885,8.812856674194336,8.960714340209961,8.795000076293945,8.831428527832031,754238800
2010-05-25,AAPL,7.340764999389648,8.757857322692871,8.812856674194336,8.470000267028809,8.548213958740234,1048006400
2010-05-26,AAPL,7.307538032531738,8.71821403503418,9.004643440246582,8.70535659790039,8.931428909301758,850654000
2010-05-27,AAPL,7.584140777587891,9.048213958740234,9.067500114440918,8.896785736083984,8.949999809265137,666282400
2010-05-28,AAPL,7.689812660217285,9.174285888671875,9.264286041259766,9.048213958740234,9.26392936706543,815614800
2010-06-01,AAPL,7.808055877685547,9.315357208251953,9.497857093811035,9.248571395874023,9.274642944335938,876472800
2010-06-02,AAPL,7.901459217071533,9.426786422729492,9.45714282989502,9.297499656677246,9.447856903076172,688548000
2010-06-03,AAPL,7.8766069412231445,9.397143363952637,9.483928680419922,9.3003568649292,9.47071361541748,650106800
2010-06-04,AAPL,7.662273406982422,9.14142894744873,9.353570938110352,9.093929290771484,9.221785545349121,758304400
2010-06-07,AAPL,7.511995792388916,8.962142944335938,9.255356788635254,8.948213577270508,9.224642753601074,886942000
2010-06-08,AAPL,7.463799476623535,8.904643058776855,9.064286231994629,8.773214340209961,9.044285774230957,1000770400
2010-06-09,AAPL,7.280296802520752,8.685713768005371,8.996429443359375,8.660357475280762,8.981071472167969,854630000
2010-06-10,AAPL,7.499124050140381,8.946785926818848,8.963570594787598,8.649999618530273,8.744285583496094,776356000
2010-06-11,AAPL,7.588931560516357,9.053929328918457,9.066429138183594,8.834643363952637,8.865357398986816,545759200
2010-06-14,AAPL,7.611978530883789,9.081428527832031,9.255356788635254,9.071785926818848,9.14142894744873,602960400
2010-06-15,AAPL,7.773929595947266,9.274642944335938,9.280357360839844,9.125,9.130000114440918,585074000
2010-06-16,AAPL,8.000245094299316,9.54464340209961,9.5625,9.30821418762207,9.324999809265137,783678000
2010-06-17,AAPL,8.138545036315918,9.709643363952637,9.746429443359375,9.625,9.664285659790039,872855200
2010-06-18,AAPL,8.204402923583984,9.788213729858398,9.821429252624512,9.693571090698242,9.723214149475098,784621600
2010-06-21,AAPL,8.087652206420898,9.64892864227295,9.964642524719238,9.59749984741211,9.917499542236328,776490400
2010-06-22,AAPL,8.197815895080566,9.780357360839844,9.856071472167969,9.696429252624512,9.720000267028809,717262000
2010-06-23,AAPL,8.11159896850586,9.677499771118164,9.809286117553711,9.567856788635254,9.806428909301758,768457200
2010-06-24,AAPL,8.052626609802246,9.60714340209961,9.757143020629883,9.574999809265137,9.678570747375488,714277200
2010-06-25,AAPL,7.9837799072265625,9.524999618530273,9.65250015258789,9.493213653564453,9.645000457763672,549942400
2010-06-28,AAPL,8.0316743850708,9.58214282989502,9.633929252624512,9.447142601013184,9.53321361541748,584948000
2010-06-29,AAPL,7.668557167053223,9.14892864227295,9.442500114440918,9.08214282989502,9.432856559753418,1133344800
2010-06-30,AAPL,7.52965784072876,8.983214378356934,9.213213920593262,8.928929328918457,9.168213844299316,739452000
2010-07-01,AAPL,7.438355445861816,8.874285697937012,9.100000381469727,8.686429023742676,9.08214282989502,1022896000
2010-07-02,AAPL,7.3922553062438965,8.819286346435547,8.961786270141602,8.685713768005371,8.946070671081543,693842800
2010-07-06,AAPL,7.442848205566406,8.879643440246582,9.028571128845215,8.791428565979004,8.964285850524902,615235600
2010-07-07,AAPL,7.74339485168457,9.238213539123535,9.241786003112793,8.91964340209961,8.946070671081543,654556000
2010-07-08,AAPL,7.7260355949401855,9.217499732971191,9.389286041259766,9.103214263916016,9.374285697937012,738144400
2010-07-09,AAPL,7.771836280822754,9.272143363952637,9.282142639160156,9.1128568649292,9.174642562866211,433322400
2010-07-12,AAPL,7.702084541320801,9.188928604125977,9.351785659790039,9.102143287658691,9.233214378356934,562878400
2010-07-13,AAPL,7.537744045257568,8.992856979370117,9.157142639160156,8.801071166992188,9.15428638458252,1190924000
2010-07-14,AAPL,7.565580368041992,9.026070594787598,9.135713577270508,8.89285659790039,8.906429290771484,812047600
2010-07-15,AAPL,7.527263164520264,8.98035717010498,9.177499771118164,8.83214282989502,8.865357398986816,824866000
2010-07-16,AAPL,7.480862617492676,8.925000190734863,9.106071472167969,8.871786117553711,9.042142868041992,1039858400
2010-07-19,AAPL,7.351543426513672,8.770713806152344,8.924285888671875,8.557143211364746,8.924285888671875,1024478000
2010-07-20,AAPL,7.540431499481201,8.996070861816406,9.032142639160156,8.571785926818848,8.675000190734863,1074950800
2010-07-21,AAPL,7.61078405380249,9.079999923706055,9.469642639160156,9.071429252624512,9.467499732971191,1185671200
2010-07-22,AAPL,7.753875255584717,9.250714302062988,9.285714149475098,9.118213653564453,9.20285701751709,645318800
2010-07-23,AAPL,7.781417369842529,9.283571243286133,9.299285888671875,9.152856826782227,9.181785583496094,533388800
2010-07-26,AAPL,7.761655330657959,9.260000228881836,9.289285659790039,9.20392894744873,9.285714149475098,420551600
2010-07-27,AAPL,7.9053497314453125,9.431428909301758,9.45714282989502,9.296428680419922,9.31678581237793,584771600
2010-07-28,AAPL,7.811948299407959,9.319999694824219,9.499643325805664,9.29464340209961,9.416786193847656,519985200
2010-07-29,AAPL,7.7266340255737305,9.21821403503418,9.380356788635254,9.146429061889648,9.311071395874023,643806800
2010-07-30,AAPL,7.700888156890869,9.1875,9.274999618530273,9.103570938110352,9.13892936706543,448210000
2010-08-02,AAPL,7.838592052459717,9.351785659790039,9.378213882446289,9.272143363952637,9.30142879486084,428055600
2010-08-03,AAPL,7.840988636016846,9.354642868041992,9.402142524719238,9.265000343322754,9.321785926818848,417653600
2010-08-04,AAPL,7.87241792678833,9.392143249511719,9.438570976257324,9.296786308288574,9.3871431350708,420375200
2010-08-05,AAPL,7.834099292755127,9.346428871154785,9.399286270141602,9.305356979370117,9.34749984741211,289097200
2010-08-06,AAPL,7.785909175872803,9.288928985595703,9.338929176330566,9.201070785522461,9.277856826782227,444897600
2010-08-09,AAPL,7.835596084594727,9.348214149475098,9.362500190734863,9.270357131958008,9.338570594787598,303128000
2010-08-10,AAPL,7.765549659729004,9.264642715454102,9.301786422729492,9.198213577270508,9.280357360839844,451920000
2010-08-11,AAPL,7.489543437957764,8.935357093811035,9.131786346435547,8.921786308288574,9.121429443359375,620054400
2010-08-12,AAPL,7.537440776824951,8.992500305175781,9.039285659790039,8.789999961853027,8.810357093811035,534920400
2010-08-13,AAPL,7.456914901733398,8.896429061889648,8.99571418762207,8.896071434020996,8.987500190734863,354869200
2010-08-16,AAPL,7.413207530975342,8.84428596496582,8.928929328918457,8.807856559753418,8.842143058776855,318430000
2010-08-17,AAPL,7.5428314208984375,8.998929023742676,9.093929290771484,8.899999618530273,8.931428909301758,422640400
2010-08-18,AAPL,7.57575798034668,9.038213729858398,9.095356941223145,8.984999656677246,9.012857437133789,339696000
2010-08-19,AAPL,7.480264186859131,8.924285888671875,9.052857398986816,8.881428718566895,9.029999732971191,426706000
2010-08-20,AAPL,7.473079681396484,8.915714263916016,9.068571090698242,8.89285659790039,8.90678596496582,384230000
2010-08-23,AAPL,7.35812520980835,8.778571128845215,9.0,8.758929252624512,8.992500305175781,414041600
2010-08-24,AAPL,7.182407855987549,8.568928718566895,8.678570747375488,8.523214340209961,8.666786193847656,602565600
2010-08-25,AAPL,7.2710137367248535,8.674642562866211,8.713929176330566,8.471428871154785,8.501428604125977,596867600
2010-08-26,AAPL,7.19288444519043,8.581428527832031,8.776785850524902,8.581428527832031,8.766071319580078,466505200
2010-08-27,AAPL,7.232997894287109,8.62928581237793,8.664643287658691,8.412857055664062,8.633929252624512,548391200
2010-08-30,AAPL,7.259340286254883,8.660714149475098,8.776785850524902,8.59571361541748,8.598570823669434,383289200
2010-08-31,AAPL,7.277303695678711,8.682143211364746,8.734286308288574,8.583929061889648,8.637499809265137,420786800
2010-09-01,AAPL,7.493733882904053,8.940357208251953,8.980713844299316,8.795714378356934,8.838213920593262,697037600
2010-09-02,AAPL,7.548817157745361,9.006071090698242,9.006071090698242,8.8774995803833,8.973570823669434,415427600
2010-09-03,AAPL,7.746390342712402,9.241786003112793,9.242142677307129,9.089285850524902,9.110357284545898,520788800
2010-09-07,AAPL,7.717653274536133,9.207500457763672,9.268928527832031,9.151785850524902,9.165714263916016,342557600
2010-09-08,AAPL,7.870621204376221,9.390000343322754,9.442500114440918,9.253570556640625,9.277856826782227,526551200
2010-09-09,AAPL,7.8751139640808105,9.395357131958008,9.518570899963379,9.390000343322754,9.465714454650879,438575200
2010-09-10,AAPL,7.885286808013916,9.407500267028809,9.446429252624512,9.335714340209961,9.399642944335938,387542400
2010-09-13,AAPL,7.993957042694092,9.537142753601074,9.581428527832031,9.491429328918457,9.493571281433105,388780000
2010-09-14,AAPL,8.024490356445312,9.57357120513916,9.613213539123535,9.482856750488281,9.507499694824219,408150400
2010-09-15,AAPL,8.089151382446289,9.650713920593262,9.656429290771484,9.565713882446289,9.577500343322754,429368800
2010-09-16,AAPL,8.279239654541016,9.8774995803833,9.881071090698242,9.625,9.651429176330566,652103200
2010-09-17,AAPL,8.243318557739258,9.834643363952637,9.927143096923828,9.774286270141602,9.917499542236328,634477200
2010-09-20,AAPL,8.478608131408691,10.115357398986816,10.135000228881836,9.851785659790039,9.859999656677246,658677600
2010-09-21,AAPL,8.49477767944336,10.134642601013184,10.262499809265137,10.099642753601074,10.137857437133789,668074400
2010-09-22,AAPL,8.613919258117676,10.276785850524902,10.28499984741211,10.086071014404297,10.096785545349121,585289600
2010-09-23,AAPL,8.648941040039062,10.318571090698242,10.455714225769043,10.214285850524902,10.22607135772705,786116800
2010-09-24,AAPL,8.750720977783203,10.4399995803833,10.483214378356934,10.376786231994629,10.432143211364746,649488000
2010-09-27,AAPL,8.715997695922852,10.398571014404297,10.526070594787598,10.393214225769043,10.499285697937012,482834800
2010-09-28,AAPL,8.58727741241455,10.244999885559082,10.420356750488281,9.821429252624512,10.420356750488281,1035042400
2010-09-29,AAPL,8.602543830871582,10.263214111328125,10.350357055664062,10.214285850524902,10.258213996887207,469644000
2010-09-30,AAPL,8.49417781829834,10.133929252624512,10.35714340209961,10.04464340209961,10.321429252624512,673391600
2010-10-01,AAPL,8.457359313964844,10.09000015258789,10.234999656677246,10.048213958740234,10.219642639160156,448142800
2010-10-04,AAPL,8.341204643249512,9.95142936706543,10.103570938110352,9.920356750488281,10.057143211364746,435302000
2010-10-05,AAPL,8.649541854858398,10.319286346435547,10.337499618530273,10.0649995803833,10.071429252624512,501967200
2010-10-06,AAPL,8.657022476196289,10.328213691711426,10.428214073181152,10.187856674194336,10.342499732971191,670868800
2010-10-07,AAPL,8.657922744750977,10.329285621643066,10.374285697937012,10.246786117553711,10.369285583496094,408399600
2010-10-08,AAPL,8.803112030029297,10.5024995803833,10.51785659790039,10.35714340209961,10.418213844299316,658403200
2010-10-11,AAPL,8.841730117797852,10.54857063293457,10.615714073181152,10.521429061889648,10.526429176330566,427753200
2010-10-12,AAPL,8.93692398071289,10.662142753601074,10.696429252624512,10.446070671081543,10.5503568649292,558544000
2010-10-13,AAPL,8.984820365905762,10.71928596496582,10.784285545349121,10.70714282989502,10.721428871154785,630092400
2010-10-14,AAPL,9.049776077270508,10.796786308288574,10.802499771118164,10.728570938110352,10.774642944335938,435296400
2010-10-15,AAPL,9.421873092651367,11.240714073181152,11.25,10.889642715454102,10.979999542236328,922194000
2010-10-18,AAPL,9.519466400146484,11.35714340209961,11.39285659790039,11.224642753601074,11.373929023742676,1093010800
2010-10-19,AAPL,9.264713287353516,11.053214073181152,11.206070899963379,10.71500015258789,10.835714340209961,1232784000
2010-10-20,AAPL,9.29584789276123,11.090356826782227,11.223214149475098,10.959643363952637,11.035714149475098,721624400
2010-10-21,AAPL,9.265613555908203,11.054286003112793,11.240714073181152,10.95714282989502,11.15571403503418,551460000
2010-10-22,AAPL,9.204245567321777,10.981071472167969,11.072856903076172,10.939286231994629,11.038213729858398,372778000
2010-10-25,AAPL,9.245254516601562,11.029999732971191,11.128570556640625,11.015713691711426,11.038928985595703,392462000
2010-10-26,AAPL,9.22160816192627,11.001786231994629,11.062143325805664,10.916070938110352,10.959643363952637,392929600
2010-10-27,AAPL,9.2150239944458,10.993928909301758,11.067856788635254,10.914285659790039,10.987500190734863,399002800
2010-10-28,AAPL,9.13748836517334,10.901429176330566,11.0,10.746429443359375,10.998213768005371,551051200
2010-10-29,AAPL,9.009963035583496,10.749285697937012,10.924285888671875,10.745356559753418,10.865357398986816,430511200
2010-11-01,AAPL,9.10576057434082,10.863571166992188,10.914285659790039,10.79285717010498,10.793571472167969,423889200
2010-11-02,AAPL,9.260824203491211,11.04857063293457,11.078213691711426,10.964285850524902,10.964285850524902,433930000
2010-11-03,AAPL,9.36380386352539,11.171428680419922,11.174285888671875,11.018928527832031,11.120356559753418,508348400
2010-11-04,AAPL,9.527548789978027,11.366786003112793,11.4350004196167,11.251070976257324,11.266071319580078,642488000
2010-11-05,AAPL,9.49342155456543,11.326070785522461,11.413213729858398,11.3125,11.356785774230957,361253200
2010-11-08,AAPL,9.538023948669434,11.37928581237793,11.420356750488281,11.312856674194336,11.328571319580078,281758400
2010-11-09,AAPL,9.461992263793945,11.28857135772705,11.475000381469727,11.23214340209961,11.466071128845215,383544000
2010-11-10,AAPL,9.520366668701172,11.358214378356934,11.384642601013184,11.198213577270508,11.308570861816406,384227200
2010-11-11,AAPL,9.479053497314453,11.308929443359375,11.371429443359375,11.223214149475098,11.25,361284000
2010-11-12,AAPL,9.22100830078125,11.001070976257324,11.303570747375488,10.843929290771484,11.285714149475098,795846800
2010-11-15,AAPL,9.191377639770508,10.965714454650879,11.090714454650879,10.938214302062988,11.01642894744873,403606000
2010-11-16,AAPL,9.02822494506836,10.771071434020996,10.985713958740234,10.6899995803833,10.918571472167969,657650000
2010-11-17,AAPL,8.995596885681152,10.73214340209961,10.856785774230957,10.634285926818848,10.757143020629883,479449600
2010-11-18,AAPL,9.23298454284668,11.01535701751709,11.059642791748047,10.881786346435547,10.899999618530273,494491200
2010-11-19,AAPL,9.182092666625977,10.954643249511719,11.014286041259766,10.901429176330566,10.998929023742676,384843200
2010-11-22,AAPL,9.380565643310547,11.191429138183594,11.191429138183594,10.923929214477539,10.95285701751709,393075200
2010-11-23,AAPL,9.241966247558594,11.026070594787598,11.133929252624512,10.94857120513916,11.087499618530273,519447600
2010-11-24,AAPL,9.423670768737793,11.242856979370117,11.264286041259766,11.133929252624512,11.14285659790039,413725200
2010-11-26,AAPL,9.429657936096191,11.25,11.346428871154785,11.17642879486084,11.204999923706055,237585600
2010-11-29,AAPL,9.485638618469238,11.31678581237793,11.338570594787598,11.12071418762207,11.26785659790039,445785200
2010-11-30,AAPL,9.314406394958496,11.112500190734863,11.227143287658691,11.102499961853027,11.197856903076172,501858000
2010-12-01,AAPL,9.471567153930664,11.300000190734863,11.348214149475098,11.25,11.259642601013184,461750800
2010-12-02,AAPL,9.523958206176758,11.362500190734863,11.39285659790039,11.246070861816406,11.340356826782227,462837200
2010-12-03,AAPL,9.502700805664062,11.337142944335938,11.380356788635254,11.297857284545898,11.321785926818848,342092800
2010-12-06,AAPL,9.583828926086426,11.433929443359375,11.511786460876465,11.372142791748047,11.380000114440918,448481600
2010-12-07,AAPL,9.525752067565918,11.364643096923828,11.571070671081543,11.361429214477539,11.564286231994629,391454000
2010-12-08,AAPL,9.609569549560547,11.464642524719238,11.46500015258789,11.325357437133789,11.415356636047363,321935600
2010-12-09,AAPL,9.572148323059082,11.420000076293945,11.51785659790039,11.393570899963379,11.504643440246582,294151200
2010-12-10,AAPL,9.596102714538574,11.44857120513916,11.466071128845215,11.378570556640625,11.416070938110352,262511200
2010-12-13,AAPL,9.629327774047852,11.488213539123535,11.609286308288574,11.464285850524902,11.584643363952637,439815600
2010-12-14,AAPL,9.588018417358398,11.438928604125977,11.519286155700684,11.39285659790039,11.490357398986816,351008000
2010-12-15,AAPL,9.59011173248291,11.441429138183594,11.535714149475098,11.399642944335938,11.428570747375488,417312000
2010-12-16,AAPL,9.616756439208984,11.473214149475098,11.521785736083984,11.432143211364746,11.467499732971191,322030800
2010-12-17,AAPL,9.597594261169434,11.450357437133789,11.492500305175781,11.436785697937012,11.486785888671875,386929200
2010-12-20,AAPL,9.64549446105957,11.507499694824219,11.54464340209961,11.365357398986816,11.485713958740234,385610400
2010-12-21,AAPL,9.705063819885254,11.578571319580078,11.585356712341309,11.501786231994629,11.535714149475098,256354000
2010-12-22,AAPL,9.733804702758789,11.6128568649292,11.632857322692871,11.555356979370117,11.584285736083984,265921600
2010-12-23,AAPL,9.687102317810059,11.557143211364746,11.612500190734863,11.541786193847656,11.60714340209961,223157200
2010-12-27,AAPL,9.719435691833496,11.59571361541748,11.622857093811035,11.482856750488281,11.530357360839844,249816000
2010-12-28,AAPL,9.743083953857422,11.623929023742676,11.666428565979004,11.609286308288574,11.639642715454102,175924000
2010-12-29,AAPL,9.73769760131836,11.617500305175781,11.658928871154785,11.610713958740234,11.650713920593262,163139200
2010-12-30,AAPL,9.68890380859375,11.559286117553711,11.625356674194336,11.537500381469727,11.624285697937012,157494400
2010-12-31,AAPL,9.655973434448242,11.520000457763672,11.552857398986816,11.475357055664062,11.533928871154785,193508000
2011-01-03,AAPL,9.865816116333008,11.770357131958008,11.795000076293945,11.601428985595703,11.630000114440918,445138400
2011-01-04,AAPL,9.917304992675781,11.831786155700684,11.875,11.719642639160156,11.872857093811035,309080800
2011-01-05,AAPL,9.998431205749512,11.928570747375488,11.940713882446289,11.76785659790039,11.76964282989502,255519600
2011-01-06,AAPL,9.990348815917969,11.918929100036621,11.973214149475098,11.889286041259766,11.954285621643066,300428800
2011-01-07,AAPL,10.061899185180664,12.00428581237793,12.012499809265137,11.853570938110352,11.928214073181152,311931200
2011-01-10,AAPL,10.251388549804688,12.23035717010498,12.258213996887207,12.041786193847656,12.10107135772705,448560000
2011-01-11,AAPL,10.227143287658691,12.20142936706543,12.319999694824219,12.123929023742676,12.317143440246582,444108000
2011-01-12,AAPL,10.3103609085083,12.300713539123535,12.301071166992188,12.214285850524902,12.258929252624512,302590400
2011-01-13,AAPL,10.348078727722168,12.34571361541748,12.380000114440918,12.280357360839844,12.327142715454102,296780400
2011-01-14,AAPL,10.431899070739746,12.445713996887207,12.445713996887207,12.30142879486084,12.353214263916016,308840000
2011-01-18,AAPL,10.197504043579102,12.166070938110352,12.312856674194336,11.64285659790039,11.768570899963379,1880998000
2011-01-19,AAPL,10.143320083618164,12.101428985595703,12.449999809265137,12.031429290771484,12.441070556640625,1135612800
2011-01-20,AAPL,9.9589204788208,11.881428718566895,12.08214282989502,11.789999961853027,12.01535701751709,764789200
2011-01-21,AAPL,9.780501365661621,11.668571472167969,11.960000038146973,11.665356636047363,11.920356750488281,754401200
2011-01-24,AAPL,10.101707458496094,12.051786422729492,12.051786422729492,11.668571472167969,11.673929214477539,574683200
2011-01-25,AAPL,10.219956398010254,12.192856788635254,12.194286346435547,11.948928833007812,12.011786460876465,546868000
2011-01-26,AAPL,10.29329776763916,12.280357360839844,12.342857360839844,12.196429252624512,12.248571395874023,506875600
2011-01-27,AAPL,10.27413272857666,12.257499694824219,12.310357093811035,12.243928909301758,12.277856826782227,285026000
2011-01-28,AAPL,10.061294555664062,12.003570556640625,12.300000190734863,11.911786079406738,12.291786193847656,592057200
2011-01-31,AAPL,10.157690048217773,12.118571281433105,12.144286155700684,11.939286231994629,11.992856979370117,377246800
2011-02-01,AAPL,10.328621864318848,12.322500228881836,12.344642639160156,12.177857398986816,12.189286231994629,426633200
2011-02-02,AAPL,10.307364463806152,12.29714298248291,12.33035659790039,12.26964282989502,12.301786422729492,258955200
2011-02-03,AAPL,10.281020164489746,12.265713691711426,12.294285774230957,12.091071128845215,12.278571128845215,393797600
2011-02-04,AAPL,10.372625350952148,12.375,12.382143020629883,12.268214225769043,12.272856712341309,321840400
2011-02-07,AAPL,10.53368091583252,12.567143440246582,12.616070747375488,12.415714263916016,12.424642562866211,485021600
2011-02-08,AAPL,10.633062362670898,12.685713768005371,12.697142601013184,12.576786041259766,12.631428718566895,381040800
2011-02-09,AAPL,10.721672058105469,12.791428565979004,12.821429252624512,12.673929214477539,12.685357093811035,482745200
2011-02-10,AAPL,10.613306045532227,12.662142753601074,12.85714340209961,12.428570747375488,12.76392936706543,928550000
2011-02-11,AAPL,10.68245792388916,12.744643211364746,12.778571128845215,12.626428604125977,12.66964340209961,367572800
2011-02-14,AAPL,10.752202987670898,12.82785701751709,12.838570594787598,12.739643096923828,12.742500305175781,310416400
2011-02-15,AAPL,10.773756980895996,12.853570938110352,12.856071472167969,12.76964282989502,12.828213691711426,284174800
2011-02-16,AAPL,10.870454788208008,12.968929290771484,13.032142639160156,12.875,12.885713577270508,481157600
2011-02-17,AAPL,10.725860595703125,12.796428680419922,12.866786003112793,12.732856750488281,12.758929252624512,530583200
2011-02-18,AAPL,10.494162559509277,12.520000457763672,12.839285850524902,12.482856750488281,12.811071395874023,816057200
2011-02-22,AAPL,10.136435508728027,12.09321403503418,12.335714340209961,12.061429023742676,12.219642639160156,872555600
2011-02-23,AAPL,10.256474494934082,12.236429214477539,12.308570861816406,12.09321403503418,12.098929405212402,671854400
2011-02-24,AAPL,10.26425838470459,12.24571418762207,12.326786041259766,12.084643363952637,12.286429405212402,499900800
2011-02-25,AAPL,10.422318458557129,12.434286117553711,12.443928718566895,12.314286231994629,12.330714225769043,380018800
2011-02-28,AAPL,10.573490142822266,12.614643096923828,12.680356979370117,12.539999961853027,12.544285774230957,403074000
2011-03-01,AAPL,10.456746101379395,12.475357055664062,12.704285621643066,12.417142868041992,12.695357322692871,456136800
2011-03-02,AAPL,10.540863037109375,12.575714111328125,12.655357360839844,12.442856788635254,12.498571395874023,602590800
2011-03-03,AAPL,10.763585090637207,12.841428756713867,12.849642753601074,12.71142864227295,12.756786346435547,500788400
2011-03-04,AAPL,10.776753425598145,12.85714340209961,12.867500305175781,12.776785850524902,12.85964298248291,453266800
2011-03-07,AAPL,10.637852668762207,12.691429138183594,12.916786193847656,12.546786308288574,12.907142639160156,546123200
2011-03-08,AAPL,10.649828910827637,12.705714225769043,12.764286041259766,12.58035659790039,12.6753568649292,356316800
2011-03-09,AAPL,10.551340103149414,12.588213920593262,12.670000076293945,12.521429061889648,12.667499542236328,453306000
2011-03-10,AAPL,10.377714157104492,12.381071090698242,12.491786003112793,12.317856788635254,12.468570709228516,507539200
2011-03-11,AAPL,10.536972999572754,12.571070671081543,12.582857131958008,12.321429252624512,12.333213806152344,471080400
2011-03-14,AAPL,10.583969116210938,12.627142906188965,12.731429100036621,12.546786308288574,12.613571166992188,435957200
2011-03-15,AAPL,10.340592384338379,12.336786270141602,12.422857284545898,12.146429061889648,12.217857360839844,721081200
2011-03-16,AAPL,9.87899112701416,11.786070823669434,12.25,11.652142524719238,12.214285850524902,1162011200
2011-03-17,AAPL,10.017592430114746,11.95142936706543,12.128929138183594,11.809286117553711,12.029643058776855,659422400
2011-03-18,AAPL,9.898747444152832,11.809642791748047,12.078571319580078,11.785714149475098,12.040356636047363,753214000
2011-03-21,AAPL,10.157090187072754,12.117856979370117,12.133570671081543,11.973570823669434,11.999643325805664,409402000
2011-03-22,AAPL,10.213967323303223,12.185713768005371,12.236429214477539,12.112142562866211,12.234286308288574,325922800
2011-03-23,AAPL,10.153793334960938,12.11392879486084,12.150713920593262,11.998213768005371,12.117142677307129,372996400
2011-03-24,AAPL,10.326818466186523,12.320357322692871,12.35714340209961,12.102143287658691,12.208929061889648,404712000
2011-03-25,AAPL,10.5235013961792,12.555000305175781,12.57357120513916,12.393570899963379,12.431071281433105,448910000
2011-03-28,AAPL,10.490567207336426,12.515713691711426,12.65428638458252,12.515713691711426,12.612500190734863,309355200
2011-03-29,AAPL,10.506136894226074,12.534285545349121,12.534285545349121,12.359286308288574,12.416428565979004,352900800
2011-03-30,AAPL,10.436386108398438,12.451070785522461,12.531429290771484,12.408571243286133,12.522856712341309,329406000
2011-03-31,AAPL,10.432793617248535,12.446785926818848,12.492856979370117,12.359286308288574,12.369999885559082,274019200
2011-04-01,AAPL,10.314550399780273,12.305713653564453,12.556785583496094,12.260713577270508,12.539643287658691,418661600
2011-04-04,AAPL,10.213666915893555,12.185357093811035,12.307143211364746,12.085714340209961,12.296786308288574,460084800
2011-04-05,AAPL,10.144816398620605,12.103214263916016,12.223214149475098,12.0,12.035357475280762,482731200
2011-04-06,AAPL,10.119370460510254,12.072856903076172,12.282142639160156,12.040714263916016,12.186429023742676,402539200
2011-04-07,AAPL,10.120570182800293,12.074286460876465,12.15821361541748,12.001070976257324,12.074999809265137,373447200
2011-04-08,AAPL,10.030167579650879,11.966428756713867,12.148214340209961,11.926786422729492,12.140000343322754,377535200
2011-04-11,AAPL,9.902640342712402,11.814286231994629,11.988213539123535,11.786429405212402,11.930713653564453,398946800
2011-04-12,AAPL,9.950536727905273,11.871429443359375,11.918929100036621,11.79285717010498,11.803214073181152,425639200
2011-04-13,AAPL,10.0621919631958,12.004643440246582,12.005000114440918,11.875714302062988,11.96500015258789,346220000
2011-04-14,AAPL,9.951135635375977,11.872142791748047,12.0,11.859286308288574,11.95714282989502,301800800
2011-04-15,AAPL,9.802654266357422,11.694999694824219,11.915714263916016,11.671428680419922,11.903571128845215,453605600
2011-04-18,AAPL,9.934072494506836,11.851785659790039,11.865357398986816,11.434286117553711,11.646429061889648,609898800
2011-04-19,AAPL,10.113981246948242,12.066429138183594,12.070713996887207,11.846785545349121,11.896429061889648,419378400
2011-04-20,AAPL,10.250189781188965,12.228928565979004,12.348214149475098,12.196429252624512,12.268214225769043,700666400
2011-04-21,AAPL,10.4983549118042,12.524999618530273,12.68321418762207,12.447142601013184,12.678570747375488,753810400
2011-04-25,AAPL,10.567501068115234,12.607500076293945,12.633929252624512,12.510713577270508,12.5121431350708,266546000
2011-04-26,AAPL,10.489972114562988,12.515000343322754,12.678214073181152,12.476785659790039,12.62928581237793,338800000
2011-04-27,AAPL,10.481889724731445,12.505356788635254,12.583929061889648,12.396429061889648,12.579999923706055,356213200
2011-04-28,AAPL,10.380108833312988,12.383929252624512,12.491070747375488,12.34000015258789,12.36392879486084,360959200
2011-04-29,AAPL,10.481291770935059,12.504643440246582,12.641071319580078,12.381071090698242,12.385000228881836,1006345200
2011-05-02,AAPL,10.36603832244873,12.367142677307129,12.516785621643066,12.339285850524902,12.490714073181152,442713600
2011-05-03,AAPL,10.423513412475586,12.435713768005371,12.496070861816406,12.343570709228516,12.428214073181152,313348000
2011-05-04,AAPL,10.464526176452637,12.48464298248291,12.565357208251953,12.388570785522461,12.437856674194336,389250400
2011-05-05,AAPL,10.380108833312988,12.383929252624512,12.533928871154785,12.358928680419922,12.442856788635254,335969200
2011-05-06,AAPL,10.377418518066406,12.380714416503906,12.5,12.364643096923828,12.48892879486084,280134400
2011-05-09,AAPL,10.405555725097656,12.414285659790039,12.471428871154785,12.376070976257324,12.42357063293457,204747200
2011-05-10,AAPL,10.460933685302734,12.48035717010498,12.48892879486084,12.380714416503906,12.460356712341309,282091600
2011-05-11,AAPL,10.394476890563965,12.401070594787598,12.5,12.329999923706055,12.46500015258789,336000000
2011-05-12,AAPL,10.374720573425293,12.3774995803833,12.397143363952637,12.223929405212402,12.361429214477539,322000000
2011-05-13,AAPL,10.193009376525879,12.160714149475098,12.366070747375488,12.155357360839844,12.345000267028809,326116000
2011-05-16,AAPL,9.977479934692383,11.903571128845215,12.186429023742676,11.878570556640625,12.114286422729492,449775200
2011-05-17,AAPL,10.062498092651367,12.005000114440918,12.005000114440918,11.811785697937012,11.85714340209961,452334400
2011-05-18,AAPL,10.174151420593262,12.138214111328125,12.180356979370117,12.0,12.016785621643066,334776400
2011-05-19,AAPL,10.193909645080566,12.161786079406738,12.228928565979004,12.095356941223145,12.217143058776855,261170000
2011-05-20,AAPL,10.034955978393555,11.972143173217773,12.176786422729492,11.96500015258789,12.127142906188965,337968400
2011-05-23,AAPL,10.010406494140625,11.942856788635254,11.999285697937012,11.765000343322754,11.784643173217773,383600000
2011-05-24,AAPL,9.944249153137207,11.86392879486084,11.996429443359375,11.833571434020996,11.98214340209961,321927200
2011-05-25,AAPL,10.081652641296387,12.027856826782227,12.091428756713867,11.887499809265137,11.90821361541748,294224000
2011-05-26,AAPL,10.02836799621582,11.964285850524902,12.03178596496582,11.943928718566895,11.998929023742676,222560800
2011-05-27,AAPL,10.100513458251953,12.0503568649292,12.05821418762207,11.939642906188965,11.95714282989502,203599200
2011-05-31,AAPL,10.412440299987793,12.422499656677246,12.422499656677246,12.178570747375488,12.182143211364746,417754400
2011-06-01,AAPL,10.342989921569824,12.339642524719238,12.576070785522461,12.308929443359375,12.459643363952637,554682800
2011-06-02,AAPL,10.36065673828125,12.360713958740234,12.427857398986816,12.296428680419922,12.375,338783200
2011-06-03,AAPL,10.281020164489746,12.265713691711426,12.333213806152344,12.214642524719238,12.256428718566895,313250000
2011-06-06,AAPL,10.119370460510254,12.072856903076172,12.39464282989502,12.064642906188965,12.346428871154785,461941200
2011-06-07,AAPL,9.939756393432617,11.85857105255127,12.079285621643066,11.853570938110352,12.077500343322754,529785200
2011-06-08,AAPL,9.945746421813965,11.865714073181152,11.95714282989502,11.808929443359375,11.849286079406738,333723600
2011-06-09,AAPL,9.923295021057129,11.838929176330566,11.916786193847656,11.8125,11.901785850524902,275088800
2011-06-10,AAPL,9.755955696105957,11.639286041259766,11.845000267028809,11.625356674194336,11.805356979370117,433955200
2011-06-13,AAPL,9.776906967163086,11.664285659790039,11.725357055664062,11.60964298248291,11.685713768005371,329473200
2011-06-14,AAPL,9.951729774475098,11.872857093811035,11.901785850524902,11.76107120513916,11.785714149475098,334569200
2011-06-15,AAPL,9.781403541564941,11.66964340209961,11.796428680419922,11.602856636047363,11.776785850524902,399196000
2011-06-16,AAPL,9.733804702758789,11.6128568649292,11.738571166992188,11.368928909301758,11.675000190734863,510591200
2011-06-17,AAPL,9.587118148803711,11.437856674194336,11.758929252624512,11.40571403503418,11.749643325805664,615020000
2011-06-20,AAPL,9.439238548278809,11.261428833007812,11.346428871154785,11.089285850524902,11.334285736083984,640645600
2011-06-21,AAPL,9.737991333007812,11.617856979370117,11.635713577270508,11.257143020629883,11.3100004196167,493382400
2011-06-22,AAPL,9.657468795776367,11.521785736083984,11.746429443359375,11.513570785522461,11.6128568649292,390583200
2011-06-23,AAPL,9.915512084960938,11.829643249511719,11.846071243286133,11.361429214477539,11.390713691711426,559759200
2011-06-24,AAPL,9.769425392150879,11.655357360839844,11.898214340209961,11.610357284545898,11.834643363952637,439807200
2011-06-27,AAPL,9.939756393432617,11.85857105255127,11.925000190734863,11.6875,11.6996431350708,339813600
2011-06-28,AAPL,10.036153793334961,11.973570823669434,12.024999618530273,11.908571243286133,11.916070938110352,294299600
2011-06-29,AAPL,9.99963092803955,11.930000305175781,12.013214111328125,11.852856636047363,12.001428604125977,352545200
2011-06-30,AAPL,10.048426628112793,11.988213539123535,12.004643440246582,11.8871431350708,11.953571319580078,322954800
2011-07-01,AAPL,10.275636672973633,12.259285926818848,12.26785659790039,11.935713768005371,11.998213768005371,435313200
2011-07-05,AAPL,10.460333824157715,12.479642868041992,12.493928909301758,12.23214340209961,12.25,355054000
2011-07-06,AAPL,10.530084609985352,12.562856674194336,12.646429061889648,12.382499694824219,12.462499618530273,444626000
2011-07-07,AAPL,10.6929349899292,12.757143020629883,12.785714149475098,12.64285659790039,12.666786193847656,399663600
2011-07-08,AAPL,10.768071174621582,12.846785545349121,12.85714340209961,12.578571319580078,12.619285583496094,489633200
2011-07-11,AAPL,10.597142219543457,12.64285659790039,12.848929405212402,12.600713729858398,12.726428985595703,442674400
2011-07-12,AAPL,10.5896577835083,12.633929252624512,12.774286270141602,12.450714111328125,12.626070976257324,451609200
2011-07-13,AAPL,10.717479705810547,12.786429405212402,12.85714340209961,12.727856636047363,12.797499656677246,391638800
2011-07-14,AAPL,10.709996223449707,12.77750015258789,12.914643287658691,12.726428985595703,12.893214225769043,430533600
2011-07-15,AAPL,10.924036979675293,13.032856941223145,13.035714149475098,12.827500343322754,12.89892864227295,484467200
2011-07-18,AAPL,11.189862251281738,13.350000381469727,13.380356788635254,13.045714378356934,13.051071166992188,572653200
2011-07-19,AAPL,11.281167030334473,13.458929061889648,13.523214340209961,13.332857131958008,13.5,819145600
2011-07-20,AAPL,11.582015991210938,13.817856788635254,14.15250015258789,13.785714149475098,14.147143363952637,941340400
2011-07-21,AAPL,11.5936918258667,13.831786155700684,13.930713653564453,13.710714340209961,13.819643020629883,526534400
2011-07-22,AAPL,11.773604393005371,14.046428680419922,14.108928680419922,13.848214149475098,13.868571281433105,516728800
2011-07-25,AAPL,11.929268836975098,14.23214340209961,14.285714149475098,13.914999961853027,13.941070556640625,589806000
2011-07-26,AAPL,12.076251029968262,14.407500267028809,14.446429252624512,14.274286270141602,14.285714149475098,476582400
2011-07-27,AAPL,11.752351760864258,14.021071434020996,14.380000114440918,14.005356788635254,14.306785583496094,659324400
2011-07-28,AAPL,11.729299545288086,13.993571281433105,14.178214073181152,13.861785888671875,13.986429214477539,594034000
2011-07-29,AAPL,11.689186096191406,13.945713996887207,14.112500190734863,13.714285850524902,13.84428596496582,632584400
2011-08-01,AAPL,11.876882553100586,14.16964340209961,14.26785659790039,14.013214111328125,14.206428527832031,612836000
2011-08-02,AAPL,11.64218807220459,13.889642715454102,14.210714340209961,13.869643211364746,14.201786041259766,639539600
2011-08-03,AAPL,11.751749992370605,14.020357131958008,14.055356979370117,13.651429176330566,13.963570594787598,732508000
2011-08-04,AAPL,11.296732902526855,13.477499961853027,13.975713729858398,13.476785659790039,13.907500267028809,871407600
2011-08-05,AAPL,11.184470176696777,13.343570709228516,13.696429252624512,12.948928833007812,13.587142944335938,1204590800
2011-08-08,AAPL,10.573490142822266,12.614643096923828,13.134642601013184,12.607856750488281,12.917499542236328,1143833600
2011-08-09,AAPL,11.196151733398438,13.357500076293945,13.378929138183594,12.678570747375488,12.903571128845215,1082583600
2011-08-10,AAPL,10.887216567993164,12.98892879486084,13.380356788635254,12.946429252624512,13.255356788635254,878656800
2011-08-11,AAPL,11.186868667602539,13.346428871154785,13.408928871154785,13.025713920593262,13.232856750488281,741969200
2011-08-12,AAPL,11.285355567932129,13.463929176330566,13.558570861816406,13.365357398986816,13.5024995803833,528976000
2011-08-15,AAPL,11.4775390625,13.693214416503906,13.748929023742676,13.503213882446289,13.55821418762207,460544000
2011-08-16,AAPL,11.389830589294434,13.588570594787598,13.69178581237793,13.430713653564453,13.625714302062988,498750000
2011-08-17,AAPL,11.38863468170166,13.587142944335938,13.732856750488281,13.5,13.653928756713867,442061200
2011-08-18,AAPL,10.957864761352539,13.073213577270508,13.308929443359375,12.906070709228516,13.244285583496094,851435200
2011-08-19,AAPL,10.657910346984863,12.715356826782227,13.10714340209961,12.714285850524902,12.934642791748047,775888400
2011-08-22,AAPL,10.670180320739746,12.729999542236328,13.031429290771484,12.681785583496094,13.018214225769043,535315200
2011-08-23,AAPL,11.183873176574707,13.342857360839844,13.34428596496582,12.75,12.867856979370117,656835200
2011-08-24,AAPL,11.261107444763184,13.4350004196167,13.534285545349121,13.235713958740234,13.338213920593262,626267600
2011-08-25,AAPL,11.187469482421875,13.347143173217773,13.408928871154785,13.035714149475098,13.03857135772705,871346000
2011-08-26,AAPL,11.482627868652344,13.699286460876465,13.70714282989502,13.242856979370117,13.256071090698242,641477200
2011-08-29,AAPL,11.673918724060059,13.927499771118164,13.98214340209961,13.85714340209961,13.863571166992188,405269200
2011-08-30,AAPL,11.674513816833496,13.928214073181152,13.994285583496094,13.793213844299316,13.866070747375488,417922400
2011-08-31,AAPL,11.520052909851074,13.743928909301758,14.002857208251953,13.637857437133789,13.948928833007812,522586400
2011-09-01,AAPL,11.406293869018555,13.608214378356934,13.833571434020996,13.597143173217773,13.77928638458252,343725200
2011-09-02,AAPL,11.197347640991211,13.358928680419922,13.5,13.279643058776855,13.383570671081543,438939200
2011-09-06,AAPL,11.367680549621582,13.562143325805664,13.583213806152344,13.088570594787598,13.120356559753418,509698000
2011-09-07,AAPL,11.493110656738281,13.711786270141602,13.771429061889648,13.64285659790039,13.770000457763672,350576800
2011-09-08,AAPL,11.499396324157715,13.71928596496582,13.878929138183594,13.653928756713867,13.657142639160156,416158400
2011-09-09,AAPL,11.300024032592773,13.481429100036621,13.785714149475098,13.393570899963379,13.711786270141602,564813200
2011-09-12,AAPL,11.373665809631348,13.569286346435547,13.602856636047363,13.282142639160156,13.321429252624512,467832400
2011-09-13,AAPL,11.513764381408691,13.736429214477539,13.793213844299316,13.58035659790039,13.647856712341309,440560400
2011-09-14,AAPL,11.653862953186035,13.903571128845215,14.007499694824219,13.777142524719238,13.822142601013184,534724400
2011-09-15,AAPL,11.763426780700684,14.034285545349121,14.059286117553711,13.925000190734863,13.979642868041992,417818800
2011-09-16,AAPL,11.989137649536133,14.303570747375488,14.303570747375488,14.108214378356934,14.126428604125977,698513200
2011-09-19,AAPL,12.322319984436035,14.701070785522461,14.758213996887207,14.114286422729492,14.178570747375488,823860800
2011-09-20,AAPL,12.376801490783691,14.766071319580078,15.102143287658691,14.685357093811035,14.83035659790039,775754000
2011-09-21,AAPL,12.337587356567383,14.71928596496582,15.056785583496094,14.714285850524902,14.987142562866211,605976000
2011-09-22,AAPL,12.028655052185059,14.350713729858398,14.636428833007812,14.16785717010498,14.322500228881836,968480800
2011-09-23,AAPL,12.102892875671387,14.439286231994629,14.526429176330566,14.280357360839844,14.295714378356934,546277200
2011-09-26,AAPL,12.069067001342773,14.39892864227295,14.427857398986816,13.975000381469727,14.28071403503418,812876400
2011-09-27,AAPL,11.952016830444336,14.259285926818848,14.616070747375488,14.216428756713867,14.59749984741211,632497600
2011-09-28,AAPL,11.884664535522461,14.178929328918457,14.419285774230957,14.161070823669434,14.292499542236328,429637600
2011-09-29,AAPL,11.691880226135254,13.948928833007812,14.364643096923828,13.793213844299316,14.354286193847656,651086800
2011-09-30,AAPL,11.414976119995117,13.618571281433105,13.88892936706543,13.613571166992188,13.825714111328125,547640800
2011-10-03,AAPL,11.213812828063965,13.378570556640625,13.665714263916016,13.327500343322754,13.584643363952637,669099200
2011-10-04,AAPL,11.150945663452148,13.303570747375488,13.635713577270508,12.651429176330566,13.3774995803833,1233677200
2011-10-05,AAPL,11.323074340820312,13.508929252624512,13.5649995803833,12.867856979370117,13.137857437133789,786469600
2011-10-06,AAPL,11.296732902526855,13.477499961853027,13.742142677307129,13.278571128845215,13.333213806152344,812582400
2011-10-07,AAPL,11.070119857788086,13.20714282989502,13.490714073181152,13.160357475280762,13.420714378356934,535458000
2011-10-10,AAPL,11.639191627502441,13.88607120513916,13.88607120513916,13.507499694824219,13.538928985595703,442514800
2011-10-11,AAPL,11.982853889465332,14.29607105255127,14.399286270141602,13.98214340209961,14.020357131958008,605687600
2011-10-12,AAPL,12.039729118347168,14.36392879486084,14.616070747375488,14.290714263916016,14.547857284545898,622286000
2011-10-13,AAPL,12.226527214050293,14.586786270141602,14.586786270141602,14.387499809265137,14.463570594787598,426185200
2011-10-14,AAPL,12.6327486038208,15.071429252624512,15.071429252624512,14.831070899963379,14.886786460876465,573367200
2011-10-17,AAPL,12.57258129119873,14.999643325805664,15.239286422729492,14.854999542236328,15.062143325805664,686044800
2011-10-18,AAPL,12.639933586120605,15.079999923706055,15.171786308288574,14.856785774230957,15.062856674194336,881602400
2011-10-19,AAPL,11.932857513427734,14.236429214477539,14.58642864227295,14.20714282989502,14.333929061889648,1104059600
2011-10-20,AAPL,11.833773612976074,14.118213653564453,14.298213958740234,14.07892894744873,14.285714149475098,549270400
2011-10-21,AAPL,11.760727882385254,14.031070709228516,14.255000114440918,13.95535659790039,14.217857360839844,621244400
2011-10-24,AAPL,12.146900177001953,14.491786003112793,14.51785659790039,14.121429443359375,14.149286270141602,502138000
2011-10-25,AAPL,11.907416343688965,14.206070899963379,14.51964282989502,14.192143440246582,14.465356826782227,430427200
2011-10-26,AAPL,11.992133140563965,14.307143211364746,14.376786231994629,14.041070938110352,14.348570823669434,456304800
2011-10-27,AAPL,12.114568710327148,14.453213691711426,14.60714340209961,14.353214263916016,14.555713653564453,494664800
2011-10-28,AAPL,12.122352600097656,14.462499618530273,14.512499809265137,14.375356674194336,14.39285659790039,322842800
2011-10-31,AAPL,12.117259979248047,14.456428527832031,14.618928909301758,14.323213577270508,14.372142791748047,385501200
2011-11-01,AAPL,11.869697570800781,14.161070823669434,14.26785659790039,14.043571472167969,14.193214416503906,531790000
2011-11-02,AAPL,11.896639823913574,14.193214416503906,14.30142879486084,14.11107063293457,14.288928985595703,327350800
2011-11-03,AAPL,12.066073417663574,14.395357131958008,14.407142639160156,14.119999885559082,14.2524995803833,441386400
2011-11-04,AAPL,11.981356620788574,14.294285774230957,14.408571243286133,14.255714416503906,14.358214378356934,302229200
2011-11-07,AAPL,11.96609115600586,14.276070594787598,14.285714149475098,14.147500038146973,14.282500267028809,270275600
2011-11-08,AAPL,12.160667419433594,14.508213996887207,14.571429252624512,14.341428756713867,14.364643096923828,400442000
2011-11-09,AAPL,11.832874298095703,14.117142677307129,14.317500114440918,14.079643249511719,14.177499771118164,558684000
2011-11-10,AAPL,11.53172492980957,13.757857322692871,14.186071395874023,13.648214340209961,14.179642677307129,744752400
2011-11-11,AAPL,11.513764381408691,13.736429214477539,13.882143020629883,13.580714225769043,13.807499885559082,653786000
2011-11-14,AAPL,11.35330867767334,13.545000076293945,13.758929252624512,13.507143020629883,13.697142601013184,432905200
2011-11-15,AAPL,11.639790534973145,13.886786460876465,13.910714149475098,13.551786422729492,13.600000381469727,430810800
2011-11-16,AAPL,11.518255233764648,13.741786003112793,13.96928596496582,13.725713729858398,13.901785850524902,349210400
2011-11-17,AAPL,11.29792594909668,13.478928565979004,13.734999656677246,13.410714149475098,13.713570594787598,479900400
2011-11-18,AAPL,11.223990440368652,13.390713691711426,13.571070671081543,13.388570785522461,13.532856941223145,371938000
2011-11-21,AAPL,11.046470642089844,13.178929328918457,13.274286270141602,13.068214416503906,13.228570938110352,447980400
2011-11-22,AAPL,11.270986557006836,13.446785926818848,13.4975004196167,13.247857093811035,13.250714302062988,409021200
2011-11-23,AAPL,10.986000061035156,13.106785774230957,13.422857284545898,13.102856636047363,13.375356674194336,428271200
2011-11-25,AAPL,10.883626937866211,12.98464298248291,13.255356788635254,12.975713729858398,13.157856941223145,254760800
2011-11-28,AAPL,11.259312629699707,13.432856559753418,13.454285621643066,13.22607135772705,13.298213958740234,346413200
2011-11-29,AAPL,11.171902656555176,13.328571319580078,13.529643058776855,13.221428871154785,13.422857284545898,375855200
2011-11-30,AAPL,11.44132137298584,13.649999618530273,13.652856826782227,13.510713577270508,13.617500305175781,405938400
2011-12-01,AAPL,11.6128511428833,13.854642868041992,13.89285659790039,13.598214149475098,13.662142753601074,387181200
2011-12-02,AAPL,11.665834426879883,13.91785717010498,14.05821418762207,13.877857208251953,13.922499656677246,379055600
2011-12-05,AAPL,11.76491928100586,14.036070823669434,14.157500267028809,13.942500114440918,14.053214073181152,357210000
2011-12-06,AAPL,11.703252792358398,13.962499618530273,14.093929290771484,13.906429290771484,14.018214225769043,283598000
2011-12-07,AAPL,11.647578239440918,13.896071434020996,13.962142944335938,13.812856674194336,13.926071166992188,304746400
2011-12-08,AAPL,11.694572448730469,13.952142715454102,14.125,13.936785697937012,13.98035717010498,376356400
2011-12-09,AAPL,11.783182144165039,14.057856559753418,14.072856903076172,13.965356826782227,14.030357360839844,296993200
2011-12-12,AAPL,11.729897499084473,13.994285583496094,14.067856788635254,13.908928871154785,13.988571166992188,301067200
2011-12-13,AAPL,11.639191627502441,13.88607120513916,14.121429443359375,13.824999809265137,14.035714149475098,338928800
2011-12-14,AAPL,11.381150245666504,13.578213691711426,13.835000038146973,13.488571166992188,13.810713768005371,406887600
2011-12-15,AAPL,11.343730926513672,13.533571243286133,13.704999923706055,13.51107120513916,13.690357208251953,256200000
2011-12-16,AAPL,11.405997276306152,13.607856750488281,13.719642639160156,13.556071281433105,13.584285736083984,421478400
2011-12-19,AAPL,11.441617965698242,13.650357246398926,13.744643211364746,13.588570594787598,13.659643173217773,235530400
2011-12-20,AAPL,11.852932929992676,14.141071319580078,14.146429061889648,13.830714225769043,13.848570823669434,337215200
2011-12-21,AAPL,11.867898941040039,14.158928871154785,14.189286231994629,14.000356674194336,14.167499542236328,262948000
2011-12-22,AAPL,11.930763244628906,14.233928680419922,14.254643440246582,14.146429061889648,14.178570747375488,202358800
2011-12-23,AAPL,12.07385540008545,14.404643058776855,14.413928985595703,14.267499923706055,14.274642944335938,269399200
2011-12-27,AAPL,12.169650077819824,14.518928527832031,14.610357284545898,14.393570899963379,14.396429061889648,265076000
2011-12-28,AAPL,12.053201675415039,14.380000114440918,14.58035659790039,14.333571434020996,14.53178596496582,228662000
2011-12-29,AAPL,12.127442359924316,14.468570709228516,14.487500190734863,14.303929328918457,14.407142639160156,215978000
2011-12-30,AAPL,12.123848915100098,14.464285850524902,14.510000228881836,14.410357475280762,14.411070823669434,179662000
2012-01-03,AAPL,12.310347557067871,14.686785697937012,14.73214340209961,14.60714340209961,14.621429443359375,302220800
2012-01-04,AAPL,12.37650203704834,14.765713691711426,14.8100004196167,14.617142677307129,14.64285659790039,260022000
2012-01-05,AAPL,12.513903617858887,14.929642677307129,14.948213577270508,14.738213539123535,14.819643020629883,271269600
2012-01-06,AAPL,12.644721984863281,15.085714340209961,15.098214149475098,14.972143173217773,14.991786003112793,318292800
2012-01-09,AAPL,12.624669075012207,15.061785697937012,15.276785850524902,15.048213958740234,15.196429252624512,394024400
2012-01-10,AAPL,12.669868469238281,15.115714073181152,15.214285850524902,15.053570747375488,15.211071014404297,258196400
2012-01-11,AAPL,12.649214744567871,15.091071128845215,15.101785659790039,14.975357055664062,15.09571361541748,215084800
2012-01-12,AAPL,12.61448860168457,15.049642562866211,15.103570938110352,14.95535659790039,15.081428527832031,212587200
2012-01-13,AAPL,12.567192077636719,14.993213653564453,15.016071319580078,14.952142715454102,14.989286422729492,226021600
2012-01-17,AAPL,12.713573455810547,15.16785717010498,15.213929176330566,15.105713844299316,15.149999618530273,242897200
2012-01-18,AAPL,12.84559154510498,15.325357437133789,15.338213920593262,15.225000381469727,15.248571395874023,276791200
2012-01-19,AAPL,12.804879188537598,15.276785850524902,15.406070709228516,15.232500076293945,15.362500190734863,261738400
2012-01-20,AAPL,12.581857681274414,15.010713577270508,15.26785659790039,14.991070747375488,15.267499923706055,413974400
2012-01-23,AAPL,12.794699668884277,15.264642715454102,15.301786422729492,15.08214282989502,15.095356941223145,306062400
2012-01-24,AAPL,12.585150718688965,15.014642715454102,15.182143211364746,14.983928680419922,15.182143211364746,547638000
2012-01-25,AAPL,13.370956420898438,15.952142715454102,16.230356216430664,15.84749984741211,16.229999542236328,958314000
2012-01-26,AAPL,13.310190200805664,15.879643440246582,16.028213500976562,15.82642936706543,16.01285743713379,323985200
2012-01-27,AAPL,13.389517784118652,15.974286079406738,16.01714324951172,15.848929405212402,15.869285583496094,299709200
2012-01-30,AAPL,13.561046600341797,16.17892837524414,16.21071434020996,15.90678596496582,15.918213844299316,379341200
2012-01-31,AAPL,13.664924621582031,16.3028564453125,16.365713119506836,16.18107032775879,16.27107048034668,391683600
2012-02-01,AAPL,13.656237602233887,16.292499542236328,16.392499923706055,16.269643783569336,16.37178611755371,270046000
2012-02-02,AAPL,13.624211311340332,16.25428581237793,16.327499389648438,16.213571548461914,16.282142639160156,186796400
2012-02-03,AAPL,13.760719299316406,16.417142868041992,16.428571701049805,16.270000457763672,16.332143783569336,286599600
2012-02-06,AAPL,13.889137268066406,16.570356369018555,16.606428146362305,16.364286422729492,16.37071418762207,249412800
2012-02-07,AAPL,14.034626960754395,16.743928909301758,16.77678680419922,16.59214210510254,16.616071701049805,316223600
2012-02-08,AAPL,14.26961898803711,17.0242862701416,17.028213500976562,16.774999618530273,16.803571701049805,407890000
2012-02-09,AAPL,14.763256072998047,17.61321449279785,17.741071701049805,17.162857055664062,17.170000076293945,884214800
2012-02-10,AAPL,14.770731925964355,17.622142791748047,17.77214241027832,17.448213577270508,17.534286499023438,631302000
2012-02-13,AAPL,15.045544624328613,17.950000762939453,17.993928909301758,17.75321388244629,17.840356826782227,517216000
2012-02-14,AAPL,15.250906944274902,18.19499969482422,18.198570251464844,17.928571701049805,18.023571014404297,460398400
2012-02-15,AAPL,14.897965431213379,17.773929595947266,18.796070098876953,17.746070861816406,18.36642837524414,1506120000
2012-02-16,AAPL,15.033866882324219,17.936071395874023,18.03178596496582,17.379642486572266,17.553571701049805,944552000
2012-02-17,AAPL,15.03117561340332,17.932857513427734,18.1346435546875,17.867856979370117,17.96821403503418,535805200
2012-02-21,AAPL,15.412254333496094,18.387500762939453,18.387500762939453,18.00428581237793,18.10285758972168,605595200
2012-02-22,AAPL,15.35806941986084,18.322856903076172,18.410356521606445,18.18107032775879,18.32428550720215,483302400
2012-02-23,AAPL,15.45835018157959,18.4424991607666,18.493928909301758,18.196428298950195,18.395713806152344,568027600
2012-02-24,AAPL,15.63856029510498,18.657499313354492,18.674999237060547,18.522857666015625,18.559642791748047,415072000
2012-02-27,AAPL,15.738848686218262,18.777143478393555,18.875,18.43857192993164,18.618213653564453,547582000
2012-02-28,AAPL,16.027734756469727,19.12178611755371,19.12178611755371,18.780357360839844,18.855714797973633,600387200
2012-02-29,AAPL,16.238174438476562,19.37285614013672,19.5575008392334,19.132143020629883,19.341428756713867,952011200
2012-03-01,AAPL,16.2989444732666,19.445356369018555,19.578929901123047,19.241785049438477,19.577499389648438,683270000
2012-03-02,AAPL,16.320192337036133,19.470714569091797,19.5285701751709,19.375713348388672,19.437143325805664,431712400
2012-03-05,AAPL,15.960370063781738,19.04142951965332,19.5528564453125,18.78571319580078,19.479286193847656,809124400
2012-03-06,AAPL,15.873560905456543,18.937856674194336,19.06035614013672,18.43642807006836,18.7021427154541,810238800
2012-03-07,AAPL,15.886434555053711,18.953214645385742,19.20642852783203,18.689285278320312,19.171428680419922,798520800
2012-03-08,AAPL,16.224700927734375,19.356786727905273,19.392499923706055,19.00428581237793,19.096071243286133,516457200
2012-03-09,AAPL,16.319894790649414,19.47035789489746,19.562143325805664,19.396785736083984,19.436071395874023,418919200
2012-03-12,AAPL,16.524356842041016,19.71428680419922,19.71428680419922,19.53571319580078,19.606428146362305,407282400
2012-03-13,AAPL,17.00631332397461,20.28928565979004,20.292142868041992,19.84821319580078,19.91214370727539,690855200
2012-03-14,AAPL,17.649328231811523,21.056428909301758,21.239999771118164,20.549999237060547,20.644643783569336,1418844000
2012-03-15,AAPL,17.52898406982422,20.912857055664062,21.42892837524414,20.662500381469727,21.414642333984375,1159718000
2012-03-16,AAPL,17.52928924560547,20.9132137298584,21.042856216430664,20.64285659790039,20.882856369018555,825487600
2012-03-19,AAPL,17.99418830871582,21.467857360839844,21.491785049438477,21.037500381469727,21.370357513427734,901236000
2012-03-20,AAPL,18.139673233032227,21.641429901123047,21.674999237060547,21.124286651611328,21.41107177734375,816662000
2012-03-21,AAPL,18.036096572875977,21.51785659790039,21.77321434020996,21.47892951965332,21.52642822265625,644042000
2012-03-22,AAPL,17.941503524780273,21.405000686645508,21.58928680419922,21.26892852783203,21.349285125732422,623870800
2012-03-23,AAPL,17.843015670776367,21.287500381469727,21.492856979370117,21.22857093811035,21.44607162475586,430488800
2012-03-26,AAPL,18.170202255249023,21.6778564453125,21.683929443359375,21.259286880493164,21.421070098876953,595742000
2012-03-27,AAPL,18.394716262817383,21.945714950561523,22.010000228881836,21.645000457763672,21.6492862701416,607129600
2012-03-28,AAPL,18.488723754882812,22.057857513427734,22.194643020629883,21.796785354614258,22.084999084472656,655460400
2012-03-29,AAPL,18.256412506103516,21.78071403503418,22.020000457763672,21.686786651611328,21.885000228881836,608238400
2012-03-30,AAPL,17.94778823852539,21.412500381469727,21.805713653564453,21.354999542236328,21.741785049438477,731038000
2012-04-02,AAPL,18.518957138061523,22.093929290771484,22.098928451538086,21.442142486572266,21.493928909301758,598351600
2012-04-03,AAPL,18.838956832885742,22.4757137298584,22.578929901123047,22.232500076293945,22.4035701751709,834559600
2012-04-04,AAPL,18.688982009887695,22.296785354614258,22.352142333984375,22.03571319580078,22.298213958740234,572980800
2012-04-05,AAPL,18.969482421875,22.63142967224121,22.66642951965332,22.264286041259766,22.39214324951172,641298000
2012-04-09,AAPL,19.045812606811523,22.72249984741211,22.851428985595703,22.332143783569336,22.361785888671875,597536800
2012-04-10,AAPL,18.812618255615234,22.444286346435547,23.0,22.35714340209961,22.854642868041992,889725200
2012-04-11,AAPL,18.745563507080078,22.364286422729492,22.745357513427734,22.262142181396484,22.7214298248291,696614800
2012-04-12,AAPL,18.642887115478516,22.241785049438477,22.547500610351562,22.16071319580078,22.321428298950195,614336800
2012-04-13,AAPL,18.11782455444336,21.6153564453125,22.310714721679688,21.55392837524414,22.289642333984375,859644800
2012-04-16,AAPL,17.366443634033203,20.718929290771484,21.795713424682617,20.65178680419922,21.787857055664062,1050786800
2012-04-17,AAPL,18.25163459777832,21.774999618530273,21.78571319580078,20.425357818603516,20.676429748535156,1025528000
2012-04-18,AAPL,18.210914611816406,21.726428985595703,22.15178680419922,21.52535629272461,21.91857147216797,954531200
2012-04-19,AAPL,17.585264205932617,20.979999542236328,21.59749984741211,20.875713348388672,21.43642807006836,834719200
2012-04-20,AAPL,17.152406692504883,20.463571548461914,21.23642921447754,20.372142791748047,21.12071418762207,1030985200
2012-04-23,AAPL,17.114078521728516,20.417856216430664,20.59535789489746,19.87928581237793,20.378929138183594,966529200
2012-04-24,AAPL,16.772216796875,20.010000228881836,20.274642944335938,19.821428298950195,20.09321403503418,1076149200
2012-04-25,AAPL,18.260604858398438,21.78571319580078,22.071428298950195,21.64285659790039,21.98714256286621,905777600
2012-04-26,AAPL,18.19176483154297,21.703571319580078,21.953214645385742,21.504642486572266,21.938213348388672,536068400
2012-04-27,AAPL,18.051055908203125,21.53571319580078,21.6492862701416,21.446428298950195,21.609643936157227,406722400
2012-04-30,AAPL,17.481685638427734,20.856428146362305,21.371429443359375,20.821428298950195,21.350000381469727,506144800
2012-05-01,AAPL,17.426311492919922,20.79035758972168,21.312856674194336,20.758214950561523,20.889286041259766,610999200
2012-05-02,AAPL,17.541553497314453,20.9278564453125,20.97857093811035,20.67357063293457,20.722856521606445,427389200
2012-05-03,AAPL,17.417037963867188,20.779285430908203,21.121429443359375,20.725000381469727,21.08928680419922,390549600
2012-05-04,AAPL,16.921005249023438,20.1875,20.65571403503418,20.184642791748047,20.610000610351562,529992400
2012-05-07,AAPL,17.047626495361328,20.338571548461914,20.456071853637695,20.043928146362305,20.053571701049805,460118400
2012-05-08,AAPL,17.008718490600586,20.292142868041992,20.41071319580078,19.95464324951172,20.34214210510254,497252000
2012-05-09,AAPL,17.038650512695312,20.327856063842773,20.499286651611328,20.030357360839844,20.132143020629883,480704000
2012-05-10,AAPL,17.078758239746094,20.375713348388672,20.567142486572266,20.301429748535156,20.520713806152344,333200000
2012-05-11,AAPL,16.964706420898438,20.239643096923828,20.516786575317383,20.155357360839844,20.178571701049805,399546000
2012-05-14,AAPL,16.710552215576172,19.93642807006836,20.268213272094727,19.91428565979004,20.091785430908203,352626400
2012-05-15,AAPL,16.559371948242188,19.756071090698242,20.114999771118164,19.70535659790039,20.051786422729492,476336000
2012-05-16,AAPL,16.347145080566406,19.502857208251953,19.88892936706543,19.322856903076172,19.787500381469727,560896000
2012-05-17,AAPL,15.869368553161621,18.932857513427734,19.553571701049805,18.932857513427734,19.475357055664062,717220000
2012-05-18,AAPL,15.877153396606445,18.942142486572266,19.407499313354492,18.6492862701416,19.06999969482422,732292400
2012-05-21,AAPL,16.802156448364258,20.045713424682617,20.05500030517578,19.073213577270508,19.08928680419922,631106000
2012-05-22,AAPL,16.673137664794922,19.891786575317383,20.49571418762207,19.735000610351562,20.3410701751709,694870400
2012-05-23,AAPL,17.079954147338867,20.37714385986328,20.457143783569336,19.758214950561523,19.91071319580078,584897600
2012-05-24,AAPL,16.923097610473633,20.190000534057617,20.58928680419922,20.043928146362305,20.56678581237793,496230000
2012-05-25,AAPL,16.8323917388916,20.081785202026367,20.20892906188965,19.945356369018555,20.163928985595703,328507200
2012-05-29,AAPL,17.131145477294922,20.438213348388672,20.5,20.18964385986328,20.389286041259766,380508800
2012-05-30,AAPL,17.337709426879883,20.684642791748047,20.71392822265625,20.234285354614258,20.328571319580078,529429600
2012-05-31,AAPL,17.29459571838379,20.633214950561523,20.76785659790039,20.409286499023438,20.740713119506836,491674400
2012-06-01,AAPL,16.793472290039062,20.035356521606445,20.451786041259766,20.018571853637695,20.3271427154541,520987600
2012-06-04,AAPL,16.892255783081055,20.153213500976562,20.26785659790039,19.58928680419922,20.053571701049805,556995600
2012-06-05,AAPL,16.848554611206055,20.101070404052734,20.23107147216797,19.940357208251953,20.04535675048828,388214400
2012-06-06,AAPL,17.106895446777344,20.409286499023438,20.49464225769043,20.196428298950195,20.27750015258789,401455600
2012-06-07,AAPL,17.11467933654785,20.41857147216797,20.61857032775879,20.375,20.61750030517578,379766800
2012-06-08,AAPL,17.372127532958984,20.7257137298584,20.735000610351562,20.321428298950195,20.41428565979004,347516400
2012-06-11,AAPL,17.098220825195312,20.398929595947266,21.01785659790039,20.379642486572266,20.989999771118164,591264800
2012-06-12,AAPL,17.247594833374023,20.5771427154541,20.593570709228516,20.239286422729492,20.516429901123047,435380400
2012-06-13,AAPL,17.12786102294922,20.43428611755371,20.65999984741211,20.37071418762207,20.518571853637695,293580000
2012-06-14,AAPL,17.108991622924805,20.411785125732422,20.48214340209961,20.259286880493164,20.40142822265625,345573200
2012-06-15,AAPL,17.186824798583984,20.504642486572266,20.52214241027832,20.3410701751709,20.39285659790039,335255200
2012-06-18,AAPL,17.535572052001953,20.920713424682617,20.996070861816406,20.370357513427734,20.391429901123047,440412000
2012-06-19,AAPL,17.584369659423828,20.97892951965332,21.071428298950195,20.825000762939453,20.83571434020996,361404400
2012-06-20,AAPL,17.534378051757812,20.919286727905273,21.04464340209961,20.742856979370117,21.00749969482422,358943200
2012-06-21,AAPL,17.292802810668945,20.631071090698242,21.007856369018555,20.62285614013672,20.908571243286133,326351200
2012-06-22,AAPL,17.4254150390625,20.78928565979004,20.792499542236328,20.55071449279785,20.68000030517578,284471600
2012-06-25,AAPL,17.086238861083984,20.3846435546875,20.707143783569336,20.370357513427734,20.617856979370117,304382400
2012-06-26,AAPL,17.123964309692383,20.429643630981445,20.517499923706055,20.26178550720215,20.40464210510254,276536400
2012-06-27,AAPL,17.197898864746094,20.51785659790039,20.597856521606445,20.42571449279785,20.53571319580078,202997200
2012-06-28,AAPL,17.03475570678711,20.323213577270508,20.5,20.20035743713379,20.416786193847656,282836400
2012-06-29,AAPL,17.48229217529297,20.85714340209961,20.85714340209961,20.508928298950195,20.64285659790039,421500800
2012-07-02,AAPL,17.737340927124023,21.161428451538086,21.195356369018555,20.842857360839844,20.883214950561523,400092000
2012-07-03,AAPL,17.943592071533203,21.407499313354492,21.428571701049805,21.21428680419922,21.24571418762207,241712800
2012-07-05,AAPL,18.25881004333496,21.783571243286133,21.94071388244629,21.41607093811035,21.448570251464844,484383200
2012-07-06,AAPL,18.137287139892578,21.63857078552246,21.729999542236328,21.485000610351562,21.681785583496094,418930400
2012-07-09,AAPL,18.377063751220703,21.92464256286621,21.924999237060547,21.57535743713379,21.617856979370117,379405600
2012-07-10,AAPL,18.207029342651367,21.721786499023438,22.138214111328125,21.618213653564453,22.070356369018555,511957600
2012-07-11,AAPL,18.09386444091797,21.5867862701416,21.7021427154541,21.329286575317383,21.64714241027832,469322000
2012-07-12,AAPL,17.928327560424805,21.389286041259766,21.552499771118164,21.167142868041992,21.437143325805664,428041600
2012-07-13,AAPL,18.110042572021484,21.60607147216797,21.68535614013672,21.428571701049805,21.5339298248291,311427200
2012-07-16,AAPL,18.16810417175293,21.675357818603516,21.843570709228516,21.60785675048828,21.61142921447754,301260400
2012-07-17,AAPL,18.169010162353516,21.676429748535156,21.83928680419922,21.54107093811035,21.813928604125977,293624800
2012-07-18,AAPL,18.14865493774414,21.652143478393555,21.726428985595703,21.555713653564453,21.663928985595703,252700000
2012-07-19,AAPL,18.389930725097656,21.940000534057617,21.97678565979004,21.64285659790039,21.83142852783203,436861600
2012-07-20,AAPL,18.089975357055664,21.582143783569336,21.944286346435547,21.560714721679688,21.89392852783203,397471200
2012-07-23,AAPL,18.075902938842773,21.565357208251953,21.639286041259766,20.989643096923828,21.22857093811035,487975600
2012-07-24,AAPL,17.988800048828125,21.461429595947266,21.7742862701416,21.375356674194336,21.692142486572266,565132400
2012-07-25,AAPL,17.211965560913086,20.534643173217773,20.742856979370117,20.35714340209961,20.516429901123047,877312800
2012-07-26,AAPL,17.20927619934082,20.531429290771484,20.72857093811035,20.3700008392334,20.705713272094727,406632800
2012-07-27,AAPL,17.517019271850586,20.898571014404297,20.922500610351562,20.413928985595703,20.53607177734375,403936400
2012-07-30,AAPL,17.812477111816406,21.25107192993164,21.408571243286133,20.99357032775879,21.104286193847656,379142400
2012-07-31,AAPL,18.283353805541992,21.812856674194336,21.8464298248291,21.525714874267578,21.543928146362305,462327600
2012-08-01,AAPL,18.16511344909668,21.671785354614258,22.014286041259766,21.53571319580078,21.99678611755371,384501600
2012-08-02,AAPL,18.194456100463867,21.706785202026367,21.81035614013672,21.4375,21.530000686645508,332158400
2012-08-03,AAPL,18.431241989135742,21.989286422729492,22.070714950561523,21.841428756713867,21.91535758972168,344920800
2012-08-06,AAPL,18.636301040649414,22.233928680419922,22.31678581237793,21.97357177734375,22.046070098876953,302103200
2012-08-07,AAPL,18.587202072143555,22.175357818603516,22.321428298950195,22.072856903076172,22.241785049438477,290446800
2012-08-08,AAPL,18.55576515197754,22.13785743713379,22.281429290771484,22.03928565979004,22.121070861816406,244706000
2012-08-09,AAPL,18.661602020263672,22.168928146362305,22.20464324951172,22.064285278320312,22.066070556640625,221642400
2012-08-10,AAPL,18.69076156616211,22.203571319580078,22.205713272094727,22.0964298248291,22.096786499023438,194938800
2012-08-13,AAPL,18.940296173095703,22.5,22.5,22.258928298950195,22.26392936706543,278832400
2012-08-14,AAPL,18.991098403930664,22.56035614013672,22.8075008392334,22.50749969482422,22.56678581237793,340169200
2012-08-15,AAPL,18.965242385864258,22.52964210510254,22.64285659790039,22.41964340209961,22.546428680419922,257342400
2012-08-16,AAPL,19.130889892578125,22.726428985595703,22.74142837524414,22.51785659790039,22.543214797973633,254534000
2012-08-17,AAPL,19.484752655029297,23.146785736083984,23.149642944335938,22.81464385986328,22.85714340209961,442761200
2012-08-20,AAPL,19.997034072875977,23.75535774230957,23.75535774230957,23.21071434020996,23.214643478393555,613384800
2012-08-21,AAPL,19.7237548828125,23.430713653564453,24.10285758972168,23.226070404052734,23.957857131958008,812719600
2012-08-22,AAPL,20.108877182006836,23.888214111328125,23.89285659790039,23.146785736083984,23.372142791748047,565322800
2012-08-23,AAPL,19.921283721923828,23.66535758972168,23.924999237060547,23.612499237060547,23.789642333984375,420128800
2012-08-24,AAPL,19.939014434814453,23.68642807006836,23.90999984741211,23.412500381469727,23.55392837524414,437340400
2012-08-27,AAPL,20.313615798950195,24.13142967224121,24.31678581237793,24.05500030517578,24.285356521606445,427008400
2012-08-28,AAPL,20.287155151367188,24.100000381469727,24.14642906188965,23.952499389648438,24.106428146362305,267416800
2012-08-29,AAPL,20.247163772583008,24.052499771118164,24.202499389648438,24.02142906188965,24.116071701049805,202806800
2012-08-30,AAPL,19.95856285095215,23.70964241027832,23.983928680419922,23.673213958740234,23.95142936706543,302699600
2012-08-31,AAPL,19.999744415283203,23.75857162475586,23.878570556640625,23.47321319580078,23.83035659790039,338321200
2012-09-04,AAPL,20.292264938354492,24.10607147216797,24.11214256286621,23.73214340209961,23.777143478393555,367892000
2012-09-05,AAPL,20.149763107299805,23.936786651611328,24.155357360839844,23.91428565979004,24.127500534057617,336375200
2012-09-06,AAPL,20.331350326538086,24.15250015258789,24.22464370727539,23.957143783569336,24.041786193847656,391196400
2012-09-07,AAPL,20.45672035217285,24.301429748535156,24.374286651611328,24.1346435546875,24.2160701751709,329666400
2012-09-10,AAPL,19.92458724975586,23.669286727905273,24.403213500976562,23.64642906188965,24.301786422729492,487998000
2012-09-11,AAPL,19.859943389892578,23.592500686645508,23.93214225769043,23.446428298950195,23.753929138183594,503983200
2012-09-12,AAPL,20.136533737182617,23.921070098876953,23.924999237060547,23.428571701049805,23.816070556640625,712233200
2012-09-13,AAPL,20.533082962036133,24.39214324951172,24.48214340209961,24.098928451538086,24.19178581237793,598360000
2012-09-14,AAPL,20.782608032226562,24.68857192993164,24.89214324951172,24.5674991607666,24.641429901123047,600474000
2012-09-17,AAPL,21.038158416748047,24.992143630981445,24.992856979370117,24.8075008392334,24.97678565979004,398031200
2012-09-18,AAPL,21.102190017700195,25.068214416503906,25.083213806152344,24.872142791748047,24.99571418762207,373503200
2012-09-19,AAPL,21.107898712158203,25.075000762939453,25.142499923706055,24.984643936157227,25.009286880493164,326874800
2012-09-20,AAPL,21.00568389892578,24.953571319580078,25.00214385986328,24.77214241027832,24.969999313354492,336568400
2012-09-21,AAPL,21.04747772216797,25.00321388244629,25.18107032775879,24.977142333984375,25.086071014404297,571589200
2012-09-24,AAPL,20.767873764038086,24.671070098876953,24.825714111328125,24.39285659790039,24.53071403503418,639766400
2012-09-25,AAPL,20.249277114868164,24.05500030517578,24.742143630981445,24.03571319580078,24.580713272094727,518789600
2012-09-26,AAPL,19.997940063476562,23.75642967224121,24.024642944335938,23.614286422729492,23.88357162475586,576503200
2012-09-27,AAPL,20.483171463012695,24.332857131958008,24.36321449279785,23.58392906188965,23.72464370727539,594090000
2012-09-28,AAPL,20.0556640625,23.825000762939453,24.32535743713379,23.8125,24.241071701049805,535110800
2012-10-01,AAPL,19.823867797851562,23.54964256286621,24.16964340209961,23.446428298950195,23.969999313354492,543594800
2012-10-02,AAPL,19.881591796875,23.618213653564453,23.798213958740234,23.237499237060547,23.636070251464844,627992400
2012-10-03,AAPL,20.186443328857422,23.980356216430664,23.9950008392334,23.66535758972168,23.7450008392334,424281200
2012-10-04,AAPL,20.046640396118164,23.814285278320312,24.08035659790039,23.769643783569336,23.97321319580078,370725600
2012-10-05,AAPL,19.619436264038086,23.306785583496094,23.78571319580078,23.260000228881836,23.757143020629883,594006000
2012-10-08,AAPL,19.185916900634766,22.791786193847656,23.12714385986328,22.71821403503418,23.10285758972168,637994000
2012-10-09,AAPL,19.116161346435547,22.70892906188965,22.874643325805664,22.269643783569336,22.808929443359375,838597200
2012-10-10,AAPL,19.268293380737305,22.8896427154541,23.03499984741211,22.75,22.847856521606445,510356000
2012-10-11,AAPL,18.883169174194336,22.43214225769043,23.114286422729492,22.43214225769043,23.08928680419922,546081200
2012-10-12,AAPL,18.93157196044922,22.489643096923828,22.692142486572266,22.332143783569336,22.484285354614258,460014800
2012-10-15,AAPL,19.08339500427246,22.670000076293945,22.68321418762207,22.280357360839844,22.58392906188965,432502000
2012-10-16,AAPL,19.53525733947754,23.206785202026367,23.225000381469727,22.53571319580078,22.69178581237793,549771600
2012-10-17,AAPL,19.3795166015625,23.021785736083984,23.313928604125977,23.0,23.17392921447754,389037600
2012-10-18,AAPL,19.019664764404297,22.59428596496582,22.930713653564453,22.5,22.842500686645508,476624400
2012-10-19,AAPL,18.33420181274414,21.780000686645508,22.563213348388672,21.77214241027832,22.537500381469727,744086000
2012-10-22,AAPL,19.061443328857422,22.64392852783203,22.692142486572266,21.812856674194336,21.872142791748047,546730800
2012-10-23,AAPL,18.440031051635742,21.90571403503418,22.639286041259766,21.8464298248291,22.53571319580078,707145600
2012-10-24,AAPL,18.544349670410156,22.02964210510254,22.376785278320312,21.808570861816406,22.194286346435547,558527200
2012-10-25,AAPL,18.325180053710938,21.769285202026367,22.21428680419922,21.626785278320312,22.14285659790039,656325600
2012-10-26,AAPL,18.158628463745117,21.571428298950195,21.928571701049805,21.10714340209961,21.765356063842773,1018432800
2012-10-31,AAPL,17.897674560546875,21.261428833007812,21.498571395874023,20.989286422729492,21.24571418762207,510003200
2012-11-01,AAPL,17.93434715270996,21.30500030517578,21.53571319580078,21.22035789489746,21.364999771118164,361298000
2012-11-02,AAPL,17.340898513793945,20.600000381469727,21.319643020629883,20.52678680419922,21.28178596496582,599373600
2012-11-05,AAPL,17.575992584228516,20.87928581237793,20.991785049438477,20.628570556640625,20.84000015258789,529135600
2012-11-06,AAPL,17.522775650024414,20.816070556640625,21.097856521606445,20.717500686645508,21.07964324951172,374917200
2012-11-07,AAPL,16.852312088012695,19.928571701049805,20.519285202026367,19.84821319580078,20.494285583496094,793648800
2012-11-08,AAPL,16.240739822387695,19.20535659790039,20.07964324951172,19.11750030517578,20.022499084472656,1056146000
2012-11-09,AAPL,16.521902084350586,19.537857055664062,19.817142486572266,19.06142807006836,19.30071449279785,929913600
2012-11-12,AAPL,16.394149780273438,19.38678550720215,19.803571701049805,19.237499237060547,19.79107093811035,515802000
2012-11-13,AAPL,16.396270751953125,19.389286041259766,19.65999984741211,19.15571403503418,19.24678611755371,532949200
2012-11-14,AAPL,16.214462280273438,19.174285888671875,19.551786422729492,19.1492862701416,19.48214340209961,477170400
2012-11-15,AAPL,15.874390602111816,18.77214241027832,19.26785659790039,18.665000915527344,19.197500228881836,789910800
2012-11-16,AAPL,15.936606407165527,18.845714569091797,18.928571701049805,18.0625,18.757143020629883,1266893600
2012-11-19,AAPL,17.08576202392578,20.20464324951172,20.26785659790039,19.281429290771484,19.311071395874023,823317600
2012-11-20,AAPL,16.94020652770996,20.032499313354492,20.426786422729492,19.806428909301758,20.425357818603516,642754000
2012-11-21,AAPL,16.964054107666016,20.060714721679688,20.263214111328125,19.878570556640625,20.15178680419922,373002000
2012-11-23,AAPL,17.26003074645996,20.41071319580078,20.428571701049805,20.092857360839844,20.256071090698242,272826400
2012-11-26,AAPL,17.804553985595703,21.054643630981445,21.071428298950195,20.489643096923828,20.56785774230957,630579600
2012-11-27,AAPL,17.66109848022461,20.885000228881836,21.086429595947266,20.717857360839844,21.055356979370117,533330000
2012-11-28,AAPL,17.605525970458984,20.819286346435547,20.921428680419922,20.437856674194336,20.616785049438477,520864400
2012-11-29,AAPL,17.799413681030273,21.04857063293457,21.22321319580078,20.90178680419922,21.079286575317383,514698800
2012-11-30,AAPL,17.67620277404785,20.902856826782227,21.014286041259766,20.809999465942383,20.956785202026367,391319600
2012-12-03,AAPL,17.70367431640625,20.93535614013672,21.2353572845459,20.91071319580078,21.201786041259766,364280000
2012-12-04,AAPL,17.391389846801758,20.566070556640625,20.7785701751709,20.43321418762207,20.7785701751709,557068400
2012-12-05,AAPL,16.27214241027832,19.24250030517578,20.33035659790039,19.241785049438477,20.318214416503906,1044638000
2012-12-06,AAPL,16.527345657348633,19.544286727905273,19.761070251464844,18.522499084472656,18.890714645385742,1177212400
2012-12-07,AAPL,16.10482406616211,19.04464340209961,19.828571319580078,18.928571701049805,19.764286041259766,787040800
2012-12-10,AAPL,16.00123405456543,18.922143936157227,19.232500076293945,18.627857208251953,18.75,630484400
2012-12-11,AAPL,16.350675582885742,19.335357666015625,19.62714385986328,19.19178581237793,19.27750015258789,592345600
2012-12-12,AAPL,16.278480529785156,19.25,19.571428298950195,19.15250015258789,19.563213348388672,487144000
2012-12-13,AAPL,15.997304916381836,18.917499542236328,19.20142936706543,18.7785701751709,18.969642639160156,625259600
2012-12-14,AAPL,15.396310806274414,18.206785202026367,18.504642486572266,18.056428909301758,18.383928298950195,1009579200
2012-12-17,AAPL,15.66932201385498,18.52964210510254,18.571428298950195,17.901071548461914,18.176071166992188,757607200
2012-12-18,AAPL,16.124454498291016,19.06785774230957,19.10357093811035,18.58035659790039,18.75,625685200
2012-12-19,AAPL,15.89522933959961,18.796785354614258,19.060714721679688,18.76785659790039,18.98107147216797,449369200
2012-12-20,AAPL,15.756911277770996,18.633214950561523,18.935714721679688,18.531429290771484,18.928571701049805,481689600
2012-12-21,AAPL,15.684428215026855,18.547500610351562,18.559642791748047,18.222856521606445,18.302499771118164,596268400
2012-12-24,AAPL,15.709797859191895,18.577499389648438,18.72321319580078,18.52535629272461,18.58392906188965,175753200
2012-12-26,AAPL,15.493250846862793,18.321428298950195,18.552143096923828,18.25428581237793,18.53571319580078,302436400
2012-12-27,AAPL,15.555466651916504,18.395000457763672,18.4375,18.023571014404297,18.340713500976562,455120400
2012-12-28,AAPL,15.390266418457031,18.199642181396484,18.374286651611328,18.14714241027832,18.22464370727539,354278400
2012-12-31,AAPL,16.072208404541016,19.006071090698242,19.121429443359375,18.178571701049805,18.233213424682617,659492400
2013-01-02,AAPL,16.58140754699707,19.608213424682617,19.821428298950195,19.343929290771484,19.779285430908203,560518000
2013-01-03,AAPL,16.372106552124023,19.360713958740234,19.631071090698242,19.321428298950195,19.567142486572266,352965200
2013-01-04,AAPL,15.916069030761719,18.821428298950195,19.236785888671875,18.77964210510254,19.177499771118164,594333600
2013-01-07,AAPL,15.822443008422852,18.71071434020996,18.9035701751709,18.399999618530273,18.64285659790039,484156400
2013-01-08,AAPL,15.865025520324707,18.761070251464844,18.996070861816406,18.616071701049805,18.90035629272461,458707200
2013-01-09,AAPL,15.617087364196777,18.467857360839844,18.750356674194336,18.428213119506836,18.66071319580078,407604400
2013-01-10,AAPL,15.810665130615234,18.696786880493164,18.882856369018555,18.411428451538086,18.876785278320312,601146000
2013-01-11,AAPL,15.713717460632324,18.582143783569336,18.761428833007812,18.536428451538086,18.60714340209961,350506800
2013-01-14,AAPL,15.153486251831055,17.91964340209961,18.125,17.80392837524414,17.952856063842773,734207600
2013-01-15,AAPL,14.675400733947754,17.354286193847656,17.82107162475586,17.26357078552246,17.796428680419922,876772400
2013-01-16,AAPL,15.284560203552246,18.074642181396484,18.194286346435547,17.58928680419922,17.665714263916016,690804800
2013-01-17,AAPL,15.1815767288208,17.952856063842773,18.241071701049805,17.929643630981445,18.225357055664062,453678400
2013-01-18,AAPL,15.100637435913086,17.85714340209961,17.93642807006836,17.72857093811035,17.804285049438477,472922800
2013-01-22,AAPL,15.244688034057617,18.02750015258789,18.13857078552246,17.736785888671875,18.020000457763672,461546400
2013-01-23,AAPL,15.523750305175781,18.357500076293945,18.392499923706055,18.02750015258789,18.171785354614258,861509600
2013-01-24,AAPL,13.605670928955078,16.08928680419922,16.633214950561523,16.08035659790039,16.428571701049805,1460852400
2013-01-25,AAPL,13.284931182861328,15.710000038146973,16.293928146362305,15.535714149475098,16.131786346435547,1208026400
2013-01-28,AAPL,13.58543586730957,16.065357208251953,16.186071395874023,15.566429138183594,15.636786460876465,785517600
2013-01-29,AAPL,13.840335845947266,16.366785049438477,16.435714721679688,16.14714241027832,16.375,571158000
2013-01-30,AAPL,13.796843528747559,16.315357208251953,16.52142906188965,16.23214340209961,16.321428298950195,417155200
2013-01-31,AAPL,13.756376266479492,16.267499923706055,16.402856826782227,16.249286651611328,16.320714950561523,319334400
2013-02-01,AAPL,13.699897766113281,16.200714111328125,16.40999984741211,16.012500762939453,16.396785736083984,539484400
2013-02-04,AAPL,13.358623504638672,15.79714298248291,16.283571243286133,15.785714149475098,16.211071014404297,477117200
2013-02-05,AAPL,13.827349662780762,16.351428985595703,16.419286727905273,15.793571472167969,15.858928680419922,573347600
2013-02-06,AAPL,13.812551498413086,16.33392906188965,16.66071319580078,16.163570404052734,16.302499771118164,593706400
2013-02-07,AAPL,14.223251342773438,16.722143173217773,16.78571319580078,16.218570709228516,16.54464340209961,704580800
2013-02-08,AAPL,14.428604125976562,16.963571548461914,17.100357055664062,16.72321319580078,16.928571701049805,633158400
2013-02-11,AAPL,14.578971862792969,17.140356063842773,17.319286346435547,16.90178680419922,17.01785659790039,517490400
2013-02-12,AAPL,14.213529586791992,16.71071434020996,17.22785758972168,16.704999923706055,17.125356674194336,609053200
2013-02-13,AAPL,14.186495780944824,16.67892837524414,16.915714263916016,16.54357147216797,16.686071395874023,475207600
2013-02-14,AAPL,14.173734664916992,16.663928985595703,16.84428596496582,16.5721435546875,16.59000015258789,355275200
2013-02-15,AAPL,13.978413581848145,16.43428611755371,16.79142951965332,16.42571449279785,16.74464225769043,391745200
2013-02-19,AAPL,13.973244667053223,16.428213119506836,16.526071548461914,16.20892906188965,16.467857360839844,435783600
2013-02-20,AAPL,13.634841918945312,16.030357360839844,16.346071243286133,16.0285701751709,16.346071243286133,476302400
2013-02-21,AAPL,13.550088882446289,15.930713653564453,16.041786193847656,15.8149995803833,15.928570747375488,447182400
2013-02-22,AAPL,13.694385528564453,16.100357055664062,16.128570556640625,15.949999809265137,16.04464340209961,330654800
2013-02-25,AAPL,13.451058387756348,15.814286231994629,16.25428581237793,15.806071281433105,16.20892906188965,372579200
2013-02-26,AAPL,13.638486862182617,16.034643173217773,16.126428604125977,15.630714416503906,15.850713729858398,501499600
2013-02-27,AAPL,13.504827499389648,15.8774995803833,16.158571243286133,15.737500190734863,16.015356063842773,587350400
2013-02-28,AAPL,13.408534049987793,15.764286041259766,15.995356559753418,15.764286041259766,15.858928680419922,322515200
2013-03-01,AAPL,13.07651138305664,15.373929023742676,15.649286270141602,15.356429100036621,15.64285659790039,552448400
2013-03-04,AAPL,12.759977340698242,15.001786231994629,15.29285717010498,14.964285850524902,15.278571128845215,582755600
2013-03-05,AAPL,13.096860885620117,15.397856712341309,15.542499542236328,15.026785850524902,15.052857398986816,638433600
2013-03-06,AAPL,12.93039321899414,15.202142715454102,15.54464340209961,15.15821361541748,15.518214225769043,460250000
2013-03-07,AAPL,13.079850196838379,15.377857208251953,15.428929328918457,15.037857055664062,15.160714149475098,468473600
2013-03-08,AAPL,13.11447811126709,15.418571472167969,15.551071166992188,15.307499885559082,15.350000381469727,391482000
2013-03-11,AAPL,13.301300048828125,15.638214111328125,15.678929328918457,15.183570861816406,15.348214149475098,474236000
2013-03-12,AAPL,13.01453971862793,15.301071166992188,15.674285888671875,15.270357131958008,15.557143211364746,465911600
2013-03-13,AAPL,13.012107849121094,15.298213958740234,15.51785659790039,15.191429138183594,15.301786422729492,405549200
2013-03-14,AAPL,13.138174057006836,15.446429252624512,15.522856712341309,15.373213768005371,15.458213806152344,303875600
2013-03-15,AAPL,13.477182388305664,15.845000267028809,15.865357398986816,15.616070747375488,15.64035701751709,643960800
2013-03-18,AAPL,13.84353256225586,16.275714874267578,16.33785629272461,15.757143020629883,15.766071319580078,606197200
2013-03-19,AAPL,13.806168556213379,16.231786727905273,16.463214874267578,16.01785659790039,16.41071319580078,526775200
2013-03-20,AAPL,13.732958793640137,16.145713806152344,16.343929290771484,16.056785583496094,16.336429595947266,308660800
2013-03-21,AAPL,13.752705574035645,16.168928146362305,16.356428146362305,16.075000762939453,16.079286575317383,383255600
2013-03-22,AAPL,14.03156852722168,16.49678611755371,16.503570556640625,16.1825008392334,16.235000610351562,395105200
2013-03-25,AAPL,14.082298278808594,16.556428909301758,16.7839298248291,16.492143630981445,16.596071243286133,501135600
2013-03-26,AAPL,14.008182525634766,16.46928596496582,16.637142181396484,16.447500228881836,16.62285614013672,294294000
2013-03-27,AAPL,13.732958793640137,16.145713806152344,16.314285278320312,16.09749984741211,16.302143096923828,331237200
2013-03-28,AAPL,13.446813583374023,15.809286117553711,16.136428833007812,15.772143363952637,16.065000534057617,442839600
2013-04-01,AAPL,13.029120445251465,15.318214416503906,15.846428871154785,15.276429176330566,15.782142639160156,389732000
2013-04-02,AAPL,13.055849075317383,15.349642753601074,15.647856712341309,15.228570938110352,15.271429061889648,529519200
2013-04-03,AAPL,13.122682571411133,15.428214073181152,15.617142677307129,15.368213653564453,15.406070709228516,363216000
2013-04-04,AAPL,12.992966651916504,15.275713920593262,15.535714149475098,15.1875,15.491429328918457,358447600
2013-04-05,AAPL,12.855668067932129,15.114286422729492,15.176786422729492,14.988571166992188,15.160714149475098,383695200
2013-04-08,AAPL,12.947105407714844,15.221785545349121,15.26785659790039,15.088929176330566,15.173213958740234,300829200
2013-04-09,AAPL,12.970495223999023,15.249285697937012,15.303570747375488,15.098214149475098,15.227143287658691,306614000
2013-04-10,AAPL,13.235081672668457,15.560357093811035,15.609286308288574,15.214642524719238,15.289285659790039,375928000
2013-04-11,AAPL,13.193767547607422,15.511786460876465,15.642499923706055,15.399999618530273,15.489999771118164,328364400
2013-04-12,AAPL,13.056156158447266,15.350000381469727,15.505356788635254,15.3246431350708,15.505356788635254,238613200
2013-04-15,AAPL,12.753902435302734,14.994643211364746,15.28178596496582,14.983928680419922,15.25,317520000
2013-04-16,AAPL,12.94801139831543,15.222857475280762,15.23607063293457,15.020357131958008,15.056071281433105,305771200
2013-04-17,AAPL,12.235969543457031,14.385713577270508,15.021429061889648,14.21821403503418,15.009642601013184,945056000
2013-04-18,AAPL,11.909417152404785,14.001786231994629,14.492500305175781,13.919285774230957,14.463929176330566,666299200
2013-04-19,AAPL,11.863237380981445,13.947500228881836,14.271429061889648,13.753570556640625,13.856071472167969,609274400
2013-04-22,AAPL,12.110511779785156,14.238213539123535,14.364286422729492,13.973929405212402,14.022856712341309,429920400
2013-04-23,AAPL,12.337127685546875,14.504643440246582,14.585000038146973,14.243213653564453,14.428214073181152,664238400
2013-04-24,AAPL,12.316770553588867,14.480713844299316,14.83035659790039,14.01785659790039,14.055000305175781,969651200
2013-04-25,AAPL,12.405474662780762,14.585000038146973,14.783571243286133,14.535714149475098,14.686785697937012,384837600
2013-04-26,AAPL,12.67340087890625,14.899999618530273,14.956070899963379,14.58035659790039,14.63607120513916,764097600
2013-04-29,AAPL,13.065877914428711,15.361429214477539,15.486429214477539,15.0,15.016071319580078,640326400
2013-04-30,AAPL,13.450453758239746,15.813570976257324,15.901785850524902,15.431071281433105,15.539285659790039,691538400
2013-05-01,AAPL,13.34443473815918,15.688928604125977,15.89035701751709,15.51392936706543,15.873571395874023,506909200
2013-05-02,AAPL,13.533690452575684,15.911429405212402,16.02107048034668,15.736785888671875,15.777856826782227,421828400
2013-05-03,AAPL,13.669170379638672,16.070714950561523,16.186786651611328,16.04107093811035,16.118213653564453,361300800
2013-05-06,AAPL,13.995118141174316,16.453929901123047,16.507143020629883,16.225357055664062,16.27535629272461,496641600
2013-05-07,AAPL,13.932842254638672,16.380714416503906,16.633928298950195,16.203571319580078,16.60607147216797,483753200
2013-05-08,AAPL,14.090197563171387,16.56571388244629,16.620357513427734,16.278928756713867,16.394285202026367,472598000
2013-05-09,AAPL,13.967275619506836,16.313213348388672,16.53571319580078,16.270713806152344,16.421785354614258,398487600
2013-05-10,AAPL,13.851076126098633,16.177499771118164,16.418214797973633,16.088571548461914,16.35607147216797,334852000
2013-05-13,AAPL,13.905198097229004,16.240713119506836,16.35357093811035,16.125,16.125356674194336,316948800
2013-05-14,AAPL,13.572508811950684,15.852143287658691,16.257143020629883,15.791070938110352,16.20892906188965,447118000
2013-05-15,AAPL,13.113526344299316,15.316070556640625,15.75,15.084285736083984,15.684286117553711,741613600
2013-05-16,AAPL,13.288740158081055,15.520713806152344,15.637499809265137,14.960714340209961,15.115714073181152,603204000
2013-05-17,AAPL,13.248374938964844,15.473570823669434,15.717499732971191,15.393214225769043,15.680356979370117,427904400
2013-05-20,AAPL,13.544069290161133,15.818928718566895,15.921428680419922,15.360713958740234,15.4253568649292,451578400
2013-05-21,AAPL,13.444080352783203,15.702142715454102,15.90999984741211,15.507143020629883,15.648214340209961,456022000
2013-05-22,AAPL,13.495759010314941,15.762499809265137,16.012500762939453,15.650713920593262,15.858928680419922,443038400
2013-05-23,AAPL,13.519912719726562,15.790714263916016,15.934286117553711,15.563928604125977,15.569643020629883,353021200
2013-05-24,AAPL,13.611955642700195,15.898214340209961,15.916428565979004,15.727143287658691,15.744643211364746,276166800
2013-05-28,AAPL,13.49850845336914,15.765713691711426,16.11107063293457,15.744643211364746,16.06785774230957,386145200
2013-05-29,AAPL,13.605839729309082,15.891071319580078,15.98214340209961,15.692856788635254,15.714285850524902,330576400
2013-05-30,AAPL,13.808573722839355,16.127857208251953,16.23214340209961,15.875356674194336,15.916070938110352,353519600
2013-05-31,AAPL,13.75200080871582,16.061786651611328,16.325000762939453,16.053571701049805,16.16071319580078,384302800
2013-06-03,AAPL,13.782279014587402,16.097143173217773,16.15571403503418,15.802857398986816,16.09749984741211,372352400
2013-06-04,AAPL,13.739155769348145,16.046785354614258,16.229642868041992,15.978214263916016,16.18642807006836,292728800
2013-06-05,AAPL,13.610729217529297,15.896785736083984,16.097143173217773,15.846785545349121,15.916070938110352,290589600
2013-06-06,AAPL,13.40738582611084,15.659285545349121,15.964285850524902,15.501786231994629,15.909643173217773,416934000
2013-06-07,AAPL,13.509821891784668,15.778928756713867,15.829999923706055,15.456070899963379,15.589285850524902,404535600
2013-06-10,AAPL,13.420534133911133,15.674642562866211,16.038570404052734,15.600000381469727,15.883213996887207,450153200
2013-06-11,AAPL,13.381087303161621,15.628570556640625,15.812856674194336,15.475713729858398,15.562143325805664,286112400
2013-06-12,AAPL,13.215658187866211,15.435357093811035,15.758929252624512,15.410714149475098,15.696429252624512,265227200
2013-06-13,AAPL,13.330938339233398,15.569999694824219,15.612142562866211,15.3125,15.446429252624512,285832400
2013-06-14,AAPL,13.150218963623047,15.358928680419922,15.581786155700684,15.303570747375488,15.550000190734863,271866000
2013-06-17,AAPL,13.209846496582031,15.428570747375488,15.560713768005371,15.369999885559082,15.408571243286133,259414400
2013-06-18,AAPL,13.202813148498535,15.420356750488281,15.532142639160156,15.364643096923828,15.412857055664062,195025600
2013-06-19,AAPL,12.93464469909668,15.10714340209961,15.416428565979004,15.10714340209961,15.407142639160156,310940000
2013-06-20,AAPL,12.746280670166016,14.8871431350708,15.213570594787598,14.827500343322754,14.975000381469727,357310800
2013-06-21,AAPL,12.644146919250488,14.76785659790039,15.0,14.574999809265137,14.946070671081543,481118400
2013-06-24,AAPL,12.309008598327637,14.376428604125977,14.595000267028809,14.216071128845215,14.550000190734863,480746000
2013-06-25,AAPL,12.311762809753418,14.379643440246582,14.563928604125977,14.243928909301758,14.489286422729492,314162800
2013-06-26,AAPL,12.172325134277344,14.21678638458252,14.456786155700684,14.130714416503906,14.425000190734863,367724000
2013-06-27,AAPL,12.041144371032715,14.063570976257324,14.335356712341309,14.055000305175781,14.258929252624512,337246000
2013-06-28,AAPL,12.125234603881836,14.161786079406738,14.295356750488281,13.888214111328125,13.977143287658691,578516400
2013-07-01,AAPL,12.513273239135742,14.614999771118164,14.723929405212402,14.329285621643066,14.381786346435547,391053600
2013-07-02,AAPL,12.796735763549805,14.946070671081543,15.05821418762207,14.623929023742676,14.64142894744873,469865200
2013-07-03,AAPL,12.867371559143066,15.028571128845215,15.106429100036621,14.908928871154785,15.03071403503418,240928800
2013-07-05,AAPL,12.764017105102539,14.907856941223145,15.117500305175781,14.833929061889648,15.01392936706543,274024800
2013-07-08,AAPL,12.691547393798828,14.823213577270508,15.035714149475098,14.666070938110352,15.003929138183594,298138400
2013-07-09,AAPL,12.914767265319824,15.083929061889648,15.125,14.656429290771484,14.771429061889648,352584400
2013-07-10,AAPL,12.865227699279785,15.026070594787598,15.171428680419922,14.9375,14.985713958740234,281405600
2013-07-11,AAPL,13.065827369689941,15.260356903076172,15.29464340209961,15.041786193847656,15.10535717010498,326292400
2013-07-12,AAPL,13.041972160339355,15.232500076293945,15.349642753601074,15.121786117553711,15.273214340209961,279563200
2013-07-15,AAPL,13.070411682128906,15.265713691711426,15.409285545349121,15.171428680419922,15.178929328918457,241917200
2013-07-16,AAPL,13.154807090759277,15.364286422729492,15.382499694824219,15.14892864227295,15.232856750488281,216538000
2013-07-17,AAPL,13.158172607421875,15.368213653564453,15.436429023742676,15.293571472167969,15.346428871154785,198990400
2013-07-18,AAPL,13.2025146484375,15.420000076293945,15.531070709228516,15.378929138183594,15.477856636047363,218878800
2013-07-19,AAPL,12.994271278381348,15.176786422729492,15.499285697937012,15.155357360839844,15.467857360839844,268721600
2013-07-22,AAPL,13.035859107971191,15.225357055664062,15.348214149475098,15.195357322692871,15.337857246398926,207796400
2013-07-23,AAPL,12.812023162841797,14.963929176330566,15.248571395874023,14.95392894744873,15.214285850524902,369395600
2013-07-24,AAPL,13.470070838928223,15.732500076293945,15.878213882446289,15.545000076293945,15.676071166992188,591936800
2013-07-25,AAPL,13.408609390258789,15.660714149475098,15.764286041259766,15.564642906188965,15.739286422729492,229493600
2013-07-26,AAPL,13.484750747680664,15.749643325805664,15.751428604125977,15.5121431350708,15.546428680419922,200152400
2013-07-29,AAPL,13.692681312561035,15.992500305175781,16.07107162475586,15.721428871154785,15.742856979370117,248057600
2013-07-30,AAPL,13.861777305603027,16.190000534057617,16.326786041259766,16.043928146362305,16.06999969482422,309422400
2013-07-31,AAPL,13.837624549865723,16.161785125732422,16.33357048034668,16.051071166992188,16.249643325805664,322957600
2013-08-01,AAPL,13.964518547058105,16.309999465942383,16.314285278320312,16.187856674194336,16.27678680419922,206250800
2013-08-02,AAPL,14.14371109008789,16.519285202026367,16.530357360839844,16.30928611755371,16.357500076293945,274783600
2013-08-05,AAPL,14.355011940002441,16.766071319580078,16.809642791748047,16.50535774230957,16.596071243286133,318855600
2013-08-06,AAPL,14.226578712463379,16.616071701049805,16.853214263916016,16.506071090698242,16.71500015258789,334857600
2013-08-07,AAPL,14.218321800231934,16.606428146362305,16.678571701049805,16.491785049438477,16.564285278320312,298858000
2013-08-08,AAPL,14.190004348754883,16.464643478393555,16.575000762939453,16.355356216430664,16.566429138183594,255777200
2013-08-09,AAPL,13.98808765411377,16.230356216430664,16.44499969482422,16.201786041259766,16.3799991607666,266865200
2013-08-12,AAPL,14.385458946228027,16.691429138183594,16.737499237060547,16.30821418762207,16.316429138183594,364434000
2013-08-13,AAPL,15.069087028503418,17.484643936157227,17.66642951965332,16.7160701751709,16.819286346435547,881941200
2013-08-14,AAPL,15.343958854675293,17.803571701049805,18.008928298950195,17.621429443359375,17.781429290771484,756372400
2013-08-15,AAPL,15.325794219970703,17.782499313354492,17.94285774230957,17.46714210510254,17.729286193847656,490294000
2013-08-16,AAPL,15.461841583251953,17.940357208251953,17.962142944335938,17.816429138183594,17.862499237060547,362306000
2013-08-19,AAPL,15.628365516662598,18.13357162475586,18.347856521606445,18.0,18.012142181396484,510518400
2013-08-20,AAPL,15.42305850982666,17.895357131958008,18.234643936157227,17.886428833007812,18.203929901123047,358688400
2013-08-21,AAPL,15.462767601013184,17.941429138183594,18.112499237060547,17.899999618530273,17.9853572845459,335879600
2013-08-22,AAPL,15.481234550476074,17.96285629272461,18.056785583496094,17.792856216430664,18.03499984741211,244207600
2013-08-23,AAPL,15.42152214050293,17.893571853637695,17.97678565979004,17.83392906188965,17.973928451538086,222731600
2013-08-26,AAPL,15.481547355651855,17.963214874267578,18.2214298248291,17.875,17.883928298950195,330965600
2013-08-27,AAPL,15.038925170898438,17.449642181396484,17.946786880493164,17.367856979370117,17.78571319580078,424188800
2013-08-28,AAPL,15.110026359558105,17.532142639160156,17.707143783569336,17.35714340209961,17.35714340209961,307608000
2013-08-29,AAPL,15.134650230407715,17.560714721679688,17.73214340209961,17.54035758972168,17.558929443359375,239657600
2013-08-30,AAPL,14.996761322021484,17.400714874267578,17.605356216430664,17.375,17.571428298950195,272297200
2013-09-03,AAPL,15.038614273071289,17.44928550720215,17.878570556640625,17.405357360839844,17.610713958740234,331928800
2013-09-04,AAPL,15.349804878234863,17.81035614013672,17.937143325805664,17.724285125732422,17.841428756713867,345032800
2013-09-05,AAPL,15.244539260864258,17.688213348388672,17.88142967224121,17.6299991607666,17.866071701049805,236367600
2013-09-06,AAPL,15.335338592529297,17.79357147216797,17.834999084472656,17.498214721679688,17.801429748535156,359525600
2013-09-09,AAPL,15.58004093170166,18.077499389648438,18.139999389648438,17.981428146362305,18.03571319580078,340687200
2013-09-10,AAPL,15.225146293640137,17.665714263916016,18.123214721679688,17.48214340209961,18.078571319580078,743195600
2013-09-11,AAPL,14.396235466003418,16.703929901123047,16.917499542236328,16.600357055664062,16.67892837524414,898696400
2013-09-12,AAPL,14.549522399902344,16.881786346435547,16.97857093811035,16.643213272094727,16.73214340209961,404051200
2013-09-13,AAPL,14.309736251831055,16.60357093811035,16.851070404052734,16.5964298248291,16.762142181396484,298835600
2013-09-16,AAPL,13.85480785369873,16.075714111328125,16.48607063293457,15.972143173217773,16.46428680419922,543706800
2013-09-17,AAPL,14.014863014221191,16.261428833007812,16.418214797973633,15.98214340209961,15.998571395874023,399380800
2013-09-18,AAPL,14.302967071533203,16.595714569091797,16.655357360839844,16.4521427154541,16.542142868041992,456862000
2013-09-19,AAPL,14.537518501281738,16.867856979370117,16.993928909301758,16.758928298950195,16.810714721679688,404541200
2013-09-20,AAPL,14.38699722290039,16.693214416503906,17.0910701751709,16.64285659790039,17.071428298950195,699302800
2013-09-23,AAPL,15.102018356323242,17.522857666015625,17.74678611755371,17.235713958740234,17.717857360839844,762106800
2013-09-24,AAPL,15.0546236038208,17.467857360839844,17.695356369018555,17.422143936157227,17.674285888671875,364344400
2013-09-25,AAPL,14.821619033813477,17.197500228881836,17.48714256286621,17.19392967224121,17.4714298248291,316957200
2013-09-26,AAPL,14.96596908569336,17.364999771118164,17.448570251464844,17.282142639160156,17.35714340209961,237221600
2013-09-27,AAPL,14.859166145324707,17.241071701049805,17.309642791748047,17.16857147216797,17.277856826782227,228040400
2013-09-30,AAPL,14.67448616027832,17.02678680419922,17.2021427154541,16.943214416503906,17.04464340209961,260156400
2013-10-01,AAPL,15.01953125,17.427143096923828,17.46928596496582,17.084999084472656,17.087499618530273,353883600
2013-10-02,AAPL,15.0687837600708,17.484285354614258,17.564285278320312,17.27678680419922,17.343929290771484,289184000
2013-10-03,AAPL,14.879481315612793,17.2646427154541,17.58392906188965,17.169286727905273,17.518213272094727,322753200
2013-10-04,AAPL,14.86778450012207,17.25107192993164,17.30714225769043,17.092857360839844,17.28071403503418,258868400
2013-10-07,AAPL,15.013067245483398,17.41964340209961,17.594642639160156,17.33392906188965,17.37714385986328,312292400
2013-10-08,AAPL,14.803461074829102,17.176429748535156,17.522857666015625,17.16214370727539,17.49785614013672,290917200
2013-10-09,AAPL,14.977362632751465,17.37821388244629,17.421070098876953,17.08142852783203,17.308570861816406,301725200
2013-10-10,AAPL,15.071240425109863,17.48714256286621,17.584999084472656,17.394285202026367,17.547143936157227,278602800
2013-10-11,AAPL,15.16882038116455,17.600357055664062,17.637142181396484,17.3271427154541,17.392499923706055,267738800
2013-10-14,AAPL,15.268233299255371,17.715713500976562,17.770713806152344,17.47678565979004,17.493928909301758,261898000
2013-10-15,AAPL,15.349495887756348,17.809999465942383,17.928571701049805,17.6971435546875,17.768213272094727,320073600
2013-10-16,AAPL,15.424290657043457,17.896785736083984,17.947500228881836,17.82964324951172,17.885356903076172,251101200
2013-10-17,AAPL,15.52863883972168,18.01785659790039,18.027856826782227,17.845714569091797,17.856428146362305,253593200
2013-10-18,AAPL,15.663761138916016,18.17464256286621,18.187856674194336,18.061071395874023,18.07107162475586,290542000
2013-10-21,AAPL,16.04759407043457,18.6200008392334,18.725000381469727,18.268571853637695,18.27750015258789,398106800
2013-10-22,AAPL,16.001733779907227,18.56678581237793,18.873214721679688,18.14392852783203,18.800357818603516,534063600
2013-10-23,AAPL,16.158401489257812,18.748571395874023,18.773929595947266,18.53571319580078,18.53571319580078,313723200
2013-10-24,AAPL,16.3723201751709,18.99678611755371,19.016786575317383,18.6589298248291,18.75,384764800
2013-10-25,AAPL,16.189189910888672,18.784286499023438,19.043928146362305,18.753929138183594,18.9757137298584,337792000
2013-10-28,AAPL,16.30984115600586,18.924285888671875,18.96428680419922,18.686071395874023,18.894285202026367,550440800
2013-10-29,AAPL,15.903545379638672,18.452856063842773,19.258928298950195,18.376428604125977,19.15250015258789,635807200
2013-10-30,AAPL,16.15655517578125,18.746429443359375,18.84000015258789,18.46500015258789,18.5575008392334,354163600
2013-10-31,AAPL,16.088834762573242,18.667856216430664,18.83892822265625,18.616785049438477,18.75,275696400
2013-11-01,AAPL,16.006662368774414,18.572500228881836,18.742856979370117,18.4228572845459,18.71500015258789,274890000
2013-11-04,AAPL,16.213497161865234,18.8125,18.815000534057617,18.528928756713867,18.610713958740234,244627600
2013-11-05,AAPL,16.173486709594727,18.766071319580078,18.88892936706543,18.678571701049805,18.735000610351562,265213200
2013-11-06,AAPL,16.12766456604004,18.604286193847656,18.7450008392334,18.507143020629883,18.719642639160156,223375600
2013-11-07,AAPL,15.86667251586914,18.303213119506836,18.68535614013672,18.299285888671875,18.556428909301758,262620400
2013-11-08,AAPL,16.11651611328125,18.591428756713867,18.611785888671875,18.306785583496094,18.377857208251953,279316800
2013-11-11,AAPL,16.069761276245117,18.537500381469727,18.631071090698242,18.37178611755371,18.57107162475586,227452400
2013-11-12,AAPL,16.099491119384766,18.571786880493164,18.711429595947266,18.46428680419922,18.48821449279785,204276800
2013-11-13,AAPL,16.118690490722656,18.593929290771484,18.65178680419922,18.46285629272461,18.5,197220800
2013-11-14,AAPL,16.351816177368164,18.862857818603516,18.902856826782227,18.638214111328125,18.671785354614258,282419200
2013-11-15,AAPL,16.25366973876953,18.749643325805664,18.89607048034668,18.731786727905273,18.806428909301758,317920400
2013-11-18,AAPL,16.0567626953125,18.522499084472656,18.828214645385742,18.507143020629883,18.749643325805664,244944000
2013-11-19,AAPL,16.085250854492188,18.555356979370117,18.692142486572266,18.49892807006836,18.536785125732422,208938800
2013-11-20,AAPL,15.94438362121582,18.39285659790039,18.586429595947266,18.368928909301758,18.543928146362305,193916800
2013-11-21,AAPL,16.13447380065918,18.61214256286621,18.614643096923828,18.34535789489746,18.485713958740234,262026800
2013-11-22,AAPL,16.09299087524414,18.564285278320312,18.648571014404297,18.51892852783203,18.554285049438477,223725600
2013-11-25,AAPL,16.214969635009766,18.704999923706055,18.781070709228516,18.60714340209961,18.60785675048828,229311600
2013-11-26,AAPL,16.5140438079834,19.049999237060547,19.147857666015625,18.71428680419922,18.718570709228516,401382800
2013-11-27,AAPL,16.90290641784668,19.498571395874023,19.5,19.049999237060547,19.153928756713867,363448400
2013-11-29,AAPL,17.21590805053711,19.859643936157227,19.940357208251953,19.56464385986328,19.624286651611328,318127600
2013-12-02,AAPL,17.066068649291992,19.686786651611328,20.15464210510254,19.672143936157227,19.928571701049805,472544800
2013-12-03,AAPL,17.533246994018555,20.2257137298584,20.22785758972168,19.917142868041992,19.939285278320312,450968000
2013-12-04,AAPL,17.49237632751465,20.178571701049805,20.328214645385742,20.029285430908203,20.196428298950195,377809600
2013-12-05,AAPL,17.58216667175293,20.282142639160156,20.540714263916016,20.22892951965332,20.451786041259766,447580000
2013-12-06,AAPL,17.338197708129883,20.000713348388672,20.241071701049805,19.984643936157227,20.206785202026367,344352400
2013-12-09,AAPL,17.536653518676758,20.229642868041992,20.34214210510254,20.032142639160156,20.032142639160156,320493600
2013-12-10,AAPL,17.50941276550293,20.198213577270508,20.281429290771484,20.042856216430664,20.127857208251953,278269600
2013-12-11,AAPL,17.37968635559082,20.04857063293457,20.391786575317383,19.988929748535156,20.25,359718800
2013-12-12,AAPL,17.354297637939453,20.019285202026367,20.19071388244629,20.00107192993164,20.07642936706543,262290000
2013-12-13,AAPL,17.16513442993164,19.801071166992188,20.10285758972168,19.773929595947266,20.10178565979004,332822000
2013-12-16,AAPL,17.260177612304688,19.91071319580078,20.09428596496582,19.821786880493164,19.8221435546875,282592800
2013-12-17,AAPL,17.18247413635254,19.82107162475586,19.979999542236328,19.76357078552246,19.850357055664062,229902400
2013-12-18,AAPL,17.051822662353516,19.67035675048828,19.694643020629883,19.242856979370117,19.632143020629883,565863200
2013-12-19,AAPL,16.856462478637695,19.44499969482422,19.64285659790039,19.418928146362305,19.625,320308800
2013-12-20,AAPL,16.99763298034668,19.60785675048828,19.70035743713379,19.457857131958008,19.479642868041992,436413600
2013-12-23,AAPL,17.649965286254883,20.3603572845459,20.382856369018555,20.09857177734375,20.28571319580078,501306400
2013-12-24,AAPL,17.575042724609375,20.273929595947266,20.424285888671875,20.215356826782227,20.353214263916016,167554800
2013-12-26,AAPL,17.458328247070312,20.139286041259766,20.33928680419922,20.12071418762207,20.28928565979004,204008000
2013-12-27,AAPL,17.340364456176758,20.00321388244629,20.157499313354492,19.98214340209961,20.136428833007812,225884400
2013-12-30,AAPL,17.167917251586914,19.804285049438477,20.00321388244629,19.7257137298584,19.909286499023438,253629600
2013-12-31,AAPL,17.369159698486328,20.036428451538086,20.045713424682617,19.78571319580078,19.791786193847656,223084400
2014-01-02,AAPL,17.12488555908203,19.754642486572266,19.89392852783203,19.71500015258789,19.845714569091797,234684800
2014-01-03,AAPL,16.748716354370117,19.320714950561523,19.774999618530273,19.301071166992188,19.7450008392334,392467600
2014-01-06,AAPL,16.840057373046875,19.426071166992188,19.5285701751709,19.05714225769043,19.194643020629883,412610800
2014-01-07,AAPL,16.719627380371094,19.28714370727539,19.498571395874023,19.211429595947266,19.440000534057617,317209200
2014-01-08,AAPL,16.825502395629883,19.409286499023438,19.484285354614258,19.238929748535156,19.243213653564453,258529600
2014-01-09,AAPL,16.610637664794922,19.161428451538086,19.53071403503418,19.11964225769043,19.5285701751709,279148800
2014-01-10,AAPL,16.49980926513672,19.033571243286133,19.314285278320312,18.96821403503418,19.27964210510254,304976000
2014-01-13,AAPL,16.586179733276367,19.133214950561523,19.375,18.924285888671875,18.925357818603516,378492800
2014-01-14,AAPL,16.91621208190918,19.51392936706543,19.526071548461914,19.2021427154541,19.222143173217773,332561600
2014-01-15,AAPL,17.255844116210938,19.90571403503418,20.007143020629883,19.7021427154541,19.768571853637695,391638800
2014-01-16,AAPL,17.159564971923828,19.79464340209961,19.887500762939453,19.702856063842773,19.81785774230957,229278000
2014-01-17,AAPL,16.739124298095703,19.309642791748047,19.716785430908203,19.282142639160156,19.695714950561523,426739600
2014-01-21,AAPL,16.99918556213379,19.609643936157227,19.645357131958008,19.30071449279785,19.32107162475586,328526800
2014-01-22,AAPL,17.074735641479492,19.696786880493164,19.903213500976562,19.56464385986328,19.675357818603516,379985200
2014-01-23,AAPL,17.219318389892578,19.863571166992188,19.875,19.457500457763672,19.640714645385742,403239200
2014-01-24,AAPL,16.90631103515625,19.502500534057617,19.843570709228516,19.45535659790039,19.78571319580078,429354800
2014-01-27,AAPL,17.04345703125,19.66071319580078,19.814285278320312,19.491071701049805,19.645357131958008,554878800
2014-01-28,AAPL,15.681224822998047,18.08928680419922,18.39285659790039,17.93107032775879,18.170000076293945,1065523200
2014-01-29,AAPL,15.50320816040039,17.883928298950195,18.120357513427734,17.807857513427734,17.998214721679688,502810000
2014-01-30,AAPL,15.473174095153809,17.849285125732422,18.08928680419922,17.739286422729492,17.947856903076172,678501600
2014-01-31,AAPL,15.498559951782227,17.878570556640625,17.911785125732422,17.626785278320312,17.684999465942383,464797200
2014-02-03,AAPL,15.527348518371582,17.911785125732422,18.133214950561523,17.832143783569336,17.95035743713379,401464000
2014-02-04,AAPL,15.752118110656738,18.171070098876953,18.19499969482422,17.955713272094727,18.066070556640625,376681200
2014-02-05,AAPL,15.869770050048828,18.306785583496094,18.402856826782227,18.08035659790039,18.091428756713867,328344800
2014-02-06,AAPL,15.962273597717285,18.30392837524414,18.33928680419922,18.136070251464844,18.216428756713867,257765200
2014-02-07,AAPL,16.18558120727539,18.559999465942383,18.676071166992188,18.47785758972168,18.62071418762207,370280400
2014-02-10,AAPL,16.47554588317871,18.892499923706055,18.999643325805664,18.5,18.523571014404297,345559200
2014-02-11,AAPL,16.692630767822266,19.141429901123047,19.20535659790039,18.91071319580078,18.95035743713379,282256800
2014-02-12,AAPL,16.69138526916504,19.139999389648438,19.270000457763672,19.044286727905273,19.176786422729492,308100800
2014-02-13,AAPL,16.95642852783203,19.44392967224121,19.45892906188965,19.078571319580078,19.094999313354492,307398000
2014-02-14,AAPL,16.942724227905273,19.428213119506836,19.499286651611328,19.328929901123047,19.37392807006836,272924400
2014-02-18,AAPL,17.00501251220703,19.499643325805664,19.68535614013672,19.48607063293457,19.5,260251600
2014-02-19,AAPL,16.736539840698242,19.19178581237793,19.53178596496582,19.08392906188965,19.45535659790039,313768000
2014-02-20,AAPL,16.542816162109375,18.969642639160156,19.178571701049805,18.89285659790039,19.035356521606445,305858000
2014-02-21,AAPL,16.359060287475586,18.758928298950195,19.091785430908203,18.735713958740234,19.028213500976562,278784800
2014-02-24,AAPL,16.430696487426758,18.8410701751709,18.92571449279785,18.65785789489746,18.683929443359375,288909600
2014-02-25,AAPL,16.259708404541016,18.645000457763672,18.9132137298584,18.60714340209961,18.906429290771484,231952000
2014-02-26,AAPL,16.113018035888672,18.47678565979004,18.75,18.41428565979004,18.70035743713379,276217200
2014-02-27,AAPL,16.434438705444336,18.84535789489746,18.885000228881836,18.430356979370117,18.46928596496582,301882000
2014-02-28,AAPL,16.389894485473633,18.794286727905273,19.02678680419922,18.64714241027832,18.895713806152344,371968800
2014-03-03,AAPL,16.437231063842773,18.84857177734375,18.951786041259766,18.671785354614258,18.693571090698242,238781200
2014-03-04,AAPL,16.54561996459961,18.972856521606445,19.022857666015625,18.848928451538086,18.96428680419922,259140000
2014-03-05,AAPL,16.580507278442383,19.01285743713379,19.09821319580078,18.897499084472656,18.961429595947266,200062800
2014-03-06,AAPL,16.530364990234375,18.95535659790039,19.087142944335938,18.860713958740234,19.028213500976562,185488800
2014-03-07,AAPL,16.520706176757812,18.944286346435547,18.999286651611328,18.787500381469727,18.967500686645508,220729600
2014-03-10,AAPL,16.5356502532959,18.961429595947266,19.047500610351562,18.869285583496094,18.8700008392334,178584000
2014-03-11,AAPL,16.696674346923828,19.14607048034668,19.240713119506836,19.02107048034668,19.123214721679688,279224400
2014-03-12,AAPL,16.712865829467773,19.164642333984375,19.191070556640625,19.0,19.089643478393555,199326400
2014-03-13,AAPL,16.52724838256836,18.951786041259766,19.273571014404297,18.898571014404297,19.194286346435547,257742800
2014-03-14,AAPL,16.341623306274414,18.738929748535156,18.960357666015625,18.678571701049805,18.885356903076172,237199200
2014-03-17,AAPL,16.40546417236328,18.812143325805664,18.927499771118164,18.780357360839844,18.8464298248291,199544800
2014-03-18,AAPL,16.55060386657715,18.97857093811035,18.99892807006836,18.757143020629883,18.782142639160156,209647200
2014-03-19,AAPL,16.546241760253906,18.97357177734375,19.15142822265625,18.89285659790039,19.009286880493164,224756000
2014-03-20,AAPL,16.466516494750977,18.882143020629883,19.023929595947266,18.83392906188965,18.92464256286621,208398400
2014-03-21,AAPL,16.596391677856445,19.031070709228516,19.0625,18.797500610351562,18.997499465942383,374046400
2014-03-24,AAPL,16.79322624206543,19.256786346435547,19.303571701049805,19.109285354614258,19.229286193847656,355700800
2014-03-25,AAPL,16.9738712310791,19.46392822265625,19.491071701049805,19.27107048034668,19.33928680419922,282293200
2014-03-26,AAPL,16.811601638793945,19.277856826782227,19.60714340209961,19.2450008392334,19.518571853637695,299768000
2014-03-27,AAPL,16.739347457885742,19.19499969482422,19.33928680419922,19.11142921447754,19.286428451538086,222031600
2014-03-28,AAPL,16.72065544128418,19.17357063293457,19.24785614013672,19.08035659790039,19.2257137298584,200564000
2014-03-31,AAPL,16.71692657470703,19.169286727905273,19.31464385986328,19.140356063842773,19.258214950561523,168669200
2014-04-01,AAPL,16.869848251342773,19.344642639160156,19.352500915527344,19.17035675048828,19.205713272094727,200760000
2014-04-02,AAPL,16.89787483215332,19.376785278320312,19.40999984741211,19.295000076293945,19.37071418762207,180420800
2014-04-03,AAPL,16.7807674407959,19.24250030517578,19.375,19.20142936706543,19.335357666015625,162344000
2014-04-04,AAPL,16.563682556152344,18.99357032775879,19.28571319580078,18.94928550720215,19.278928756713867,275251200
2014-04-07,AAPL,16.30362892150879,18.695356369018555,18.96071434020996,18.63892936706543,18.85785675048828,289850400
2014-04-08,AAPL,16.302690505981445,18.694286346435547,18.790000915527344,18.524999618530273,18.756786346435547,243888400
2014-04-09,AAPL,16.516965866088867,18.940000534057617,18.94607162475586,18.643571853637695,18.665714263916016,206169600
2014-04-10,AAPL,16.303930282592773,18.695714950561523,19.00857162475586,18.684642791748047,18.952856063842773,239652000
2014-04-11,AAPL,16.18340492248535,18.5575008392334,18.672500610351562,18.46928596496582,18.53571319580078,271717600
2014-04-14,AAPL,16.247873306274414,18.63142967224121,18.648571014404297,18.471786499023438,18.639286041259766,205674000
2014-04-15,AAPL,16.13201332092285,18.498571395874023,18.6299991607666,18.26178550720215,18.581071853637695,266490000
2014-04-16,AAPL,16.164718627929688,18.53607177734375,18.6103572845459,18.36214256286621,18.501785278320312,214765600
2014-04-17,AAPL,16.349407196044922,18.74785614013672,18.84857177734375,18.542856216430664,18.571428298950195,284334400
2014-04-21,AAPL,16.54344367980957,18.97035789489746,19.0049991607666,18.71285629272461,18.762142181396484,182548800
2014-04-22,AAPL,16.559946060180664,18.989286422729492,18.993928909301758,18.803571701049805,18.868213653564453,202563200
2014-04-23,AAPL,16.343486785888672,18.741071701049805,18.968929290771484,18.730356216430664,18.895000457763672,394940000
2014-04-24,AAPL,17.68335723876953,20.27750015258789,20.35714340209961,20.026071548461914,20.293214797973633,759911600
2014-04-25,AAPL,17.813236236572266,20.426429748535156,20.428213119506836,20.141429901123047,20.161785125732422,390275200
2014-04-28,AAPL,18.503110885620117,21.217500686645508,21.27678680419922,20.448213577270508,20.457143783569336,669485600
2014-04-29,AAPL,18.44828224182129,21.15464210510254,21.28499984741211,21.05392837524414,21.204999923706055,337377600
2014-04-30,AAPL,18.378522872924805,21.074642181396484,21.408214569091797,21.064285278320312,21.165714263916016,456640800
2014-05-01,AAPL,18.421810150146484,21.124286651611328,21.242856979370117,20.941429138183594,21.14285659790039,244048000
2014-05-02,AAPL,18.456069946289062,21.163570404052734,21.2214298248291,21.061071395874023,21.155000686645508,191514400
2014-05-05,AAPL,18.71707534790039,21.46285629272461,21.46428680419922,21.071428298950195,21.07642936706543,287067200
2014-05-06,AAPL,18.5130672454834,21.22892951965332,21.586071014404297,21.22892951965332,21.492856979370117,374564400
2014-05-07,AAPL,18.44828224182129,21.15464210510254,21.331785202026367,20.9903564453125,21.258928298950195,282864400
2014-05-08,AAPL,18.415403366088867,20.999643325805664,21.22892951965332,20.94285774230957,21.008928298950195,230297200
2014-05-09,AAPL,18.338666915893555,20.91214370727539,20.9375,20.726070404052734,20.876428604125977,291597600
2014-05-12,AAPL,18.566987991333008,21.172500610351562,21.2021427154541,20.97857093811035,20.981786727905273,213208800
2014-05-13,AAPL,18.596113204956055,21.205713272094727,21.233570098876953,21.0964298248291,21.14285659790039,159737200
2014-05-14,AAPL,18.59956169128418,21.20964241027832,21.33571434020996,21.13357162475586,21.158214569091797,166404000
2014-05-15,AAPL,18.441394805908203,21.029285430908203,21.30714225769043,21.001428604125977,21.239286422729492,230846000
2014-05-16,AAPL,18.713558197021484,21.339643478393555,21.340356826782227,20.907142639160156,21.022499084472656,276256400
2014-05-19,AAPL,18.935300827026367,21.592500686645508,21.690357208251953,21.333213806152344,21.35178565979004,317755200
2014-05-20,AAPL,18.939058303833008,21.596786499023438,21.657142639160156,21.45464324951172,21.589643478393555,234836000
2014-05-21,AAPL,18.98916244506836,21.653928756713867,21.667856216430664,21.50214385986328,21.565357208251953,196859600
2014-05-22,AAPL,19.019235610961914,21.688213348388672,21.780357360839844,21.575000762939453,21.66428565979004,200760000
2014-05-23,AAPL,19.23409080505371,21.93321418762207,21.95464324951172,21.659643173217773,21.6875,232209600
2014-05-27,AAPL,19.594257354736328,22.343929290771484,22.352142333984375,21.986785888671875,21.99571418762207,348866000
2014-05-28,AAPL,19.54351806640625,22.28607177734375,22.493928909301758,22.277856826782227,22.35785675048828,315481600
2014-05-29,AAPL,19.899621963500977,22.692142486572266,22.745357513427734,22.42035675048828,22.423213958740234,376474000
2014-05-30,AAPL,19.82508087158203,22.60714340209961,23.006071090698242,22.46071434020996,22.78499984741211,564020800
2014-06-02,AAPL,19.688844680786133,22.451786041259766,22.672500610351562,22.23214340209961,22.641429901123047,369350800
2014-06-03,AAPL,19.96727180480957,22.769285202026367,22.812143325805664,22.4375,22.44499969482422,292709200
2014-06-04,AAPL,20.195270538330078,23.029285430908203,23.13892936706543,22.71821403503418,22.765714645385742,335482000
2014-06-05,AAPL,20.274517059326172,23.11964225769043,23.19178581237793,22.95035743713379,23.078571319580078,303805600
2014-06-06,AAPL,20.218759536743164,23.05607032775879,23.259286880493164,23.016786575317383,23.21071434020996,349938400
2014-06-09,AAPL,20.542285919189453,23.424999237060547,23.469999313354492,22.9375,23.174999237060547,301660000
2014-06-10,AAPL,20.66286849975586,23.5625,23.762500762939453,23.392499923706055,23.6825008392334,251108000
2014-06-11,AAPL,20.57737159729004,23.46500015258789,23.690000534057617,23.36750030517578,23.532499313354492,182724000
2014-06-12,AAPL,20.23316764831543,23.072500228881836,23.530000686645508,22.975000381469727,23.510000228881836,218996000
2014-06-13,AAPL,20.01174545288086,22.81999969482422,23.110000610351562,22.719999313354492,23.049999237060547,218100000
2014-06-16,AAPL,20.213441848754883,23.049999237060547,23.1875,22.862499237060547,22.877500534057617,142244000
2014-06-17,AAPL,20.18712615966797,23.020000457763672,23.174999237060547,22.950000762939453,23.077499389648438,118904000
2014-06-18,AAPL,20.209060668945312,23.045000076293945,23.072500228881836,22.837499618530273,23.0674991607666,134056000
2014-06-19,AAPL,20.138891220092773,22.96500015258789,23.075000762939453,22.834999084472656,23.072500228881836,142112000
2014-06-20,AAPL,19.930625915527344,22.727500915527344,23.137500762939453,22.725000381469727,22.962499618530273,403592000
2014-06-23,AAPL,19.913095474243164,22.707500457763672,22.905000686645508,22.649999618530273,22.829999923706055,174776000
2014-06-24,AAPL,19.792512893676758,22.56999969482422,22.934999465942383,22.547500610351562,22.6875,156144000
2014-06-25,AAPL,19.81005096435547,22.59000015258789,22.674999237060547,22.412500381469727,22.552499771118164,147476000
2014-06-26,AAPL,19.928430557250977,22.725000381469727,22.762500762939453,22.450000762939453,22.592500686645508,130516000
2014-06-27,AAPL,20.16521453857422,22.9950008392334,23.0,22.6924991607666,22.704999923706055,256116000
2014-06-30,AAPL,20.373485565185547,23.232500076293945,23.4325008392334,23.022499084472656,23.024999618530273,197929200
2014-07-01,AAPL,20.502832412719727,23.3799991607666,23.517499923706055,23.282499313354492,23.3799991607666,152892000
2014-07-02,AAPL,20.494056701660156,23.3700008392334,23.514999389648438,23.272499084472656,23.467500686645508,113860000
2014-07-03,AAPL,20.614633560180664,23.50749969482422,23.524999618530273,23.299999237060547,23.417499542236328,91567200
2014-07-07,AAPL,21.039947509765625,23.99250030517578,23.997499465942383,23.524999618530273,23.53499984741211,225872000
2014-07-08,AAPL,20.904024124145508,23.837499618530273,24.200000762939453,23.479999542236328,24.0674991607666,260888000
2014-07-09,AAPL,20.91280174255371,23.84749984741211,23.987499237060547,23.690000534057617,23.860000610351562,145744000
2014-07-10,AAPL,20.836063385009766,23.760000228881836,23.887500762939453,23.3799991607666,23.440000534057617,158744000
2014-07-11,AAPL,20.87552833557129,23.80500030517578,23.97249984741211,23.71500015258789,23.84000015258789,136072000
2014-07-14,AAPL,21.145185470581055,24.112499237060547,24.22249984741211,23.912500381469727,23.96500015258789,171240000
2014-07-15,AAPL,20.897449493408203,23.829999923706055,24.212499618530273,23.75749969482422,24.200000762939453,181911600
2014-07-16,AAPL,20.779067993164062,23.69499969482422,24.274999618530273,23.684999465942383,24.24250030517578,213585200
2014-07-17,AAPL,20.408550262451172,23.272499084472656,23.81999969482422,23.142499923706055,23.75749969482422,229192000
2014-07-18,AAPL,20.702333450317383,23.607500076293945,23.684999465942383,23.2549991607666,23.405000686645508,199952000
2014-07-21,AAPL,20.594913482666016,23.485000610351562,23.75,23.43000030517578,23.747499465942383,156316000
2014-07-22,AAPL,20.76590919494629,23.68000030517578,23.72249984741211,23.530000686645508,23.670000076293945,220788000
2014-07-23,AAPL,21.307418823242188,24.297500610351562,24.469999313354492,23.792499542236328,23.854999542236328,371672000
2014-07-24,AAPL,21.272348403930664,24.25749969482422,24.329999923706055,24.104999542236328,24.260000228881836,182916000
2014-07-25,AAPL,21.41265296936035,24.417499542236328,24.459999084472656,24.15999984741211,24.212499618530273,173876000
2014-07-28,AAPL,21.708614349365234,24.7549991607666,24.809999465942383,24.387500762939453,24.454999923706055,221272000
2014-07-29,AAPL,21.568309783935547,24.594999313354492,24.860000610351562,24.5625,24.832500457763672,172572000
2014-07-30,AAPL,21.517885208129883,24.537500381469727,24.674999237060547,24.417499542236328,24.610000610351562,132040000
2014-07-31,AAPL,20.95883560180664,23.899999618530273,24.362499237060547,23.832500457763672,24.290000915527344,227372000
2014-08-01,AAPL,21.075031280517578,24.032499313354492,24.155000686645508,23.702499389648438,23.725000381469727,194044000
2014-08-04,AAPL,20.956645965576172,23.897499084472656,24.145000457763672,23.792499542236328,24.092500686645508,159832000
2014-08-05,AAPL,20.85360336303711,23.780000686645508,23.920000076293945,23.59000015258789,23.84000015258789,223732000
2014-08-06,AAPL,20.81852912902832,23.739999771118164,23.8700008392334,23.677499771118164,23.6875,154232000
2014-08-07,AAPL,20.816328048706055,23.6200008392334,23.987499237060547,23.524999618530273,23.732500076293945,186844000
2014-08-08,AAPL,20.873607635498047,23.684999465942383,23.704999923706055,23.31999969482422,23.565000534057617,167460000
2014-08-11,AAPL,21.149019241333008,23.997499465942383,24.020000457763672,23.709999084472656,23.8174991607666,146340000
2014-08-12,AAPL,21.144609451293945,23.99250030517578,24.219999313354492,23.90250015258789,24.010000228881836,135180000
2014-08-13,AAPL,21.424423217773438,24.309999465942383,24.309999465942383,24.010000228881836,24.037500381469727,127664000
2014-08-14,AAPL,21.481704711914062,24.375,24.392499923706055,24.200000762939453,24.332500457763672,112464000
2014-08-15,AAPL,21.587459564208984,24.4950008392334,24.547500610351562,24.21500015258789,24.475000381469727,195804000
2014-08-18,AAPL,21.847450256347656,24.790000915527344,24.842500686645508,24.4950008392334,24.622499465942383,190288000
2014-08-19,AAPL,22.149293899536133,25.13249969482422,25.170000076293945,24.829999923706055,24.852500915527344,277596000
2014-08-20,AAPL,22.158103942871094,25.142499923706055,25.272499084472656,24.987499237060547,25.110000610351562,210796000
2014-08-21,AAPL,22.16030502319336,25.145000457763672,25.235000610351562,25.02750015258789,25.142499923706055,133912000
2014-08-22,AAPL,22.32335090637207,25.329999923706055,25.36750030517578,25.047500610351562,25.072500228881836,176736000
2014-08-25,AAPL,22.37181282043457,25.385000228881836,25.542499542236328,25.31999969482422,25.447500228881836,161080000
2014-08-26,AAPL,22.228605270385742,25.22249984741211,25.375,25.21500015258789,25.354999542236328,132608000
2014-08-27,AAPL,22.50181007385254,25.532499313354492,25.642499923706055,25.174999237060547,25.2549991607666,209476000
2014-08-28,AAPL,22.528247833251953,25.5625,25.69499969482422,25.389999389648438,25.397499084472656,273840000
2014-08-29,AAPL,22.583337783813477,25.625,25.725000381469727,25.549999237060547,25.71500015258789,178380000
2014-09-02,AAPL,22.759592056274414,25.825000762939453,25.934999465942383,25.68000030517578,25.764999389648438,214256000
2014-09-03,AAPL,21.798973083496094,24.735000610351562,25.799999237060547,24.645000457763672,25.774999618530273,501684000
2014-09-04,AAPL,21.618314743041992,24.530000686645508,25.022499084472656,24.447500228881836,24.712499618530273,342872000
2014-09-05,AAPL,21.805585861206055,24.74250030517578,24.84749984741211,24.577499389648438,24.700000762939453,233828000
2014-09-08,AAPL,21.67118263244629,24.59000015258789,24.827499389648438,24.512500762939453,24.825000762939453,185426800
2014-09-09,AAPL,21.589664459228516,24.497499465942383,25.770000457763672,24.03499984741211,24.770000457763672,759385200
2014-09-10,AAPL,22.25284194946289,25.25,25.27750015258789,24.440000534057617,24.502500534057617,403478400
2014-09-11,AAPL,22.347583770751953,25.357500076293945,25.360000610351562,24.905000686645508,25.102500915527344,249412400
2014-09-12,AAPL,22.398256301879883,25.415000915527344,25.547500610351562,25.270000457763672,25.302499771118164,250504400
2014-09-15,AAPL,22.39164924621582,25.407499313354492,25.762500762939453,25.360000610351562,25.702499389648438,245266000
2014-09-16,AAPL,22.222002029418945,25.21500015258789,25.315000534057617,24.72249984741211,24.950000762939453,267632400
2014-09-17,AAPL,22.38064193725586,25.395000457763672,25.450000762939453,25.147499084472656,25.3174991607666,243706000
2014-09-18,AAPL,22.42689323425293,25.447500228881836,25.587499618530273,25.389999389648438,25.482500076293945,149197600
2014-09-19,AAPL,22.2440242767334,25.239999771118164,25.587499618530273,25.125,25.572500228881836,283609600
2014-09-22,AAPL,22.266067504882812,25.264999389648438,25.53499984741211,25.145000457763672,25.450000762939453,211153600
2014-09-23,AAPL,22.614173889160156,25.65999984741211,25.735000610351562,25.135000228881836,25.149999618530273,253608800
2014-09-24,AAPL,22.418088912963867,25.4375,25.712499618530273,25.299999237060547,25.540000915527344,240687200
2014-09-25,AAPL,21.563232421875,24.467500686645508,25.177499771118164,24.43000030517578,25.127500534057617,400368000
2014-09-26,AAPL,22.197763442993164,25.1875,25.1875,24.600000381469727,24.63249969482422,249482000
2014-09-29,AAPL,22.05675506591797,25.02750015258789,25.110000610351562,24.657499313354492,24.662500381469727,199065200
2014-09-30,AAPL,22.197763442993164,25.1875,25.385000228881836,25.13249969482422,25.202499389648438,221056400
2014-10-01,AAPL,21.851852416992188,24.795000076293945,25.172500610351562,24.674999237060547,25.147499084472656,205965200
2014-10-02,AAPL,22.0104923248291,24.975000381469727,25.05500030517578,24.510000228881836,24.8174991607666,191031200
2014-10-03,AAPL,21.94879150390625,24.905000686645508,25.052499771118164,24.760000228881836,24.860000610351562,173878400
2014-10-06,AAPL,21.94879150390625,24.905000686645508,25.162500381469727,24.854999542236328,24.987499237060547,148204800
2014-10-07,AAPL,21.75711441040039,24.6875,25.030000686645508,24.6825008392334,24.857500076293945,168376800
2014-10-08,AAPL,22.20877456665039,25.200000762939453,25.27750015258789,24.577499389648438,24.690000534057617,229618800
2014-10-09,AAPL,22.25724983215332,25.2549991607666,25.594999313354492,25.15250015258789,25.385000228881836,309506000
2014-10-10,AAPL,22.193357467651367,25.1825008392334,25.50749969482422,25.075000762939453,25.172500610351562,265326400
2014-10-13,AAPL,21.990657806396484,24.952499389648438,25.44499969482422,24.952499389648438,25.332500457763672,214333600
2014-10-14,AAPL,21.75711441040039,24.6875,25.1299991607666,24.642499923706055,25.09749984741211,254754400
2014-10-15,AAPL,21.49052619934082,24.385000228881836,24.787500381469727,23.795000076293945,24.49250030517578,403734400
2014-10-16,AAPL,21.20850372314453,24.065000534057617,24.43000030517578,23.852500915527344,23.887500762939453,288618000
2014-10-17,AAPL,21.519163131713867,24.417499542236328,24.75,24.202499389648438,24.375,272718800
2014-10-20,AAPL,21.979642868041992,24.940000534057617,24.989999771118164,24.55500030517578,24.579999923706055,310069200
2014-10-21,AAPL,22.576725006103516,25.61750030517578,25.7549991607666,25.3174991607666,25.7549991607666,378495600
2014-10-22,AAPL,22.69129753112793,25.747499465942383,26.02750015258789,25.649999618530273,25.709999084472656,273052400
2014-10-23,AAPL,23.09669303894043,26.207500457763672,26.262500762939453,25.907499313354492,26.020000457763672,284298800
2014-10-24,AAPL,23.1826114654541,26.30500030517578,26.372499465942383,26.13249969482422,26.295000076293945,188215600
2014-10-27,AAPL,23.158384323120117,26.27750015258789,26.3700008392334,26.174999237060547,26.212499618530273,136750800
2014-10-28,AAPL,23.517507553100586,26.684999465942383,26.684999465942383,26.337499618530273,26.350000381469727,192243600
2014-10-29,AAPL,23.64970588684082,26.834999084472656,26.842500686645508,26.59000015258789,26.662500381469727,210751600
2014-10-30,AAPL,23.57039451599121,26.7450008392334,26.837499618530273,26.475000381469727,26.739999771118164,162619200
2014-10-31,AAPL,23.795124053955078,27.0,27.010000228881836,26.802499771118164,27.002500534057617,178557200
2014-11-03,AAPL,24.10357093811035,27.350000381469727,27.575000762939453,27.002500534057617,27.05500030517578,209130400
2014-11-04,AAPL,23.92731285095215,27.149999618530273,27.372499465942383,26.93000030517578,27.34000015258789,166297600
2014-11-05,AAPL,23.984600067138672,27.21500015258789,27.325000762939453,27.032499313354492,27.274999618530273,149743600
2014-11-06,AAPL,24.05320167541504,27.174999237060547,27.197500228881836,26.950000762939453,27.149999618530273,139874000
2014-11-07,AAPL,24.121793746948242,27.252500534057617,27.329999923706055,27.137500762939453,27.1875,134766000
2014-11-10,AAPL,24.081966400146484,27.207500457763672,27.332500457763672,27.167499542236328,27.2549991607666,108782000
2014-11-11,AAPL,24.27447509765625,27.424999237060547,27.4375,27.100000381469727,27.174999237060547,109769200
2014-11-12,AAPL,24.617462158203125,27.8125,27.857500076293945,27.342500686645508,27.344999313354492,187769600
2014-11-13,AAPL,24.964874267578125,28.204999923706055,28.362499237060547,27.899999618530273,27.950000762939453,238091600
2014-11-14,AAPL,25.26581382751465,28.545000076293945,28.547500610351562,27.802499771118164,28.287500381469727,176254400
2014-11-17,AAPL,25.223770141601562,28.497499465942383,29.31999969482422,28.325000762939453,28.5674991607666,186986800
2014-11-18,AAPL,25.551271438598633,28.86750030517578,28.922500610351562,28.47249984741211,28.485000610351562,176896000
2014-11-19,AAPL,25.37424087524414,28.667499542236328,28.934999465942383,28.450000762939453,28.860000610351562,167476800
2014-11-20,AAPL,25.737144470214844,29.077499389648438,29.21500015258789,28.712499618530273,28.727500915527344,173582000
2014-11-21,AAPL,25.77254867553711,29.11750030517578,29.392499923706055,29.00749969482422,29.377500534057617,228717200
2014-11-24,AAPL,26.25050926208496,29.657499313354492,29.6924991607666,29.155000686645508,29.212499618530273,189803200
2014-11-25,AAPL,26.022598266601562,29.399999618530273,29.9375,29.362499237060547,29.767499923706055,275361600
2014-11-26,AAPL,26.332387924194336,29.75,29.774999618530273,29.457500457763672,29.485000610351562,163073200
2014-11-28,AAPL,26.316898345947266,29.732500076293945,29.850000381469727,29.512500762939453,29.8174991607666,99257600
2014-12-01,AAPL,25.462753295898438,28.767499923706055,29.8125,27.8174991607666,29.702499389648438,335256000
2014-12-02,AAPL,25.365386962890625,28.657499313354492,28.9375,28.1875,28.375,237395600
2014-12-03,AAPL,25.653053283691406,28.982500076293945,29.087499618530273,28.77750015258789,28.9375,172253600
2014-12-04,AAPL,25.555688858032227,28.872499465942383,29.299999237060547,28.822500228881836,28.9424991607666,168178000
2014-12-05,AAPL,25.447265625,28.75,29.020000457763672,28.65999984741211,28.997499465942383,153275600
2014-12-08,AAPL,24.871936798095703,28.100000381469727,28.662500381469727,27.905000686645508,28.524999618530273,230659600
2014-12-09,AAPL,25.252540588378906,28.530000686645508,28.575000762939453,27.337499618530273,27.547500610351562,240832000
2014-12-10,AAPL,24.772363662719727,27.987499237060547,28.712499618530273,27.885000228881836,28.602500915527344,178261200
2014-12-11,AAPL,24.699344635009766,27.905000686645508,28.450000762939453,27.834999084472656,28.065000534057617,165606800
2014-12-12,AAPL,24.281110763549805,27.4325008392334,27.967500686645508,27.395000457763672,27.614999771118164,224112400
2014-12-15,AAPL,23.94919776916504,27.0575008392334,27.899999618530273,26.587499618530273,27.674999237060547,268872400
2014-12-16,AAPL,23.62169647216797,26.6875,27.540000915527344,26.565000534057617,26.592500686645508,243162800
2014-12-17,AAPL,24.210308074951172,27.352500915527344,27.459999084472656,26.704999923706055,26.780000686645508,213647200
2014-12-18,AAPL,24.92725372314453,28.162500381469727,28.162500381469727,27.665000915527344,27.967500686645508,236024800
2014-12-19,AAPL,24.7347412109375,27.94499969482422,28.309999465942383,27.915000915527344,28.065000534057617,353719200
2014-12-22,AAPL,24.991426467895508,28.235000610351562,28.372499465942383,27.99250030517578,28.040000915527344,180670000
2014-12-23,AAPL,24.902917861938477,28.135000228881836,28.332500457763672,28.114999771118164,28.3075008392334,104113600
2014-12-24,AAPL,24.78563690185547,28.002500534057617,28.177499771118164,28.002500534057617,28.145000457763672,57918400
2014-12-26,AAPL,25.223770141601562,28.497499465942383,28.6299991607666,28.002500534057617,28.024999618530273,134884000
2014-12-29,AAPL,25.206073760986328,28.477500915527344,28.6924991607666,28.424999237060547,28.447500228881836,110395600
2014-12-30,AAPL,24.898483276367188,28.1299991607666,28.479999542236328,28.02750015258789,28.40999984741211,119526000
2014-12-31,AAPL,24.42494773864746,27.594999313354492,28.282499313354492,27.552499771118164,28.204999923706055,165613600
2015-01-02,AAPL,24.192602157592773,27.332500457763672,27.860000610351562,26.837499618530273,27.84749984741211,212818400
2015-01-05,AAPL,23.511058807373047,26.5625,27.162500381469727,26.352500915527344,27.072500228881836,257142000
2015-01-06,AAPL,23.513277053833008,26.565000534057617,26.857500076293945,26.157499313354492,26.635000228881836,263188400
2015-01-07,AAPL,23.842979431152344,26.9375,27.049999237060547,26.674999237060547,26.799999237060547,160423600
2015-01-08,AAPL,24.759082794189453,27.97249984741211,28.037500381469727,27.174999237060547,27.3075008392334,237458000
2015-01-09,AAPL,24.78563690185547,28.002500534057617,28.3125,27.552499771118164,28.167499542236328,214798000
2015-01-12,AAPL,24.174903869628906,27.3125,28.157499313354492,27.200000762939453,28.149999618530273,198603200
2015-01-13,AAPL,24.38953971862793,27.55500030517578,28.200000762939453,27.227500915527344,27.857500076293945,268367600
2015-01-14,AAPL,24.29660987854004,27.450000762939453,27.622499465942383,27.125,27.260000228881836,195826400
2015-01-15,AAPL,23.637195587158203,26.704999923706055,27.514999389648438,26.665000915527344,27.5,240056000
2015-01-16,AAPL,23.45353126525879,26.497499465942383,26.895000457763672,26.299999237060547,26.75749969482422,314053200
2015-01-20,AAPL,24.057619094848633,27.18000030517578,27.24250030517578,26.625,26.959999084472656,199599600
2015-01-21,AAPL,24.241283416748047,27.387500762939453,27.764999389648438,27.0674991607666,27.237499237060547,194303600
2015-01-22,AAPL,24.871936798095703,28.100000381469727,28.11750030517578,27.43000030517578,27.565000534057617,215185600
2015-01-23,AAPL,25.00028419494629,28.2450008392334,28.4375,27.88249969482422,28.075000762939453,185859200
2015-01-26,AAPL,25.026832580566406,28.274999618530273,28.59000015258789,28.200000762939453,28.434999465942383,222460000
2015-01-27,AAPL,24.150562286376953,27.28499984741211,28.1200008392334,27.25749969482422,28.104999542236328,382274800
2015-01-28,AAPL,25.5158634185791,28.827499389648438,29.530000686645508,28.827499389648438,29.407499313354492,585908400
2015-01-29,AAPL,26.310256958007812,29.725000381469727,29.797500610351562,28.889999389648438,29.079999923706055,337745600
2015-01-30,AAPL,25.925230026245117,29.290000915527344,30.0,29.212499618530273,29.600000381469727,334982000
2015-02-02,AAPL,26.25050926208496,29.657499313354492,29.792499542236328,29.020000457763672,29.512500762939453,250956400
2015-02-03,AAPL,26.25493812561035,29.662500381469727,29.772499084472656,29.40250015258789,29.625,207662800
2015-02-04,AAPL,26.4563045501709,29.889999389648438,30.127500534057617,29.577499389648438,29.625,280598800
2015-02-05,AAPL,26.6451358795166,29.985000610351562,30.0575008392334,29.8125,30.0049991607666,168984800
2015-02-06,AAPL,26.420759201049805,29.732500076293945,30.0625,29.612499237060547,30.0049991607666,174826400
2015-02-09,AAPL,26.596261978149414,29.93000030517578,29.959999084472656,29.607500076293945,29.637500762939453,155559200
2015-02-10,AAPL,27.10721778869629,30.5049991607666,30.537500381469727,30.040000915527344,30.042499542236328,248034000
2015-02-11,AAPL,27.742572784423828,31.219999313354492,31.229999542236328,30.625,30.6924991607666,294247200
2015-02-12,AAPL,28.093578338623047,31.614999771118164,31.8700008392334,31.392499923706055,31.514999389648438,297898000
2015-02-13,AAPL,28.231313705444336,31.770000457763672,31.81999969482422,31.412500381469727,31.81999969482422,217088800
2015-02-17,AAPL,28.397930145263672,31.957500457763672,32.220001220703125,31.729999542236328,31.872499465942383,252609600
2015-02-18,AAPL,28.595645904541016,32.18000030517578,32.19499969482422,31.862499237060547,31.907499313354492,179566800
2015-02-19,AAPL,28.535663604736328,32.11249923706055,32.25749969482422,32.08250045776367,32.119998931884766,149449600
2015-02-20,AAPL,28.76892852783203,32.375,32.375,32.01250076293945,32.154998779296875,195793600
2015-02-23,AAPL,29.546472549438477,33.25,33.25,32.415000915527344,32.505001068115234,283896400
2015-02-24,AAPL,29.362077713012695,33.04249954223633,33.400001525878906,32.79249954223633,33.23500061035156,276912400
2015-02-25,AAPL,28.611194610595703,32.1974983215332,32.900001525878906,32.037498474121094,32.88999938964844,298846800
2015-02-26,AAPL,28.973308563232422,32.60499954223633,32.717498779296875,31.65250015258789,32.1974983215332,365150000
2015-02-27,AAPL,28.537891387939453,32.1150016784668,32.64250183105469,32.060001373291016,32.5,248059200
2015-03-02,AAPL,28.677846908569336,32.272499084472656,32.56999969482422,32.07500076293945,32.3125,192386800
2015-03-03,AAPL,28.737823486328125,32.34000015258789,32.380001068115234,32.022499084472656,32.2400016784668,151265200
2015-03-04,AAPL,28.55565643310547,32.1349983215332,32.38999938964844,32.08000183105469,32.275001525878906,126665200
2015-03-05,AAPL,28.08247184753418,31.602500915527344,32.1875,31.440000534057617,32.14500045776367,226068400
2015-03-06,AAPL,28.12467384338379,31.649999618530273,32.342498779296875,31.565000534057617,32.099998474121094,291368400
2015-03-09,AAPL,28.244644165039062,31.78499984741211,32.39250183105469,31.264999389648438,31.989999771118164,354114000
2015-03-10,AAPL,27.66037940979004,31.127500534057617,31.80500030517578,30.950000762939453,31.602500915527344,275426400
2015-03-11,AAPL,27.156095504760742,30.559999465942383,31.1924991607666,30.52750015258789,31.1875,275756000
2015-03-12,AAPL,27.647048950195312,31.112499237060547,31.225000381469727,30.407499313354492,30.577499389648438,193450800
2015-03-13,AAPL,27.455997467041016,30.897499084472656,31.350000381469727,30.645000457763672,31.100000381469727,207309200
2015-03-16,AAPL,27.75812339782715,31.237499237060547,31.237499237060547,30.717500686645508,30.969999313354492,143497200
2015-03-17,AAPL,28.222429275512695,31.760000228881836,31.829999923706055,31.412500381469727,31.475000381469727,204092400
2015-03-18,AAPL,28.540109634399414,32.11750030517578,32.290000915527344,31.592500686645508,31.75,261083600
2015-03-19,AAPL,28.324615478515625,31.875,32.3125,31.850000381469727,32.1875,183238000
2015-03-20,AAPL,27.96916961669922,31.475000381469727,32.099998474121094,31.290000915527344,32.0625,274780400
2015-03-23,AAPL,28.260196685791016,31.802499771118164,31.962499618530273,31.6299991607666,31.780000686645508,150838800
2015-03-24,AAPL,28.144672393798828,31.672500610351562,32.0099983215332,31.639999389648438,31.8075008392334,131369200
2015-03-25,AAPL,27.409345626831055,30.844999313354492,31.704999923706055,30.844999313354492,31.635000228881836,206620800
2015-03-26,AAPL,27.600393295288086,31.059999465942383,31.219999313354492,30.649999618530273,30.690000534057617,190291600
2015-03-27,AAPL,27.380464553833008,30.8125,31.174999237060547,30.727500915527344,31.142499923706055,158184800
2015-03-30,AAPL,28.073585510253906,31.592500686645508,31.600000381469727,31.0,31.012500762939453,188398800
2015-03-31,AAPL,27.64261245727539,31.107500076293945,31.622499465942383,31.09000015258789,31.522499084472656,168362400
2015-04-01,AAPL,27.602611541748047,31.0625,31.280000686645508,30.774999618530273,31.204999923706055,162485600
2015-04-02,AAPL,27.840320587158203,31.329999923706055,31.389999389648438,31.047500610351562,31.25749969482422,128880400
2015-04-06,AAPL,28.291296005249023,31.837499618530273,31.877500534057617,31.082500457763672,31.11750030517578,148776000
2015-04-07,AAPL,27.993614196777344,31.502500534057617,32.029998779296875,31.4950008392334,31.90999984741211,140049200
2015-04-08,AAPL,27.902528762817383,31.399999618530273,31.600000381469727,31.24250030517578,31.462499618530273,149316800
2015-04-09,AAPL,28.11579704284668,31.639999389648438,31.645000457763672,31.165000915527344,31.462499618530273,129936000
2015-04-10,AAPL,28.23575782775879,31.774999618530273,31.802499771118164,31.315000534057617,31.487499237060547,160752000
2015-04-13,AAPL,28.180221557617188,31.712499618530273,32.14250183105469,31.65250015258789,32.092498779296875,145460400
2015-04-14,AAPL,28.058040618896484,31.575000762939453,31.822500228881836,31.477500915527344,31.75,102098400
2015-04-15,AAPL,28.164669036865234,31.69499969482422,31.782499313354492,31.502500534057617,31.602500915527344,115881600
2015-04-16,AAPL,28.02915382385254,31.542499542236328,31.774999618530273,31.52750015258789,31.56999969482422,113476000
2015-04-17,AAPL,27.71369743347168,31.1875,31.53499984741211,31.114999771118164,31.387500762939453,207828000
2015-04-20,AAPL,28.346832275390625,31.899999618530273,32.029998779296875,31.292499542236328,31.392499923706055,188217200
2015-04-21,AAPL,28.193544387817383,31.727500915527344,32.04999923706055,31.667499542236328,32.025001525878906,129740400
2015-04-22,AAPL,28.57343101501465,32.154998779296875,32.217498779296875,31.579999923706055,31.747499465942383,150618000
2015-04-23,AAPL,28.80669403076172,32.41749954223633,32.60499954223633,32.03499984741211,32.07500076293945,183083600
2015-04-24,AAPL,28.94220542907715,32.56999969482422,32.657501220703125,32.307498931884766,32.622501373291016,178103600
2015-04-27,AAPL,29.468708038330078,33.162498474121094,33.282501220703125,32.787498474121094,33.07749938964844,387816800
2015-04-28,AAPL,29.00440788269043,32.63999938964844,33.6349983215332,32.39250183105469,33.6150016784668,475696000
2015-04-29,AAPL,28.57787322998047,32.15999984741211,32.897499084472656,32.07500076293945,32.540000915527344,253544400
2015-04-30,AAPL,27.802560806274414,31.287500381469727,32.15999984741211,31.145000457763672,32.15999984741211,332781600
2015-05-01,AAPL,28.64674186706543,32.23749923706055,32.532501220703125,31.325000762939453,31.524999618530273,234050400
2015-05-04,AAPL,28.591203689575195,32.17499923706055,32.64250183105469,32.064998626708984,32.375,203953200
2015-05-05,AAPL,27.946956634521484,31.450000762939453,32.11249923706055,31.44499969482422,32.037498474121094,197085600
2015-05-06,AAPL,27.771451950073242,31.252500534057617,31.6875,30.84000015258789,31.639999389648438,288564000
2015-05-07,AAPL,27.943233489990234,31.315000534057617,31.520000457763672,31.0049991607666,31.1924991607666,175763600
2015-05-08,AAPL,28.46970558166504,31.905000686645508,31.905000686645508,31.52750015258789,31.670000076293945,222201600
2015-05-11,AAPL,28.179691314697266,31.579999923706055,31.889999389648438,31.407499313354492,31.84749984741211,168143200
2015-05-12,AAPL,28.07931137084961,31.467500686645508,31.719999313354492,31.204999923706055,31.399999618530273,192640000
2015-05-13,AAPL,28.110546112060547,31.502500534057617,31.797500610351562,31.467500686645508,31.537500381469727,138776800
2015-05-14,AAPL,28.766399383544922,32.23749923706055,32.23749923706055,31.790000915527344,31.852500915527344,180814000
2015-05-15,AAPL,28.726247787475586,32.192501068115234,32.372501373291016,32.0525016784668,32.26750183105469,152832000
2015-05-18,AAPL,29.04302215576172,32.54750061035156,32.68000030517578,32.09000015258789,32.095001220703125,203531600
2015-05-19,AAPL,29.01625633239746,32.51750183105469,32.720001220703125,32.40999984741211,32.67250061035156,178532800
2015-05-20,AAPL,29.014022827148438,32.51499938964844,32.744998931884766,32.334999084472656,32.5,145819600
2015-05-21,AAPL,29.31072235107422,32.84749984741211,32.907501220703125,32.45750045776367,32.51750183105469,158921600
2015-05-22,AAPL,29.567264556884766,33.1349983215332,33.24250030517578,32.849998474121094,32.900001525878906,182384000
2015-05-26,AAPL,28.915863037109375,32.404998779296875,33.227500915527344,32.279998779296875,33.150001525878906,282790400
2015-05-27,AAPL,29.455720901489258,33.0099983215332,33.064998626708984,32.51250076293945,32.584999084472656,183332800
2015-05-28,AAPL,29.39772605895996,32.94499969482422,32.98749923706055,32.775001525878906,32.96500015258789,122933200
2015-05-29,AAPL,29.063098907470703,32.56999969482422,32.86249923706055,32.474998474121094,32.807498931884766,203538000
2015-06-01,AAPL,29.1210994720459,32.6349983215332,32.84749984741211,32.51250076293945,32.56999969482422,128451200
2015-06-02,AAPL,28.991710662841797,32.4900016784668,32.665000915527344,32.33000183105469,32.46500015258789,134670400
2015-06-03,AAPL,29.027408599853516,32.529998779296875,32.73500061035156,32.474998474121094,32.665000915527344,123934000
2015-06-04,AAPL,28.857866287231445,32.34000015258789,32.64500045776367,32.227500915527344,32.39500045776367,153800400
2015-06-05,AAPL,28.69947624206543,32.162498474121094,32.42250061035156,32.09000015258789,32.375,142507200
2015-06-08,AAPL,28.509859085083008,31.950000762939453,32.3025016784668,31.707500457763672,32.224998474121094,210699200
2015-06-09,AAPL,28.425079345703125,31.854999542236328,32.02000045776367,31.405000686645508,31.674999237060547,224301600
2015-06-10,AAPL,28.750789642333984,32.220001220703125,32.334999084472656,31.962499618530273,31.979999542236328,156349200
2015-06-11,AAPL,28.686098098754883,32.147499084472656,32.54499816894531,32.119998931884766,32.29499816894531,141563600
2015-06-12,AAPL,28.369314193725586,31.792499542236328,32.08250045776367,31.77750015258789,32.04750061035156,147544800
2015-06-15,AAPL,28.313552856445312,31.729999542236328,31.809999465942383,31.427499771118164,31.524999618530273,175955600
2015-06-16,AAPL,28.46523666381836,31.899999618530273,31.962499618530273,31.592500686645508,31.75749969482422,125976400
2015-06-17,AAPL,28.3983211517334,31.825000762939453,31.969999313354492,31.684999465942383,31.93000030517578,131672400
2015-06-18,AAPL,28.52770233154297,31.969999313354492,32.07749938964844,31.80500030517578,31.8075008392334,141628800
2015-06-19,AAPL,28.242158889770508,31.649999618530273,31.954999923706055,31.600000381469727,31.927499771118164,218867600
2015-06-22,AAPL,28.46746826171875,31.90250015258789,32.01499938964844,31.770000457763672,31.872499465942383,136157200
2015-06-23,AAPL,28.338088989257812,31.75749969482422,31.90250015258789,31.719999313354492,31.8700008392334,121075600
2015-06-24,AAPL,28.579015731811523,32.02750015258789,32.45000076293945,31.780000686645508,31.802499771118164,221123600
2015-06-25,AAPL,28.442934036254883,31.875,32.29999923706055,31.875,32.21500015258789,127752400
2015-06-26,AAPL,28.275615692138672,31.6875,31.997499465942383,31.627500534057617,31.917499542236328,176267200
2015-06-29,AAPL,27.780378341674805,31.13249969482422,31.61750030517578,31.1200008392334,31.364999771118164,196645600
2015-06-30,AAPL,27.981151580810547,31.357500076293945,31.530000686645508,31.21500015258789,31.392499923706055,177482800
2015-07-01,AAPL,28.242158889770508,31.649999618530273,31.735000610351562,31.497499465942383,31.725000381469727,120955200
2015-07-02,AAPL,28.206466674804688,31.610000610351562,31.672500610351562,31.4424991607666,31.607500076293945,108844000
2015-07-06,AAPL,28.108308792114258,31.5,31.5575008392334,31.212499618530273,31.235000610351562,112241600
2015-07-07,AAPL,28.039154052734375,31.422500610351562,31.537500381469727,30.9424991607666,31.47249984741211,187787200
2015-07-08,AAPL,27.3431396484375,30.642499923706055,31.15999984741211,30.635000228881836,31.1200008392334,243046400
2015-07-09,AAPL,26.785438537597656,30.017499923706055,31.014999389648438,29.80500030517578,30.962499618530273,314380000
2015-07-10,AAPL,27.501529693603516,30.81999969482422,30.962499618530273,30.302499771118164,30.485000610351562,245418000
2015-07-13,AAPL,28.032459259033203,31.415000915527344,31.440000534057617,31.079999923706055,31.25749969482422,165762000
2015-07-14,AAPL,28.021305084228516,31.40250015258789,31.592500686645508,31.260000228881836,31.510000228881836,127072400
2015-07-15,AAPL,28.29123306274414,31.704999923706055,31.787500381469727,31.395000457763672,31.43000030517578,134596800
2015-07-16,AAPL,28.668245315551758,32.127498626708984,32.14250183105469,31.837499618530273,31.934999465942383,144889600
2015-07-17,AAPL,28.915863037109375,32.404998779296875,32.404998779296875,32.07749938964844,32.27000045776367,184658800
2015-07-20,AAPL,29.462419509887695,33.01750183105469,33.24250030517578,32.67499923706055,32.74250030517578,235600800
2015-07-21,AAPL,29.167949676513672,32.6875,33.22999954223633,32.58000183105469,33.212501525878906,307025600
2015-07-22,AAPL,27.934309005737305,31.30500030517578,31.375,30.497499465942383,30.497499465942383,461802400
2015-07-23,AAPL,27.920927047729492,31.290000915527344,31.772499084472656,31.264999389648438,31.549999237060547,203998000
2015-07-24,AAPL,27.77368927001953,31.125,31.434999465942383,30.975000381469727,31.329999923706055,168649200
2015-07-27,AAPL,27.38774871826172,30.6924991607666,30.90250015258789,30.530000686645508,30.772499084472656,177822000
2015-07-28,AAPL,27.523832321166992,30.844999313354492,30.977500915527344,30.637500762939453,30.844999313354492,134472400
2015-07-29,AAPL,27.436832427978516,30.747499465942383,30.875,30.5674991607666,30.787500381469727,148046800
2015-07-30,AAPL,27.29852294921875,30.592500686645508,30.642499923706055,30.427499771118164,30.579999923706055,134513200
2015-07-31,AAPL,27.059825897216797,30.325000762939453,30.65999984741211,30.227500915527344,30.649999618530273,171540000
2015-08-03,AAPL,26.421812057495117,29.610000610351562,30.642499923706055,29.3799991607666,30.375,279904000
2015-08-04,AAPL,25.574098587036133,28.65999984741211,29.424999237060547,28.3125,29.354999542236328,496554400
2015-08-05,AAPL,25.743640899658203,28.850000381469727,29.360000610351562,28.024999618530273,28.237499237060547,397250400
2015-08-06,AAPL,25.799663543701172,28.782499313354492,29.125,28.530000686645508,28.99250030517578,211612000
2015-08-07,AAPL,25.88705825805664,28.8799991607666,29.0625,28.625,28.645000457763672,154681600
2015-08-10,AAPL,26.8282470703125,29.93000030517578,29.997499465942383,29.13249969482422,29.13249969482422,219806400
2015-08-11,AAPL,25.43214988708496,28.372499465942383,29.545000076293945,28.332500457763672,29.452499389648438,388331200
2015-08-12,AAPL,25.824310302734375,28.809999465942383,28.854999542236328,27.407499313354492,28.13249969482422,404870000
2015-08-13,AAPL,25.80414581298828,28.787500381469727,29.100000381469727,28.635000228881836,29.010000228881836,194143200
2015-08-14,AAPL,25.985652923583984,28.989999771118164,29.077499389648438,28.502500534057617,28.579999923706055,171718000
2015-08-17,AAPL,26.254573822021484,29.290000915527344,29.412500381469727,28.875,29.010000228881836,163538800
2015-08-18,AAPL,26.106670379638672,29.125,29.360000610351562,29.002500534057617,29.107500076293945,138242800
2015-08-19,AAPL,25.77277374267578,28.752500534057617,29.1299991607666,28.670000076293945,29.024999618530273,193146000
2015-08-20,AAPL,25.243921279907227,28.162500381469727,28.587499618530273,27.907499313354492,28.520000457763672,274006400
2015-08-21,AAPL,23.699928283691406,26.440000534057617,27.975000381469727,26.412500381469727,27.607500076293945,513102000
2015-08-24,AAPL,23.10832405090332,25.780000686645508,27.200000762939453,23.0,23.717500686645508,648825200
2015-08-25,AAPL,23.247262954711914,25.934999465942383,27.77750015258789,25.875,27.77750015258789,414406400
2015-08-26,AAPL,24.58059310913086,27.422500610351562,27.47249984741211,26.262500762939453,26.772499084472656,387098400
2015-08-27,AAPL,25.30442237854004,28.229999542236328,28.309999465942383,27.5049991607666,28.0575008392334,338464400
2015-08-28,AAPL,25.387340545654297,28.322500228881836,28.327499389648438,27.885000228881836,28.042499542236328,212657600
2015-08-31,AAPL,25.26856803894043,28.190000534057617,28.63249969482422,28.0,28.00749969482422,224917200
2015-09-01,AAPL,24.139150619506836,26.93000030517578,27.969999313354492,26.84000015258789,27.537500381469727,307383600
2015-09-02,AAPL,25.1744441986084,28.084999084472656,28.084999084472656,27.282499313354492,27.5575008392334,247555200
2015-09-03,AAPL,24.732994079589844,27.592500686645508,28.19499969482422,27.510000228881836,28.122499465942383,212935600
2015-09-04,AAPL,24.486486434936523,27.3174991607666,27.612499237060547,27.127500534057617,27.24250030517578,199985200
2015-09-08,AAPL,25.167728424072266,28.077499389648438,28.139999389648438,27.579999923706055,27.9375,219374400
2015-09-09,AAPL,24.683685302734375,27.537500381469727,28.5049991607666,27.4424991607666,28.440000534057617,340043200
2015-09-10,AAPL,25.22598648071289,28.142499923706055,28.31999969482422,27.475000381469727,27.5674991607666,251571200
2015-09-11,AAPL,25.59349822998047,28.552499771118164,28.552499771118164,27.940000534057617,27.947500228881836,199662000
2015-09-14,AAPL,25.839998245239258,28.827499389648438,29.22249984741211,28.71500015258789,29.145000457763672,233453600
2015-09-15,AAPL,26.057369232177734,29.06999969482422,29.13249969482422,28.604999542236328,28.982500076293945,173364800
2015-09-16,AAPL,26.086502075195312,29.102500915527344,29.135000228881836,28.860000610351562,29.0625,148694000
2015-09-17,AAPL,25.528512954711914,28.479999542236328,29.122499465942383,28.43000030517578,28.915000915527344,256450400
2015-09-18,AAPL,25.423185348510742,28.362499237060547,28.575000762939453,27.967500686645508,28.052499771118164,297141200
2015-09-21,AAPL,25.817590713500977,28.802499771118164,28.842500686645508,28.415000915527344,28.417499542236328,200888000
2015-09-22,AAPL,25.411985397338867,28.350000381469727,28.545000076293945,28.1299991607666,28.344999313354492,201384800
2015-09-23,AAPL,25.618152618408203,28.579999923706055,28.68000030517578,28.325000762939453,28.407499313354492,143026800
2015-09-24,AAPL,25.77053451538086,28.75,28.875,28.092500686645508,28.3125,200878000
2015-09-25,AAPL,25.705551147460938,28.677499771118164,29.172500610351562,28.5049991607666,29.110000610351562,224607600
2015-09-28,AAPL,25.196861267089844,28.110000610351562,28.642499923706055,28.110000610351562,28.462499618530273,208436000
2015-09-29,AAPL,24.439424514770508,27.264999389648438,28.377500534057617,26.96500015258789,28.207500457763672,293461600
2015-09-30,AAPL,24.717302322387695,27.575000762939453,27.885000228881836,27.1825008392334,27.542499542236328,265892000
2015-10-01,AAPL,24.555957794189453,27.395000457763672,27.405000686645508,26.827499389648438,27.267499923706055,255716400
2015-10-02,AAPL,24.7352294921875,27.594999313354492,27.752500534057617,26.887500762939453,27.002500534057617,232079200
2015-10-05,AAPL,24.824865341186523,27.69499969482422,27.842500686645508,27.267499923706055,27.469999313354492,208258800
2015-10-06,AAPL,24.943628311157227,27.827499389648438,27.934999465942383,27.4424991607666,27.657499313354492,192787200
2015-10-07,AAPL,24.824865341186523,27.69499969482422,27.9424991607666,27.352500915527344,27.934999465942383,187062400
2015-10-08,AAPL,24.538028717041016,27.375,27.547500610351562,27.052499771118164,27.547500610351562,247918400
2015-10-09,AAPL,25.125146865844727,28.030000686645508,28.06999969482422,27.372499465942383,27.5,211064400
2015-10-12,AAPL,25.008621215820312,27.899999618530273,28.1875,27.860000610351562,28.1825008392334,121868800
2015-10-13,AAPL,25.051193237304688,27.947500228881836,28.112499237060547,27.670000076293945,27.704999923706055,132197200
2015-10-14,AAPL,24.697132110595703,27.552499771118164,27.8799991607666,27.389999389648438,27.822500228881836,177849600
2015-10-15,AAPL,25.06688117980957,27.96500015258789,28.024999618530273,27.622499465942383,27.732500076293945,150694000
2015-10-16,AAPL,24.88313102722168,27.760000228881836,28.0,27.63249969482422,27.94499969482422,156930400
2015-10-19,AAPL,25.037752151489258,27.9325008392334,27.9375,27.52750015258789,27.700000762939453,119036800
2015-10-20,AAPL,25.494905471801758,28.4424991607666,28.542499542236328,27.704999923706055,27.834999084472656,195871200
2015-10-21,AAPL,25.492656707763672,28.440000534057617,28.895000457763672,28.424999237060547,28.5,167180800
2015-10-22,AAPL,25.88257598876953,28.875,28.875,28.524999618530273,28.582500457763672,166616400
2015-10-23,AAPL,26.684825897216797,29.770000457763672,29.8075008392334,29.082500457763672,29.174999237060547,237467600
2015-10-26,AAPL,25.83327293395996,28.81999969482422,29.532499313354492,28.729999542236328,29.520000457763672,265335200
2015-10-27,AAPL,25.66969871520996,28.637500762939453,29.135000228881836,28.497499465942383,28.850000381469727,279537600
2015-10-28,AAPL,26.72740936279297,29.8174991607666,29.825000762939453,29.014999389648438,29.232500076293945,342205600
2015-10-29,AAPL,27.009763717651367,30.13249969482422,30.172500610351562,29.5674991607666,29.674999237060547,204909200
2015-10-30,AAPL,26.778947830200195,29.875,30.30500030517578,29.862499237060547,30.247499465942383,197461200
2015-11-02,AAPL,27.15541648864746,30.295000076293945,30.34000015258789,29.90250015258789,30.200000762939453,128813200
2015-11-03,AAPL,27.466903686523438,30.642499923706055,30.872499465942383,30.174999237060547,30.197500228881836,182076000
2015-11-04,AAPL,27.33917236328125,30.5,30.954999923706055,30.405000686645508,30.782499313354492,179544400
2015-11-05,AAPL,27.21314239501953,30.229999542236328,30.672500610351562,30.045000076293945,30.462499618530273,158210800
2015-11-06,AAPL,27.24464988708496,30.264999389648438,30.452499389648438,30.155000686645508,30.27750015258789,132169200
2015-11-09,AAPL,27.13437843322754,30.142499923706055,30.452499389648438,30.012500762939453,30.239999771118164,135485600
2015-11-10,AAPL,26.279186248779297,29.1924991607666,29.517499923706055,29.014999389648438,29.225000381469727,236511600
2015-11-11,AAPL,26.130651473999023,29.02750015258789,29.354999542236328,28.802499771118164,29.092500686645508,180872000
2015-11-12,AAPL,26.042877197265625,28.93000030517578,29.204999923706055,28.912500381469727,29.065000534057617,130102400
2015-11-13,AAPL,25.28220558166504,28.084999084472656,28.892499923706055,28.0674991607666,28.799999237060547,183249600
2015-11-16,AAPL,25.696298599243164,28.545000076293945,28.559999465942383,27.75,27.844999313354492,152426800
2015-11-17,AAPL,25.586023330688477,28.422500610351562,28.762500762939453,28.329999923706055,28.729999542236328,110467600
2015-11-18,AAPL,26.396211624145508,29.322500228881836,29.372499465942383,28.875,28.940000534057617,186698800
2015-11-19,AAPL,26.731536865234375,29.69499969482422,29.9375,29.190000534057617,29.40999984741211,173183200
2015-11-20,AAPL,26.84856605529785,29.825000762939453,29.979999542236328,29.712499618530273,29.799999237060547,137148400
2015-11-23,AAPL,26.499731063842773,29.4375,29.9325008392334,29.334999084472656,29.8174991607666,129930000
2015-11-24,AAPL,26.754037857055664,29.719999313354492,29.837499618530273,29.280000686645508,29.332500457763672,171212800
2015-11-25,AAPL,26.562744140625,29.50749969482422,29.8075008392334,29.479999542236328,29.802499771118164,85553200
2015-11-27,AAPL,26.51323699951172,29.452499389648438,29.602500915527344,29.399999618530273,29.572500228881836,52185600
2015-11-30,AAPL,26.623516082763672,29.575000762939453,29.852500915527344,29.4375,29.497499465942383,156721200
2015-12-01,AAPL,26.4074649810791,29.334999084472656,29.702499389648438,29.21500015258789,29.6875,139409600
2015-12-02,AAPL,26.168907165527344,29.06999969482422,29.52750015258789,29.020000457763672,29.334999084472656,133546400
2015-12-03,AAPL,25.92585563659668,28.799999237060547,29.197500228881836,28.55500030517578,29.137500762939453,166278000
2015-12-04,AAPL,26.787803649902344,29.75749969482422,29.8125,28.77750015258789,28.822500228881836,231108000
2015-12-07,AAPL,26.61901092529297,29.56999969482422,29.96500015258789,29.452499389648438,29.7450008392334,128336800
2015-12-08,AAPL,26.60775375366211,29.5575008392334,29.649999618530273,29.21500015258789,29.3799991607666,137238000
2015-12-09,AAPL,26.02037811279297,28.905000686645508,29.422500610351562,28.770000457763672,29.40999984741211,185445600
2015-12-10,AAPL,26.14415168762207,29.042499542236328,29.235000610351562,28.877500534057617,29.010000228881836,116850800
2015-12-11,AAPL,25.471250534057617,28.295000076293945,28.84749984741211,28.212499618530273,28.797500610351562,187544800
2015-12-14,AAPL,25.313718795776367,28.1200008392334,28.170000076293945,27.447500228881836,28.045000076293945,257274800
2015-12-15,AAPL,24.865861892700195,27.622499465942383,28.200000762939453,27.587499618530273,27.985000610351562,213292400
2015-12-16,AAPL,25.05715560913086,27.834999084472656,27.997499465942383,27.200000762939453,27.767499923706055,224954000
2015-12-17,AAPL,24.526037216186523,27.2450008392334,28.0625,27.2450008392334,28.0049991607666,179091200
2015-12-18,AAPL,23.86213493347168,26.50749969482422,27.3799991607666,26.452499389648438,27.227500915527344,385813200
2015-12-21,AAPL,24.15470314025879,26.832500457763672,26.842500686645508,26.392499923706055,26.81999969482422,190362400
2015-12-22,AAPL,24.132200241088867,26.8075008392334,26.93000030517578,26.612499237060547,26.850000381469727,131157600
2015-12-23,AAPL,24.44277000427246,27.15250015258789,27.212499618530273,26.799999237060547,26.8174991607666,130629600
2015-12-24,AAPL,24.31224250793457,27.00749969482422,27.25,26.987499237060547,27.25,54281600
2015-12-28,AAPL,24.039928436279297,26.704999923706055,26.922500610351562,26.545000076293945,26.897499084472656,106816800
2015-12-29,AAPL,24.472026824951172,27.184999465942383,27.357500076293945,26.71500015258789,26.739999771118164,123724800
2015-12-30,AAPL,24.152462005615234,26.829999923706055,27.174999237060547,26.795000076293945,27.145000457763672,100855200
2015-12-31,AAPL,23.68885040283203,26.315000534057617,26.75749969482422,26.204999923706055,26.752500534057617,163649200
2016-01-04,AAPL,23.709108352661133,26.337499618530273,26.342500686645508,25.5,25.65250015258789,270597600
2016-01-05,AAPL,23.114974975585938,25.677499771118164,26.462499618530273,25.602500915527344,26.4375,223164000
2016-01-06,AAPL,22.662612915039062,25.174999237060547,25.592500686645508,24.967500686645508,25.139999389648438,273829600
2016-01-07,AAPL,21.706151962280273,24.112499237060547,25.032499313354492,24.107500076293945,24.670000076293945,324377600
2016-01-08,AAPL,21.8209228515625,24.239999771118164,24.77750015258789,24.190000534057617,24.637500762939453,283192000
2016-01-11,AAPL,22.174257278442383,24.63249969482422,24.764999389648438,24.334999084472656,24.74250030517578,198957600
2016-01-12,AAPL,22.496078491210938,24.989999771118164,25.172500610351562,24.709999084472656,25.137500762939453,196616800
2016-01-13,AAPL,21.917701721191406,24.34749984741211,25.297500610351562,24.325000762939453,25.079999923706055,249758400
2016-01-14,AAPL,22.397052764892578,24.8799991607666,25.1200008392334,23.934999465942383,24.489999771118164,252680400
2016-01-15,AAPL,21.85918617248535,24.282499313354492,24.427499771118164,23.84000015258789,24.049999237060547,319335600
2016-01-19,AAPL,21.753408432006836,24.165000915527344,24.662500381469727,23.875,24.602500915527344,212350800
2016-01-20,AAPL,21.782665252685547,24.197500228881836,24.547500610351562,23.354999542236328,23.774999618530273,289337600
2016-01-21,AAPL,21.67238998413086,24.075000762939453,24.469999313354492,23.735000610351562,24.264999389648438,208646000
2016-01-22,AAPL,22.824655532836914,25.354999542236328,25.364999771118164,24.592500686645508,24.657499313354492,263202000
2016-01-25,AAPL,22.37905502319336,24.860000610351562,25.38249969482422,24.802499771118164,25.3799991607666,207178000
2016-01-26,AAPL,22.502838134765625,24.997499465942383,25.219999313354492,24.517499923706055,24.982500076293945,300308000
2016-01-27,AAPL,21.02423858642578,23.354999542236328,24.157499313354492,23.334999084472656,24.010000228881836,533478800
2016-01-28,AAPL,21.17502784729004,23.522499084472656,23.6299991607666,23.09749984741211,23.447500228881836,222715200
2016-01-29,AAPL,21.906442642211914,24.334999084472656,24.334999084472656,23.587499618530273,23.697500228881836,257666000
2016-02-01,AAPL,21.701650619506836,24.107500076293945,24.177499771118164,23.850000381469727,24.11750030517578,163774000
2016-02-02,AAPL,21.262798309326172,23.6200008392334,24.010000228881836,23.56999969482422,23.854999542236328,149428800
2016-02-03,AAPL,21.68364715576172,24.087499618530273,24.209999084472656,23.520000457763672,23.75,183857200
2016-02-04,AAPL,21.857873916625977,24.149999618530273,24.332500457763672,23.797500610351562,23.96500015258789,185886800
2016-02-05,AAPL,21.274097442626953,23.5049991607666,24.229999542236328,23.422500610351562,24.1299991607666,185672400
2016-02-08,AAPL,21.498098373413086,23.752500534057617,23.924999237060547,23.260000228881836,23.282499313354492,216085600
2016-02-09,AAPL,21.49357795715332,23.747499465942383,23.985000610351562,23.482500076293945,23.572500228881836,177324800
2016-02-10,AAPL,21.33066177368164,23.5674991607666,24.087499618530273,23.524999618530273,23.979999542236328,169374400
2016-02-11,AAPL,21.20168685913086,23.424999237060547,23.68000030517578,23.147499084472656,23.447500228881836,200298800
2016-02-12,AAPL,21.267303466796875,23.497499465942383,23.625,23.252500534057617,23.547500610351562,161405600
2016-02-16,AAPL,21.86692237854004,24.15999984741211,24.212499618530273,23.65250015258789,23.7549991607666,196231600
2016-02-17,AAPL,22.201807022094727,24.530000686645508,24.552499771118164,24.037500381469727,24.167499542236328,179452800
2016-02-18,AAPL,21.780946731567383,24.065000534057617,24.72249984741211,24.022499084472656,24.709999084472656,156084000
2016-02-19,AAPL,21.731159210205078,24.010000228881836,24.190000534057617,23.950000762939453,24.0,141496800
2016-02-22,AAPL,21.921232223510742,24.219999313354492,24.225000381469727,23.979999542236328,24.077499389648438,137123200
2016-02-23,AAPL,21.42569923400879,23.672500610351562,24.125,23.637500762939453,24.100000381469727,127770400
2016-02-24,AAPL,21.744733810424805,24.024999618530273,24.094999313354492,23.329999923706055,23.4950008392334,145022800
2016-02-25,AAPL,21.894075393676758,24.190000534057617,24.190000534057617,23.8125,24.012500762939453,110330800
2016-02-26,AAPL,21.928020477294922,24.227500915527344,24.5049991607666,24.145000457763672,24.299999237060547,115964400
2016-02-29,AAPL,21.878244400024414,24.172500610351562,24.5575008392334,24.162500381469727,24.21500015258789,140865200
2016-03-01,AAPL,22.747116088867188,25.13249969482422,25.1924991607666,24.354999542236328,24.412500381469727,201628400
2016-03-02,AAPL,22.796903610229492,25.1875,25.22249984741211,24.90999984741211,25.127500534057617,132678400
2016-03-03,AAPL,22.96660804748535,25.375,25.427499771118164,25.112499237060547,25.145000457763672,147822800
2016-03-04,AAPL,23.30828094482422,25.752500534057617,25.9375,25.342500686645508,25.592500686645508,184220400
2016-03-07,AAPL,23.050331115722656,25.467500686645508,25.707500457763672,25.239999771118164,25.59749984741211,143315600
2016-03-08,AAPL,22.860260009765625,25.25749969482422,25.440000534057617,25.100000381469727,25.19499969482422,126247600
2016-03-09,AAPL,22.88062858581543,25.280000686645508,25.395000457763672,25.0674991607666,25.327499389648438,108806800
2016-03-10,AAPL,22.891939163208008,25.292499542236328,25.559999465942383,25.037500381469727,25.352500915527344,134054400
2016-03-11,AAPL,23.13857078552246,25.565000534057617,25.56999969482422,25.375,25.559999465942383,109632800
2016-03-14,AAPL,23.197402954101562,25.6299991607666,25.727500915527344,25.44499969482422,25.477500915527344,100304400
2016-03-15,AAPL,23.663532257080078,26.145000457763672,26.295000076293945,25.962499618530273,25.989999771118164,160270800
2016-03-16,AAPL,23.978044509887695,26.49250030517578,26.577499389648438,26.147499084472656,26.15250015258789,153214000
2016-03-17,AAPL,23.939577102661133,26.450000762939453,26.61750030517578,26.239999771118164,26.3799991607666,137682800
2016-03-18,AAPL,23.966737747192383,26.479999542236328,26.625,26.297500610351562,26.584999084472656,176820800
2016-03-21,AAPL,23.96446990966797,26.477500915527344,26.912500381469727,26.28499984741211,26.482500076293945,142010800
2016-03-22,AAPL,24.14775276184082,26.68000030517578,26.822500228881836,26.302499771118164,26.3125,129777600
2016-03-23,AAPL,24.014244079589844,26.532499313354492,26.767499923706055,26.475000381469727,26.6200008392334,102814000
2016-03-24,AAPL,23.910158157348633,26.417499542236328,26.5625,26.22249984741211,26.36750030517578,104532000
2016-03-28,AAPL,23.801555633544922,26.297500610351562,26.547500610351562,26.264999389648438,26.5,77645600
2016-03-29,AAPL,24.364971160888672,26.920000076293945,26.947500228881836,26.219999313354492,26.22249984741211,124760400
2016-03-30,AAPL,24.79036521911621,27.389999389648438,27.604999542236328,27.149999618530273,27.162500381469727,182404400
2016-03-31,AAPL,24.66139030456543,27.247499465942383,27.475000381469727,27.219999313354492,27.43000030517578,103553600
2016-04-01,AAPL,24.88765525817871,27.497499465942383,27.5,27.049999237060547,27.19499969482422,103496000
2016-04-04,AAPL,25.14334487915039,27.780000686645508,28.047500610351562,27.5674991607666,27.604999542236328,149424800
2016-04-05,AAPL,24.846925735473633,27.452499389648438,27.6825008392334,27.354999542236328,27.377500534057617,106314800
2016-04-06,AAPL,25.107139587402344,27.739999771118164,27.7450008392334,27.299999237060547,27.5575008392334,105616400
2016-04-07,AAPL,24.559560775756836,27.135000228881836,27.604999542236328,27.030000686645508,27.487499237060547,127207600
2016-04-08,AAPL,24.586721420288086,27.165000915527344,27.4424991607666,27.042499542236328,27.227500915527344,94326800
2016-04-11,AAPL,24.668176651000977,27.2549991607666,27.65250015258789,27.207500457763672,27.24250030517578,117630000
2016-04-12,AAPL,24.98948097229004,27.610000610351562,27.625,27.165000915527344,27.334999084472656,108929200
2016-04-13,AAPL,25.351516723632812,28.010000228881836,28.084999084472656,27.700000762939453,27.700000762939453,133029200
2016-04-14,AAPL,25.36508560180664,28.024999618530273,28.09749984741211,27.832500457763672,27.905000686645508,101895600
2016-04-15,AAPL,24.85597801208496,27.462499618530273,28.075000762939453,27.4325008392334,28.02750015258789,187756000
2016-04-18,AAPL,24.31971549987793,26.8700008392334,27.237499237060547,26.735000610351562,27.22249984741211,243286000
2016-04-19,AAPL,24.19074058532715,26.727500915527344,27.0,26.5575008392334,26.969999313354492,129539600
2016-04-20,AAPL,24.240516662597656,26.782499313354492,27.022499084472656,26.514999389648438,26.65999984741211,122444000
2016-04-21,AAPL,23.978044509887695,26.49250030517578,26.732500076293945,26.3799991607666,26.732500076293945,126210000
2016-04-22,AAPL,23.912425994873047,26.420000076293945,26.6200008392334,26.155000686645508,26.252500534057617,134732400
2016-04-25,AAPL,23.77665901184082,26.270000457763672,26.412500381469727,26.127500534057617,26.25,112126400
2016-04-26,AAPL,23.611482620239258,26.087499618530273,26.325000762939453,25.977500915527344,25.977500915527344,224064800
2016-04-27,AAPL,22.133934020996094,24.454999923706055,24.677499771118164,23.920000076293945,24.0,458408400
2016-04-28,AAPL,21.45737075805664,23.707500457763672,24.469999313354492,23.5625,24.40250015258789,328970800
2016-04-29,AAPL,21.210739135742188,23.434999465942383,23.68000030517578,23.127500534057617,23.497499465942383,274126000
2016-05-02,AAPL,21.1881046295166,23.40999984741211,23.520000457763672,23.100000381469727,23.49250030517578,192640400
2016-05-03,AAPL,21.53656768798828,23.795000076293945,23.934999465942383,23.420000076293945,23.549999237060547,227325200
2016-05-04,AAPL,21.312559127807617,23.547500610351562,23.975000381469727,23.454999923706055,23.799999237060547,164102000
2016-05-05,AAPL,21.226049423217773,23.309999465942383,23.517499923706055,23.170000076293945,23.5,143562000
2016-05-06,AAPL,21.10767364501953,23.18000030517578,23.362499237060547,22.962499618530273,23.342500686645508,174799600
2016-05-09,AAPL,21.12360954284668,23.197500228881836,23.4424991607666,23.147499084472656,23.25,131745600
2016-05-10,AAPL,21.26702308654785,23.354999542236328,23.392499923706055,23.02750015258789,23.332500457763672,134747200
2016-05-11,AAPL,21.05986976623535,23.127500534057617,23.392499923706055,23.114999771118164,23.3700008392334,114876400
2016-05-12,AAPL,20.56586265563965,22.584999084472656,23.19499969482422,22.36750030517578,23.18000030517578,305258800
2016-05-13,AAPL,20.60684585571289,22.6299991607666,22.917499542236328,22.5,22.5,177571200
2016-05-16,AAPL,21.371746063232422,23.469999313354492,23.59749984741211,22.912500381469727,23.09749984741211,245039200
2016-05-17,AAPL,21.2829647064209,23.372499465942383,23.674999237060547,23.252500534057617,23.637500762939453,187667600
2016-05-18,AAPL,21.52655029296875,23.639999389648438,23.802499771118164,23.47249984741211,23.540000915527344,168249600
2016-05-19,AAPL,21.444595336914062,23.549999237060547,23.65999984741211,23.392499923706055,23.65999984741211,121768400
2016-05-20,AAPL,21.67679786682129,23.80500030517578,23.857500076293945,23.6299991607666,23.65999984741211,128104000
2016-05-23,AAPL,21.952259063720703,24.107500076293945,24.297500610351562,23.917499542236328,23.967500686645508,152074400
2016-05-24,AAPL,22.286903381347656,24.475000381469727,24.522499084472656,24.209999084472656,24.30500030517578,140560800
2016-05-25,AAPL,22.678449630737305,24.905000686645508,24.934999465942383,24.52750015258789,24.667499542236328,152675200
2016-05-26,AAPL,22.85830307006836,25.102500915527344,25.1825008392334,24.65999984741211,24.920000076293945,225324800
2016-05-27,AAPL,22.844640731811523,25.087499618530273,25.11750030517578,24.8125,24.860000610351562,145364800
2016-05-31,AAPL,22.733097076416016,24.96500015258789,25.100000381469727,24.704999923706055,24.899999618530273,169228800
2016-06-01,AAPL,22.41438102722168,24.614999771118164,24.885000228881836,24.582500457763672,24.7549991607666,116693200
2016-06-02,AAPL,22.245925903320312,24.43000030517578,24.459999084472656,24.157499313354492,24.399999618530273,160766400
2016-06-03,AAPL,22.291452407836914,24.479999542236328,24.5674991607666,24.362499237060547,24.447500228881836,114019600
2016-06-06,AAPL,22.45308494567871,24.657499313354492,25.47249984741211,24.387500762939453,24.497499465942383,93170000
2016-06-07,AAPL,22.544143676757812,24.75749969482422,24.967500686645508,24.739999771118164,24.8125,89638000
2016-06-08,AAPL,22.523658752441406,24.735000610351562,24.889999389648438,24.670000076293945,24.7549991607666,83392400
2016-06-09,AAPL,22.685287475585938,24.912500381469727,24.997499465942383,24.614999771118164,24.625,106405600
2016-06-10,AAPL,22.498619079589844,24.707500457763672,24.837499618530273,24.6200008392334,24.63249969482422,126851600
2016-06-13,AAPL,22.15941047668457,24.334999084472656,24.780000686645508,24.274999618530273,24.672500610351562,152082000
2016-06-14,AAPL,22.186735153198242,24.364999771118164,24.6200008392334,24.1875,24.329999923706055,127727600
2016-06-15,AAPL,22.11388397216797,24.28499984741211,24.602500915527344,24.25749969482422,24.454999923706055,117780800
2016-06-16,AAPL,22.207223892211914,24.387500762939453,24.4375,24.017499923706055,24.112499237060547,125307200
2016-06-17,AAPL,21.70184326171875,23.832500457763672,24.162500381469727,23.825000762939453,24.155000686645508,244032800
2016-06-20,AAPL,21.649477005004883,23.774999618530273,24.142499923706055,23.75749969482422,24.0,137647600
2016-06-21,AAPL,21.83387565612793,23.977500915527344,24.087499618530273,23.670000076293945,23.735000610351562,142185600
2016-06-22,AAPL,21.751920700073242,23.887500762939453,24.22249984741211,23.837499618530273,24.0625,116876400
2016-06-23,AAPL,21.87712860107422,24.024999618530273,24.072500228881836,23.8125,23.985000610351562,128960800
2016-06-24,AAPL,21.26247215270996,23.350000381469727,23.665000915527344,23.162500381469727,23.227500915527344,301245600
2016-06-27,AAPL,20.952871322631836,23.010000228881836,23.262500762939453,22.875,23.25,181958400
2016-06-28,AAPL,21.30573081970215,23.397499084472656,23.415000915527344,23.03499984741211,23.225000381469727,161779600
2016-06-29,AAPL,21.490123748779297,23.600000381469727,23.637500762939453,23.407499313354492,23.49250030517578,146124000
2016-06-30,AAPL,21.763301849365234,23.899999618530273,23.9424991607666,23.575000762939453,23.610000610351562,143345600
2016-07-01,AAPL,21.829322814941406,23.97249984741211,24.11750030517578,23.832500457763672,23.872499465942383,104106000
2016-07-05,AAPL,21.624439239501953,23.747499465942383,23.850000381469727,23.614999771118164,23.84749984741211,110820800
2016-07-06,AAPL,21.74736976623535,23.88249969482422,23.915000915527344,23.592500686645508,23.649999618530273,123796400
2016-07-07,AAPL,21.840707778930664,23.985000610351562,24.125,23.905000686645508,23.924999237060547,100558400
2016-07-08,AAPL,22.00916290283203,24.170000076293945,24.22249984741211,24.012500762939453,24.122499465942383,115648400
2016-07-11,AAPL,22.077455520629883,24.2450008392334,24.412500381469727,24.1825008392334,24.1875,95179600
2016-07-12,AAPL,22.177629470825195,24.354999542236328,24.424999237060547,24.280000686645508,24.292499542236328,96670000
2016-07-13,AAPL,22.052417755126953,24.217500686645508,24.417499542236328,24.209999084472656,24.352500915527344,103568800
2016-07-14,AAPL,22.4895076751709,24.697500228881836,24.747499465942383,24.329999923706055,24.34749984741211,155676000
2016-07-15,AAPL,22.487232208251953,24.69499969482422,24.825000762939453,24.625,24.729999542236328,120548000
2016-07-18,AAPL,22.72626304626465,24.957500457763672,25.032499313354492,24.649999618530273,24.674999237060547,145975600
2016-07-19,AAPL,22.735366821289062,24.967500686645508,25.0,24.834999084472656,24.889999389648438,95119600
2016-07-20,AAPL,22.755859375,24.989999771118164,25.114999771118164,24.934999465942383,25.0,105104000
2016-07-21,AAPL,22.63519859313965,24.857500076293945,25.25,24.782499313354492,24.957500457763672,130808000
2016-07-22,AAPL,22.459917068481445,24.665000915527344,24.825000762939453,24.577499389648438,24.815000534057617,113254800
2016-07-25,AAPL,22.15941047668457,24.334999084472656,24.709999084472656,24.229999542236328,24.5625,161531600
2016-07-26,AAPL,22.006885528564453,24.167499542236328,24.49250030517578,24.104999542236328,24.204999923706055,224959200
2016-07-27,AAPL,23.4365234375,25.737499237060547,26.087499618530273,25.6875,26.0674991607666,369379200
2016-07-28,AAPL,23.752960205078125,26.084999084472656,26.112499237060547,25.704999923706055,25.707500457763672,159479200
2016-07-29,AAPL,23.72336769104004,26.052499771118164,26.137500762939453,25.920000076293945,26.047500610351562,110934800
2016-08-01,AAPL,24.142242431640625,26.512500762939453,26.537500381469727,26.102500915527344,26.102500915527344,152671600
2016-08-02,AAPL,23.784835815429688,26.1200008392334,26.517499923706055,26.0,26.512500762939453,135266400
2016-08-03,AAPL,24.083053588867188,26.447500228881836,26.459999084472656,26.1924991607666,26.202499389648438,120810400
2016-08-04,AAPL,24.23182487487793,26.467500686645508,26.5,26.31999969482422,26.395000457763672,109634800
2016-08-05,AAPL,24.60032844543457,26.8700008392334,26.912500381469727,26.545000076293945,26.5674991607666,162213600
2016-08-08,AAPL,24.80403709411621,27.092500686645508,27.092500686645508,26.790000915527344,26.8799991607666,112148800
2016-08-09,AAPL,24.904743194580078,27.202499389648438,27.235000610351562,27.002500534057617,27.0575008392334,105260800
2016-08-10,AAPL,24.71935272216797,27.0,27.225000381469727,26.940000534057617,27.177499771118164,96034000
2016-08-11,AAPL,24.70332908630371,26.982500076293945,27.232500076293945,26.962499618530273,27.1299991607666,109938000
2016-08-12,AAPL,24.76054573059082,27.045000076293945,27.110000610351562,26.94499969482422,26.94499969482422,74641600
2016-08-15,AAPL,25.0580997467041,27.3700008392334,27.385000228881836,27.020000457763672,27.03499984741211,103472800
2016-08-16,AAPL,25.035207748413086,27.344999313354492,27.5575008392334,27.302499771118164,27.407499313354492,135177600
2016-08-17,AAPL,24.998586654663086,27.30500030517578,27.342500686645508,27.084999084472656,27.274999618530273,101424000
2016-08-18,AAPL,24.966543197631836,27.270000457763672,27.399999618530273,27.2549991607666,27.3075008392334,87938800
2016-08-19,AAPL,25.03063201904297,27.34000015258789,27.422500610351562,27.09000015258789,27.1924991607666,101472400
2016-08-22,AAPL,24.836076736450195,27.127500534057617,27.274999618530273,26.962499618530273,27.21500015258789,103280800
2016-08-23,AAPL,24.913894653320312,27.212499618530273,27.329999923706055,27.13249969482422,27.147499084472656,85030800
2016-08-24,AAPL,24.726215362548828,27.00749969482422,27.1875,26.920000076293945,27.142499923706055,94700400
2016-08-25,AAPL,24.620925903320312,26.892499923706055,26.969999313354492,26.670000076293945,26.84749984741211,100344800
2016-08-26,AAPL,24.476734161376953,26.735000610351562,26.987499237060547,26.577499389648438,26.852500915527344,111065200
2016-08-29,AAPL,24.44926643371582,26.704999923706055,26.860000610351562,26.572500228881836,26.655000686645508,99881200
2016-08-30,AAPL,24.26158905029297,26.5,26.625,26.375,26.450000762939453,99455600
2016-08-31,AAPL,24.28447914123535,26.524999618530273,26.642499923706055,26.40999984741211,26.415000915527344,118649600
2016-09-01,AAPL,24.428668975830078,26.6825008392334,26.700000762939453,26.405000686645508,26.53499984741211,106806000
2016-09-02,AAPL,24.657546997070312,26.9325008392334,27.0,26.704999923706055,26.924999237060547,107210000
2016-09-06,AAPL,24.65068817138672,26.924999237060547,27.075000762939453,26.877500534057617,26.975000381469727,107521600
2016-09-07,AAPL,24.801746368408203,27.09000015258789,27.190000534057617,26.767499923706055,26.957500457763672,169457200
2016-09-08,AAPL,24.15172004699707,26.3799991607666,26.8174991607666,26.309999465942383,26.8125,212008000
2016-09-09,AAPL,23.604684829711914,25.782499313354492,26.43000030517578,25.782499313354492,26.15999984741211,186228000
2016-09-12,AAPL,24.133411407470703,26.360000610351562,26.43000030517578,25.63249969482422,25.662500381469727,181171200
2016-09-13,AAPL,24.70790672302246,26.987499237060547,27.197500228881836,26.809999465942383,26.877500534057617,248704800
2016-09-14,AAPL,25.58223533630371,27.9424991607666,28.25749969482422,27.149999618530273,27.1825008392334,443554800
2016-09-15,AAPL,26.451993942260742,28.892499923706055,28.9325008392334,28.372499465942383,28.46500015258789,359934400
2016-09-16,AAPL,26.303226470947266,28.729999542236328,29.032499313354492,28.510000228881836,28.780000686645508,319547600
2016-09-19,AAPL,25.99651527404785,28.395000457763672,29.045000076293945,28.3125,28.797500610351562,188092000
2016-09-20,AAPL,25.994224548339844,28.392499923706055,28.530000686645508,28.127500534057617,28.262500762939453,138057200
2016-09-21,AAPL,25.989648818969727,28.387500762939453,28.497499465942383,28.110000610351562,28.462499618530273,144012800
2016-09-22,AAPL,26.234554290771484,28.655000686645508,28.735000610351562,28.5,28.587499618530273,124296000
2016-09-23,AAPL,25.797386169433594,28.177499771118164,28.697500228881836,27.887500762939453,28.604999542236328,209924800
2016-09-26,AAPL,25.83629035949707,28.219999313354492,28.34749984741211,27.887500762939453,27.90999984741211,119477600
2016-09-27,AAPL,25.88436508178711,28.272499084472656,28.295000076293945,28.084999084472656,28.25,98429600
2016-09-28,AAPL,26.081205368041992,28.487499237060547,28.65999984741211,28.357500076293945,28.422500610351562,118564400
2016-09-29,AAPL,25.676084518432617,28.045000076293945,28.450000762939453,27.950000762939453,28.290000915527344,143548000
2016-09-30,AAPL,25.875205993652344,28.262500762939453,28.342500686645508,27.950000762939453,28.114999771118164,145516400
2016-10-03,AAPL,25.753896713256836,28.1299991607666,28.262500762939453,28.06999969482422,28.177499771118164,86807200
2016-10-04,AAPL,25.863767623901367,28.25,28.577499389648438,28.157499313354492,28.264999389648438,118947200
2016-10-05,AAPL,25.875205993652344,28.262500762939453,28.415000915527344,28.172500610351562,28.350000381469727,85812400
2016-10-06,AAPL,26.067476272583008,28.47249984741211,28.584999084472656,28.282499313354492,28.424999237060547,115117200
2016-10-07,AAPL,26.10637855529785,28.514999389648438,28.639999389648438,28.377500534057617,28.577499389648438,97433600
2016-10-10,AAPL,26.561853408813477,29.012500762939453,29.1875,28.68000030517578,28.7549991607666,144944000
2016-10-11,AAPL,26.619075775146484,29.075000762939453,29.672500610351562,29.049999237060547,29.424999237060547,256164000
2016-10-12,AAPL,26.857118606567383,29.334999084472656,29.4950008392334,29.1875,29.337499618530273,150347200
2016-10-13,AAPL,26.774717330932617,29.2450008392334,29.360000610351562,28.93000030517578,29.197500228881836,140769600
2016-10-14,AAPL,26.923490524291992,29.407499313354492,29.542499542236328,29.282499313354492,29.469999313354492,142608800
2016-10-17,AAPL,26.905179977416992,29.387500762939453,29.459999084472656,29.19499969482422,29.332500457763672,94499600
2016-10-18,AAPL,26.88686180114746,29.36750030517578,29.552499771118164,29.362499237060547,29.545000076293945,98214000
2016-10-19,AAPL,26.806764602661133,29.280000686645508,29.440000534057617,28.450000762939453,29.3125,80138400
2016-10-20,AAPL,26.793025970458984,29.264999389648438,29.344999313354492,29.082500457763672,29.21500015258789,96503200
2016-10-21,AAPL,26.687742233276367,29.149999618530273,29.227500915527344,29.06999969482422,29.202499389648438,92770800
2016-10-24,AAPL,26.928071975708008,29.412500381469727,29.434999465942383,29.25,29.274999618530273,94154800
2016-10-25,AAPL,27.065401077270508,29.5625,29.59000015258789,29.327499389648438,29.487499237060547,192516000
2016-10-26,AAPL,26.456571578979492,28.897499084472656,28.924999237060547,28.327499389648438,28.577499389648438,264536800
2016-10-27,AAPL,26.20250701904297,28.6200008392334,28.96500015258789,28.524999618530273,28.84749984741211,138248000
2016-10-28,AAPL,26.028560638427734,28.43000030517578,28.802499771118164,28.362499237060547,28.467500686645508,151446800
2016-10-31,AAPL,25.98736000061035,28.385000228881836,28.5575008392334,28.299999237060547,28.412500381469727,105677600
2016-11-01,AAPL,25.518152236938477,27.872499465942383,28.4424991607666,27.63249969482422,28.364999771118164,175303200
2016-11-02,AAPL,25.54103660583496,27.897499084472656,28.087499618530273,27.8075008392334,27.850000381469727,113326800
2016-11-03,AAPL,25.26727294921875,27.457500457763672,27.864999771118164,27.387500762939453,27.7450008392334,107730400
2016-11-04,AAPL,25.039514541625977,27.209999084472656,27.5625,27.02750015258789,27.13249969482422,123348000
2016-11-07,AAPL,25.400705337524414,27.602500915527344,27.627500534057617,27.364999771118164,27.520000457763672,130240000
2016-11-08,AAPL,25.55024528503418,27.764999389648438,27.93000030517578,27.424999237060547,27.577499389648438,97016800
2016-11-09,AAPL,25.508832931518555,27.719999313354492,27.829999923706055,27.012500762939453,27.469999313354492,236705600
2016-11-10,AAPL,24.797956466674805,26.947500228881836,27.772499084472656,26.457500457763672,27.772499084472656,228538000
2016-11-11,AAPL,24.945192337036133,27.107500076293945,27.217500686645508,26.637500762939453,26.780000686645508,136575600
2016-11-14,AAPL,24.31943130493164,26.427499771118164,26.952499389648438,26.020000457763672,26.927499771118164,204702000
2016-11-15,AAPL,24.641508102416992,26.77750015258789,26.920000076293945,26.540000915527344,26.642499923706055,129058000
2016-11-16,AAPL,25.3040771484375,27.497499465942383,27.5575008392334,26.649999618530273,26.674999237060547,235362000
2016-11-17,AAPL,25.29488182067871,27.487499237060547,27.587499618530273,27.207500457763672,27.452499389648438,110528000
2016-11-18,AAPL,25.3201904296875,27.514999389648438,27.635000228881836,27.415000915527344,27.43000030517578,113715600
2016-11-21,AAPL,25.704381942749023,27.9325008392334,27.997499465942383,27.502500534057617,27.530000686645508,117058400
2016-11-22,AAPL,25.720489501953125,27.950000762939453,28.104999542236328,27.850000381469727,27.987499237060547,103862000
2016-11-23,AAPL,25.589351654052734,27.8075008392334,27.877500534057617,27.582500457763672,27.84000015258789,109705600
2016-11-25,AAPL,25.718185424804688,27.947500228881836,27.967500686645508,27.737499237060547,27.782499313354492,45903600
2016-11-28,AAPL,25.667572021484375,27.892499923706055,28.11750030517578,27.84749984741211,27.857500076293945,108776000
2016-11-29,AAPL,25.642263412475586,27.864999771118164,28.00749969482422,27.517499923706055,27.69499969482422,114115200
2016-11-30,AAPL,25.426008224487305,27.6299991607666,28.049999237060547,27.5674991607666,27.899999618530273,144649200
2016-12-01,AAPL,25.189044952392578,27.372499465942383,27.735000610351562,27.25749969482422,27.592500686645508,148347600
2016-12-02,AAPL,25.28337860107422,27.475000381469727,27.522499084472656,27.212499618530273,27.292499542236328,106112000
2016-12-05,AAPL,25.101627349853516,27.27750015258789,27.50749969482422,27.0625,27.5,137298000
2016-12-06,AAPL,25.29488182067871,27.487499237060547,27.59000015258789,27.297500610351562,27.375,104782000
2016-12-07,AAPL,25.5433406829834,27.75749969482422,27.797500610351562,27.290000915527344,27.315000534057617,119994800
2016-12-08,AAPL,25.79410171508789,28.030000686645508,28.107500076293945,27.649999618530273,27.71500015258789,108273200
2016-12-09,AAPL,26.215110778808594,28.487499237060547,28.674999237060547,28.077499389648438,28.077499389648438,137610400
2016-12-12,AAPL,26.065574645996094,28.325000762939453,28.75,28.122499465942383,28.322500228881836,105497600
2016-12-13,AAPL,26.500385284423828,28.797500610351562,28.979999542236328,28.4375,28.459999084472656,174935200
2016-12-14,AAPL,26.500385284423828,28.797500610351562,29.049999237060547,28.7450008392334,28.760000228881836,136127200
2016-12-15,AAPL,26.64531898498535,28.954999923706055,29.1825008392334,28.8075008392334,28.844999313354492,186098000
2016-12-16,AAPL,26.679832458496094,28.99250030517578,29.125,28.912500381469727,29.11750030517578,177404400
2016-12-19,AAPL,26.833965301513672,29.15999984741211,29.344999313354492,28.9375,28.950000762939453,111117600
2016-12-20,AAPL,26.905288696289062,29.237499237060547,29.375,29.170000076293945,29.184999465942383,85700000
2016-12-21,AAPL,26.930587768554688,29.264999389648438,29.350000381469727,29.19499969482422,29.200000762939453,95132800
2016-12-22,AAPL,26.753448486328125,29.072500228881836,29.127500534057617,28.90999984741211,29.087499618530273,104343600
2016-12-23,AAPL,26.806360244750977,29.1299991607666,29.1299991607666,28.897499084472656,28.897499084472656,56998000
2016-12-27,AAPL,26.976604461669922,29.315000534057617,29.450000762939453,29.122499465942383,29.1299991607666,73187600
2016-12-28,AAPL,26.8615779876709,29.190000534057617,29.5049991607666,29.049999237060547,29.3799991607666,83623600
2016-12-29,AAPL,26.854665756225586,29.1825008392334,29.27750015258789,29.100000381469727,29.112499237060547,60158000
2016-12-30,AAPL,26.64531898498535,28.954999923706055,29.299999237060547,28.857500076293945,29.162500381469727,122345200
2017-01-03,AAPL,26.72123908996582,29.037500381469727,29.082500457763672,28.690000534057617,28.950000762939453,115127600
2017-01-04,AAPL,26.69132423400879,29.0049991607666,29.127500534057617,28.9375,28.962499618530273,84472400
2017-01-05,AAPL,26.82706642150879,29.15250015258789,29.21500015258789,28.952499389648438,28.979999542236328,88774400
2017-01-06,AAPL,27.126140594482422,29.477500915527344,29.540000915527344,29.11750030517578,29.19499969482422,127007600
2017-01-09,AAPL,27.37459945678711,29.747499465942383,29.857500076293945,29.485000610351562,29.487499237060547,134247600
2017-01-10,AAPL,27.40221405029297,29.77750015258789,29.844999313354492,29.575000762939453,29.6924991607666,97848400
2017-01-11,AAPL,27.549448013305664,29.9375,29.982500076293945,29.649999618530273,29.684999465942383,110354400
2017-01-12,AAPL,27.434417724609375,29.8125,29.825000762939453,29.552499771118164,29.725000381469727,108344800
2017-01-13,AAPL,27.3861083984375,29.760000228881836,29.905000686645508,29.702499389648438,29.77750015258789,104447600
2017-01-17,AAPL,27.606958389282227,30.0,30.059999465942383,29.55500030517578,29.584999084472656,137759200
2017-01-18,AAPL,27.604658126831055,29.997499465942383,30.125,29.927499771118164,30.0,94852000
2017-01-19,AAPL,27.556344985961914,29.94499969482422,30.022499084472656,29.842500686645508,29.850000381469727,102389200
2017-01-20,AAPL,27.606958389282227,30.0,30.112499237060547,29.9325008392334,30.112499237060547,130391600
2017-01-23,AAPL,27.6253662109375,30.020000457763672,30.202499389648438,29.9424991607666,30.0,88200800
2017-01-24,AAPL,27.60005760192871,29.99250030517578,30.024999618530273,29.875,29.887500762939453,92844000
2017-01-25,AAPL,28.039464950561523,30.469999313354492,30.524999618530273,30.06999969482422,30.104999542236328,129510400
2017-01-26,AAPL,28.05327033996582,30.485000610351562,30.610000610351562,30.399999618530273,30.417499542236328,105350400
2017-01-27,AAPL,28.05557632446289,30.487499237060547,30.587499618530273,30.399999618530273,30.53499984741211,82251600
2017-01-30,AAPL,27.981948852539062,30.407499313354492,30.407499313354492,30.165000915527344,30.232500076293945,121510000
2017-01-31,AAPL,27.91753387451172,30.337499618530273,30.34749984741211,30.155000686645508,30.287500381469727,196804000
2017-02-01,AAPL,29.619972229003906,32.1875,32.622501373291016,31.752500534057617,31.75749969482422,447940000
2017-02-02,AAPL,29.569353103637695,32.13249969482422,32.34749984741211,31.94499969482422,31.9950008392334,134841600
2017-02-03,AAPL,29.695878982543945,32.27000045776367,32.29750061035156,32.040000915527344,32.07749938964844,98029200
2017-02-06,AAPL,29.97425079345703,32.5724983215332,32.625,32.224998474121094,32.282501220703125,107383600
2017-02-07,AAPL,30.259536743164062,32.88249969482422,33.022499084472656,32.61249923706055,32.6349983215332,152735200
2017-02-08,AAPL,30.37685775756836,33.0099983215332,33.05500030517578,32.80500030517578,32.837501525878906,92016400
2017-02-09,AAPL,30.59636688232422,33.10499954223633,33.11249923706055,32.779998779296875,32.912498474121094,113399600
2017-02-10,AAPL,30.52703857421875,33.029998779296875,33.23500061035156,33.01250076293945,33.1150016784668,80262000
2017-02-13,AAPL,30.797386169433594,33.3224983215332,33.45500183105469,33.1875,33.27000045776367,92141600
2017-02-14,AAPL,31.197111129760742,33.755001068115234,33.772499084472656,33.3125,33.36750030517578,132904800
2017-02-15,AAPL,31.310312271118164,33.877498626708984,34.067501068115234,33.654998779296875,33.880001068115234,142492400
2017-02-16,AAPL,31.27334976196289,33.837501525878906,33.974998474121094,33.709999084472656,33.91749954223633,90338400
2017-02-17,AAPL,31.35883903503418,33.93000030517578,33.95750045776367,33.775001525878906,33.775001525878906,88792800
2017-02-21,AAPL,31.585262298583984,34.17499923706055,34.1875,33.994998931884766,34.057498931884766,98028800
2017-02-22,AAPL,31.680015563964844,34.27750015258789,34.279998779296875,34.02750015258789,34.10749816894531,83347600
2017-02-23,AAPL,31.5460147857666,34.13249969482422,34.369998931884766,34.07500076293945,34.345001220703125,83152800
2017-02-24,AAPL,31.576034545898438,34.165000915527344,34.165000915527344,33.81999969482422,33.977500915527344,87106400
2017-02-27,AAPL,31.638418197631836,34.23249816894531,34.36000061035156,34.06999969482422,34.28499984741211,81029600
2017-02-28,AAPL,31.65228843688965,34.247501373291016,34.36000061035156,34.17499923706055,34.27000045776367,93931600
2017-03-01,AAPL,32.299224853515625,34.9474983215332,35.037498474121094,34.400001525878906,34.47249984741211,145658400
2017-03-02,AAPL,32.10747528076172,34.7400016784668,35.06999969482422,34.689998626708984,35.0,104844000
2017-03-03,AAPL,32.29692840576172,34.94499969482422,34.95750045776367,34.647499084472656,34.69499969482422,84432400
2017-03-06,AAPL,32.19526672363281,34.834999084472656,34.942501068115234,34.650001525878906,34.842498779296875,87000000
2017-03-07,AAPL,32.23685836791992,34.880001068115234,34.994998931884766,34.6974983215332,34.76499938964844,69785200
2017-03-08,AAPL,32.116722106933594,34.75,34.95000076293945,34.70500183105469,34.73749923706055,74828800
2017-03-09,AAPL,32.04275894165039,34.66999816894531,34.6974983215332,34.26250076293945,34.685001373291016,88623600
2017-03-10,AAPL,32.1490592956543,34.78499984741211,34.84000015258789,34.65999984741211,34.8125,78451200
2017-03-13,AAPL,32.16291427612305,34.79999923706055,34.85749816894531,34.70500183105469,34.712501525878906,69686800
2017-03-14,AAPL,32.11440658569336,34.747501373291016,34.912498474121094,34.709999084472656,34.82500076293945,61236400
2017-03-15,AAPL,32.45405960083008,35.1150016784668,35.1875,34.75749969482422,34.852500915527344,102767200
2017-03-16,AAPL,32.50718307495117,35.17250061035156,35.255001068115234,35.064998626708984,35.18000030517578,76928000
2017-03-17,AAPL,32.34545135498047,34.997501373291016,35.25,34.97249984741211,35.25,175540000
2017-03-20,AAPL,32.685115814208984,35.3650016784668,35.375,35.057498931884766,35.099998474121094,86168000
2017-03-21,AAPL,32.310791015625,34.959999084472656,35.70000076293945,34.932498931884766,35.52750015258789,158119600
2017-03-22,AAPL,32.67586135864258,35.35499954223633,35.400001525878906,34.939998626708984,34.962501525878906,103440800
2017-03-23,AAPL,32.560325622558594,35.22999954223633,35.39500045776367,35.15250015258789,35.314998626708984,81385200
2017-03-24,AAPL,32.495643615722656,35.15999984741211,35.435001373291016,35.087501525878906,35.375,89582400
2017-03-27,AAPL,32.55108642578125,35.220001220703125,35.30500030517578,34.654998779296875,34.84749984741211,94300400
2017-03-28,AAPL,33.225765228271484,35.95000076293945,36.0099983215332,35.154998779296875,35.227500915527344,133499200
2017-03-29,AAPL,33.299713134765625,36.029998779296875,36.122501373291016,35.79750061035156,35.91999816894531,116760000
2017-03-30,AAPL,33.255802154541016,35.98249816894531,36.125,35.875,36.04750061035156,84829200
2017-03-31,AAPL,33.19340896606445,35.915000915527344,36.067501068115234,35.752498626708984,35.93000030517578,78646800
2017-04-03,AAPL,33.202659606933594,35.92499923706055,36.029998779296875,35.76250076293945,35.9275016784668,79942800
2017-04-04,AAPL,33.44990158081055,36.192501068115234,36.22249984741211,35.79249954223633,35.8125,79565600
2017-04-05,AAPL,33.27660369873047,36.005001068115234,36.3650016784668,35.95249938964844,36.05500030517578,110871600
2017-04-06,AAPL,33.19340896606445,35.915000915527344,36.130001068115234,35.86249923706055,36.0724983215332,84596000
2017-04-07,AAPL,33.11948013305664,35.834999084472656,36.04499816894531,35.817501068115234,35.932498931884766,66688800
2017-04-10,AAPL,33.0802116394043,35.79249954223633,35.970001220703125,35.724998474121094,35.900001525878906,75733600
2017-04-11,AAPL,32.7243766784668,35.407501220703125,35.837501525878906,35.01499938964844,35.73500061035156,121517600
2017-04-12,AAPL,32.76366424560547,35.45000076293945,35.537498474121094,35.252498626708984,35.400001525878906,81400000
2017-04-13,AAPL,32.59037780761719,35.26250076293945,35.595001220703125,35.26250076293945,35.477500915527344,71291600
2017-04-17,AAPL,32.770591735839844,35.45750045776367,35.470001220703125,35.217498779296875,35.369998931884766,66328400
2017-04-18,AAPL,32.62501907348633,35.29999923706055,35.5099983215332,35.27750015258789,35.352500915527344,58790000
2017-04-19,AAPL,32.5048713684082,35.16999816894531,35.5,35.11249923706055,35.470001220703125,69313600
2017-04-20,AAPL,32.911529541015625,35.61000061035156,35.72999954223633,35.290000915527344,35.30500030517578,93278400
2017-04-21,AAPL,32.872257232666016,35.567501068115234,35.66999816894531,35.462501525878906,35.61000061035156,69283600
2017-04-24,AAPL,33.18880081176758,35.90999984741211,35.98749923706055,35.79499816894531,35.875,68537200
2017-04-25,AAPL,33.394439697265625,36.13249969482422,36.224998474121094,35.967498779296875,35.977500915527344,75486000
2017-04-26,AAPL,33.19805908203125,35.91999816894531,36.150001525878906,35.845001220703125,36.11750030517578,80164800
2017-04-27,AAPL,33.223453521728516,35.9474983215332,36.040000915527344,35.82749938964844,35.97999954223633,56985200
2017-04-28,AAPL,33.19111251831055,35.912498474121094,36.07500076293945,35.817501068115234,36.022499084472656,83441600
2017-05-01,AAPL,33.86811065673828,36.64500045776367,36.79999923706055,36.2400016784668,36.275001525878906,134411600
2017-05-02,AAPL,34.082984924316406,36.877498626708984,37.022499084472656,36.709999084472656,36.8849983215332,181408800
2017-05-03,AAPL,33.979007720947266,36.76499938964844,36.872501373291016,36.067501068115234,36.397499084472656,182788000
2017-05-04,AAPL,33.856544494628906,36.63249969482422,36.78499984741211,36.45249938964844,36.630001068115234,93487600
2017-05-05,AAPL,34.41801452636719,37.2400016784668,37.244998931884766,36.689998626708984,36.689998626708984,109310800
2017-05-08,AAPL,35.35377883911133,38.252498626708984,38.42499923706055,37.25749969482422,37.25749969482422,195009600
2017-05-09,AAPL,35.58021926879883,38.497501373291016,38.720001220703125,38.36249923706055,38.467498779296875,156521600
2017-05-10,AAPL,35.41155242919922,38.314998626708984,38.48500061035156,38.02750015258789,38.407501220703125,103222800
2017-05-11,AAPL,35.717803955078125,38.48749923706055,38.51750183105469,38.07749938964844,38.11249923706055,109020400
2017-05-12,AAPL,36.21663284301758,39.025001525878906,39.10499954223633,38.66749954223633,38.67499923706055,130108000
2017-05-15,AAPL,36.12382507324219,38.92499923706055,39.162498474121094,38.76250076293945,39.002498626708984,104038800
2017-05-16,AAPL,36.070472717285156,38.86750030517578,39.01499938964844,38.68000030517578,38.98500061035156,80194000
2017-05-17,AAPL,34.859371185302734,37.5625,38.64250183105469,37.4275016784668,38.400001525878906,203070800
2017-05-18,AAPL,35.39067459106445,38.1349983215332,38.334999084472656,37.782501220703125,37.817501068115234,134272800
2017-05-19,AAPL,35.511314392089844,38.26499938964844,38.494998931884766,38.157501220703125,38.345001220703125,107843200
2017-05-22,AAPL,35.727081298828125,38.497501373291016,38.64500045776367,38.227500915527344,38.5,91865600
2017-05-23,AAPL,35.683006286621094,38.45000076293945,38.724998474121094,38.32749938964844,38.724998474121094,79675600
2017-05-24,AAPL,35.57628631591797,38.334999084472656,38.54249954223633,38.16749954223633,38.459999084472656,76712000
2017-05-25,AAPL,35.699249267578125,38.467498779296875,38.587501525878906,38.25749969482422,38.432498931884766,76942400
2017-05-26,AAPL,35.6389274597168,38.40250015258789,38.560001373291016,38.32749938964844,38.5,87710400
2017-05-30,AAPL,35.65284729003906,38.41749954223633,38.60749816894531,38.33250045776367,38.35499954223633,80507600
2017-05-31,AAPL,35.44171905517578,38.189998626708984,38.54249954223633,38.095001220703125,38.49250030517578,97804800
2017-06-01,AAPL,35.53915786743164,38.29499816894531,38.33250045776367,38.05500030517578,38.29249954223633,65616400
2017-06-02,AAPL,36.06582260131836,38.86249923706055,38.86249923706055,38.22249984741211,38.39500045776367,111082800
2017-06-05,AAPL,35.71316146850586,38.48249816894531,38.61249923706055,38.3650016784668,38.584999084472656,101326800
2017-06-06,AAPL,35.83381271362305,38.61249923706055,38.95249938964844,38.44499969482422,38.474998474121094,106499600
2017-06-07,AAPL,36.04726791381836,38.842498779296875,38.994998931884766,38.619998931884766,38.755001068115234,84278400
2017-06-08,AAPL,35.9590950012207,38.747501373291016,38.8849983215332,38.599998474121094,38.8125,85003200
2017-06-09,AAPL,34.56473159790039,37.244998931884766,38.79750061035156,36.505001068115234,38.79750061035156,259530800
2017-06-12,AAPL,33.73876190185547,36.35499954223633,36.522499084472656,35.627498626708984,36.435001373291016,289229200
2017-06-13,AAPL,34.01021957397461,36.647499084472656,36.86249923706055,36.287498474121094,36.790000915527344,136661600
2017-06-14,AAPL,33.67844772338867,36.290000915527344,36.875,35.959999084472656,36.875,126124800
2017-06-15,AAPL,33.476600646972656,36.0724983215332,36.119998931884766,35.5525016784668,35.83000183105469,128661600
2017-06-16,AAPL,33.0079231262207,35.567501068115234,36.125,35.54999923706055,35.94499969482422,201444400
2017-06-19,AAPL,33.95222091674805,36.584999084472656,36.685001373291016,35.915000915527344,35.915000915527344,130165600
2017-06-20,AAPL,33.643653869628906,36.252498626708984,36.717498779296875,36.23500061035156,36.717498779296875,99600400
2017-06-21,AAPL,33.843170166015625,36.467498779296875,36.51750183105469,36.15250015258789,36.380001068115234,85063200
2017-06-22,AAPL,33.7874870300293,36.407501220703125,36.67499923706055,36.279998779296875,36.442501068115234,76425200
2017-06-23,AAPL,33.93830490112305,36.56999969482422,36.790000915527344,36.27750015258789,36.282501220703125,141757600
2017-06-26,AAPL,33.831581115722656,36.45500183105469,37.06999969482422,36.345001220703125,36.79249954223633,102769600
2017-06-27,AAPL,33.346675872802734,35.932498931884766,36.540000915527344,35.904998779296875,36.252498626708984,99047600
2017-06-28,AAPL,33.833900451660156,36.45750045776367,36.52750015258789,35.790000915527344,36.122501373291016,88329600
2017-06-29,AAPL,33.335079193115234,35.91999816894531,36.282501220703125,35.56999969482422,36.1775016784668,125997600
2017-06-30,AAPL,33.41395568847656,36.005001068115234,36.2400016784668,35.94499969482422,36.11249923706055,92096400
2017-07-03,AAPL,33.29330825805664,35.875,36.32500076293945,35.775001525878906,36.220001220703125,57111200
2017-07-05,AAPL,33.43019104003906,36.022499084472656,36.1974983215332,35.68000030517578,35.92250061035156,86278400
2017-07-06,AAPL,33.114662170410156,35.682498931884766,35.875,35.602500915527344,35.755001068115234,96515200
2017-07-07,AAPL,33.451080322265625,36.04499816894531,36.1875,35.724998474121094,35.724998474121094,76806800
2017-07-10,AAPL,33.65525436401367,36.26499938964844,36.48749923706055,35.842498779296875,36.02750015258789,84362400
2017-07-11,AAPL,33.76429748535156,36.38249969482422,36.462501525878906,36.095001220703125,36.182498931884766,79127200
2017-07-12,AAPL,33.81300354003906,36.435001373291016,36.54499816894531,36.20500183105469,36.467498779296875,99538000
2017-07-13,AAPL,34.28399658203125,36.942501068115234,37.122501373291016,36.36000061035156,36.375,100797600
2017-07-14,AAPL,34.578636169433594,37.2599983215332,37.33250045776367,36.83250045776367,36.99250030517578,80528400
2017-07-17,AAPL,34.699283599853516,37.38999938964844,37.724998474121094,37.14250183105469,37.20500183105469,95174000
2017-07-18,AAPL,34.81993865966797,37.52000045776367,37.532501220703125,37.16749954223633,37.29999923706055,71475200
2017-07-19,AAPL,35.03801727294922,37.755001068115234,37.85499954223633,37.48749923706055,37.619998931884766,83692000
2017-07-20,AAPL,34.8802490234375,37.584999084472656,37.935001373291016,37.54750061035156,37.875,68974800
2017-07-21,AAPL,34.864013671875,37.567501068115234,37.61000061035156,37.220001220703125,37.497501373291016,105010400
2017-07-24,AAPL,35.28627014160156,38.022499084472656,38.11000061035156,37.474998474121094,37.64500045776367,85972800
2017-07-25,AAPL,35.43708419799805,38.185001373291016,38.459999084472656,37.95000076293945,37.95000076293945,75415600
2017-07-26,AAPL,35.6041145324707,38.3650016784668,38.48249816894531,38.26499938964844,38.337501525878906,63124000
2017-07-27,AAPL,34.93129348754883,37.63999938964844,38.497501373291016,36.82500076293945,38.4375,129905200
2017-07-28,AAPL,34.685367584228516,37.375,37.557498931884766,37.29750061035156,37.47249984741211,68854800
2017-07-31,AAPL,34.506717681884766,37.182498931884766,37.58250045776367,37.032501220703125,37.474998474121094,79383600
2017-08-01,AAPL,34.81296920776367,37.51250076293945,37.55500030517578,37.102500915527344,37.275001525878906,141474400
2017-08-02,AAPL,36.45793151855469,39.28499984741211,39.9375,39.040000915527344,39.81999969482422,279747200
2017-08-03,AAPL,36.093658447265625,38.89250183105469,39.3025016784668,38.755001068115234,39.26250076293945,108389200
2017-08-04,AAPL,36.28390884399414,39.09749984741211,39.349998474121094,38.92250061035156,39.01750183105469,82239600
2017-08-07,AAPL,36.84538269042969,39.70249938964844,39.72999954223633,39.16749954223633,39.26499938964844,87481200
2017-08-08,AAPL,37.14002227783203,40.02000045776367,40.45750045776367,39.567501068115234,39.650001525878906,144823600
2017-08-09,AAPL,37.36738967895508,40.26499938964844,40.317501068115234,39.77750015258789,39.814998626708984,104526000
2017-08-10,AAPL,36.17717361450195,38.83000183105469,40.0,38.657501220703125,39.974998474121094,163217200
2017-08-11,AAPL,36.680274963378906,39.369998931884766,39.64250183105469,39.01750183105469,39.150001525878906,105028400
2017-08-14,AAPL,37.232303619384766,39.962501525878906,40.0525016784668,39.6875,39.83000183105469,88490800
2017-08-15,AAPL,37.63991165161133,40.400001525878906,40.54999923706055,40.03499984741211,40.165000915527344,117862000
2017-08-16,AAPL,37.48850631713867,40.23749923706055,40.627498626708984,40.037498474121094,40.48500061035156,110686400
2017-08-17,AAPL,36.7687873840332,39.46500015258789,40.1775016784668,39.459999084472656,40.130001068115234,111762400
2017-08-18,AAPL,36.68494415283203,39.375,39.875,39.18000030517578,39.46500015258789,109712400
2017-08-21,AAPL,36.617393493652344,39.3025016784668,39.47249984741211,38.77750015258789,39.375,105474000
2017-08-22,AAPL,37.21599578857422,39.94499969482422,40.0,39.505001068115234,39.557498931884766,86418400
2017-08-23,AAPL,37.2625732421875,39.994998931884766,40.11750030517578,39.720001220703125,39.76750183105469,77596400
2017-08-24,AAPL,37.097206115722656,39.817501068115234,40.185001373291016,39.63750076293945,40.10749816894531,79275600
2017-08-25,AAPL,37.234622955322266,39.96500015258789,40.13999938964844,39.817501068115234,39.912498474121094,101920400
2017-08-28,AAPL,37.6096305847168,40.36750030517578,40.5,39.98249816894531,40.03499984741211,103864000
2017-08-29,AAPL,37.945037841796875,40.727500915527344,40.779998779296875,40.0,40.025001525878906,118067600
2017-08-30,AAPL,38.04751205444336,40.837501525878906,40.97249984741211,40.65250015258789,40.95000076293945,109078400
2017-08-31,AAPL,38.19891357421875,41.0,41.130001068115234,40.869998931884766,40.90999984741211,107140400
2017-09-01,AAPL,38.21057891845703,41.01250076293945,41.23500061035156,40.907501220703125,41.20000076293945,66364400
2017-09-05,AAPL,37.751712799072266,40.52000045776367,41.0625,40.13999938964844,40.9375,117874000
2017-09-06,AAPL,37.71212387084961,40.477500915527344,40.747501373291016,40.130001068115234,40.6775016784668,86606800
2017-09-07,AAPL,37.560726165771484,40.314998626708984,40.560001373291016,40.09000015258789,40.522499084472656,87714000
2017-09-08,AAPL,36.94814682006836,39.657501220703125,40.287498474121094,39.63249969482422,40.21500015258789,114446000
2017-09-11,AAPL,37.61661911010742,40.375,40.51250076293945,39.97249984741211,40.125,126323200
2017-09-12,AAPL,37.46754837036133,40.21500015258789,40.9900016784668,39.692501068115234,40.65250015258789,286856000
2017-09-13,AAPL,37.18571472167969,39.912498474121094,39.9900016784668,39.477500915527344,39.967498779296875,179629600
2017-09-14,AAPL,36.866615295410156,39.56999969482422,39.849998474121094,39.522499084472656,39.747501373291016,95042800
2017-09-15,AAPL,37.239288330078125,39.970001220703125,40.24250030517578,39.5,39.61750030517578,196458400
2017-09-18,AAPL,36.95744323730469,39.66749954223633,40.125,39.5,40.02750015258789,113077600
2017-09-19,AAPL,36.97142791748047,39.682498931884766,39.942501068115234,39.61000061035156,39.877498626708984,83242400
2017-09-20,AAPL,36.35186004638672,39.01750183105469,39.564998626708984,38.45750045776367,39.474998474121094,211805600
2017-09-21,AAPL,35.7276496887207,38.34749984741211,38.95000076293945,38.1875,38.95000076293945,150046800
2017-09-22,AAPL,35.37825393676758,37.97249984741211,38.067501068115234,37.63999938964844,37.8849983215332,186581600
2017-09-25,AAPL,35.0661506652832,37.63750076293945,37.95750045776367,37.290000915527344,37.497501373291016,177549200
2017-09-26,AAPL,35.669403076171875,38.28499984741211,38.47999954223633,37.92250061035156,37.94499969482422,146640000
2017-09-27,AAPL,35.92328643798828,38.557498931884766,38.68000030517578,38.3849983215332,38.45000076293945,102016800
2017-09-28,AAPL,35.70201110839844,38.31999969482422,38.56999969482422,38.17499923706055,38.47249984741211,88022000
2017-09-29,AAPL,35.89765548706055,38.529998779296875,38.532501220703125,38.0,38.3025016784668,105199200
2017-10-02,AAPL,35.82546615600586,38.45249938964844,38.61249923706055,38.18000030517578,38.564998626708984,74795200
2017-10-03,AAPL,35.98150634765625,38.619998931884766,38.772499084472656,38.477500915527344,38.502498626708984,64921200
2017-10-04,AAPL,35.74860763549805,38.369998931884766,38.46500015258789,38.1150016784668,38.407501220703125,80655200
2017-10-05,AAPL,36.1934700012207,38.84749984741211,38.86000061035156,38.51250076293945,38.54499816894531,85135200
2017-10-06,AAPL,36.172515869140625,38.82500076293945,38.872501373291016,38.63999938964844,38.74250030517578,69630400
2017-10-09,AAPL,36.298282623291016,38.959999084472656,39.182498931884766,38.872501373291016,38.95249938964844,65051600
2017-10-10,AAPL,36.3122673034668,38.974998474121094,39.5,38.775001525878906,39.01499938964844,62468000
2017-10-11,AAPL,36.46366500854492,39.13750076293945,39.244998931884766,38.9375,38.99250030517578,67622400
2017-10-12,AAPL,36.3355598449707,39.0,39.342498779296875,38.932498931884766,39.087501525878906,64500400
2017-10-13,AAPL,36.56614685058594,39.247501373291016,39.31999969482422,39.102500915527344,39.182498931884766,65576800
2017-10-16,AAPL,37.239288330078125,39.970001220703125,40.0,39.412498474121094,39.474998474121094,96486000
2017-10-17,AAPL,37.37670135498047,40.11750030517578,40.217498779296875,39.807498931884766,39.94499969482422,75989200
2017-10-18,AAPL,37.211341857910156,39.939998626708984,40.1775016784668,39.900001525878906,40.10499954223633,65496800
2017-10-19,AAPL,36.33089828491211,38.994998931884766,39.27000045776367,38.755001068115234,39.1875,170336800
2017-10-20,AAPL,36.39377975463867,39.0625,39.4375,38.9900016784668,39.15250015258789,95896400
2017-10-23,AAPL,36.37516403198242,39.04249954223633,39.42250061035156,38.875,39.22249984741211,87937200
2017-10-24,AAPL,36.591773986816406,39.275001525878906,39.35499954223633,39.04999923706055,39.0724983215332,71028800
2017-10-25,AAPL,36.431053161621094,39.102500915527344,39.38750076293945,38.817501068115234,39.227500915527344,84828400
2017-10-26,AAPL,36.66397476196289,39.352500915527344,39.45750045776367,39.19499969482422,39.307498931884766,68002000
2017-10-27,AAPL,37.9776496887207,40.76250076293945,40.900001525878906,39.67499923706055,39.8224983215332,177816800
2017-10-30,AAPL,38.832454681396484,41.68000030517578,42.01750183105469,40.93000030517578,40.97249984741211,178803200
2017-10-31,AAPL,39.372825622558594,42.2599983215332,42.412498474121094,41.73500061035156,41.974998474121094,144187200
2017-11-01,AAPL,38.872066497802734,41.72249984741211,42.48500061035156,41.40250015258789,42.467498779296875,134551200
2017-11-02,AAPL,39.15621566772461,42.02750015258789,42.125,41.31999969482422,41.650001525878906,165573600
2017-11-03,AAPL,40.178733825683594,43.125,43.564998626708984,42.779998779296875,43.5,237594400
2017-11-06,AAPL,40.58635711669922,43.5625,43.747501373291016,42.93000030517578,43.092498779296875,140105200
2017-11-07,AAPL,40.7167854309082,43.70249938964844,43.8125,43.400001525878906,43.477500915527344,97446000
2017-11-08,AAPL,41.049861907958984,44.060001373291016,44.060001373291016,43.58250045776367,43.665000915527344,97638000
2017-11-09,AAPL,40.966007232666016,43.970001220703125,44.025001525878906,43.28499984741211,43.77750015258789,117930400
2017-11-10,AAPL,40.8304328918457,43.66749954223633,43.845001220703125,43.567501068115234,43.77750015258789,100582000
2017-11-13,AAPL,40.66679382324219,43.49250030517578,43.625,43.349998474121094,43.375,67928400
2017-11-14,AAPL,40.0520133972168,42.834999084472656,43.369998931884766,42.79499816894531,43.2599983215332,99130000
2017-11-15,AAPL,39.52372741699219,42.27000045776367,42.58000183105469,42.095001220703125,42.49250030517578,116632400
2017-11-16,AAPL,39.99592971801758,42.775001525878906,42.967498779296875,42.57500076293945,42.79499816894531,94550000
2017-11-17,AAPL,39.77385711669922,42.537498474121094,42.84749984741211,42.40999984741211,42.7599983215332,87598000
2017-11-20,AAPL,39.73410415649414,42.494998931884766,42.63999938964844,42.38999938964844,42.5724983215332,65049600
2017-11-21,AAPL,40.47279739379883,43.28499984741211,43.42499923706055,42.69499969482422,42.69499969482422,100525200
2017-11-22,AAPL,40.89821243286133,43.7400016784668,43.75,43.26250076293945,43.34000015258789,102355600
2017-11-24,AAPL,40.90055847167969,43.74250030517578,43.875,43.662498474121094,43.775001525878906,56106800
2017-11-27,AAPL,40.69485092163086,43.522499084472656,43.77000045776367,43.334999084472656,43.76250076293945,82867200
2017-11-28,AAPL,40.456424713134766,43.26750183105469,43.717498779296875,42.96500015258789,43.57500076293945,105715200
2017-11-29,AAPL,39.61723327636719,42.369998931884766,43.22999954223633,41.790000915527344,43.157501220703125,166665600
2017-11-30,AAPL,40.17123794555664,42.962501525878906,43.03499984741211,42.11000061035156,42.60749816894531,166108800
2017-12-01,AAPL,39.984230041503906,42.76250076293945,42.91749954223633,42.125,42.48749923706055,159037200
2017-12-04,AAPL,39.69203567504883,42.45000076293945,43.154998779296875,42.407501220703125,43.119998931884766,130169600
2017-12-05,AAPL,39.65462875366211,42.40999984741211,42.880001068115234,42.099998474121094,42.26499938964844,109400800
2017-12-06,AAPL,39.50735855102539,42.252498626708984,42.54999923706055,41.6150016784668,41.875,114240000
2017-12-07,AAPL,39.579830169677734,42.33000183105469,42.61000061035156,42.227500915527344,42.25749969482422,102693200
2017-12-08,AAPL,39.591514587402344,42.342498779296875,42.75,42.20500183105469,42.622501373291016,93420800
2017-12-11,AAPL,40.362911224365234,43.16749954223633,43.22249984741211,42.1974983215332,42.29999923706055,141095200
2017-12-12,AAPL,40.136173248291016,42.92499923706055,43.09749984741211,42.8650016784668,43.037498474121094,77636800
2017-12-13,AAPL,40.2694206237793,43.067501068115234,43.3849983215332,43.0,43.125,95273600
2017-12-14,AAPL,40.25773239135742,43.05500030517578,43.282501220703125,42.912498474121094,43.099998474121094,81906000
2017-12-15,AAPL,40.66679382324219,43.49250030517578,43.54249954223633,43.1150016784668,43.407501220703125,160677200
2017-12-18,AAPL,41.2395133972168,44.10499954223633,44.29999923706055,43.71500015258789,43.720001220703125,117684400
2017-12-19,AAPL,40.800045013427734,43.6349983215332,43.84749984741211,43.522499084472656,43.75749969482422,109745600
2017-12-20,AAPL,40.7556266784668,43.587501525878906,43.85499954223633,43.3125,43.717498779296875,93902400
2017-12-21,AAPL,40.90990447998047,43.752498626708984,44.005001068115234,43.525001525878906,43.54249954223633,83799600
2017-12-22,AAPL,40.90990447998047,43.752498626708984,43.85499954223633,43.625,43.66999816894531,65397600
2017-12-26,AAPL,39.87202835083008,42.64250183105469,42.86750030517578,42.41999816894531,42.70000076293945,132742000
2017-12-27,AAPL,39.87904357910156,42.650001525878906,42.69499969482422,42.4275016784668,42.525001525878906,85992800
2017-12-28,AAPL,39.99124526977539,42.77000045776367,42.962501525878906,42.619998931884766,42.75,65920800
2017-12-29,AAPL,39.55879211425781,42.307498931884766,42.647499084472656,42.30500030517578,42.630001068115234,103999600
2018-01-02,AAPL,40.26707077026367,43.064998626708984,43.07500076293945,42.314998626708984,42.540000915527344,102223600
2018-01-03,AAPL,40.260074615478516,43.057498931884766,43.63750076293945,42.9900016784668,43.13249969482422,118071600
2018-01-04,AAPL,40.44706726074219,43.25749969482422,43.36750030517578,43.02000045776367,43.1349983215332,89738400
2018-01-05,AAPL,40.90757369995117,43.75,43.842498779296875,43.26250076293945,43.36000061035156,94640000
2018-01-08,AAPL,40.7556266784668,43.587501525878906,43.90250015258789,43.48249816894531,43.587501525878906,82271200
2018-01-09,AAPL,40.75094985961914,43.58250045776367,43.76499938964844,43.352500915527344,43.63750076293945,86336000
2018-01-10,AAPL,40.741600036621094,43.5724983215332,43.57500076293945,43.25,43.290000915527344,95839600
2018-01-11,AAPL,40.973026275634766,43.81999969482422,43.872501373291016,43.622501373291016,43.647499084472656,74670800
2018-01-12,AAPL,41.39613342285156,44.272499084472656,44.34000015258789,43.912498474121094,44.04499816894531,101672400
2018-01-16,AAPL,41.185733795166016,44.04750061035156,44.84749984741211,44.03499984741211,44.474998474121094,118263600
2018-01-17,AAPL,41.86597442626953,44.775001525878906,44.8125,43.76750183105469,44.037498474121094,137547200
2018-01-18,AAPL,41.90339279174805,44.814998626708984,45.025001525878906,44.5625,44.842498779296875,124773600
2018-01-19,AAPL,41.71638107299805,44.6150016784668,44.89500045776367,44.352500915527344,44.65250015258789,129700400
2018-01-22,AAPL,41.375083923339844,44.25,44.44499969482422,44.150001525878906,44.32500076293945,108434400
2018-01-23,AAPL,41.38442611694336,44.2599983215332,44.86000061035156,44.20500183105469,44.32500076293945,130756400
2018-01-24,AAPL,40.72523880004883,43.55500030517578,44.32500076293945,43.29999923706055,44.3125,204420400
2018-01-25,AAPL,39.998260498046875,42.77750015258789,43.73749923706055,42.63249969482422,43.627498626708984,166116000
2018-01-26,AAPL,40.09174728393555,42.877498626708984,43.0,42.51499938964844,43.0,156572000
2018-01-29,AAPL,39.261940002441406,41.9900016784668,42.540000915527344,41.76750183105469,42.540000915527344,202561600
2018-01-30,AAPL,39.030494689941406,41.74250030517578,41.842498779296875,41.17499923706055,41.38249969482422,184192800
2018-01-31,AAPL,39.138038635253906,41.85749816894531,42.11000061035156,41.625,41.717498779296875,129915600
2018-02-01,AAPL,39.219844818115234,41.94499969482422,42.154998779296875,41.689998626708984,41.79249954223633,188923200
2018-02-02,AAPL,37.51809310913086,40.125,41.70000076293945,40.025001525878906,41.5,346375200
2018-02-05,AAPL,36.58073043823242,39.122501373291016,40.970001220703125,39.0,39.775001525878906,290954000
2018-02-06,AAPL,38.10950469970703,40.75749969482422,40.93000030517578,38.5,38.70750045776367,272975200
2018-02-07,AAPL,37.29368209838867,39.8849983215332,40.849998474121094,39.76750183105469,40.772499084472656,206434400
2018-02-08,AAPL,36.26748275756836,38.787498474121094,40.25,38.75749969482422,40.0724983215332,217562000
2018-02-09,AAPL,36.71108627319336,39.102500915527344,39.47249984741211,37.560001373291016,39.26750183105469,282690400
2018-02-12,AAPL,38.18977355957031,40.6775016784668,40.97249984741211,39.377498626708984,39.625,243278000
2018-02-13,AAPL,38.572349548339844,41.084999084472656,41.1875,40.412498474121094,40.48749923706055,130196800
2018-02-14,AAPL,39.28352355957031,41.842498779296875,41.8849983215332,40.720001220703125,40.7599983215332,162579600
2018-02-15,AAPL,40.60258102416992,43.247501373291016,43.272499084472656,42.25,42.4474983215332,204588800
2018-02-16,AAPL,40.47114181518555,43.10749816894531,43.70500183105469,42.942501068115234,43.09000015258789,160704400
2018-02-20,AAPL,40.335025787353516,42.962501525878906,43.564998626708984,42.85499954223633,43.01250076293945,135722000
2018-02-21,AAPL,40.151947021484375,42.76750183105469,43.529998779296875,42.752498626708984,43.20750045776367,149886400
2018-02-22,AAPL,40.48756790161133,43.125,43.48749923706055,42.9275016784668,42.95000076293945,123967600
2018-02-23,AAPL,41.191715240478516,43.875,43.912498474121094,43.3849983215332,43.41749954223633,135249600
2018-02-26,AAPL,42.00615692138672,44.74250030517578,44.84749984741211,44.0525016784668,44.087501525878906,152648800
2018-02-27,AAPL,41.87003707885742,44.59749984741211,45.119998931884766,44.540000915527344,44.775001525878906,155712400
2018-02-28,AAPL,41.80664825439453,44.529998779296875,45.154998779296875,44.51250076293945,44.814998626708984,151128400
2018-03-01,AAPL,41.074363708496094,43.75,44.94499969482422,43.165000915527344,44.6349983215332,195208000
2018-03-02,AAPL,41.35834884643555,44.0525016784668,44.07500076293945,43.11249923706055,43.20000076293945,153816000
2018-03-05,AAPL,41.50153350830078,44.20500183105469,44.435001373291016,43.630001068115234,43.8025016784668,113605600
2018-03-06,AAPL,41.46632385253906,44.16749954223633,44.5625,44.032501220703125,44.477500915527344,95154000
2018-03-07,AAPL,41.081398010253906,43.75749969482422,43.962501525878906,43.567501068115234,43.73500061035156,126814000
2018-03-08,AAPL,41.529693603515625,44.23500061035156,44.279998779296875,43.76750183105469,43.869998931884766,95096400
2018-03-09,AAPL,42.24321746826172,44.994998931884766,45.0,44.34749984741211,44.4900016784668,128740800
2018-03-12,AAPL,42.6516227722168,45.43000030517578,45.59749984741211,45.0525016784668,45.0724983215332,128828400
2018-03-13,AAPL,42.24087142944336,44.99250030517578,45.875,44.810001373291016,45.647499084472656,126774000
2018-03-14,AAPL,41.881752014160156,44.61000061035156,45.130001068115234,44.45249938964844,45.08000183105469,117473600
2018-03-15,AAPL,41.931053161621094,44.662498474121094,45.060001373291016,44.51750183105469,44.625,90975200
2018-03-16,AAPL,41.78318405151367,44.505001068115234,44.779998779296875,44.404998779296875,44.662498474121094,157618800
2018-03-19,AAPL,41.144771575927734,43.82500076293945,44.36750030517578,43.415000915527344,44.33000183105469,133787200
2018-03-20,AAPL,41.13069534301758,43.810001373291016,44.20000076293945,43.73500061035156,43.810001373291016,78597600
2018-03-21,AAPL,40.19889450073242,42.817501068115234,43.772499084472656,42.814998626708984,43.7599983215332,148219600
2018-03-22,AAPL,39.630889892578125,42.212501525878906,43.16999816894531,42.150001525878906,42.5,165963200
2018-03-23,AAPL,38.713165283203125,41.23500061035156,42.47999954223633,41.23500061035156,42.09749984741211,164115200
2018-03-26,AAPL,40.55095672607422,43.192501068115234,43.275001525878906,41.61000061035156,42.01750183105469,150164800
2018-03-27,AAPL,39.51118469238281,42.084999084472656,43.787498474121094,41.72999954223633,43.41999816894531,163690400
2018-03-28,AAPL,39.07461166381836,41.619998931884766,42.505001068115234,41.29750061035156,41.8125,166674000
2018-03-29,AAPL,39.37974548339844,41.94499969482422,42.9375,41.724998474121094,41.95249938964844,153594000
2018-04-02,AAPL,39.121559143066406,41.66999816894531,42.23500061035156,41.11750030517578,41.65999984741211,150347200
2018-04-03,AAPL,39.52292251586914,42.09749984741211,42.1875,41.220001220703125,41.90999984741211,121112000
2018-04-04,AAPL,40.2786865234375,42.90250015258789,43.002498626708984,41.192501068115234,41.220001220703125,138422000
2018-04-05,AAPL,40.5579833984375,43.20000076293945,43.557498931884766,43.02000045776367,43.14500045776367,107732800
2018-04-06,AAPL,39.52057647705078,42.095001220703125,43.119998931884766,42.04999923706055,42.74250030517578,140021200
2018-04-09,AAPL,39.91254425048828,42.51250076293945,43.272499084472656,42.462501525878906,42.470001220703125,116070800
2018-04-10,AAPL,40.663612365722656,43.3125,43.5,42.88249969482422,43.25,113634400
2018-04-11,AAPL,40.4734992980957,43.11000061035156,43.47999954223633,42.92499923706055,43.057498931884766,89726400
2018-04-12,AAPL,40.87250900268555,43.53499984741211,43.75,43.2599983215332,43.352500915527344,91557200
2018-04-13,AAPL,41.010982513427734,43.682498931884766,43.959999084472656,43.462501525878906,43.69499969482422,100497200
2018-04-16,AAPL,41.26681900024414,43.95500183105469,44.04750061035156,43.70750045776367,43.75749969482422,86313600
2018-04-17,AAPL,41.83482360839844,44.560001373291016,44.73500061035156,44.102500915527344,44.122501373291016,106421600
2018-04-18,AAPL,41.740928649902344,44.459999084472656,44.70500183105469,44.220001220703125,44.45249938964844,83018000
2018-04-19,AAPL,40.5579833984375,43.20000076293945,43.84749984741211,43.165000915527344,43.439998626708984,139235200
2018-04-20,AAPL,38.896240234375,41.43000030517578,42.80500030517578,41.35749816894531,42.650001525878906,261964400
2018-04-23,AAPL,38.78357696533203,41.310001373291016,41.72999954223633,41.022499084472656,41.70750045776367,146062000
2018-04-24,AAPL,38.243751525878906,40.73500061035156,41.58250045776367,40.30500030517578,41.41749954223633,134768000
2018-04-25,AAPL,38.4103889465332,40.912498474121094,41.35499954223633,40.602500915527344,40.654998779296875,113528400
2018-04-26,AAPL,38.544185638427734,41.05500030517578,41.432498931884766,40.842498779296875,41.029998779296875,111852000
2018-04-27,AAPL,38.09822463989258,40.58000183105469,41.08250045776367,40.157501220703125,41.0,142623200
2018-04-30,AAPL,38.788272857666016,41.314998626708984,41.814998626708984,40.459999084472656,40.532501220703125,169709600
2018-05-01,AAPL,39.6895751953125,42.275001525878906,42.29999923706055,41.317501068115234,41.602500915527344,214277600
2018-05-02,AAPL,41.44285583496094,44.14250183105469,44.4375,43.45000076293945,43.807498931884766,266157600
2018-05-03,AAPL,41.517967224121094,44.22249984741211,44.375,43.61000061035156,43.970001220703125,136272800
2018-05-04,AAPL,43.1468505859375,45.95750045776367,46.0625,44.54249954223633,44.5625,224805200
2018-05-07,AAPL,43.459022521972656,46.290000915527344,46.91749954223633,46.1875,46.29499816894531,169805600
2018-05-08,AAPL,43.667903900146484,46.51250076293945,46.55500030517578,45.91749954223633,46.247501373291016,113611200
2018-05-09,AAPL,43.975372314453125,46.84000015258789,46.849998474121094,46.30500030517578,46.63750076293945,92844800
2018-05-10,AAPL,44.60440444946289,47.5099983215332,47.592498779296875,46.912498474121094,46.935001373291016,111957200
2018-05-11,AAPL,44.43475341796875,47.147499084472656,47.51499938964844,46.86249923706055,47.372501373291016,104848800
2018-05-14,AAPL,44.33109664916992,47.037498474121094,47.38249969482422,46.96500015258789,47.252498626708984,83115200
2018-05-15,AAPL,43.92819595336914,46.61000061035156,46.76750183105469,46.275001525878906,46.69499969482422,94780800
2018-05-16,AAPL,44.33816146850586,47.04499816894531,47.1150016784668,46.5,46.51750183105469,76732400
2018-05-17,AAPL,44.05778503417969,46.747501373291016,47.227500915527344,46.59000015258789,47.0,69176000
2018-05-18,AAPL,43.89755630493164,46.57749938964844,46.95249938964844,46.532501220703125,46.79750061035156,73190800
2018-05-21,AAPL,44.20857238769531,46.907501220703125,47.317501068115234,46.727500915527344,47.0,73603200
2018-05-22,AAPL,44.09783935546875,46.790000915527344,47.220001220703125,46.69499969482422,47.095001220703125,60962800
2018-05-23,AAPL,44.38056945800781,47.09000015258789,47.125,46.439998626708984,46.587501525878906,80233600
2018-05-24,AAPL,44.33109664916992,47.037498474121094,47.209999084472656,46.5525016784668,47.192501068115234,92936000
2018-05-25,AAPL,44.432403564453125,47.14500045776367,47.412498474121094,46.912498474121094,47.057498931884766,69844000
2018-05-29,AAPL,44.27219772338867,46.974998474121094,47.1875,46.717498779296875,46.900001525878906,90056400
2018-05-30,AAPL,44.177940368652344,46.875,47.0,46.69499969482422,46.93000030517578,74762000
2018-05-31,AAPL,44.029502868652344,46.717498779296875,47.057498931884766,46.53499984741211,46.80500030517578,109931200
2018-06-01,AAPL,44.823516845703125,47.560001373291016,47.564998626708984,46.9375,46.997501373291016,93770000
2018-06-04,AAPL,45.198150634765625,47.95750045776367,48.35499954223633,47.837501525878906,47.90999984741211,105064800
2018-06-05,AAPL,45.5468635559082,48.32749938964844,48.48500061035156,48.09000015258789,48.26750183105469,86264000
2018-06-06,AAPL,45.704715728759766,48.494998931884766,48.52000045776367,47.97999954223633,48.407501220703125,83734400
2018-06-07,AAPL,45.582210540771484,48.3650016784668,48.54999923706055,48.084999084472656,48.53499984741211,85388800
2018-06-08,AAPL,45.16752624511719,47.92499923706055,48.0,47.442501068115234,47.79249954223633,106627200
2018-06-11,AAPL,45.05678939819336,47.807498931884766,47.99250030517578,47.5525016784668,47.837501525878906,73234000
2018-06-12,AAPL,45.30418395996094,48.06999969482422,48.15250015258789,47.787498474121094,47.84749984741211,67644400
2018-06-13,AAPL,44.93190002441406,47.67499923706055,48.220001220703125,47.61000061035156,48.10499954223633,86553600
2018-06-14,AAPL,44.95546340942383,47.70000076293945,47.89250183105469,47.55500030517578,47.88750076293945,86440400
2018-06-15,AAPL,44.493656158447266,47.209999084472656,47.540000915527344,47.064998626708984,47.50749969482422,246876800
2018-06-18,AAPL,44.4701042175293,47.185001373291016,47.30500030517578,46.79999923706055,46.970001220703125,73939600
2018-06-19,AAPL,43.75148391723633,46.42250061035156,46.58250045776367,45.86249923706055,46.28499984741211,134314000
2018-06-20,AAPL,43.94232177734375,46.625,46.79999923706055,46.432498931884766,46.587501525878906,82514800
2018-06-21,AAPL,43.69729232788086,46.3650016784668,47.087501525878906,46.23500061035156,46.8125,102847600
2018-06-22,AAPL,43.570045471191406,46.22999954223633,46.537498474121094,46.17499923706055,46.529998779296875,108801600
2018-06-25,AAPL,42.9221076965332,45.54249954223633,46.22999954223633,45.182498931884766,45.849998474121094,126652400
2018-06-26,AAPL,43.45459747314453,46.10749816894531,46.63249969482422,45.6349983215332,45.747501373291016,98276800
2018-06-27,AAPL,43.3909797668457,46.040000915527344,46.81999969482422,46.00749969482422,46.307498931884766,101141200
2018-06-28,AAPL,43.70671463012695,46.375,46.5525016784668,45.95000076293945,46.025001525878906,69460800
2018-06-29,AAPL,43.61482238769531,46.27750015258789,46.79750061035156,45.727500915527344,46.5724983215332,90950800
2018-07-02,AAPL,44.102542877197266,46.79499816894531,46.82500076293945,45.85499954223633,45.95500183105469,70925200
2018-07-03,AAPL,43.334449768066406,45.97999954223633,46.98749923706055,45.8849983215332,46.9474983215332,55819200
2018-07-05,AAPL,43.68314743041992,46.349998474121094,46.602500915527344,46.06999969482422,46.314998626708984,66416800
2018-07-06,AAPL,44.2886848449707,46.99250030517578,47.10749816894531,46.29999923706055,46.35499954223633,69940800
2018-07-09,AAPL,44.90364074707031,47.64500045776367,47.66999816894531,47.32500076293945,47.375,79026400
2018-07-10,AAPL,44.849449157714844,47.587501525878906,47.81999969482422,47.54499816894531,47.6775016784668,63756400
2018-07-11,AAPL,44.267478942871094,46.970001220703125,47.44499969482422,46.90250015258789,47.125,75326000
2018-07-12,AAPL,45.0096549987793,47.75749969482422,47.852500915527344,47.32749938964844,47.38249969482422,72164400
2018-07-13,AAPL,45.08034896850586,47.83250045776367,47.959999084472656,47.724998474121094,47.77000045776367,50055600
2018-07-16,AAPL,44.981388092041016,47.727500915527344,48.162498474121094,47.60499954223633,47.880001068115234,60172400
2018-07-17,AAPL,45.10861587524414,47.86249923706055,47.967498779296875,47.29999923706055,47.4375,62138000
2018-07-18,AAPL,44.86122512817383,47.599998474121094,47.95000076293945,47.48249816894531,47.94499969482422,65573600
2018-07-19,AAPL,45.20993423461914,47.970001220703125,48.13750076293945,47.42250061035156,47.42250061035156,81147200
2018-07-20,AAPL,45.10626220703125,47.86000061035156,48.10749816894531,47.54249954223633,47.94499969482422,82704800
2018-07-23,AAPL,45.14632034301758,47.90250015258789,47.9900016784668,47.38999938964844,47.66999816894531,63957600
2018-07-24,AAPL,45.47383117675781,48.25,48.415000915527344,48.01250076293945,48.11249923706055,74791600
2018-07-25,AAPL,45.902645111083984,48.70500183105469,48.712501525878906,48.10749816894531,48.26499938964844,66839600
2018-07-26,AAPL,45.758914947509766,48.5525016784668,48.9900016784668,48.40250015258789,48.65250015258789,76304000
2018-07-27,AAPL,44.99788284301758,47.744998931884766,48.79750061035156,47.525001525878906,48.747501373291016,96096000
2018-07-30,AAPL,44.745792388916016,47.477500915527344,48.04999923706055,47.26750183105469,47.974998474121094,84118000
2018-07-31,AAPL,44.83530807495117,47.5724983215332,48.03499984741211,47.334999084472656,47.57500076293945,157492000
2018-08-01,AAPL,47.4765739440918,50.375,50.439998626708984,49.32749938964844,49.782501220703125,271742800
2018-08-02,AAPL,48.86432647705078,51.84749984741211,52.095001220703125,50.087501525878906,50.14500045776367,249616000
2018-08-03,AAPL,49.005706787109375,51.997501373291016,52.185001373291016,51.369998931884766,51.75749969482422,133789600
2018-08-06,AAPL,49.260169982910156,52.26750183105469,52.3125,51.76750183105469,52.0,101701600
2018-08-07,AAPL,48.798362731933594,51.77750015258789,52.375,51.689998626708984,52.33000183105469,102349600
2018-08-08,AAPL,48.83134841918945,51.8125,51.95249938964844,51.130001068115234,51.51250076293945,90102000
2018-08-09,AAPL,49.21541213989258,52.220001220703125,52.44499969482422,51.79999923706055,52.38249969482422,93970400
2018-08-10,AAPL,49.06880569458008,51.88249969482422,52.275001525878906,51.66749954223633,51.84000015258789,98444800
2018-08-13,AAPL,49.385643005371094,52.217498779296875,52.73749923706055,51.92499923706055,52.32749938964844,103563600
2018-08-14,AAPL,49.59370803833008,52.4375,52.63999938964844,52.064998626708984,52.540000915527344,82992000
2018-08-15,AAPL,49.70956802368164,52.560001373291016,52.685001373291016,52.08250045776367,52.30500030517578,115230400
2018-08-16,AAPL,50.43781280517578,53.33000183105469,53.45249938964844,52.86750030517578,52.9375,114001600
2018-08-17,AAPL,51.4450569152832,54.39500045776367,54.48749923706055,53.290000915527344,53.36000061035156,141708000
2018-08-20,AAPL,50.94380187988281,53.8650016784668,54.79499816894531,53.77750015258789,54.525001525878906,121150800
2018-08-21,AAPL,50.84450149536133,53.7599983215332,54.29750061035156,53.50749969482422,54.20000076293945,104639200
2018-08-22,AAPL,50.84685134887695,53.76250076293945,54.09000015258789,53.459999084472656,53.525001525878906,76072400
2018-08-23,AAPL,50.95089340209961,53.872501373291016,54.26250076293945,53.650001525878906,53.662498474121094,75532800
2018-08-24,AAPL,51.10930252075195,54.040000915527344,54.224998474121094,53.77750015258789,54.150001525878906,73905600
2018-08-27,AAPL,51.53017044067383,54.48500061035156,54.685001373291016,54.08250045776367,54.287498474121094,82100400
2018-08-28,AAPL,51.946311950683594,54.92499923706055,55.1349983215332,54.72999954223633,54.752498626708984,91107200
2018-08-29,AAPL,52.72184371948242,55.744998931884766,55.872501373291016,54.852500915527344,55.037498474121094,109019200
2018-08-30,AAPL,53.2065544128418,56.25749969482422,57.064998626708984,55.599998474121094,55.8125,195175200
2018-08-31,AAPL,53.821292877197266,56.907501220703125,57.217498779296875,56.5,56.627498626708984,173360400
2018-09-04,AAPL,53.99390411376953,57.09000015258789,57.29499816894531,56.657501220703125,57.102500915527344,109560400
2018-09-05,AAPL,53.6416015625,56.717498779296875,57.41749954223633,56.275001525878906,57.247501373291016,133332000
2018-09-06,AAPL,52.75020980834961,55.775001525878906,56.837501525878906,55.32500076293945,56.557498931884766,137160000
2018-09-07,AAPL,52.32461929321289,55.32500076293945,56.342498779296875,55.1775016784668,55.462501525878906,150479200
2018-09-10,AAPL,51.62238693237305,54.58250045776367,55.462501525878906,54.11750030517578,55.23749923706055,158066000
2018-09-11,AAPL,52.927547454833984,55.962501525878906,56.07500076293945,54.13999938964844,54.502498626708984,142996000
2018-09-12,AAPL,52.27024459838867,55.26750183105469,56.25,54.959999084472656,56.23500061035156,197114800
2018-09-13,AAPL,53.532833099365234,56.602500915527344,57.087501525878906,55.64250183105469,55.880001068115234,166825600
2018-09-14,AAPL,52.92517852783203,55.959999084472656,56.709999084472656,55.630001068115234,56.4375,127997200
2018-09-17,AAPL,51.515995025634766,54.470001220703125,55.73749923706055,54.317501068115234,55.537498474121094,148780400
2018-09-18,AAPL,51.601112365722656,54.560001373291016,55.462501525878906,54.279998779296875,54.4474983215332,126286800
2018-09-19,AAPL,51.63184356689453,54.592498779296875,54.904998779296875,53.82500076293945,54.625,108495200
2018-09-20,AAPL,52.024349212646484,55.00749969482422,55.56999969482422,54.787498474121094,55.060001373291016,106435200
2018-09-21,AAPL,51.46397399902344,54.415000915527344,55.34000015258789,54.3224983215332,55.19499969482422,384986800
2018-09-24,AAPL,52.204017639160156,55.1974983215332,55.314998626708984,54.157501220703125,54.20500183105469,110773600
2018-09-25,AAPL,52.53504943847656,55.54750061035156,55.70500183105469,54.92499923706055,54.9375,98217600
2018-09-26,AAPL,52.11654281616211,55.10499954223633,55.9375,54.939998626708984,55.25,95938800
2018-09-27,AAPL,53.187625885009766,56.23749923706055,56.61000061035156,55.8849983215332,55.95500183105469,120724800
2018-09-28,AAPL,53.374420166015625,56.435001373291016,56.459999084472656,56.005001068115234,56.1974983215332,91717600
2018-10-01,AAPL,53.73381042480469,56.814998626708984,57.35499954223633,56.587501525878906,56.98749923706055,94403200
2018-10-02,AAPL,54.21141815185547,57.31999969482422,57.5,56.657501220703125,56.8125,99152800
2018-10-03,AAPL,54.8711051940918,58.01750183105469,58.36750030517578,57.44499969482422,57.51250076293945,114619200
2018-10-04,AAPL,53.90641784667969,56.997501373291016,58.087501525878906,56.682498931884766,57.69499969482422,128168000
2018-10-05,AAPL,53.03157043457031,56.0724983215332,57.102500915527344,55.14500045776367,56.9900016784668,134322000
2018-10-08,AAPL,52.90862274169922,55.942501068115234,56.20000076293945,55.04999923706055,55.5525016784668,118655600
2018-10-09,AAPL,53.6416015625,56.717498779296875,56.817501068115234,55.5625,55.90999984741211,107564000
2018-10-10,AAPL,51.156593322753906,54.09000015258789,56.587501525878906,54.01250076293945,56.3650016784668,167962400
2018-10-11,AAPL,50.704994201660156,53.61249923706055,54.875,53.08000183105469,53.630001068115234,212497600
2018-10-12,AAPL,52.516136169433594,55.52750015258789,55.720001220703125,54.209999084472656,55.10499954223633,161351600
2018-10-15,AAPL,51.39303207397461,54.34000015258789,55.45750045776367,54.317501068115234,55.290000915527344,123164000
2018-10-16,AAPL,52.52559280395508,55.537498474121094,55.747501373291016,54.189998626708984,54.73249816894531,116736000
2018-10-17,AAPL,52.29859924316406,55.29750061035156,55.65999984741211,54.834999084472656,55.57500076293945,91541600
2018-10-18,AAPL,51.07619094848633,54.005001068115234,54.935001373291016,53.25,54.46500015258789,130325200
2018-10-19,AAPL,51.854103088378906,54.82749938964844,55.314998626708984,54.35749816894531,54.51499938964844,132314800
2018-10-22,AAPL,52.170928955078125,55.162498474121094,55.84000015258789,54.73500061035156,54.9474983215332,115168400
2018-10-23,AAPL,52.66273880004883,55.682498931884766,55.8125,53.67499923706055,53.95750045776367,155071200
2018-10-24,AAPL,50.8563117980957,53.772499084472656,56.057498931884766,53.6349983215332,55.650001525878906,163702000
2018-10-25,AAPL,51.96995544433594,54.95000076293945,55.345001220703125,54.1875,54.4275016784668,119423200
2018-10-26,AAPL,51.14241027832031,54.07500076293945,55.04750061035156,53.16749954223633,53.974998474121094,189033600
2018-10-29,AAPL,50.18244934082031,53.060001373291016,54.92250061035156,51.522499084472656,54.79750061035156,183742000
2018-10-30,AAPL,50.43309020996094,53.32500076293945,53.79499816894531,52.317501068115234,52.787498474121094,146640000
2018-10-31,AAPL,51.747703552246094,54.71500015258789,55.11249923706055,54.154998779296875,54.220001220703125,153435600
2018-11-01,AAPL,52.54213333129883,55.55500030517578,55.59000015258789,54.20249938964844,54.76250076293945,233292800
2018-11-02,AAPL,49.05699157714844,51.869998931884766,53.412498474121094,51.35749816894531,52.38750076293945,365314800
2018-11-05,AAPL,47.66434097290039,50.397499084472656,51.09749984741211,49.54249954223633,51.07500076293945,264654800
2018-11-06,AAPL,48.17979431152344,50.942501068115234,51.18000030517578,50.42250061035156,50.47999954223633,127531600
2018-11-07,AAPL,49.64099884033203,52.48749923706055,52.51499938964844,51.032501220703125,51.49250030517578,133697600
2018-11-08,AAPL,49.46779251098633,52.122501373291016,52.529998779296875,51.6875,52.494998931884766,101450400
2018-11-09,AAPL,48.51396942138672,51.11750030517578,51.502498626708984,50.5625,51.38750076293945,137463200
2018-11-12,AAPL,46.07013702392578,48.54249954223633,49.962501525878906,48.4474983215332,49.75,204542000
2018-11-13,AAPL,45.60982131958008,48.057498931884766,49.29499816894531,47.86249923706055,47.907501220703125,187531600
2018-11-14,AAPL,44.32147216796875,46.70000076293945,48.619998931884766,46.48249816894531,48.474998474121094,243204000
2018-11-15,AAPL,45.4152717590332,47.852500915527344,47.99250030517578,46.724998474121094,47.09749984741211,185915200
2018-11-16,AAPL,45.91828536987305,48.38249969482422,48.74250030517578,47.3650016784668,47.625,147713200
2018-11-19,AAPL,44.098445892333984,46.46500015258789,47.67499923706055,46.247501373291016,47.5,167701200
2018-11-20,AAPL,41.991512298583984,44.244998931884766,45.36750030517578,43.877498626708984,44.592498779296875,271300800
2018-11-21,AAPL,41.94406509399414,44.19499969482422,45.067501068115234,44.13750076293945,44.932498931884766,124496800
2018-11-23,AAPL,40.87873077392578,43.0724983215332,44.150001525878906,43.025001525878906,43.73500061035156,94496000
2018-11-26,AAPL,41.43155288696289,43.654998779296875,43.73749923706055,42.564998626708984,43.560001373291016,179994000
2018-11-27,AAPL,41.34140396118164,43.560001373291016,43.692501068115234,42.720001220703125,42.877498626708984,165549600
2018-11-28,AAPL,42.93108367919922,45.23500061035156,45.3224983215332,43.73249816894531,44.182498931884766,184250000
2018-11-29,AAPL,42.60128402709961,44.88750076293945,45.70000076293945,44.42499923706055,45.665000915527344,167080000
2018-11-30,AAPL,42.37114715576172,44.64500045776367,45.08250045776367,44.25749969482422,45.0724983215332,158126000
2018-12-03,AAPL,43.8516960144043,46.20500183105469,46.23500061035156,45.3025016784668,46.1150016784668,163210000
2018-12-04,AAPL,41.922698974609375,44.17250061035156,45.59749984741211,44.067501068115234,45.23749923706055,165377200
2018-12-06,AAPL,41.455291748046875,43.68000030517578,43.69499969482422,42.60499954223633,42.939998626708984,172393600
2018-12-07,AAPL,39.97711181640625,42.122501373291016,43.622501373291016,42.07500076293945,43.372501373291016,169126400
2018-12-10,AAPL,40.240482330322266,42.400001525878906,42.522499084472656,40.83250045776367,41.25,248104000
2018-12-11,AAPL,40.010345458984375,42.157501220703125,42.9474983215332,41.75,42.915000915527344,189126800
2018-12-12,AAPL,40.121849060058594,42.275001525878906,42.97999954223633,42.255001068115234,42.599998474121094,142510800
2018-12-13,AAPL,40.560791015625,42.73749923706055,43.14250183105469,42.38750076293945,42.622501373291016,127594400
2018-12-14,AAPL,39.26294708251953,41.369998931884766,42.27000045776367,41.31999969482422,42.25,162814800
2018-12-17,AAPL,38.89754867553711,40.98500061035156,42.087501525878906,40.682498931884766,41.36249923706055,177151600
2018-12-18,AAPL,39.40292739868164,41.51750183105469,41.88249969482422,41.09749984741211,41.345001220703125,135366000
2018-12-19,AAPL,38.173885345458984,40.22249984741211,41.86249923706055,39.772499084472656,41.5,196189200
2018-12-20,AAPL,37.21059036254883,39.20750045776367,40.52750015258789,38.82500076293945,40.099998474121094,259092000
2018-12-21,AAPL,35.76326370239258,37.682498931884766,39.540000915527344,37.407501220703125,39.21500015258789,382978400
2018-12-24,AAPL,34.837913513183594,36.70750045776367,37.88750076293945,36.647499084472656,37.037498474121094,148676800
2018-12-26,AAPL,37.2912483215332,39.29249954223633,39.307498931884766,36.68000030517578,37.07500076293945,234330000
2018-12-27,AAPL,37.04924011230469,39.037498474121094,39.192501068115234,37.51750183105469,38.959999084472656,212468400
2018-12-28,AAPL,37.06822204589844,39.057498931884766,39.630001068115234,38.63750076293945,39.375,169165600
2018-12-31,AAPL,37.42648696899414,39.435001373291016,39.84000015258789,39.119998931884766,39.63249969482422,140014000
2019-01-02,AAPL,37.46919631958008,39.47999954223633,39.712501525878906,38.557498931884766,38.72249984741211,148158800
2019-01-03,AAPL,33.73699188232422,35.54750061035156,36.43000030517578,35.5,35.994998931884766,365248800
2019-01-04,AAPL,35.17720031738281,37.064998626708984,37.13750076293945,35.95000076293945,36.13249969482422,234428400
2019-01-07,AAPL,35.098899841308594,36.98249816894531,37.20750045776367,36.474998474121094,37.17499923706055,219111200
2019-01-08,AAPL,35.76799392700195,37.6875,37.95500183105469,37.130001068115234,37.38999938964844,164101200
2019-01-09,AAPL,36.375404357910156,38.32749938964844,38.63249969482422,37.407501220703125,37.8224983215332,180396400
2019-01-10,AAPL,36.49166488647461,38.45000076293945,38.49250030517578,37.71500015258789,38.125,143122800
2019-01-11,AAPL,36.13337707519531,38.0724983215332,38.42499923706055,37.877498626708984,38.220001220703125,108092800
2019-01-14,AAPL,35.590057373046875,37.5,37.817501068115234,37.30500030517578,37.712501525878906,129756800
2019-01-15,AAPL,36.31846237182617,38.26750183105469,38.34749984741211,37.51250076293945,37.567501068115234,114843600
2019-01-16,AAPL,36.76215362548828,38.73500061035156,38.970001220703125,38.25,38.27000045776367,122278800
2019-01-17,AAPL,36.980430603027344,38.96500015258789,39.415000915527344,38.314998626708984,38.54999923706055,119284800
2019-01-18,AAPL,37.20820617675781,39.20500183105469,39.470001220703125,38.994998931884766,39.375,135004000
2019-01-22,AAPL,36.3730354309082,38.32500076293945,39.182498931884766,38.154998779296875,39.102500915527344,121576000
2019-01-23,AAPL,36.52013397216797,38.47999954223633,38.78499984741211,37.92499923706055,38.537498474121094,92522400
2019-01-24,AAPL,36.23067092895508,38.17499923706055,38.619998931884766,37.935001373291016,38.52750015258789,101766000
2019-01-25,AAPL,37.431243896484375,39.439998626708984,39.532501220703125,38.58000183105469,38.869998931884766,134142000
2019-01-28,AAPL,37.0848388671875,39.07500076293945,39.08250045776367,38.415000915527344,38.9474983215332,104768400
2019-01-29,AAPL,36.70045852661133,38.66999816894531,39.532501220703125,38.52750015258789,39.0625,166348800
2019-01-30,AAPL,39.20836639404297,41.3125,41.537498474121094,40.057498931884766,40.8125,244439200
2019-01-31,AAPL,39.490718841552734,41.61000061035156,42.25,41.13999938964844,41.52750015258789,162958400
2019-02-01,AAPL,39.50969696044922,41.630001068115234,42.244998931884766,41.48249816894531,41.7400016784668,130672400
2019-02-04,AAPL,40.63196563720703,42.8125,42.915000915527344,41.81999969482422,41.852500915527344,125982000
2019-02-05,AAPL,41.32716369628906,43.54499816894531,43.77000045776367,43.087501525878906,43.21500015258789,144406400
2019-02-06,AAPL,41.34140396118164,43.560001373291016,43.89250183105469,43.212501525878906,43.662498474121094,112958400
2019-02-07,AAPL,40.55842208862305,42.73500061035156,43.48500061035156,42.584999084472656,43.099998474121094,126966800
2019-02-08,AAPL,40.60608673095703,42.602500915527344,42.665000915527344,42.10499954223633,42.247501373291016,95280000
2019-02-11,AAPL,40.372554779052734,42.35749816894531,42.8025016784668,42.3125,42.76250076293945,83973600
2019-02-12,AAPL,40.720455169677734,42.72249984741211,42.75,42.42499923706055,42.525001525878906,89134000
2019-02-13,AAPL,40.551273345947266,42.54499816894531,43.119998931884766,42.47999954223633,42.84749984741211,89960800
2019-02-14,AAPL,40.69900131225586,42.70000076293945,42.814998626708984,42.345001220703125,42.4275016784668,87342800
2019-02-15,AAPL,40.60847473144531,42.60499954223633,42.92499923706055,42.4375,42.8125,98507200
2019-02-19,AAPL,40.72998046875,42.73249816894531,42.86000061035156,42.372501373291016,42.4275016784668,75891200
2019-02-20,AAPL,40.99209976196289,43.00749969482422,43.33000183105469,42.747501373291016,42.79750061035156,104457600
2019-02-21,AAPL,40.76095962524414,42.76499938964844,43.092498779296875,42.57500076293945,42.95000076293945,68998800
2019-02-22,AAPL,41.21607971191406,43.24250030517578,43.25,42.845001220703125,42.89500045776367,75652800
2019-02-25,AAPL,41.51632308959961,43.557498931884766,43.967498779296875,43.48749923706055,43.540000915527344,87493600
2019-02-26,AAPL,41.54015350341797,43.58250045776367,43.82500076293945,43.29249954223633,43.4275016784668,68280800
2019-02-27,AAPL,41.66883087158203,43.717498779296875,43.75,43.182498931884766,43.3025016784668,111341600
2019-02-28,AAPL,41.25896453857422,43.287498474121094,43.727500915527344,43.22999954223633,43.58000183105469,112861600
2019-03-01,AAPL,41.69264602661133,43.74250030517578,43.787498474121094,43.22249984741211,43.56999969482422,103544800
2019-03-04,AAPL,41.902347564697266,43.962501525878906,44.4375,43.49250030517578,43.92250061035156,109744800
2019-03-05,AAPL,41.826087951660156,43.88249969482422,44.0,43.6349983215332,43.98500061035156,78949600
2019-03-06,AAPL,41.585426330566406,43.630001068115234,43.872501373291016,43.48500061035156,43.66749954223633,83241600
2019-03-07,AAPL,41.104103088378906,43.125,43.61000061035156,43.005001068115234,43.467498779296875,99185600
2019-03-08,AAPL,41.201786041259766,43.227500915527344,43.26750183105469,42.375,42.58000183105469,95997600
2019-03-11,AAPL,42.62910079956055,44.724998474121094,44.779998779296875,43.837501525878906,43.872501373291016,128044000
2019-03-12,AAPL,43.108062744140625,45.227500915527344,45.66749954223633,44.842498779296875,45.0,129870400
2019-03-13,AAPL,43.29869842529297,45.4275016784668,45.82500076293945,45.22999954223633,45.5625,124130000
2019-03-14,AAPL,43.780025482177734,45.932498931884766,46.025001525878906,45.63999938964844,45.974998474121094,94318000
2019-03-15,AAPL,44.349517822265625,46.529998779296875,46.83250045776367,45.935001373291016,46.212501525878906,156171600
2019-03-18,AAPL,44.802268981933594,47.005001068115234,47.09749984741211,46.4474983215332,46.45000076293945,104879200
2019-03-19,AAPL,44.447227478027344,46.63249969482422,47.247501373291016,46.47999954223633,47.087501525878906,126585600
2019-03-20,AAPL,44.835628509521484,47.040000915527344,47.372501373291016,46.182498931884766,46.557498931884766,124140800
2019-03-21,AAPL,46.48694610595703,48.772499084472656,49.08250045776367,47.45249938964844,47.505001068115234,204136800
2019-03-22,AAPL,45.52426528930664,47.76250076293945,49.42250061035156,47.69499969482422,48.834999084472656,169630800
2019-03-25,AAPL,44.97382736206055,47.185001373291016,47.994998931884766,46.650001525878906,47.877498626708984,175381200
2019-03-26,AAPL,44.50917434692383,46.6974983215332,48.220001220703125,46.14500045776367,47.915000915527344,199202000
2019-03-27,AAPL,44.90950012207031,47.11750030517578,47.439998626708984,46.63750076293945,47.1875,119393600
2019-03-28,AAPL,44.96907424926758,47.18000030517578,47.38999938964844,46.88249969482422,47.23749923706055,83121600
2019-03-29,AAPL,45.262149810791016,47.48749923706055,47.52000045776367,47.1349983215332,47.45750045776367,94256000
2019-04-01,AAPL,45.569549560546875,47.810001373291016,47.91999816894531,47.095001220703125,47.90999984741211,111448000
2019-04-02,AAPL,46.231971740722656,48.505001068115234,48.6150016784668,47.76250076293945,47.772499084472656,91062800
2019-04-03,AAPL,46.54889678955078,48.837501525878906,49.125,48.287498474121094,48.3125,93087200
2019-04-04,AAPL,46.629920959472656,48.92250061035156,49.092498779296875,48.28499984741211,48.6974983215332,76457200
2019-04-05,AAPL,46.94205856323242,49.25,49.275001525878906,48.98249816894531,49.11249923706055,74106400
2019-04-08,AAPL,47.680755615234375,50.025001525878906,50.057498931884766,49.084999084472656,49.10499954223633,103526800
2019-04-09,AAPL,47.53777313232422,49.875,50.712501525878906,49.807498931884766,50.08000183105469,143072800
2019-04-10,AAPL,47.804656982421875,50.154998779296875,50.185001373291016,49.54499816894531,49.66999816894531,86781200
2019-04-11,AAPL,47.406707763671875,49.73749923706055,50.25,49.61000061035156,50.212501525878906,83603200
2019-04-12,AAPL,47.387657165527344,49.717498779296875,50.03499984741211,49.0525016784668,49.79999923706055,111042800
2019-04-15,AAPL,47.47343826293945,49.807498931884766,49.962501525878906,49.502498626708984,49.64500045776367,70146400
2019-04-16,AAPL,47.478206634521484,49.8125,50.342498779296875,49.63999938964844,49.8650016784668,102785600
2019-04-17,AAPL,48.402748107910156,50.782501220703125,50.845001220703125,49.65250015258789,49.8849983215332,115627200
2019-04-18,AAPL,48.576698303222656,50.96500015258789,51.037498474121094,50.630001068115234,50.779998779296875,96783200
2019-04-22,AAPL,48.736351013183594,51.13249969482422,51.23500061035156,50.584999084472656,50.70750045776367,77758000
2019-04-23,AAPL,49.439292907714844,51.869998931884766,51.9375,50.974998474121094,51.10749816894531,93292000
2019-04-24,AAPL,49.36304473876953,51.790000915527344,52.119998931884766,51.76250076293945,51.84000015258789,70162400
2019-04-25,AAPL,48.91505432128906,51.31999969482422,51.939998626708984,51.279998779296875,51.70750045776367,74172800
2019-04-26,AAPL,48.68154525756836,51.07500076293945,51.25,50.529998779296875,51.224998474121094,74596400
2019-04-29,AAPL,48.75540542602539,51.15250015258789,51.49250030517578,50.96500015258789,51.099998474121094,88818800
2019-04-30,AAPL,47.816566467285156,50.16749954223633,50.849998474121094,49.77750015258789,50.76499938964844,186139600
2019-05-01,AAPL,50.16366958618164,52.630001068115234,53.82749938964844,52.307498931884766,52.470001220703125,259309200
2019-05-02,AAPL,49.837223052978516,52.287498474121094,53.162498474121094,52.032501220703125,52.459999084472656,127985200
2019-05-03,AAPL,50.45676803588867,52.9375,52.959999084472656,52.557498931884766,52.72249984741211,83569600
2019-05-06,AAPL,49.677581787109375,52.119998931884766,52.209999084472656,50.875,51.0724983215332,129772400
2019-05-07,AAPL,48.338409423828125,50.71500015258789,51.85499954223633,50.20750045776367,51.470001220703125,155054800
2019-05-08,AAPL,48.347930908203125,50.724998474121094,51.334999084472656,50.4375,50.474998474121094,105358000
2019-05-09,AAPL,47.82847595214844,50.18000030517578,50.41999816894531,49.165000915527344,50.099998474121094,139634400
2019-05-10,AAPL,47.1658821105957,49.29499816894531,49.712501525878906,48.192501068115234,49.35499954223633,164834800
2019-05-13,AAPL,44.42464828491211,46.43000030517578,47.369998931884766,45.712501525878906,46.9275016784668,229722400
2019-05-14,AAPL,45.12788772583008,47.165000915527344,47.42499923706055,46.352500915527344,46.602500915527344,146118800
2019-05-15,AAPL,45.66849899291992,47.72999954223633,47.9375,46.505001068115234,46.567501068115234,106178800
2019-05-16,AAPL,45.46754837036133,47.52000045776367,48.11750030517578,47.209999084472656,47.477500915527344,132125600
2019-05-17,AAPL,45.2092170715332,47.25,47.724998474121094,46.689998626708984,46.73249816894531,131516400
2019-05-20,AAPL,43.79553985595703,45.772499084472656,46.087501525878906,45.06999969482422,45.880001068115234,154449200
2019-05-21,AAPL,44.6351318359375,46.650001525878906,47.0,46.17499923706055,46.30500030517578,113459200
2019-05-22,AAPL,43.72138977050781,45.69499969482422,46.4275016784668,45.63750076293945,46.165000915527344,118994400
2019-05-23,AAPL,42.975067138671875,44.915000915527344,45.1349983215332,44.45249938964844,44.95000076293945,146118800
2019-05-24,AAPL,42.810020446777344,44.74250030517578,45.53499984741211,44.654998779296875,45.04999923706055,94858800
2019-05-28,AAPL,42.63301467895508,44.557498931884766,45.147499084472656,44.477500915527344,44.72999954223633,111792800
2019-05-29,AAPL,42.4296875,44.345001220703125,44.837501525878906,44.0,44.10499954223633,113924800
2019-05-30,AAPL,42.649757385253906,44.57500076293945,44.807498931884766,44.16749954223633,44.48749923706055,84873600
2019-05-31,AAPL,41.87714385986328,43.76750183105469,44.497501373291016,43.747501373291016,44.057498931884766,108174400
2019-06-03,AAPL,41.45375061035156,43.32500076293945,44.47999954223633,42.567501068115234,43.900001525878906,161584400
2019-06-04,AAPL,42.97028350830078,44.90999984741211,44.95750045776367,43.630001068115234,43.86000061035156,123872000
2019-06-05,AAPL,43.66396713256836,45.6349983215332,46.247501373291016,45.28499984741211,46.06999969482422,119093600
2019-06-06,AAPL,44.30504608154297,46.30500030517578,46.36750030517578,45.537498474121094,45.77000045776367,90105200
2019-06-07,AAPL,45.48430633544922,47.537498474121094,47.97999954223633,46.442501068115234,46.627498626708984,122737600
2019-06-10,AAPL,46.06556701660156,48.14500045776367,48.842498779296875,47.904998779296875,47.95249938964844,104883600
2019-06-11,AAPL,46.59898376464844,48.70249938964844,49.0,48.400001525878906,48.71500015258789,107731600
2019-06-12,AAPL,46.45068359375,48.54750061035156,48.99250030517578,48.34749984741211,48.48749923706055,73012800
2019-06-13,AAPL,46.44111251831055,48.537498474121094,49.1974983215332,48.400001525878906,48.67499923706055,86698400
2019-06-14,AAPL,46.10383605957031,48.185001373291016,48.397499084472656,47.57500076293945,47.88750076293945,75046000
2019-06-17,AAPL,46.37892150878906,48.47249984741211,48.7400016784668,48.04249954223633,48.224998474121094,58676400
2019-06-18,AAPL,47.46968460083008,49.61249923706055,50.0724983215332,48.8025016784668,49.01250076293945,106204000
2019-06-19,AAPL,47.33094787597656,49.467498779296875,49.970001220703125,49.32749938964844,49.91999816894531,84496800
2019-06-20,AAPL,47.711273193359375,49.8650016784668,50.15250015258789,49.50749969482422,50.092498779296875,86056000
2019-06-21,AAPL,47.54861831665039,49.69499969482422,50.212501525878906,49.537498474121094,49.70000076293945,191202400
2019-06-24,AAPL,47.50078201293945,49.64500045776367,50.040000915527344,49.54249954223633,49.6349983215332,72881600
2019-06-25,AAPL,46.78077697753906,48.89250183105469,49.814998626708984,48.8224983215332,49.60749816894531,84281200
2019-06-26,AAPL,47.7926025390625,49.95000076293945,50.247501373291016,49.337501525878906,49.442501068115234,104270000
2019-06-27,AAPL,47.77825164794922,49.935001373291016,50.39250183105469,49.89250183105469,50.0724983215332,83598800
2019-06-28,AAPL,47.342899322509766,49.47999954223633,49.875,49.26250076293945,49.66999816894531,124442400
2019-07-01,AAPL,48.21120071411133,50.38750076293945,51.122501373291016,50.162498474121094,50.79249954223633,109012000
2019-07-02,AAPL,48.49346923828125,50.682498931884766,50.782501220703125,50.34000015258789,50.352500915527344,67740800
2019-07-03,AAPL,48.89532470703125,51.102500915527344,51.11000061035156,50.67250061035156,50.81999969482422,45448000
2019-07-05,AAPL,48.852272033691406,51.057498931884766,51.27000045776367,50.724998474121094,50.837501525878906,69062000
2019-07-08,AAPL,47.84523010253906,50.005001068115234,50.349998474121094,49.602500915527344,50.20249938964844,101354400
2019-07-09,AAPL,48.137054443359375,50.310001373291016,50.377498626708984,49.70249938964844,49.79999923706055,82312000
2019-07-10,AAPL,48.613067626953125,50.807498931884766,50.932498931884766,50.38999938964844,50.462501525878906,71588400
2019-07-11,AAPL,48.25904846191406,50.4375,51.09749984741211,50.4275016784668,50.82749938964844,80767200
2019-07-12,AAPL,48.62981033325195,50.82500076293945,51.0,50.54999923706055,50.61249923706055,70380800
2019-07-15,AAPL,49.086692810058594,51.3025016784668,51.467498779296875,51.0,51.022499084472656,67789600
2019-07-16,AAPL,48.916847229003906,51.125,51.52750015258789,50.875,51.147499084472656,67467200
2019-07-17,AAPL,48.641780853271484,50.837501525878906,51.272499084472656,50.817501068115234,51.01250076293945,56430000
2019-07-18,AAPL,49.194332122802734,51.415000915527344,51.470001220703125,50.92499923706055,51.0,74162400
2019-07-19,AAPL,48.45998001098633,50.647499084472656,51.625,50.59000015258789,51.4474983215332,83717200
2019-07-22,AAPL,49.567481994628906,51.80500030517578,51.807498931884766,50.90250015258789,50.912498474121094,89111600
2019-07-23,AAPL,49.95499038696289,52.209999084472656,52.227500915527344,51.8224983215332,52.1150016784668,73420800
2019-07-24,AAPL,49.914329528808594,52.16749954223633,52.287498474121094,51.79249954223633,51.91749954223633,59966400
2019-07-25,AAPL,49.51964569091797,51.755001068115234,52.310001373291016,51.682498931884766,52.22249984741211,55638400
2019-07-26,AAPL,49.69187545776367,51.935001373291016,52.432498931884766,51.78499984741211,51.869998931884766,70475600
2019-07-29,AAPL,50.15592575073242,52.41999816894531,52.65999984741211,52.11000061035156,52.1150016784668,86693600
2019-07-30,AAPL,49.94062805175781,52.19499969482422,52.540000915527344,51.82749938964844,52.189998626708984,135742800
2019-07-31,AAPL,50.959632873535156,53.2599983215332,55.342498779296875,52.82500076293945,54.10499954223633,277125600
2019-08-01,AAPL,49.85691833496094,52.10749816894531,54.50749969482422,51.685001373291016,53.474998474121094,216071600
2019-08-02,AAPL,48.802040100097656,51.005001068115234,51.60749816894531,50.407501220703125,51.38249969482422,163448400
2019-08-05,AAPL,46.24736022949219,48.334999084472656,49.662498474121094,48.14500045776367,49.497501373291016,209572000
2019-08-06,AAPL,47.12283706665039,49.25,49.51750183105469,48.5099983215332,49.07749938964844,143299200
2019-08-07,AAPL,47.61081314086914,49.7599983215332,49.88999938964844,48.45500183105469,48.852500915527344,133457600
2019-08-08,AAPL,48.66089630126953,50.85749816894531,50.88249969482422,49.84749984741211,50.04999923706055,108038000
2019-08-09,AAPL,48.259925842285156,50.247501373291016,50.689998626708984,49.8224983215332,50.32500076293945,98478800
2019-08-12,AAPL,48.13745880126953,50.119998931884766,50.51250076293945,49.787498474121094,49.904998779296875,89927600
2019-08-13,AAPL,50.17600631713867,52.24250030517578,53.03499984741211,50.119998931884766,50.255001068115234,188874000
2019-08-14,AAPL,48.682518005371094,50.6875,51.61000061035156,50.647499084472656,50.790000915527344,146189600
2019-08-15,AAPL,48.44001007080078,50.435001373291016,51.28499984741211,49.91749954223633,50.8650016784668,108909600
2019-08-16,AAPL,49.58293914794922,51.625,51.790000915527344,50.959999084472656,51.06999969482422,110481600
2019-08-19,AAPL,50.507362365722656,52.587501525878906,53.182498931884766,52.50749969482422,52.654998779296875,97654400
2019-08-20,AAPL,50.509765625,52.59000015258789,53.337501525878906,52.58000183105469,52.720001220703125,107537200
2019-08-21,AAPL,51.057212829589844,53.15999984741211,53.412498474121094,52.900001525878906,53.247501373291016,86141600
2019-08-22,AAPL,51.01400375366211,53.1150016784668,53.61000061035156,52.6875,53.29750061035156,89014800
2019-08-23,AAPL,48.65610122680664,50.65999984741211,53.01250076293945,50.25,52.35749816894531,187272000
2019-08-26,AAPL,49.580535888671875,51.622501373291016,51.79750061035156,51.26499938964844,51.46500015258789,104174400
2019-08-27,AAPL,49.02108383178711,51.040000915527344,52.13750076293945,50.88249969482422,51.96500015258789,103493200
2019-08-28,AAPL,49.350032806396484,51.38249969482422,51.43000030517578,50.83000183105469,51.025001525878906,63755200
2019-08-29,AAPL,50.185611724853516,52.252498626708984,52.33000183105469,51.665000915527344,52.125,83962000
2019-08-30,AAPL,50.12078094482422,52.185001373291016,52.61249923706055,51.79999923706055,52.540000915527344,84573600
2019-09-03,AAPL,49.390838623046875,51.42499923706055,51.744998931884766,51.05500030517578,51.60749816894531,80092000
2019-09-04,AAPL,50.22883605957031,52.29750061035156,52.369998931884766,51.83000183105469,52.09749984741211,76752400
2019-09-05,AAPL,51.21089172363281,53.31999969482422,53.49250030517578,52.877498626708984,53.0,95654800
2019-09-06,AAPL,51.206085205078125,53.314998626708984,53.60499954223633,53.127498626708984,53.51250076293945,77449200
2019-09-09,AAPL,51.42457580566406,53.54249954223633,54.11000061035156,52.76750183105469,53.709999084472656,109237600
2019-09-10,AAPL,52.03207015991211,54.17499923706055,54.19499969482422,52.9275016784668,53.46500015258789,127111600
2019-09-11,AAPL,53.68643569946289,55.897499084472656,55.9275016784668,54.432498931884766,54.51750183105469,177158400
2019-09-12,AAPL,53.566368103027344,55.772499084472656,56.60499954223633,55.71500015258789,56.20000076293945,128906800
2019-09-13,AAPL,52.524295806884766,54.6875,55.1974983215332,54.255001068115234,55.0,159053200
2019-09-16,AAPL,52.800411224365234,54.974998474121094,55.032501220703125,54.38999938964844,54.432498931884766,84632400
2019-09-17,AAPL,52.992515563964844,55.17499923706055,55.20500183105469,54.779998779296875,54.9900016784668,73274800
2019-09-18,AAPL,53.489532470703125,55.692501068115234,55.712501525878906,54.86000061035156,55.26499938964844,101360000
2019-09-19,AAPL,53.05493927001953,55.2400016784668,55.939998626708984,55.092498779296875,55.502498626708984,88242400
2019-09-20,AAPL,52.279388427734375,54.432498931884766,55.63999938964844,54.36750030517578,55.345001220703125,221652400
2019-09-23,AAPL,52.51709747314453,54.68000030517578,54.959999084472656,54.412498474121094,54.73749923706055,76662000
2019-09-24,AAPL,52.26736831665039,54.41999816894531,55.622501373291016,54.29750061035156,55.25749969482422,124763200
2019-09-25,AAPL,53.07175827026367,55.25749969482422,55.375,54.28499984741211,54.63750076293945,87613600
2019-09-26,AAPL,52.79801940917969,54.97249984741211,55.23500061035156,54.70750045776367,55.0,75334000
2019-09-27,AAPL,52.541107177734375,54.70500183105469,55.2400016784668,54.31999969482422,55.1349983215332,101408000
2019-09-30,AAPL,53.77767562866211,55.99250030517578,56.14500045776367,55.1974983215332,55.224998474121094,103909600
2019-10-01,AAPL,53.92654800415039,56.147499084472656,57.05500030517578,56.04999923706055,56.26750183105469,139223200
2019-10-02,AAPL,52.57472229003906,54.7400016784668,55.89500045776367,54.48249816894531,55.76499938964844,138449200
2019-10-03,AAPL,53.021331787109375,55.20500183105469,55.2400016784668,53.782501220703125,54.60749816894531,114426000
2019-10-04,AAPL,54.50761032104492,56.752498626708984,56.872501373291016,55.97249984741211,56.40999984741211,138478800
2019-10-07,AAPL,54.519615173339844,56.76499938964844,57.48249816894531,56.459999084472656,56.567501068115234,122306000
2019-10-08,AAPL,53.880916595458984,56.099998474121094,57.01499938964844,56.08250045776367,56.45500183105469,111820000
2019-10-09,AAPL,54.51240539550781,56.75749969482422,56.9474983215332,56.40999984741211,56.75749969482422,74770400
2019-10-10,AAPL,55.24714660644531,57.522499084472656,57.61000061035156,56.82500076293945,56.98249816894531,113013600
2019-10-11,AAPL,56.71664047241211,59.0525016784668,59.40999984741211,58.07749938964844,58.23749923706055,166795600
2019-10-14,AAPL,56.63499450683594,58.967498779296875,59.532501220703125,58.66749954223633,58.724998474121094,96427600
2019-10-15,AAPL,56.5029411315918,58.83000183105469,59.412498474121094,58.720001220703125,59.09749984741211,87360000
2019-10-16,AAPL,56.27482604980469,58.592498779296875,58.810001373291016,58.29999923706055,58.342498779296875,73903200
2019-10-17,AAPL,56.493324279785156,58.81999969482422,59.037498474121094,58.380001068115234,58.772499084472656,67585200
2019-10-18,AAPL,56.7646598815918,59.102500915527344,59.39500045776367,58.5724983215332,58.647499084472656,97433600
2019-10-21,AAPL,57.74910354614258,60.127498626708984,60.247501373291016,59.33000183105469,59.380001068115234,87247200
2019-10-22,AAPL,57.61704635620117,59.9900016784668,60.54999923706055,59.904998779296875,60.290000915527344,82293600
2019-10-23,AAPL,58.390201568603516,60.79499816894531,60.810001373291016,60.30500030517578,60.525001525878906,75828800
2019-10-24,AAPL,58.48625946044922,60.89500045776367,61.20000076293945,60.45249938964844,61.127498626708984,69275200
2019-10-25,AAPL,59.20658874511719,61.64500045776367,61.682498931884766,60.720001220703125,60.790000915527344,73477200
2019-10-28,AAPL,59.79966354370117,62.26250076293945,62.3125,61.68000030517578,61.85499954223633,96572800
2019-10-29,AAPL,58.4166145324707,60.8224983215332,62.4375,60.64250183105469,62.24250030517578,142839600
2019-10-30,AAPL,58.409420013427734,60.814998626708984,61.32500076293945,60.3025016784668,61.189998626708984,124522000
2019-10-31,AAPL,59.730018615722656,62.189998626708984,62.29249954223633,59.314998626708984,61.810001373291016,139162000
2019-11-01,AAPL,61.42521667480469,63.95500183105469,63.98249816894531,62.290000915527344,62.3849983215332,151125200
2019-11-04,AAPL,61.82859420776367,64.375,64.4625015258789,63.845001220703125,64.3324966430664,103272000
2019-11-05,AAPL,61.7397575378418,64.28250122070312,64.54750061035156,64.08000183105469,64.26249694824219,79897600
2019-11-06,AAPL,61.766170501708984,64.30999755859375,64.37249755859375,63.842498779296875,64.19249725341797,75864400
2019-11-07,AAPL,62.47901153564453,64.85749816894531,65.0875015258789,64.52749633789062,64.68499755859375,94940400
2019-11-08,AAPL,62.650028228759766,65.03500366210938,65.11000061035156,64.2125015258789,64.67250061035156,69986400
2019-11-11,AAPL,63.1461296081543,65.55000305175781,65.61750030517578,64.56999969482422,64.57499694824219,81821200
2019-11-12,AAPL,63.088321685791016,65.48999786376953,65.69750213623047,65.2300033569336,65.38749694824219,87388800
2019-11-13,AAPL,63.692806243896484,66.11750030517578,66.19499969482422,65.26750183105469,65.28250122070312,102734400
2019-11-14,AAPL,63.252113342285156,65.66000366210938,66.22000122070312,65.5250015258789,65.9375,89182800
2019-11-15,AAPL,64.00348663330078,66.44000244140625,66.44499969482422,65.75250244140625,65.91999816894531,100206400
2019-11-18,AAPL,64.3261947631836,66.7750015258789,66.85749816894531,66.05750274658203,66.44999694824219,86703200
2019-11-19,AAPL,64.13114166259766,66.57250213623047,67.0,66.34750366210938,66.9749984741211,76167200
2019-11-20,AAPL,63.38456726074219,65.79750061035156,66.5199966430664,65.0999984741211,66.38500213623047,106234400
2019-11-21,AAPL,63.100379943847656,65.50250244140625,66.00250244140625,65.29499816894531,65.92250061035156,121395200
2019-11-22,AAPL,63.044979095458984,65.44499969482422,65.79499816894531,65.20999908447266,65.64749908447266,65325200
2019-11-25,AAPL,64.15042114257812,66.59249877929688,66.61000061035156,65.62999725341797,65.67749786376953,84020400
2019-11-26,AAPL,63.64949417114258,66.07250213623047,66.79000091552734,65.625,66.73500061035156,105207600
2019-11-27,AAPL,64.50442504882812,66.95999908447266,66.99500274658203,66.32749938964844,66.3949966430664,65235600
2019-11-29,AAPL,64.3623275756836,66.8125,67.0,66.4749984741211,66.6500015258789,46617600
2019-12-02,AAPL,63.618167877197266,66.04000091552734,67.0625,65.86250305175781,66.81749725341797,94487200
2019-12-03,AAPL,62.48385238647461,64.86250305175781,64.88249969482422,64.07250213623047,64.57749938964844,114430400
2019-12-04,AAPL,63.035362243652344,65.43499755859375,65.82749938964844,65.16999816894531,65.26750183105469,67181600
2019-12-05,AAPL,63.960147857666016,66.3949966430664,66.47250366210938,65.68250274658203,65.94750213623047,74424400
2019-12-06,AAPL,65.19562530517578,67.67749786376953,67.75,66.82499694824219,66.87000274658203,106075600
2019-12-09,AAPL,64.28286743164062,66.7300033569336,67.69999694824219,66.22750091552734,67.5,128042400
2019-12-10,AAPL,64.6585693359375,67.12000274658203,67.51750183105469,66.46499633789062,67.1500015258789,90420400
2019-12-11,AAPL,65.2100601196289,67.69249725341797,67.7750015258789,67.125,67.20249938964844,78756800
2019-12-12,AAPL,65.37622833251953,67.86499786376953,68.13999938964844,66.83000183105469,66.94499969482422,137310400
2019-12-13,AAPL,66.264892578125,68.7874984741211,68.82499694824219,67.73249816894531,67.86499786376953,133587600
2019-12-16,AAPL,67.39922332763672,69.96499633789062,70.19750213623047,69.24500274658203,69.25,128186000
2019-12-17,AAPL,67.53166961669922,70.10250091552734,70.44249725341797,69.69999694824219,69.89250183105469,114158400
2019-12-18,AAPL,67.37031555175781,69.93499755859375,70.4749984741211,69.77999877929688,69.94999694824219,116028400
2019-12-19,AAPL,67.43777465820312,70.00499725341797,70.29499816894531,69.73750305175781,69.875,98369200
2019-12-20,AAPL,67.298095703125,69.86000061035156,70.6624984741211,69.63999938964844,70.55750274658203,275978000
2019-12-23,AAPL,68.3962631225586,71.0,71.0625,70.09249877929688,70.13249969482422,98572000
2019-12-24,AAPL,68.46128845214844,71.06749725341797,71.22250366210938,70.7300033569336,71.17250061035156,48478800
2019-12-26,AAPL,69.819580078125,72.47750091552734,72.49500274658203,71.17500305175781,71.20500183105469,93121200
2019-12-27,AAPL,69.79310607910156,72.44999694824219,73.49250030517578,72.02999877929688,72.77999877929688,146266000
2019-12-30,AAPL,70.20732116699219,72.87999725341797,73.17250061035156,71.30500030517578,72.36499786376953,144114400
2019-12-31,AAPL,70.72029113769531,73.4124984741211,73.41999816894531,72.37999725341797,72.48249816894531,100805600
2020-01-02,AAPL,72.33387756347656,75.0875015258789,75.1500015258789,73.79750061035156,74.05999755859375,135480400
2020-01-03,AAPL,71.630615234375,74.35749816894531,75.1449966430664,74.125,74.2874984741211,146322800
2020-01-06,AAPL,72.2013931274414,74.94999694824219,74.98999786376953,73.1875,73.44750213623047,118387200
2020-01-07,AAPL,71.86184692382812,74.59750366210938,75.2249984741211,74.37000274658203,74.95999908447266,108872000
2020-01-08,AAPL,73.01783752441406,75.79750061035156,76.11000061035156,74.29000091552734,74.29000091552734,132079200
2020-01-09,AAPL,74.56878662109375,77.40750122070312,77.60749816894531,76.55000305175781,76.80999755859375,170108400
2020-01-10,AAPL,74.73736572265625,77.5824966430664,78.1675033569336,77.0625,77.6500015258789,140644800
2020-01-13,AAPL,76.3340835571289,79.23999786376953,79.26750183105469,77.7874984741211,77.91000366210938,121532000
2020-01-14,AAPL,75.3033447265625,78.16999816894531,79.39250183105469,78.0425033569336,79.17500305175781,161954400
2020-01-15,AAPL,74.9806137084961,77.83499908447266,78.875,77.38749694824219,77.9625015258789,121923600
2020-01-16,AAPL,75.91987609863281,78.80999755859375,78.92500305175781,78.02249908447266,78.39749908447266,108829200
2020-01-17,AAPL,76.76036834716797,79.68250274658203,79.68499755859375,78.75,79.06749725341797,137816400
2020-01-21,AAPL,76.24015808105469,79.14250183105469,79.75499725341797,79.0,79.29750061035156,110843200
2020-01-22,AAPL,76.51231384277344,79.42500305175781,79.99749755859375,79.32749938964844,79.6449966430664,101832400
2020-01-23,AAPL,76.88079833984375,79.80750274658203,79.88999938964844,78.9124984741211,79.4800033569336,104472000
2020-01-24,AAPL,76.65923309326172,79.57749938964844,80.8324966430664,79.37999725341797,80.0625,146537600
2020-01-27,AAPL,74.4050064086914,77.23750305175781,77.94249725341797,76.22000122070312,77.51499938964844,161940000
2020-01-28,AAPL,76.5099105834961,79.42250061035156,79.5999984741211,78.04750061035156,78.1500015258789,162234000
2020-01-29,AAPL,78.11141204833984,81.08499908447266,81.9625015258789,80.34500122070312,81.11250305175781,216229200
2020-01-30,AAPL,77.99822998046875,80.96749877929688,81.02249908447266,79.6875,80.13500213623047,126743200
2020-01-31,AAPL,74.53990173339844,77.37750244140625,80.66999816894531,77.07250213623047,80.23249816894531,199588400
2020-02-03,AAPL,74.33519744873047,77.16500091552734,78.37249755859375,75.55500030517578,76.07499694824219,173788400
2020-02-04,AAPL,76.78926086425781,79.7125015258789,79.91000366210938,78.40750122070312,78.82749938964844,136616400
2020-02-05,AAPL,77.41542053222656,80.36250305175781,81.19000244140625,79.73750305175781,80.87999725341797,118826800
2020-02-06,AAPL,78.32095336914062,81.30249786376953,81.30500030517578,80.06500244140625,80.64250183105469,105425600
2020-02-07,AAPL,77.25637817382812,80.00749969482422,80.8499984741211,79.5,80.59249877929688,117684000
2020-02-10,AAPL,77.62328338623047,80.38749694824219,80.38749694824219,78.4625015258789,78.54499816894531,109348800
2020-02-11,AAPL,77.15499114990234,79.90249633789062,80.9749984741211,79.67749786376953,80.9000015258789,94323200
2020-02-12,AAPL,78.98722839355469,81.80000305175781,81.80500030517578,80.36750030517578,80.36750030517578,113730400
2020-02-13,AAPL,78.4247817993164,81.21749877929688,81.55500030517578,80.8375015258789,81.04750061035156,94747600
2020-02-14,AAPL,78.44405364990234,81.23750305175781,81.49500274658203,80.7125015258789,81.18499755859375,80113600
2020-02-18,AAPL,77.00772857666016,79.75,79.9375,78.65249633789062,78.83999633789062,152531200
2020-02-19,AAPL,78.12300109863281,80.90499877929688,81.14250183105469,80.0,80.0,93984000
2020-02-20,AAPL,77.32152557373047,80.07499694824219,81.1624984741211,79.55249786376953,80.65750122070312,100566000
2020-02-21,AAPL,75.5713882446289,78.26249694824219,80.11250305175781,77.625,79.65499877929688,129554000
2020-02-24,AAPL,71.9817123413086,74.54499816894531,76.04499816894531,72.30750274658203,74.31500244140625,222195200
2020-02-25,AAPL,69.54351806640625,72.0199966430664,75.63249969482422,71.53250122070312,75.23750305175781,230673600
2020-02-26,AAPL,70.64673614501953,73.1624984741211,74.47000122070312,71.625,71.63249969482422,198054800
2020-02-27,AAPL,66.0286865234375,68.37999725341797,71.5,68.23999786376953,70.2750015258789,320605600
2020-02-28,AAPL,65.99007415771484,68.33999633789062,69.60250091552734,64.09249877929688,64.31500244140625,426510000
2020-03-02,AAPL,72.13377380371094,74.70249938964844,75.36000061035156,69.43000030517578,70.56999969482422,341397200
2020-03-03,AAPL,69.84286499023438,72.33000183105469,76.0,71.44999694824219,75.9175033569336,319475600
2020-03-04,AAPL,73.08248901367188,75.68499755859375,75.8499984741211,73.28250122070312,74.11000061035156,219178400
2020-03-05,AAPL,70.71192169189453,73.2300033569336,74.88749694824219,72.85250091552734,73.87999725341797,187572800
2020-03-06,AAPL,69.77286529541016,72.25749969482422,72.70500183105469,70.30750274658203,70.5,226176800
2020-03-09,AAPL,64.25438690185547,66.5425033569336,69.52249908447266,65.75,65.9375,286744800
2020-03-10,AAPL,68.88208770751953,71.33499908447266,71.61000061035156,67.34249877929688,69.28500366210938,285290000
2020-03-11,AAPL,66.48977661132812,68.85749816894531,70.30500030517578,67.96499633789062,69.34750366210938,255598800
2020-03-12,AAPL,59.9235954284668,62.057498931884766,67.5,62.0,63.98500061035156,418474000
2020-03-13,AAPL,67.1029281616211,69.49250030517578,69.9800033569336,63.23749923706055,66.22250366210938,370732000
2020-03-16,AAPL,58.470340728759766,60.5525016784668,64.7699966430664,60.0,60.48749923706055,322423600
2020-03-17,AAPL,61.04129409790039,63.21500015258789,64.40249633789062,59.599998474121094,61.877498626708984,324056000
2020-03-18,AAPL,59.5469970703125,61.66749954223633,62.5,59.279998779296875,59.942501068115234,300233600
2020-03-19,AAPL,59.090755462646484,61.19499969482422,63.209999084472656,60.65250015258789,61.84749984741211,271857200
2020-03-20,AAPL,55.33934783935547,57.310001373291016,62.95750045776367,57.0,61.79499816894531,401693200
2020-03-23,AAPL,54.16370391845703,56.092498779296875,57.125,53.15250015258789,57.02000045776367,336752800
2020-03-24,AAPL,59.59769821166992,61.720001220703125,61.92250061035156,58.57500076293945,59.09000015258789,287531200
2020-03-25,AAPL,59.26939392089844,61.380001068115234,64.5625,61.07500076293945,62.6875,303602000
2020-03-26,AAPL,62.388328552246094,64.61000061035156,64.66999816894531,61.59000015258789,61.630001068115234,252087200
2020-03-27,AAPL,59.805301666259766,61.935001373291016,63.967498779296875,61.76250076293945,63.1875,204216800
2020-03-30,AAPL,61.51202392578125,63.70249938964844,63.880001068115234,62.349998474121094,62.685001373291016,167976400
2020-03-31,AAPL,61.386497497558594,63.5724983215332,65.62249755859375,63.0,63.900001525878906,197002000
2020-04-01,AAPL,58.15652084350586,60.227500915527344,62.18000030517578,59.782501220703125,61.625,176218400
2020-04-02,AAPL,59.126956939697266,61.23249816894531,61.287498474121094,59.224998474121094,60.084999084472656,165934000
2020-04-03,AAPL,58.277217864990234,60.352500915527344,61.42499923706055,59.74250030517578,60.70000076293945,129880000
2020-04-06,AAPL,63.36117935180664,65.61750030517578,65.77749633789062,62.345001220703125,62.724998474121094,201820400
2020-04-07,AAPL,62.62729263305664,64.85749816894531,67.92500305175781,64.75,67.69999694824219,202887200
2020-04-08,AAPL,64.23023223876953,66.51750183105469,66.84249877929688,65.30750274658203,65.68499755859375,168895200
2020-04-09,AAPL,64.6937255859375,66.99749755859375,67.51750183105469,66.17500305175781,67.17500305175781,161834800
2020-04-13,AAPL,65.96350860595703,68.3125,68.42500305175781,66.4574966430664,67.07749938964844,131022800
2020-04-14,AAPL,69.2948989868164,71.76249694824219,72.0625,69.51249694824219,70.0,194994800
2020-04-15,AAPL,68.66239166259766,71.10749816894531,71.5824966430664,70.15750122070312,70.5999984741211,131154400
2020-04-16,AAPL,69.20797729492188,71.67250061035156,72.05000305175781,70.5875015258789,71.84500122070312,157125200
2020-04-17,AAPL,68.26892852783203,70.69999694824219,71.73750305175781,69.21499633789062,71.17250061035156,215250000
2020-04-20,AAPL,66.85186767578125,69.23249816894531,70.41999816894531,69.2125015258789,69.48750305175781,130015200
2020-04-21,AAPL,64.78546142578125,67.09249877929688,69.3125,66.35749816894531,69.06999969482422,180991600
2020-04-22,AAPL,66.65150451660156,69.0250015258789,69.4749984741211,68.05000305175781,68.40249633789062,116862400
2020-04-23,AAPL,66.3932113647461,68.75749969482422,70.4375,68.71749877929688,68.96749877929688,124814400
2020-04-24,AAPL,68.30995178222656,70.74250030517578,70.75250244140625,69.25,69.30000305175781,126161200
2020-04-27,AAPL,68.35823059082031,70.7925033569336,71.13500213623047,69.98750305175781,70.44999694824219,117087600
2020-04-28,AAPL,67.25018310546875,69.6449966430664,71.4574966430664,69.55000305175781,71.2699966430664,112004800
2020-04-29,AAPL,69.45903015136719,71.93250274658203,72.4175033569336,70.97250366210938,71.18250274658203,137280800
2020-04-30,AAPL,70.9243392944336,73.44999694824219,73.63249969482422,72.0875015258789,72.48999786376953,183064000
2020-05-01,AAPL,69.78252410888672,72.26750183105469,74.75,71.4625015258789,71.5625,240616800
2020-05-04,AAPL,70.76985168457031,73.29000091552734,73.42250061035156,71.58000183105469,72.2925033569336,133568000
2020-05-05,AAPL,71.8320083618164,74.38999938964844,75.25,73.61499786376953,73.76499938964844,147751200
2020-05-06,AAPL,72.57312774658203,75.15750122070312,75.80999755859375,74.71749877929688,75.11499786376953,142333600
2020-05-07,AAPL,73.32389831542969,75.93499755859375,76.2925033569336,75.49250030517578,75.80500030517578,115215200
2020-05-08,AAPL,75.06913757324219,77.53250122070312,77.5875015258789,76.07250213623047,76.41000366210938,133838400
2020-05-11,AAPL,76.25035858154297,78.75250244140625,79.26249694824219,76.80999755859375,77.0250015258789,145946400
2020-05-12,AAPL,75.37895965576172,77.85250091552734,79.92250061035156,77.72750091552734,79.4574966430664,162301200
2020-05-13,AAPL,74.46883392333984,76.9124984741211,78.98750305175781,75.80249786376953,78.0374984741211,200622400
2020-05-14,AAPL,74.92630767822266,77.38500213623047,77.44750213623047,75.38249969482422,76.12750244140625,158929200
2020-05-15,AAPL,74.48333740234375,76.92749786376953,76.9749984741211,75.05249786376953,75.0875015258789,166348400
2020-05-18,AAPL,76.23827362060547,78.73999786376953,79.125,77.58000183105469,78.2925033569336,135178400
2020-05-19,AAPL,75.79774475097656,78.28500366210938,79.62999725341797,78.25250244140625,78.75749969482422,101729600
2020-05-20,AAPL,77.27185821533203,79.80750274658203,79.87999725341797,79.12999725341797,79.16999816894531,111504800
2020-05-21,AAPL,76.69575500488281,79.2125015258789,80.22250366210938,78.96749877929688,79.66500091552734,102688800
2020-05-22,AAPL,77.1895523071289,79.72250366210938,79.80750274658203,78.8375015258789,78.94249725341797,81803200
2020-05-26,AAPL,76.66671752929688,79.18250274658203,81.05999755859375,79.125,80.875,125522000
2020-05-27,AAPL,77.00074768066406,79.52749633789062,79.67749786376953,78.27249908447266,79.03500366210938,112945200
2020-05-28,AAPL,77.0346450805664,79.5625,80.86000061035156,78.90750122070312,79.19249725341797,133560800
2020-05-29,AAPL,76.95957946777344,79.48500061035156,80.2874984741211,79.11750030517578,79.8125,153532400
2020-06-01,AAPL,77.90604400634766,80.4625015258789,80.5875015258789,79.30249786376953,79.4375,80791200
2020-06-02,AAPL,78.26670837402344,80.83499908447266,80.86000061035156,79.73249816894531,80.1875,87642800
2020-06-03,AAPL,78.69757843017578,81.27999877929688,81.55000305175781,80.57499694824219,81.16500091552734,104491200
2020-06-04,AAPL,78.01980590820312,80.58000183105469,81.40499877929688,80.19499969482422,81.09750366210938,87560400
2020-06-05,AAPL,80.24188232421875,82.875,82.9375,80.80750274658203,80.8375015258789,137250400
2020-06-08,AAPL,80.71631622314453,83.36499786376953,83.4000015258789,81.83000183105469,82.5625,95654400
2020-06-09,AAPL,83.2651596069336,85.99749755859375,86.40249633789062,83.00250244140625,83.03500366210938,147712400
2020-06-10,AAPL,85.40740203857422,88.20999908447266,88.69249725341797,86.52249908447266,86.9749984741211,166651600
2020-06-11,AAPL,81.30693817138672,83.9749984741211,87.76499938964844,83.87000274658203,87.32749938964844,201662400
2020-06-12,AAPL,82.00889587402344,84.69999694824219,86.94999694824219,83.55500030517578,86.18000030517578,200146000
2020-06-15,AAPL,83.02311706542969,85.74749755859375,86.41999816894531,83.1449966430664,83.3125,138808800
2020-06-16,AAPL,85.22342681884766,88.0199966430664,88.30000305175781,86.18000030517578,87.86499786376953,165428800
2020-06-17,AAPL,85.10481262207031,87.89749908447266,88.8499984741211,87.77249908447266,88.7874984741211,114406400
2020-06-18,AAPL,85.13868713378906,87.93250274658203,88.36250305175781,87.30500030517578,87.85250091552734,96820400
2020-06-19,AAPL,84.65216827392578,87.43000030517578,89.13999938964844,86.2874984741211,88.66000366210938,264476000
2020-06-22,AAPL,86.86698913574219,89.71749877929688,89.86499786376953,87.7874984741211,87.83499908447266,135445200
2020-06-23,AAPL,88.72113800048828,91.63249969482422,93.09500122070312,90.56749725341797,91.0,212155600
2020-06-24,AAPL,87.155029296875,90.01499938964844,92.19750213623047,89.62999725341797,91.25,192623200
2020-06-25,AAPL,88.31207275390625,91.20999908447266,91.25,89.39250183105469,90.17500305175781,137522400
2020-06-26,AAPL,85.59858703613281,88.40750122070312,91.33000183105469,88.25499725341797,91.10250091552734,205256800
2020-06-29,AAPL,87.57135772705078,90.44499969482422,90.5425033569336,87.81999969482422,88.3125,130646000
2020-06-30,AAPL,88.30239868164062,91.19999694824219,91.49500274658203,90.0,90.0199966430664,140223200
2020-07-01,AAPL,88.1353759765625,91.02749633789062,91.83999633789062,90.97750091552734,91.27999877929688,110737200
2020-07-02,AAPL,88.1353759765625,91.02749633789062,92.61750030517578,90.91000366210938,91.9625015258789,114041600
2020-07-06,AAPL,90.49298858642578,93.4625015258789,93.94499969482422,92.46749877929688,92.5,118655600
2020-07-07,AAPL,90.21221923828125,93.17250061035156,94.65499877929688,93.05750274658203,93.85250091552734,112424400
2020-07-08,AAPL,92.31326293945312,95.34249877929688,95.375,94.08999633789062,94.18000030517578,117092000
2020-07-09,AAPL,92.71024322509766,95.75250244140625,96.31749725341797,94.67250061035156,96.26249694824219,125642800
2020-07-10,AAPL,92.8724136352539,95.91999816894531,95.9800033569336,94.70500183105469,95.33499908447266,90257200
2020-07-13,AAPL,92.44398498535156,95.47750091552734,99.95500183105469,95.25749969482422,97.26499938964844,191649200
2020-07-14,AAPL,93.97378540039062,97.05750274658203,97.25499725341797,93.87750244140625,94.83999633789062,170989200
2020-07-15,AAPL,94.62007904052734,97.7249984741211,99.24749755859375,96.48999786376953,98.98999786376953,153198000
2020-07-16,AAPL,93.45577239990234,96.52249908447266,97.40499877929688,95.90499877929688,96.5625,110577600
2020-07-17,AAPL,93.26699829101562,96.32749938964844,97.14749908447266,95.83999633789062,96.98750305175781,92186800
2020-07-20,AAPL,95.23246765136719,98.35749816894531,98.5,96.0625,96.4175033569336,90318000
2020-07-21,AAPL,93.91812133789062,97.0,99.25,96.74250030517578,99.17250061035156,103433200
2020-07-22,AAPL,94.18196105957031,97.27249908447266,97.9749984741211,96.60250091552734,96.69249725341797,89001600
2020-07-23,AAPL,89.89513397216797,92.84500122070312,97.07749938964844,92.01000213623047,96.99749755859375,197004400
2020-07-24,AAPL,89.67242431640625,92.61499786376953,92.97000122070312,89.1449966430664,90.98750305175781,185438800
2020-07-27,AAPL,91.79769134521484,94.80999755859375,94.90499877929688,93.4800033569336,93.70999908447266,121214000
2020-07-28,AAPL,90.2896957397461,93.25250244140625,94.55000305175781,93.24749755859375,94.36750030517578,103625600
2020-07-29,AAPL,92.02037811279297,95.04000091552734,95.2300033569336,93.7125015258789,93.75,90329200
2020-07-30,AAPL,93.13384246826172,96.19000244140625,96.29750061035156,93.76750183105469,94.1875,158130000
2020-07-31,AAPL,102.88391876220703,106.26000213623047,106.41500091552734,100.82499694824219,102.88500213623047,374336800
2020-08-03,AAPL,105.476318359375,108.9375,111.63749694824219,107.89250183105469,108.19999694824219,308151200
2020-08-04,AAPL,106.18072509765625,109.66500091552734,110.79000091552734,108.38749694824219,109.13249969482422,173071600
2020-08-05,AAPL,106.56558227539062,110.0625,110.39250183105469,108.89749908447266,109.37750244140625,121776800
2020-08-06,AAPL,110.28357696533203,113.90249633789062,114.4124984741211,109.79750061035156,110.40499877929688,202428800
2020-08-07,AAPL,107.77620697021484,111.11250305175781,113.67500305175781,110.2925033569336,113.20500183105469,198045600
2020-08-10,AAPL,109.34270477294922,112.72750091552734,113.7750015258789,110.0,112.5999984741211,212403600
2020-08-11,AAPL,106.09086608886719,109.375,112.48249816894531,109.10749816894531,111.97000122070312,187902400
2020-08-12,AAPL,109.61671447753906,113.01000213623047,113.2750015258789,110.29750061035156,110.49749755859375,165598000
2020-08-13,AAPL,111.55667877197266,115.01000213623047,116.0425033569336,113.92749786376953,114.43000030517578,210082000
2020-08-14,AAPL,111.45726776123047,114.90750122070312,115.0,113.04499816894531,114.83000183105469,165565200
2020-08-17,AAPL,111.16627502441406,114.60749816894531,116.0875015258789,113.9625015258789,116.0625,119561600
2020-08-18,AAPL,112.09259033203125,115.5625,116.0,114.00749969482422,114.35250091552734,105633600
2020-08-19,AAPL,112.23323059082031,115.7074966430664,117.1624984741211,115.61000061035156,115.98249816894531,145538000
2020-08-20,AAPL,114.7236557006836,118.2750015258789,118.39250183105469,115.73249816894531,115.75,126907200
2020-08-21,AAPL,120.63562774658203,124.37000274658203,124.86750030517578,119.25,119.26249694824219,338054800
2020-08-24,AAPL,122.0784683227539,125.85749816894531,128.78500366210938,123.9375,128.69749450683594,345937600
2020-08-25,AAPL,121.07694244384766,124.82499694824219,125.18000030517578,123.05249786376953,124.69750213623047,211495600
2020-08-26,AAPL,122.72346496582031,126.52249908447266,126.99250030517578,125.0824966430664,126.18000030517578,163022400
2020-08-27,AAPL,121.25641632080078,125.01000213623047,127.48500061035156,123.8324966430664,127.14250183105469,155552400
2020-08-28,AAPL,121.05998229980469,124.80750274658203,126.44249725341797,124.57749938964844,126.01249694824219,187630000
2020-08-31,AAPL,125.1654052734375,129.0399932861328,131.0,126.0,127.58000183105469,225702700
2020-09-01,AAPL,130.1510772705078,134.17999267578125,134.8000030517578,130.52999877929688,132.75999450683594,151948100
2020-09-02,AAPL,127.45455169677734,131.39999389648438,137.97999572753906,127.0,137.58999633789062,200119000
2020-09-03,AAPL,117.25041198730469,120.87999725341797,128.83999633789062,120.5,126.91000366210938,257599600
2020-09-04,AAPL,117.32801055908203,120.95999908447266,123.69999694824219,110.88999938964844,120.06999969482422,332607200
2020-09-08,AAPL,109.43241119384766,112.81999969482422,118.98999786376953,112.68000030517578,113.94999694824219,231366600
2020-09-09,AAPL,113.79729461669922,117.31999969482422,119.13999938964844,115.26000213623047,117.26000213623047,176940500
2020-09-10,AAPL,110.08231353759766,113.48999786376953,120.5,112.5,120.36000061035156,182274400
2020-09-11,AAPL,108.63704681396484,112.0,115.2300033569336,110.0,114.56999969482422,180860300
2020-09-14,AAPL,111.89617156982422,115.36000061035156,115.93000030517578,112.80000305175781,114.72000122070312,140150100
2020-09-15,AAPL,112.07076263427734,115.54000091552734,118.83000183105469,113.61000061035156,118.33000183105469,184642000
2020-09-16,AAPL,108.76313781738281,112.12999725341797,116.0,112.04000091552734,115.2300033569336,154679000
2020-09-17,AAPL,107.02688598632812,110.33999633789062,112.19999694824219,108.70999908447266,109.72000122070312,178011000
2020-09-18,AAPL,103.63198852539062,106.83999633789062,110.87999725341797,106.08999633789062,110.4000015258789,287104900
2020-09-21,AAPL,106.77470397949219,110.08000183105469,110.19000244140625,103.0999984741211,104.54000091552734,195713800
2020-09-22,AAPL,108.45274353027344,111.80999755859375,112.86000061035156,109.16000366210938,112.68000030517578,183055400
2020-09-23,AAPL,103.9035873413086,107.12000274658203,112.11000061035156,106.7699966430664,111.62000274658203,150718700
2020-09-24,AAPL,104.97056579589844,108.22000122070312,110.25,105.0,105.16999816894531,167743300
2020-09-25,AAPL,108.90863800048828,112.27999877929688,112.44000244140625,107.66999816894531,108.43000030517578,149981400
2020-09-28,AAPL,111.5081558227539,114.95999908447266,115.31999969482422,112.77999877929688,115.01000213623047,137672400
2020-09-29,AAPL,110.66429901123047,114.08999633789062,115.30999755859375,113.56999969482422,114.55000305175781,99382200
2020-09-30,AAPL,112.3326416015625,115.80999755859375,117.26000213623047,113.62000274658203,113.79000091552734,142675200
2020-10-01,AAPL,113.28321838378906,116.79000091552734,117.72000122070312,115.83000183105469,117.63999938964844,116120400
2020-10-02,AAPL,109.62641906738281,113.0199966430664,115.37000274658203,112.22000122070312,112.88999938964844,144712000
2020-10-05,AAPL,113.0019302368164,116.5,116.6500015258789,113.55000305175781,113.91000366210938,106243800
2020-10-06,AAPL,109.76222229003906,113.16000366210938,116.12000274658203,112.25,115.69999694824219,161498200
2020-10-07,AAPL,111.62457275390625,115.08000183105469,115.55000305175781,114.12999725341797,114.62000274658203,96849000
2020-10-08,AAPL,111.51786041259766,114.97000122070312,116.4000015258789,114.58999633789062,116.25,83477200
2020-10-09,AAPL,113.45782470703125,116.97000122070312,117.0,114.91999816894531,115.27999877929688,100506900
2020-10-12,AAPL,120.66474151611328,124.4000015258789,125.18000030517578,119.27999877929688,120.05999755859375,240226800
2020-10-13,AAPL,117.46379852294922,121.0999984741211,125.38999938964844,119.6500015258789,125.2699966430664,262330500
2020-10-14,AAPL,117.55110931396484,121.19000244140625,123.02999877929688,119.62000274658203,121.0,150712000
2020-10-15,AAPL,117.08551025390625,120.70999908447266,121.19999694824219,118.1500015258789,118.72000122070312,112559200
2020-10-16,AAPL,115.44625854492188,119.0199966430664,121.55000305175781,118.80999755859375,121.27999877929688,115393800
2020-10-19,AAPL,112.49755859375,115.9800033569336,120.41999816894531,115.66000366210938,119.95999908447266,120639300
2020-10-20,AAPL,113.98161315917969,117.51000213623047,118.9800033569336,115.62999725341797,116.19999694824219,124423700
2020-10-21,AAPL,113.36080932617188,116.87000274658203,118.70999908447266,116.44999694824219,116.66999816894531,89946000
2020-10-22,AAPL,112.27444458007812,115.75,118.04000091552734,114.58999633789062,117.44999694824219,101988000
2020-10-23,AAPL,111.58576202392578,115.04000091552734,116.55000305175781,114.27999877929688,116.38999938964844,82572600
2020-10-26,AAPL,111.59544372558594,115.05000305175781,116.55000305175781,112.87999725341797,114.01000213623047,111850700
2020-10-27,AAPL,113.09892272949219,116.5999984741211,117.27999877929688,114.54000091552734,115.48999786376953,92276800
2020-10-28,AAPL,107.8610610961914,111.19999694824219,115.43000030517578,111.0999984741211,115.05000305175781,143937800
2020-10-29,AAPL,111.85736846923828,115.31999969482422,116.93000030517578,112.19999694824219,112.37000274658203,146129200
2020-10-30,AAPL,105.5913314819336,108.86000061035156,111.98999786376953,107.72000122070312,111.05999755859375,190272600
2020-11-02,AAPL,105.5040054321289,108.7699966430664,110.68000030517578,107.31999969482422,109.11000061035156,122866900
2020-11-03,AAPL,107.1239013671875,110.44000244140625,111.48999786376953,108.7300033569336,109.66000366210938,107624400
2020-11-04,AAPL,111.49847412109375,114.94999694824219,115.58999633789062,112.3499984741211,114.13999938964844,138235500
2020-11-05,AAPL,115.45594787597656,119.02999877929688,119.62000274658203,116.87000274658203,117.94999694824219,126387100
2020-11-06,AAPL,115.32479858398438,118.69000244140625,119.19999694824219,116.12999725341797,118.31999969482422,114457900
2020-11-09,AAPL,113.0219955444336,116.31999969482422,121.98999786376953,116.05000305175781,120.5,154515300
2020-11-10,AAPL,112.68191528320312,115.97000122070312,117.58999633789062,114.12999725341797,115.55000305175781,138023400
2020-11-11,AAPL,116.10210418701172,119.48999786376953,119.62999725341797,116.44000244140625,117.19000244140625,112295000
2020-11-12,AAPL,115.8300552368164,119.20999908447266,120.52999877929688,118.56999969482422,119.62000274658203,103162300
2020-11-13,AAPL,115.87863159179688,119.26000213623047,119.66999816894531,117.87000274658203,119.44000244140625,81581900
2020-11-16,AAPL,116.88915252685547,120.30000305175781,120.98999786376953,118.1500015258789,118.91999816894531,91183000
2020-11-17,AAPL,116.00495147705078,119.38999938964844,120.66999816894531,118.95999908447266,119.55000305175781,74271000
2020-11-18,AAPL,114.68350219726562,118.02999877929688,119.81999969482422,118.0,118.61000061035156,76322100
2020-11-19,AAPL,115.27620697021484,118.63999938964844,119.05999755859375,116.80999755859375,117.58999633789062,74113000
2020-11-20,AAPL,114.01305389404297,117.33999633789062,118.7699966430664,117.29000091552734,118.63999938964844,73604300
2020-11-23,AAPL,110.62203979492188,113.8499984741211,117.62000274658203,113.75,117.18000030517578,127959300
2020-11-24,AAPL,111.90459442138672,115.16999816894531,115.8499984741211,112.58999633789062,113.91000366210938,113874200
2020-11-25,AAPL,112.7402114868164,116.02999877929688,116.75,115.16999816894531,115.55000305175781,76499200
2020-11-27,AAPL,113.28433227539062,116.58999633789062,117.48999786376953,116.22000122070312,116.56999969482422,46691300
2020-11-30,AAPL,115.67459106445312,119.05000305175781,120.97000122070312,116.80999755859375,116.97000122070312,169410200
2020-12-01,AAPL,119.24053192138672,122.72000122070312,123.47000122070312,120.01000213623047,121.01000213623047,127728200
2020-12-02,AAPL,119.59032440185547,123.08000183105469,123.37000274658203,120.88999938964844,122.0199966430664,89004200
2020-12-03,AAPL,119.45430755615234,122.94000244140625,123.77999877929688,122.20999908447266,123.5199966430664,78967600
2020-12-04,AAPL,118.78385162353516,122.25,122.86000061035156,121.5199966430664,122.5999984741211,78260400
2020-12-07,AAPL,120.2413330078125,123.75,124.56999969482422,122.25,122.30999755859375,86712000
2020-12-08,AAPL,120.85346984863281,124.37999725341797,124.9800033569336,123.08999633789062,124.37000274658203,82225500
2020-12-09,AAPL,118.3271713256836,121.77999877929688,125.94999694824219,121.0,124.52999877929688,115089200
2020-12-10,AAPL,119.74578094482422,123.23999786376953,123.87000274658203,120.1500015258789,120.5,81312200
2020-12-11,AAPL,118.9393081665039,122.41000366210938,122.76000213623047,120.55000305175781,122.43000030517578,86939800
2020-12-14,AAPL,118.3271713256836,121.77999877929688,123.3499984741211,121.54000091552734,122.5999984741211,79184500
2020-12-15,AAPL,124.25421905517578,127.87999725341797,127.9000015258789,124.12999725341797,124.33999633789062,157243700
2020-12-16,AAPL,124.18621063232422,127.80999755859375,128.3699951171875,126.55999755859375,127.41000366210938,98208600
2020-12-17,AAPL,125.05097198486328,128.6999969482422,129.5800018310547,128.0399932861328,128.89999389648438,94359800
2020-12-18,AAPL,123.0688247680664,126.66000366210938,129.10000610351562,126.12000274658203,128.9600067138672,192541500
2020-12-21,AAPL,124.59429168701172,128.22999572753906,128.30999755859375,123.44999694824219,125.0199966430664,121251600
2020-12-22,AAPL,128.1408233642578,131.8800048828125,134.41000366210938,129.64999389648438,131.61000061035156,168904800
2020-12-23,AAPL,127.24690246582031,130.9600067138672,132.42999267578125,130.77999877929688,132.16000366210938,88223700
2020-12-24,AAPL,128.22825622558594,131.97000122070312,133.4600067138672,131.10000610351562,131.32000732421875,54930100
2020-12-28,AAPL,132.81446838378906,136.69000244140625,137.33999633789062,133.50999450683594,133.99000549316406,124486200
2020-12-29,AAPL,131.04605102539062,134.8699951171875,138.7899932861328,134.33999633789062,138.0500030517578,121047300
2020-12-30,AAPL,129.92864990234375,133.72000122070312,135.99000549316406,133.39999389648438,135.5800018310547,96452100
2020-12-31,AAPL,128.92784118652344,132.69000244140625,134.74000549316406,131.72000122070312,134.0800018310547,99116600
2021-01-04,AAPL,125.7408447265625,129.41000366210938,133.61000061035156,126.76000213623047,133.52000427246094,143301900
2021-01-05,AAPL,127.29549407958984,131.00999450683594,131.74000549316406,128.42999267578125,128.88999938964844,97664900
2021-01-06,AAPL,123.0105209350586,126.5999984741211,131.0500030517578,126.37999725341797,127.72000122070312,155088000
2021-01-07,AAPL,127.2080307006836,130.9199981689453,131.6300048828125,127.86000061035156,128.36000061035156,109578200
2021-01-08,AAPL,128.30599975585938,132.0500030517578,132.6300048828125,130.22999572753906,132.42999267578125,105158200
2021-01-11,AAPL,125.32302856445312,128.97999572753906,130.1699981689453,128.5,129.19000244140625,100384500
2021-01-12,AAPL,125.14812469482422,128.8000030517578,129.69000244140625,126.86000061035156,128.5,91951100
2021-01-13,AAPL,127.17887115478516,130.88999938964844,131.4499969482422,128.49000549316406,128.75999450683594,88636800
2021-01-14,AAPL,125.25503540039062,128.91000366210938,131.0,128.75999450683594,130.8000030517578,90221800
2021-01-15,AAPL,123.53521728515625,127.13999938964844,130.22000122070312,127.0,128.77999877929688,111598500
2021-01-19,AAPL,124.20565032958984,127.83000183105469,128.7100067138672,126.94000244140625,127.77999877929688,90757300
2021-01-20,AAPL,128.28656005859375,132.02999877929688,132.49000549316406,128.5500030517578,128.66000366210938,104319500
2021-01-21,AAPL,132.9893798828125,136.8699951171875,139.6699981689453,133.58999633789062,133.8000030517578,120150900
2021-01-22,AAPL,135.12698364257812,139.07000732421875,139.85000610351562,135.02000427246094,136.27999877929688,114459400
2021-01-25,AAPL,138.86781311035156,142.9199981689453,145.08999633789062,136.5399932861328,143.07000732421875,157611700
2021-01-26,AAPL,139.1009979248047,143.16000366210938,144.3000030517578,141.3699951171875,143.60000610351562,98390600
2021-01-27,AAPL,138.03216552734375,142.05999755859375,144.3000030517578,140.41000366210938,143.42999267578125,140843800
2021-01-28,AAPL,133.20309448242188,137.08999633789062,141.99000549316406,136.6999969482422,139.52000427246094,142621100
2021-01-29,AAPL,128.21853637695312,131.9600067138672,136.74000549316406,130.2100067138672,135.8300018310547,177523800
2021-02-01,AAPL,130.3367462158203,134.13999938964844,135.3800048828125,130.92999267578125,133.75,106239800
2021-02-02,AAPL,131.16262817382812,134.99000549316406,136.30999755859375,134.61000061035156,135.72999572753906,83305400
2021-02-03,AAPL,130.1424102783203,133.94000244140625,135.77000427246094,133.61000061035156,135.75999450683594,89880900
2021-02-04,AAPL,133.49462890625,137.38999938964844,137.39999389648438,134.58999633789062,136.3000030517578,84183100
2021-02-05,AAPL,133.08102416992188,136.75999450683594,137.4199981689453,135.86000061035156,137.35000610351562,75693800
2021-02-08,AAPL,133.2269744873047,136.91000366210938,136.9600067138672,134.9199981689453,136.02999877929688,71297200
2021-02-09,AAPL,132.35121154785156,136.00999450683594,137.8800048828125,135.85000610351562,136.6199951171875,76774200
2021-02-10,AAPL,131.74789428710938,135.38999938964844,136.99000549316406,134.39999389648438,136.47999572753906,73046600
2021-02-11,AAPL,131.49488830566406,135.1300048828125,136.38999938964844,133.77000427246094,135.89999389648438,64280000
2021-02-12,AAPL,131.72842407226562,135.3699951171875,135.52999877929688,133.69000244140625,134.35000610351562,60145100
2021-02-16,AAPL,129.60708618164062,133.19000244140625,136.00999450683594,132.7899932861328,135.49000549316406,80576300
2021-02-17,AAPL,127.32026672363281,130.83999633789062,132.22000122070312,129.47000122070312,131.25,97918500
2021-02-18,AAPL,126.22068786621094,129.7100067138672,130.0,127.41000366210938,129.1999969482422,96856700
2021-02-19,AAPL,126.37635803222656,129.8699951171875,130.7100067138672,128.8000030517578,130.24000549316406,87668800
2021-02-22,AAPL,122.61046600341797,126.0,129.72000122070312,125.5999984741211,128.00999450683594,103916400
2021-02-23,AAPL,122.47425842285156,125.86000061035156,126.70999908447266,118.38999938964844,123.76000213623047,158273000
2021-02-24,AAPL,121.97797393798828,125.3499984741211,125.55999755859375,122.2300033569336,124.94000244140625,111039900
2021-02-25,AAPL,117.73526763916016,120.98999786376953,126.45999908447266,120.54000091552734,124.68000030517578,148199500
2021-02-26,AAPL,117.99800109863281,121.26000213623047,124.8499984741211,121.19999694824219,122.58999633789062,164560400
2021-03-01,AAPL,124.35232543945312,127.79000091552734,127.93000030517578,122.79000091552734,123.75,116307900
2021-03-02,AAPL,121.75416564941406,125.12000274658203,128.72000122070312,125.01000213623047,128.41000366210938,102260900
2021-03-03,AAPL,118.77648162841797,122.05999755859375,125.70999908447266,121.83999633789062,124.80999755859375,112966300
2021-03-04,AAPL,116.89838409423828,120.12999725341797,123.5999984741211,118.62000274658203,121.75,178155000
2021-03-05,AAPL,118.15367889404297,121.41999816894531,121.94000244140625,117.56999969482422,120.9800033569336,153766600
2021-03-08,AAPL,113.22982025146484,116.36000061035156,121.0,116.20999908447266,120.93000030517578,154376600
2021-03-09,AAPL,117.83255767822266,121.08999633789062,122.05999755859375,118.79000091552734,119.02999877929688,129525800
2021-03-10,AAPL,116.75241088867188,119.9800033569336,122.16999816894531,119.44999694824219,121.69000244140625,111943300
2021-03-11,AAPL,118.67916107177734,121.95999908447266,123.20999908447266,121.26000213623047,122.54000091552734,103026500
2021-03-12,AAPL,117.77417755126953,121.02999877929688,121.16999816894531,119.16000366210938,120.4000015258789,88105100
2021-03-15,AAPL,120.65454864501953,123.98999786376953,124.0,120.41999816894531,121.41000366210938,92403800
2021-03-16,AAPL,122.19203186035156,125.56999969482422,127.22000122070312,124.72000122070312,125.69999694824219,115227900
2021-03-17,AAPL,121.40384674072266,124.76000213623047,125.86000061035156,122.33999633789062,124.05000305175781,111932600
2021-03-18,AAPL,117.28762817382812,120.52999877929688,123.18000030517578,120.31999969482422,122.87999725341797,121229700
2021-03-19,AAPL,116.76216888427734,119.98999786376953,121.43000030517578,119.68000030517578,119.9000015258789,185549500
2021-03-22,AAPL,120.07069396972656,123.38999938964844,123.87000274658203,120.26000213623047,120.33000183105469,111912300
2021-03-23,AAPL,119.2435302734375,122.54000091552734,124.23999786376953,122.13999938964844,123.33000183105469,95467100
2021-03-24,AAPL,116.85944366455078,120.08999633789062,122.9000015258789,120.06999969482422,122.81999969482422,88530500
2021-03-25,AAPL,117.34600830078125,120.58999633789062,121.66000366210938,119.0,119.54000091552734,98844700
2021-03-26,AAPL,117.9493408203125,121.20999908447266,121.4800033569336,118.91999816894531,120.3499984741211,94071200
2021-03-29,AAPL,118.12449645996094,121.38999938964844,122.58000183105469,120.7300033569336,121.6500015258789,80819200
2021-03-30,AAPL,116.67457580566406,119.9000015258789,120.4000015258789,118.86000061035156,120.11000061035156,85671900
2021-03-31,AAPL,118.86408233642578,122.1500015258789,123.5199966430664,121.1500015258789,121.6500015258789,118323800
2021-04-01,AAPL,119.69117736816406,123.0,124.18000030517578,122.48999786376953,123.66000366210938,75089100
2021-04-05,AAPL,122.5131607055664,125.9000015258789,126.16000366210938,123.06999969482422,123.87000274658203,88651200
2021-04-06,AAPL,122.81483459472656,126.20999908447266,127.12999725341797,125.6500015258789,126.5,80171300
2021-04-07,AAPL,124.45935821533203,127.9000015258789,127.91999816894531,125.13999938964844,125.83000183105469,83466700
2021-04-08,AAPL,126.85317993164062,130.36000061035156,130.38999938964844,128.52000427246094,128.9499969482422,88844600
2021-04-09,AAPL,129.4221649169922,133.0,133.0399932861328,129.47000122070312,129.8000030517578,106686700
2021-04-12,AAPL,127.70952606201172,131.24000549316406,132.85000610351562,130.6300048828125,132.52000427246094,91420000
2021-04-13,AAPL,130.81373596191406,134.42999267578125,134.66000366210938,131.92999267578125,132.44000244140625,91266500
2021-04-14,AAPL,128.47830200195312,132.02999877929688,135.0,131.66000366210938,134.94000244140625,87222800
2021-04-15,AAPL,130.88180541992188,134.5,135.0,133.63999938964844,133.82000732421875,89347100
2021-04-16,AAPL,130.55096435546875,134.16000366210938,134.6699981689453,133.27999877929688,134.3000030517578,84922400
2021-04-19,AAPL,131.21266174316406,134.83999633789062,135.47000122070312,133.33999633789062,133.50999450683594,94264200
2021-04-20,AAPL,129.5292510986328,133.11000061035156,135.52999877929688,131.80999755859375,135.02000427246094,94812300
2021-04-21,AAPL,129.90870666503906,133.5,133.75,131.3000030517578,132.36000061035156,68847100
2021-04-22,AAPL,128.3907012939453,131.94000244140625,134.14999389648438,131.41000366210938,133.0399932861328,84566500
2021-04-23,AAPL,130.7066650390625,134.32000732421875,135.1199951171875,132.16000366210938,132.16000366210938,78657500
2021-04-26,AAPL,131.09588623046875,134.72000122070312,135.05999755859375,133.55999755859375,134.8300018310547,66905100
2021-04-27,AAPL,130.77479553222656,134.38999938964844,135.41000366210938,134.11000061035156,135.00999450683594,66015800
2021-04-28,AAPL,129.98660278320312,133.5800018310547,135.02000427246094,133.0800018310547,134.30999755859375,107760100
2021-04-29,AAPL,129.88925170898438,133.47999572753906,137.07000732421875,132.4499969482422,136.47000122070312,151101000
2021-04-30,AAPL,127.92359924316406,131.4600067138672,133.55999755859375,131.07000732421875,131.77999877929688,109839500
2021-05-03,AAPL,128.97454833984375,132.5399932861328,134.07000732421875,131.8300018310547,132.0399932861328,75135100
2021-05-04,AAPL,124.41072082519531,127.8499984741211,131.49000549316406,126.69999694824219,131.19000244140625,137564700
2021-05-05,AAPL,124.65400695800781,128.10000610351562,130.4499969482422,127.97000122070312,129.1999969482422,84000900
2021-05-06,AAPL,126.24988555908203,129.74000549316406,129.75,127.12999725341797,127.88999938964844,78128300
2021-05-07,AAPL,126.92244720458984,130.2100067138672,131.25999450683594,129.47999572753906,130.85000610351562,78973300
2021-05-10,AAPL,123.64729309082031,126.8499984741211,129.5399932861328,126.80999755859375,129.41000366210938,88071200
2021-05-11,AAPL,122.73101806640625,125.91000366210938,126.2699966430664,122.7699966430664,123.5,126142800
2021-05-12,AAPL,119.67029571533203,122.7699966430664,124.63999938964844,122.25,123.4000015258789,112172300
2021-05-13,AAPL,121.81474304199219,124.97000122070312,126.1500015258789,124.26000213623047,124.58000183105469,105861300
2021-05-14,AAPL,124.23213195800781,127.44999694824219,127.88999938964844,125.8499984741211,126.25,81918000
2021-05-17,AAPL,123.0819091796875,126.2699966430664,126.93000030517578,125.16999816894531,126.81999969482422,74244600
2021-05-18,AAPL,121.6977767944336,124.8499984741211,126.98999786376953,124.77999877929688,126.55999755859375,63342900
2021-05-19,AAPL,121.54183197021484,124.69000244140625,124.91999816894531,122.86000061035156,123.16000366210938,92612000
2021-05-20,AAPL,124.0956802368164,127.30999755859375,127.72000122070312,125.0999984741211,125.2300033569336,76857100
2021-05-21,AAPL,122.26313018798828,125.43000030517578,128.0,125.20999908447266,127.81999969482422,79295400
2021-05-24,AAPL,123.89097595214844,127.0999984741211,127.94000244140625,125.94000244140625,126.01000213623047,63092900
2021-05-25,AAPL,123.69600677490234,126.9000015258789,128.32000732421875,126.31999969482422,127.81999969482422,72009500
2021-05-26,AAPL,123.64729309082031,126.8499984741211,127.38999938964844,126.41999816894531,126.95999908447266,56575900
2021-05-27,AAPL,122.11691284179688,125.27999877929688,127.63999938964844,125.08000183105469,126.44000244140625,94625600
2021-05-28,AAPL,121.46382904052734,124.61000061035156,125.80000305175781,124.55000305175781,125.56999969482422,71311100
2021-06-01,AAPL,121.14218139648438,124.27999877929688,125.3499984741211,123.94000244140625,125.08000183105469,67637100
2021-06-02,AAPL,121.9024658203125,125.05999755859375,125.23999786376953,124.05000305175781,124.27999877929688,59278900
2021-06-03,AAPL,120.42085266113281,123.54000091552734,124.8499984741211,123.12999725341797,124.68000030517578,76229200
2021-06-04,AAPL,122.7115249633789,125.88999938964844,126.16000366210938,123.8499984741211,124.06999969482422,75169300
2021-06-07,AAPL,122.72127532958984,125.9000015258789,126.31999969482422,124.83000183105469,126.16999816894531,71057600
2021-06-08,AAPL,123.54005432128906,126.73999786376953,128.4600067138672,126.20999908447266,126.5999984741211,74403800
2021-06-09,AAPL,123.92019653320312,127.12999725341797,127.75,126.5199966430664,127.20999908447266,56877900
2021-06-10,AAPL,122.92596435546875,126.11000061035156,128.19000244140625,125.94000244140625,127.0199966430664,71186400
2021-06-11,AAPL,124.13465881347656,127.3499984741211,127.44000244140625,126.0999984741211,126.52999877929688,53522400
2021-06-14,AAPL,127.18565368652344,130.47999572753906,130.5399932861328,127.06999969482422,127.81999969482422,96906500
2021-06-15,AAPL,126.3668441772461,129.63999938964844,130.60000610351562,129.38999938964844,129.94000244140625,62746300
2021-06-16,AAPL,126.86397552490234,130.14999389648438,130.88999938964844,128.4600067138672,130.3699951171875,91815000
2021-06-17,AAPL,128.4625701904297,131.7899932861328,132.5500030517578,129.64999389648438,129.8000030517578,96721700
2021-06-18,AAPL,127.1661376953125,130.4600067138672,131.50999450683594,130.24000549316406,130.7100067138672,108953300
2021-06-21,AAPL,128.95968627929688,132.3000030517578,132.41000366210938,129.2100067138672,130.3000030517578,79663300
2021-06-22,AAPL,130.5972442626953,133.97999572753906,134.0800018310547,131.6199951171875,132.1300048828125,74783600
2021-06-23,AAPL,130.3242950439453,133.6999969482422,134.32000732421875,133.22999572753906,133.77000427246094,60214200
2021-06-24,AAPL,130.0416259765625,133.41000366210938,134.63999938964844,132.92999267578125,134.4499969482422,68711000
2021-06-25,AAPL,129.7492218017578,133.11000061035156,133.88999938964844,132.80999755859375,133.4600067138672,70783700
2021-06-28,AAPL,131.3770294189453,134.77999877929688,135.25,133.35000610351562,133.41000366210938,62111300
2021-06-29,AAPL,132.88787841796875,136.3300018310547,136.49000549316406,134.35000610351562,134.8000030517578,64556100
2021-06-30,AAPL,133.50201416015625,136.9600067138672,137.41000366210938,135.8699951171875,136.1699981689453,63261400
2021-07-01,AAPL,133.80416870117188,137.27000427246094,137.3300018310547,135.75999450683594,136.60000610351562,52485800
2021-07-02,AAPL,136.42630004882812,139.9600067138672,140.0,137.75,137.89999389648438,78852600
2021-07-06,AAPL,138.43426513671875,142.02000427246094,143.14999389648438,140.07000732421875,140.07000732421875,108181800
2021-07-07,AAPL,140.9198760986328,144.57000732421875,144.88999938964844,142.66000366210938,143.5399932861328,104911600
2021-07-08,AAPL,139.62347412109375,143.24000549316406,144.05999755859375,140.6699981689453,141.5800018310547,105575500
2021-07-09,AAPL,141.44625854492188,145.11000061035156,145.64999389648438,142.64999389648438,142.75,99890800
2021-07-12,AAPL,140.85166931152344,144.5,146.32000732421875,144.0,146.2100067138672,76299700
2021-07-13,AAPL,141.96286010742188,145.63999938964844,147.4600067138672,143.6300048828125,144.02999877929688,100827100
2021-07-14,AAPL,145.38427734375,149.14999389648438,149.57000732421875,147.67999267578125,148.10000610351562,127050800
2021-07-15,AAPL,144.73118591308594,148.47999572753906,150.0,147.08999633789062,149.24000549316406,106820300
2021-07-16,AAPL,142.69390869140625,146.38999938964844,149.75999450683594,145.8800048828125,148.4600067138672,93251400
2021-07-19,AAPL,138.85337829589844,142.4499969482422,144.07000732421875,141.6699981689453,143.75,121434600
2021-07-20,AAPL,142.45997619628906,146.14999389648438,147.10000610351562,142.9600067138672,143.4600067138672,96350000
2021-07-21,AAPL,141.72891235351562,145.39999389648438,146.1300048828125,144.6300048828125,145.52999877929688,74993500
2021-07-22,AAPL,143.0935821533203,146.8000030517578,148.1999969482422,145.80999755859375,145.94000244140625,77338200
2021-07-23,AAPL,144.8091278076172,148.55999755859375,148.72000122070312,146.9199981689453,147.5500030517578,71447400
2021-07-26,AAPL,145.2283172607422,148.99000549316406,149.8300018310547,147.6999969482422,148.27000427246094,72434100
2021-07-27,AAPL,143.06431579589844,146.77000427246094,149.2100067138672,145.5500030517578,149.1199951171875,104818600
2021-07-28,AAPL,141.3195343017578,144.97999572753906,146.97000122070312,142.5399932861328,144.80999755859375,118931200
2021-07-29,AAPL,141.96286010742188,145.63999938964844,146.5500030517578,144.5800018310547,144.69000244140625,56699500
2021-07-30,AAPL,142.1773223876953,145.86000061035156,146.3300018310547,144.11000061035156,144.3800048828125,70440600
2021-08-02,AAPL,141.8459014892578,145.52000427246094,146.9499969482422,145.25,146.36000061035156,62880000
2021-08-03,AAPL,143.63941955566406,147.36000061035156,148.0399932861328,145.17999267578125,145.80999755859375,64786600
2021-08-04,AAPL,143.23977661132812,146.9499969482422,147.7899932861328,146.27999877929688,147.27000427246094,56368300
2021-08-05,AAPL,143.34703063964844,147.05999755859375,147.83999633789062,146.1699981689453,146.97999572753906,46397700
2021-08-06,AAPL,142.66366577148438,146.13999938964844,147.11000061035156,145.6300048828125,146.35000610351562,54126800
2021-08-09,AAPL,142.61488342285156,146.08999633789062,146.6999969482422,145.52000427246094,146.1999969482422,48908700
2021-08-10,AAPL,142.13653564453125,145.60000610351562,147.7100067138672,145.3000030517578,146.44000244140625,69023100
2021-08-11,AAPL,142.39036560058594,145.86000061035156,146.72000122070312,145.52999877929688,146.0500030517578,48493500
2021-08-12,AAPL,145.34825134277344,148.88999938964844,149.0500030517578,145.83999633789062,146.19000244140625,72282600
2021-08-13,AAPL,145.5532684326172,149.10000610351562,149.44000244140625,148.27000427246094,148.97000122070312,59375000
2021-08-16,AAPL,147.52520751953125,151.1199951171875,151.19000244140625,146.47000122070312,148.5399932861328,103296000
2021-08-17,AAPL,146.61732482910156,150.19000244140625,151.67999267578125,149.08999633789062,150.22999572753906,92229700
2021-08-18,AAPL,142.87844848632812,146.36000061035156,150.72000122070312,146.14999389648438,149.8000030517578,86326000
2021-08-19,AAPL,143.2103729248047,146.6999969482422,148.0,144.5,145.02999877929688,86960300
2021-08-20,AAPL,144.66490173339844,148.19000244140625,148.5,146.77999877929688,147.44000244140625,60549600
2021-08-23,AAPL,146.1487274169922,149.7100067138672,150.19000244140625,147.88999938964844,148.30999755859375,60131800
2021-08-24,AAPL,146.06088256835938,149.6199951171875,150.86000061035156,149.14999389648438,149.4499969482422,48606400
2021-08-25,AAPL,144.8308868408203,148.36000061035156,150.32000732421875,147.8000030517578,149.80999755859375,58991300
2021-08-26,AAPL,144.0303955078125,147.5399932861328,149.1199951171875,147.50999450683594,148.35000610351562,48597200
2021-08-27,AAPL,145.065185546875,148.60000610351562,148.75,146.8300018310547,147.47999572753906,55802400
2021-08-30,AAPL,149.47764587402344,153.1199951171875,153.49000549316406,148.61000061035156,149.0,90956700
2021-08-31,AAPL,148.21832275390625,151.8300018310547,152.8000030517578,151.2899932861328,152.66000366210938,86453100
2021-09-01,AAPL,148.8821258544922,152.50999450683594,154.97999572753906,152.33999633789062,152.8300018310547,80313700
2021-09-02,AAPL,149.9949951171875,153.64999389648438,154.72000122070312,152.39999389648438,153.8699951171875,71115500
2021-09-03,AAPL,150.62957763671875,154.3000030517578,154.6300048828125,153.08999633789062,153.75999450683594,57808700
2021-09-07,AAPL,152.96270751953125,156.69000244140625,157.25999450683594,154.38999938964844,154.97000122070312,82278300
2021-09-08,AAPL,151.4203338623047,155.11000061035156,157.0399932861328,153.97999572753906,156.97999572753906,74420200
2021-09-09,AAPL,150.405029296875,154.07000732421875,156.11000061035156,153.9499969482422,155.49000549316406,57305700
2021-09-10,AAPL,145.42636108398438,148.97000122070312,155.47999572753906,148.6999969482422,155.0,140893200
2021-09-13,AAPL,145.9925537109375,149.5500030517578,151.4199981689453,148.75,150.6300048828125,102404300
2021-09-14,AAPL,144.59654235839844,148.1199951171875,151.07000732421875,146.91000366210938,150.35000610351562,109296300
2021-09-15,AAPL,145.48487854003906,149.02999877929688,149.44000244140625,146.3699951171875,148.55999755859375,83281300
2021-09-16,AAPL,145.25062561035156,148.7899932861328,148.97000122070312,147.22000122070312,148.44000244140625,68034100
2021-09-17,AAPL,142.58560180664062,146.05999755859375,148.82000732421875,145.75999450683594,148.82000732421875,129868800
2021-09-20,AAPL,139.53977966308594,142.94000244140625,144.83999633789062,141.27000427246094,143.8000030517578,123478900
2021-09-21,AAPL,140.0181427001953,143.42999267578125,144.60000610351562,142.77999877929688,143.92999267578125,75834000
2021-09-22,AAPL,142.38058471679688,145.85000610351562,146.42999267578125,143.6999969482422,144.4499969482422,76404300
2021-09-23,AAPL,143.33726501464844,146.8300018310547,147.0800018310547,145.63999938964844,146.64999389648438,64838200
2021-09-24,AAPL,143.42507934570312,146.9199981689453,147.47000122070312,145.55999755859375,145.66000366210938,53477900
2021-09-27,AAPL,141.91197204589844,145.3699951171875,145.9600067138672,143.82000732421875,145.47000122070312,74150700
2021-09-28,AAPL,138.53431701660156,141.91000366210938,144.75,141.69000244140625,143.25,108972300
2021-09-29,AAPL,139.4324188232422,142.8300018310547,144.4499969482422,142.02999877929688,142.47000122070312,74602000
2021-09-30,AAPL,138.134033203125,141.5,144.3800048828125,141.27999877929688,143.66000366210938,89056700
2021-10-01,AAPL,139.25668334960938,142.64999389648438,142.9199981689453,139.11000061035156,141.89999389648438,94639600
2021-10-04,AAPL,135.8302001953125,139.13999938964844,142.2100067138672,138.27000427246094,141.75999450683594,98322000
2021-10-05,AAPL,137.7533416748047,141.11000061035156,142.24000549316406,139.36000061035156,139.49000549316406,80861100
2021-10-06,AAPL,138.62216186523438,142.0,142.14999389648438,138.3699951171875,139.47000122070312,83221100
2021-10-07,AAPL,139.88145446777344,143.2899932861328,144.22000122070312,142.72000122070312,143.05999755859375,61732700
2021-10-08,AAPL,139.500732421875,142.89999389648438,144.17999267578125,142.55999755859375,144.02999877929688,58773200
2021-10-11,AAPL,139.4129180908203,142.80999755859375,144.80999755859375,141.80999755859375,142.27000427246094,64452200
2021-10-12,AAPL,138.14381408691406,141.50999450683594,143.25,141.0399932861328,143.22999572753906,73035900
2021-10-13,AAPL,137.55810546875,140.91000366210938,141.39999389648438,139.1999969482422,141.24000549316406,78762700
2021-10-14,AAPL,140.3402862548828,143.75999450683594,143.8800048828125,141.50999450683594,142.11000061035156,69907100
2021-10-15,AAPL,141.3946075439453,144.83999633789062,144.89999389648438,143.50999450683594,143.77000427246094,67940300
2021-10-18,AAPL,143.06394958496094,146.5500030517578,146.83999633789062,143.16000366210938,143.4499969482422,85589200
2021-10-19,AAPL,145.2213592529297,148.75999450683594,149.1699981689453,146.5500030517578,147.00999450683594,76378900
2021-10-20,AAPL,145.70944213867188,149.25999450683594,149.75,148.1199951171875,148.6999969482422,58418800
2021-10-21,AAPL,145.92420959472656,149.47999572753906,149.63999938964844,147.8699951171875,148.80999755859375,61421000
2021-10-22,AAPL,145.1529998779297,148.69000244140625,150.17999267578125,148.63999938964844,149.69000244140625,58883400
2021-10-25,AAPL,145.10418701171875,148.63999938964844,149.3699951171875,147.6199951171875,148.67999267578125,50720600
2021-10-26,AAPL,145.76803588867188,149.32000732421875,150.83999633789062,149.00999450683594,149.3300018310547,60893400
2021-10-27,AAPL,145.30918884277344,148.85000610351562,149.72999572753906,148.49000549316406,149.36000061035156,56094900
2021-10-28,AAPL,148.94070434570312,152.57000732421875,153.1699981689453,149.72000122070312,149.82000732421875,100077900
2021-10-29,AAPL,146.2366180419922,149.8000030517578,149.94000244140625,146.41000366210938,147.22000122070312,124953200
2021-11-01,AAPL,145.4165802001953,148.9600067138672,149.6999969482422,147.8000030517578,148.99000549316406,74588300
2021-11-02,AAPL,146.45138549804688,150.02000427246094,151.57000732421875,148.64999389648438,148.66000366210938,69122000
2021-11-03,AAPL,147.8864288330078,151.49000549316406,151.97000122070312,149.82000732421875,150.38999938964844,54511500
2021-11-04,AAPL,147.3690185546875,150.9600067138672,152.42999267578125,150.63999938964844,151.5800018310547,60394600
2021-11-05,AAPL,147.89697265625,151.27999877929688,152.1999969482422,150.05999755859375,151.88999938964844,65463900
2021-11-08,AAPL,147.0757293701172,150.44000244140625,151.57000732421875,150.16000366210938,151.41000366210938,55020900
2021-11-09,AAPL,147.43740844726562,150.80999755859375,151.42999267578125,150.05999755859375,150.1999969482422,56787900
2021-11-10,AAPL,144.612060546875,147.9199981689453,150.1300048828125,147.85000610351562,150.02000427246094,65187100
2021-11-11,AAPL,144.56321716308594,147.8699951171875,149.42999267578125,147.67999267578125,148.9600067138672,41000000
2021-11-12,AAPL,146.6358184814453,149.99000549316406,150.39999389648438,147.47999572753906,148.42999267578125,63804000
2021-11-15,AAPL,146.64553833007812,150.0,151.8800048828125,149.42999267578125,150.3699951171875,59222800
2021-11-16,AAPL,147.6232147216797,151.0,151.49000549316406,149.33999633789062,149.94000244140625,59256200
2021-11-17,AAPL,150.05751037597656,153.49000549316406,155.0,150.99000549316406,151.0,88807000
2021-11-18,AAPL,154.33958435058594,157.8699951171875,158.6699981689453,153.0500030517578,153.7100067138672,137827700
2021-11-19,AAPL,156.95965576171875,160.5500030517578,161.02000427246094,156.52999877929688,157.64999389648438,117305600
2021-11-22,AAPL,157.41912841796875,161.02000427246094,165.6999969482422,161.0,161.67999267578125,117467900
2021-11-23,AAPL,157.8004150390625,161.41000366210938,161.8000030517578,159.05999755859375,161.1199951171875,96041900
2021-11-24,AAPL,158.3185577392578,161.94000244140625,162.13999938964844,159.63999938964844,160.75,69463600
2021-11-26,AAPL,153.30328369140625,156.80999755859375,160.4499969482422,156.36000061035156,159.57000732421875,76959800
2021-11-29,AAPL,156.65655517578125,160.24000549316406,161.19000244140625,158.7899932861328,159.3699951171875,88748200
2021-11-30,AAPL,161.6034393310547,165.3000030517578,165.52000427246094,159.9199981689453,159.99000549316406,174048100
2021-12-01,AAPL,161.0852508544922,164.77000427246094,170.3000030517578,164.52999877929688,167.47999572753906,152052500
2021-12-02,AAPL,160.09783935546875,163.75999450683594,164.1999969482422,157.8000030517578,158.74000549316406,136739200
2021-12-03,AAPL,158.22076416015625,161.83999633789062,164.9600067138672,159.72000122070312,164.02000427246094,118023100
2021-12-06,AAPL,161.62295532226562,165.32000732421875,167.8800048828125,164.27999877929688,164.2899932861328,107497000
2021-12-07,AAPL,167.35191345214844,171.17999267578125,171.5800018310547,168.33999633789062,169.0800018310547,120405400
2021-12-08,AAPL,171.16468811035156,175.0800018310547,175.9600067138672,170.6999969482422,172.1300048828125,116998900
2021-12-09,AAPL,170.6563262939453,174.55999755859375,176.75,173.9199981689453,174.91000366210938,108923700
2021-12-10,AAPL,175.4369659423828,179.4499969482422,179.6300048828125,174.69000244140625,175.2100067138672,115402700
2021-12-13,AAPL,171.80996704101562,175.74000549316406,182.1300048828125,175.52999877929688,181.1199951171875,153237000
2021-12-14,AAPL,170.4314727783203,174.3300018310547,177.74000549316406,172.2100067138672,175.25,139380400
2021-12-15,AAPL,175.29034423828125,179.3000030517578,179.5,172.30999755859375,175.11000061035156,131063300
2021-12-16,AAPL,168.40777587890625,172.25999450683594,181.13999938964844,170.75,179.27999877929688,150185800
2021-12-17,AAPL,167.3128204345703,171.13999938964844,173.47000122070312,169.69000244140625,169.92999267578125,195432700
2021-12-20,AAPL,165.9539031982422,169.75,170.5800018310547,167.4600067138672,168.27999877929688,107499100
2021-12-21,AAPL,169.12144470214844,172.99000549316406,173.1999969482422,169.1199951171875,171.55999755859375,91185900
2021-12-22,AAPL,171.71217346191406,175.63999938964844,175.86000061035156,172.14999389648438,173.0399932861328,92135300
2021-12-23,AAPL,172.33790588378906,176.27999877929688,176.85000610351562,175.27000427246094,175.85000610351562,68356600
2021-12-27,AAPL,176.2973175048828,180.3300018310547,180.4199981689453,177.07000732421875,177.08999633789062,74919600
2021-12-28,AAPL,175.280517578125,179.2899932861328,181.3300018310547,178.52999877929688,180.16000366210938,79144300
2021-12-29,AAPL,175.36856079101562,179.3800048828125,180.6300048828125,178.13999938964844,179.3300018310547,62348900
2021-12-30,AAPL,174.21493530273438,178.1999969482422,180.57000732421875,178.08999633789062,179.47000122070312,59773000
2021-12-31,AAPL,173.59906005859375,177.57000732421875,179.22999572753906,177.25999450683594,178.08999633789062,64062300
2022-01-03,AAPL,177.93971252441406,182.00999450683594,182.8800048828125,177.7100067138672,177.8300018310547,104487900
2022-01-04,AAPL,175.681396484375,179.6999969482422,182.94000244140625,179.1199951171875,182.6300048828125,99310400
2022-01-05,AAPL,171.00827026367188,174.9199981689453,180.1699981689453,174.63999938964844,179.61000061035156,94537600
2022-01-06,AAPL,168.153564453125,172.0,175.3000030517578,171.63999938964844,172.6999969482422,96904000
2022-01-07,AAPL,168.3197784423828,172.1699981689453,174.13999938964844,171.02999877929688,172.88999938964844,86709100
2022-01-10,AAPL,168.33935546875,172.19000244140625,172.5,168.1699981689453,169.0800018310547,106765600
2022-01-11,AAPL,171.16468811035156,175.0800018310547,175.17999267578125,170.82000732421875,172.32000732421875,76138300
2022-01-12,AAPL,171.60462951660156,175.52999877929688,177.17999267578125,174.82000732421875,176.1199951171875,74805200
2022-01-13,AAPL,168.33935546875,172.19000244140625,176.6199951171875,171.7899932861328,175.77999877929688,84505800
2022-01-14,AAPL,169.19967651367188,173.07000732421875,173.77999877929688,171.08999633789062,171.33999633789062,80440800
2022-01-18,AAPL,166.00279235839844,169.8000030517578,172.5399932861328,169.41000366210938,171.50999450683594,90956700
2022-01-19,AAPL,162.5126495361328,166.22999572753906,171.0800018310547,165.94000244140625,170.0,94815000
2022-01-20,AAPL,160.83106994628906,164.50999450683594,169.67999267578125,164.17999267578125,166.97999572753906,91420500
2022-01-21,AAPL,158.7780303955078,162.41000366210938,166.3300018310547,162.3000030517578,164.4199981689453,122848900
2022-01-24,AAPL,158.0056915283203,161.6199951171875,162.3000030517578,154.6999969482422,160.02000427246094,162294600
2022-01-25,AAPL,156.20681762695312,159.77999877929688,162.75999450683594,157.02000427246094,158.97999572753906,115798400
2022-01-26,AAPL,156.11886596679688,159.69000244140625,164.38999938964844,157.82000732421875,163.5,108275300
2022-01-27,AAPL,155.6593475341797,159.22000122070312,163.83999633789062,158.27999877929688,162.4499969482422,121954600
2022-01-28,AAPL,166.5209503173828,170.3300018310547,170.35000610351562,162.8000030517578,165.7100067138672,179935700
2022-01-31,AAPL,170.87142944335938,174.77999877929688,175.0,169.50999450683594,170.16000366210938,115541600
2022-02-01,AAPL,170.70521545410156,174.61000061035156,174.83999633789062,172.30999755859375,174.00999450683594,86213900
2022-02-02,AAPL,171.90769958496094,175.83999633789062,175.8800048828125,173.3300018310547,174.75,84914300
2022-02-03,AAPL,169.03341674804688,172.89999389648438,176.24000549316406,172.1199951171875,174.47999572753906,89418100
2022-02-04,AAPL,168.7495880126953,172.38999938964844,174.10000610351562,170.67999267578125,171.67999267578125,82465400
2022-02-07,AAPL,168.0349884033203,171.66000366210938,173.9499969482422,170.9499969482422,172.86000061035156,77251200
2022-02-08,AAPL,171.13804626464844,174.8300018310547,175.35000610351562,171.42999267578125,171.72999572753906,74829200
2022-02-09,AAPL,172.55746459960938,176.27999877929688,176.64999389648438,174.89999389648438,176.0500030517578,71285000
2022-02-10,AAPL,168.4852752685547,172.1199951171875,175.47999572753906,171.5500030517578,174.13999938964844,90865900
2022-02-11,AAPL,165.07876586914062,168.63999938964844,173.0800018310547,168.0399932861328,172.3300018310547,98670700
2022-02-14,AAPL,165.31370544433594,168.8800048828125,169.5800018310547,166.55999755859375,167.3699951171875,86185500
2022-02-15,AAPL,169.1411590576172,172.7899932861328,172.9499969482422,170.25,170.97000122070312,62527400
2022-02-16,AAPL,168.9062042236328,172.5500030517578,173.33999633789062,170.0500030517578,171.85000610351562,61177400
2022-02-17,AAPL,165.31370544433594,168.8800048828125,171.91000366210938,168.47000122070312,171.02999877929688,69589300
2022-02-18,AAPL,163.76707458496094,167.3000030517578,170.5399932861328,166.19000244140625,169.82000732421875,82772700
2022-02-22,AAPL,160.84999084472656,164.32000732421875,166.69000244140625,162.14999389648438,164.97999572753906,91162800
2022-02-23,AAPL,156.68971252441406,160.07000732421875,166.14999389648438,159.75,165.5399932861328,90009200
2022-02-24,AAPL,159.30337524414062,162.74000549316406,162.85000610351562,152.0,152.5800018310547,141147500
2022-02-25,AAPL,161.36880493164062,164.85000610351562,165.1199951171875,160.8699951171875,163.83999633789062,91974200
2022-02-28,AAPL,161.63308715820312,165.1199951171875,165.4199981689453,162.42999267578125,163.05999755859375,95056600
2022-03-01,AAPL,159.753662109375,163.1999969482422,166.60000610351562,161.97000122070312,164.6999969482422,83474400
2022-03-02,AAPL,163.04273986816406,166.55999755859375,167.36000061035156,162.9499969482422,164.38999938964844,79724800
2022-03-03,AAPL,162.7196807861328,166.22999572753906,168.91000366210938,165.5500030517578,168.47000122070312,76678400
2022-03-04,AAPL,159.7242889404297,163.1699981689453,165.5500030517578,162.10000610351562,164.49000549316406,83737200
2022-03-07,AAPL,155.93603515625,159.3000030517578,165.02000427246094,159.0399932861328,163.36000061035156,96418800
2022-03-08,AAPL,154.1152801513672,157.44000244140625,162.8800048828125,155.8000030517578,158.82000732421875,131148300
2022-03-09,AAPL,159.50892639160156,162.9499969482422,163.41000366210938,159.41000366210938,161.47999572753906,91454900
2022-03-10,AAPL,155.1724853515625,158.52000427246094,160.38999938964844,155.97999572753906,160.1999969482422,105342000
2022-03-11,AAPL,151.46249389648438,154.72999572753906,159.27999877929688,154.5,158.92999267578125,96970100
2022-03-14,AAPL,147.43930053710938,150.6199951171875,154.1199951171875,150.10000610351562,151.4499969482422,108732100
2022-03-15,AAPL,151.81492614746094,155.08999633789062,155.57000732421875,150.3800048828125,150.89999389648438,92964300
2022-03-16,AAPL,156.21987915039062,159.58999633789062,160.0,154.4600067138672,157.0500030517578,102300200
2022-03-17,AAPL,157.22811889648438,160.6199951171875,161.0,157.6300048828125,158.61000061035156,75615400
2022-03-18,AAPL,160.51719665527344,163.97999572753906,164.47999572753906,159.75999450683594,160.50999450683594,123511700
2022-03-21,AAPL,161.88760375976562,165.3800048828125,166.35000610351562,163.00999450683594,163.50999450683594,95811400
2022-03-22,AAPL,165.25498962402344,168.82000732421875,169.4199981689453,164.91000366210938,165.50999450683594,81532000
2022-03-23,AAPL,166.61563110351562,170.2100067138672,172.63999938964844,167.64999389648438,167.99000549316406,98062700
2022-03-24,AAPL,170.39410400390625,174.07000732421875,174.13999938964844,170.2100067138672,171.05999755859375,90131400
2022-03-25,AAPL,171.0303955078125,174.72000122070312,175.27999877929688,172.75,173.8800048828125,80546200
2022-03-28,AAPL,171.89178466796875,175.60000610351562,175.72999572753906,172.0,172.1699981689453,90371900
2022-03-29,AAPL,175.18087768554688,178.9600067138672,179.00999450683594,176.33999633789062,176.69000244140625,100589400
2022-03-30,AAPL,174.01596069335938,177.77000427246094,179.61000061035156,176.6999969482422,178.5500030517578,92633200
2022-03-31,AAPL,170.92269897460938,174.61000061035156,178.02999877929688,174.39999389648438,177.83999633789062,103049300
2022-04-01,AAPL,170.62904357910156,174.30999755859375,174.8800048828125,171.94000244140625,174.02999877929688,78751300
2022-04-04,AAPL,174.67181396484375,178.44000244140625,178.49000549316406,174.44000244140625,174.57000732421875,76468400
2022-04-05,AAPL,171.3632049560547,175.05999755859375,178.3000030517578,174.4199981689453,177.5,73401800
2022-04-06,AAPL,168.20140075683594,171.8300018310547,173.6300048828125,170.1300048828125,172.36000061035156,89058800
2022-04-07,AAPL,168.50486755371094,172.13999938964844,173.36000061035156,169.85000610351562,171.16000366210938,77594700
2022-04-08,AAPL,166.49815368652344,170.08999633789062,171.77999877929688,169.1999969482422,171.77999877929688,76575500
2022-04-11,AAPL,162.2498016357422,165.75,169.02999877929688,165.5,168.7100067138672,72246700
2022-04-12,AAPL,164.1194610595703,167.66000366210938,169.8699951171875,166.63999938964844,168.02000427246094,79265200
2022-04-13,AAPL,166.80162048339844,170.39999389648438,171.0399932861328,166.77000427246094,167.38999938964844,70618900
2022-04-14,AAPL,161.79949951171875,165.2899932861328,171.27000427246094,165.0399932861328,170.6199951171875,75329400
2022-04-18,AAPL,161.5841522216797,165.07000732421875,166.60000610351562,163.57000732421875,163.9199981689453,69023900
2022-04-19,AAPL,163.86495971679688,167.39999389648438,167.82000732421875,163.91000366210938,165.02000427246094,67723800
2022-04-20,AAPL,163.6985626220703,167.22999572753906,168.8800048828125,166.10000610351562,168.75999450683594,67929800
2022-04-21,AAPL,162.90565490722656,166.4199981689453,171.52999877929688,165.91000366210938,168.91000366210938,87227800
2022-04-22,AAPL,158.3734130859375,161.7899932861328,167.8699951171875,161.5,166.4600067138672,84882400
2022-04-25,AAPL,159.44044494628906,162.8800048828125,163.1699981689453,158.4600067138672,161.1199951171875,96046400
2022-04-26,AAPL,153.48880004882812,156.8000030517578,162.33999633789062,156.72000122070312,162.25,95623200
2022-04-27,AAPL,153.263671875,156.57000732421875,159.7899932861328,155.3800048828125,155.91000366210938,88063200
2022-04-28,AAPL,160.18435668945312,163.63999938964844,164.52000427246094,158.92999267578125,159.25,130216800
2022-04-29,AAPL,154.3208465576172,157.64999389648438,166.1999969482422,157.25,161.83999633789062,131747600
2022-05-02,AAPL,154.62429809570312,157.9600067138672,158.22999572753906,153.27000427246094,156.7100067138672,123055300
2022-05-03,AAPL,156.1122283935547,159.47999572753906,160.7100067138672,156.32000732421875,158.14999389648438,88966500
2022-05-04,AAPL,162.51412963867188,166.02000427246094,166.47999572753906,159.25999450683594,159.6699981689453,108256500
2022-05-05,AAPL,153.4594268798828,156.77000427246094,164.0800018310547,154.9499969482422,163.85000610351562,130525300
2022-05-06,AAPL,154.18482971191406,157.27999877929688,159.44000244140625,154.17999267578125,156.00999450683594,116124600
2022-05-09,AAPL,149.06759643554688,152.05999755859375,155.8300018310547,151.49000549316406,154.92999267578125,131577900
2022-05-10,AAPL,151.4694061279297,154.50999450683594,156.74000549316406,152.92999267578125,155.52000427246094,115366700
2022-05-11,AAPL,143.6170196533203,146.5,155.4499969482422,145.80999755859375,153.5,142689800
2022-05-12,AAPL,139.75454711914062,142.55999755859375,146.1999969482422,138.8000030517578,142.77000427246094,182602000
2022-05-13,AAPL,144.21499633789062,147.11000061035156,148.10000610351562,143.11000061035156,144.58999633789062,113990900
2022-05-16,AAPL,142.67588806152344,145.5399932861328,147.52000427246094,144.17999267578125,145.5500030517578,86643800
2022-05-17,AAPL,146.3031005859375,149.24000549316406,149.77000427246094,146.67999267578125,148.86000061035156,78336300
2022-05-18,AAPL,138.04881286621094,140.82000732421875,147.36000061035156,139.89999389648438,146.85000610351562,109742900
2022-05-19,AAPL,134.64706420898438,137.35000610351562,141.66000366210938,136.60000610351562,139.8800048828125,136095600
2022-05-20,AAPL,134.88235473632812,137.58999633789062,140.6999969482422,132.61000061035156,139.08999633789062,137426100
2022-05-23,AAPL,140.29371643066406,143.11000061035156,143.25999450683594,137.64999389648438,137.7899932861328,117726300
2022-05-24,AAPL,137.5978240966797,140.36000061035156,141.97000122070312,137.3300018310547,140.80999755859375,104132700
2022-05-25,AAPL,137.75465393066406,140.52000427246094,141.7899932861328,138.33999633789062,138.42999267578125,92482700
2022-05-26,AAPL,140.95054626464844,143.77999877929688,144.33999633789062,137.13999938964844,137.38999938964844,90601500
2022-05-27,AAPL,146.69520568847656,149.63999938964844,149.67999267578125,145.25999450683594,145.38999938964844,90978500
2022-05-31,AAPL,145.9109649658203,148.83999633789062,150.66000366210938,146.83999633789062,149.07000732421875,103718400
2022-06-01,AAPL,145.78350830078125,148.7100067138672,151.74000549316406,147.67999267578125,149.89999389648438,74286600
2022-06-02,AAPL,148.2343292236328,151.2100067138672,151.27000427246094,146.86000061035156,147.8300018310547,72348100
2022-06-03,AAPL,142.51904296875,145.3800048828125,147.97000122070312,144.4600067138672,146.89999389648438,88570300
2022-06-06,AAPL,143.26409912109375,146.13999938964844,148.57000732421875,144.89999389648438,147.02999877929688,71598400
2022-06-07,AAPL,145.78350830078125,148.7100067138672,149.0,144.10000610351562,144.35000610351562,67808200
2022-06-08,AAPL,145.04827880859375,147.9600067138672,149.8699951171875,147.4600067138672,148.5800018310547,53950200
2022-06-09,AAPL,139.8329620361328,142.63999938964844,147.9499969482422,142.52999877929688,147.0800018310547,69473000
2022-06-10,AAPL,134.43141174316406,137.1300048828125,140.75999450683594,137.05999755859375,140.27999877929688,91437900
2022-06-13,AAPL,129.28475952148438,131.8800048828125,135.1999969482422,131.44000244140625,132.8699951171875,122207100
2022-06-14,AAPL,130.1473846435547,132.75999450683594,133.88999938964844,131.47999572753906,133.1300048828125,84784300
2022-06-15,AAPL,132.76483154296875,135.42999267578125,137.33999633789062,132.16000366210938,134.2899932861328,91533000
2022-06-16,AAPL,127.50054931640625,130.05999755859375,132.38999938964844,129.0399932861328,132.0800018310547,108123900
2022-06-17,AAPL,128.97097778320312,131.55999755859375,133.0800018310547,129.80999755859375,130.07000732421875,134520300
2022-06-21,AAPL,133.19619750976562,135.8699951171875,137.05999755859375,133.32000732421875,133.4199981689453,81000500
2022-06-22,AAPL,132.68643188476562,135.35000610351562,137.75999450683594,133.91000366210938,134.7899932861328,73409200
2022-06-23,AAPL,135.54898071289062,138.27000427246094,138.58999633789062,135.6300048828125,136.82000732421875,72433800
2022-06-24,AAPL,138.8722381591797,141.66000366210938,141.91000366210938,139.77000427246094,139.89999389648438,89116800
2022-06-27,AAPL,138.8722381591797,141.66000366210938,143.49000549316406,140.97000122070312,142.6999969482422,70207900
2022-06-28,AAPL,134.7353057861328,137.44000244140625,143.4199981689453,137.32000732421875,142.1300048828125,67083400
2022-06-29,AAPL,136.49005126953125,139.22999572753906,140.6699981689453,136.6699981689453,137.4600067138672,66242400
2022-06-30,AAPL,134.02944946289062,136.72000122070312,138.3699951171875,133.77000427246094,137.25,98964500
2022-07-01,AAPL,136.19598388671875,138.92999267578125,139.0399932861328,135.66000366210938,136.0399932861328,71051600
2022-07-05,AAPL,138.77423095703125,141.55999755859375,141.61000061035156,136.92999267578125,137.77000427246094,73353800
2022-07-06,AAPL,140.10743713378906,142.9199981689453,144.1199951171875,141.0800018310547,141.35000610351562,74064300
2022-07-07,AAPL,143.47000122070312,146.35000610351562,146.5500030517578,143.27999877929688,143.2899932861328,66253700
2022-07-08,AAPL,144.1463623046875,147.0399932861328,147.5500030517578,145.0,145.25999450683594,64547800
2022-07-11,AAPL,142.01907348632812,144.8699951171875,146.63999938964844,143.77999877929688,145.6699981689453,63141600
2022-07-12,AAPL,142.9896240234375,145.86000061035156,148.4499969482422,145.0500030517578,145.75999450683594,77588800
2022-07-13,AAPL,142.6268768310547,145.49000549316406,146.4499969482422,142.1199951171875,142.99000549316406,71185600
2022-07-14,AAPL,145.54824829101562,148.47000122070312,148.9499969482422,143.25,144.0800018310547,78140700
2022-07-15,AAPL,147.21478271484375,150.1699981689453,150.86000061035156,148.1999969482422,149.77999877929688,76259900
2022-07-18,AAPL,144.1758270263672,147.07000732421875,151.57000732421875,146.6999969482422,150.74000549316406,81420900
2022-07-19,AAPL,148.02847290039062,151.0,151.22999572753906,146.91000366210938,147.9199981689453,82982400
2022-07-20,AAPL,150.0283203125,153.0399932861328,153.72000122070312,150.3699951171875,151.1199951171875,64823400
2022-07-21,AAPL,152.29286193847656,155.35000610351562,155.57000732421875,151.94000244140625,154.5,65086600
2022-07-22,AAPL,151.05763244628906,154.08999633789062,156.27999877929688,153.41000366210938,155.38999938964844,66675400
2022-07-25,AAPL,149.94007873535156,152.9499969482422,155.0399932861328,152.27999877929688,154.00999450683594,53623900
2022-07-26,AAPL,148.6166534423828,151.60000610351562,153.08999633789062,150.8000030517578,152.25999450683594,55138700
2022-07-27,AAPL,153.7044677734375,156.7899932861328,157.3300018310547,152.16000366210938,152.5800018310547,78620700
2022-07-28,AAPL,154.2534637451172,157.35000610351562,157.63999938964844,154.41000366210938,156.97999572753906,81378700
2022-07-29,AAPL,159.31192016601562,162.50999450683594,163.6300048828125,159.5,161.24000549316406,101786900
2022-08-01,AAPL,158.3316192626953,161.50999450683594,163.58999633789062,160.88999938964844,161.00999450683594,67829400
2022-08-02,AAPL,156.86117553710938,160.00999450683594,162.41000366210938,159.6300048828125,160.10000610351562,59907000
2022-08-03,AAPL,162.86073303222656,166.1300048828125,166.58999633789062,160.75,160.83999633789062,82507500
2022-08-04,AAPL,162.5470428466797,165.80999755859375,167.19000244140625,164.42999267578125,166.00999450683594,55474100
2022-08-05,AAPL,162.3212432861328,165.35000610351562,165.85000610351562,163.0,163.2100067138672,56697000
2022-08-08,AAPL,161.8499755859375,164.8699951171875,167.80999755859375,164.1999969482422,166.3699951171875,60276900
2022-08-09,AAPL,161.89910888671875,164.9199981689453,165.82000732421875,163.25,164.02000427246094,63135500
2022-08-10,AAPL,166.13995361328125,169.24000549316406,169.33999633789062,166.89999389648438,167.67999267578125,70170500
2022-08-11,AAPL,165.40371704101562,168.49000549316406,170.99000549316406,168.19000244140625,170.05999755859375,57149200
2022-08-12,AAPL,168.9475860595703,172.10000610351562,172.1699981689453,169.39999389648438,169.82000732421875,68039400
2022-08-15,AAPL,170.01759338378906,173.19000244140625,173.38999938964844,171.35000610351562,171.52000427246094,54091700
2022-08-16,AAPL,169.86058044433594,173.02999877929688,173.7100067138672,171.66000366210938,172.77999877929688,56377100
2022-08-17,AAPL,171.35267639160156,174.5500030517578,176.14999389648438,172.57000732421875,172.77000427246094,79542000
2022-08-18,AAPL,170.9600067138672,174.14999389648438,174.89999389648438,173.1199951171875,173.75,62290100
2022-08-19,AAPL,168.37818908691406,171.52000427246094,173.74000549316406,171.30999755859375,173.02999877929688,70346300
2022-08-22,AAPL,164.50054931640625,167.57000732421875,169.86000061035156,167.13999938964844,169.69000244140625,69026800
2022-08-23,AAPL,164.16677856445312,167.22999572753906,168.7100067138672,166.64999389648438,167.0800018310547,54147100
2022-08-24,AAPL,164.46128845214844,167.52999877929688,168.11000061035156,166.25,167.32000732421875,53841500
2022-08-25,AAPL,166.91551208496094,170.02999877929688,170.13999938964844,168.35000610351562,168.77999877929688,51218200
2022-08-26,AAPL,160.62290954589844,163.6199951171875,171.0500030517578,163.55999755859375,170.57000732421875,78961000
2022-08-29,AAPL,158.4239501953125,161.3800048828125,162.89999389648438,159.82000732421875,161.14999389648438,73314000
2022-08-30,AAPL,155.99917602539062,158.91000366210938,162.55999755859375,157.72000122070312,162.1300048828125,77906200
2022-08-31,AAPL,154.34011840820312,157.22000122070312,160.5800018310547,157.13999938964844,160.30999755859375,87991100
2022-09-01,AAPL,155.0665740966797,157.9600067138672,158.4199981689453,154.6699981689453,156.63999938964844,74229900
2022-09-02,AAPL,152.95599365234375,155.80999755859375,160.36000061035156,154.97000122070312,159.75,76957800
2022-09-06,AAPL,151.69940185546875,154.52999877929688,157.08999633789062,153.69000244140625,156.47000122070312,73714800
2022-09-07,AAPL,153.10324096679688,155.9600067138672,156.6699981689453,153.61000061035156,154.82000732421875,87449600
2022-09-08,AAPL,151.63070678710938,154.4600067138672,156.36000061035156,152.67999267578125,154.63999938964844,84923800
2022-09-09,AAPL,154.48741149902344,157.3699951171875,157.82000732421875,154.75,155.47000122070312,68028800
2022-09-12,AAPL,160.43637084960938,163.42999267578125,164.25999450683594,159.3000030517578,159.58999633789062,104956000
2022-09-13,AAPL,151.02203369140625,153.83999633789062,160.5399932861328,153.3699951171875,159.89999389648438,122656600
2022-09-14,AAPL,152.46511840820312,155.30999755859375,157.10000610351562,153.61000061035156,154.7899932861328,87965400
2022-09-15,AAPL,149.57894897460938,152.3699951171875,155.24000549316406,151.3800048828125,154.64999389648438,90481100
2022-09-16,AAPL,147.93955993652344,150.6999969482422,151.35000610351562,148.3699951171875,151.2100067138672,162278800
2022-09-19,AAPL,151.65029907226562,154.47999572753906,154.55999755859375,149.10000610351562,149.30999755859375,81474200
2022-09-20,AAPL,154.02603149414062,156.89999389648438,158.0800018310547,153.0800018310547,153.39999389648438,107689800
2022-09-21,AAPL,150.9042510986328,153.72000122070312,158.74000549316406,153.60000610351562,157.33999633789062,101696800
2022-09-22,AAPL,149.94219970703125,152.74000549316406,154.47000122070312,150.91000366210938,152.3800048828125,86652500
2022-09-23,AAPL,147.67453002929688,150.42999267578125,151.47000122070312,148.55999755859375,151.19000244140625,96029900
2022-09-26,AAPL,148.00827026367188,150.77000427246094,153.77000427246094,149.63999938964844,149.66000366210938,93339400
2022-09-27,AAPL,148.9801483154297,151.75999450683594,154.72000122070312,149.9499969482422,152.74000549316406,84442700
2022-09-28,AAPL,147.09532165527344,149.83999633789062,150.63999938964844,144.83999633789062,147.63999938964844,146691400
2022-09-29,AAPL,139.87014770507812,142.47999572753906,146.72000122070312,140.67999267578125,146.10000610351562,128138200
2022-09-30,AAPL,135.6685028076172,138.1999969482422,143.10000610351562,138.0,141.27999877929688,124925300
2022-10-03,AAPL,139.8406524658203,142.4499969482422,143.07000732421875,137.69000244140625,138.2100067138672,114311700
2022-10-04,AAPL,143.42379760742188,146.10000610351562,146.22000122070312,144.25999450683594,145.02999877929688,87830100
2022-10-05,AAPL,143.7183380126953,146.39999389648438,147.3800048828125,143.00999450683594,144.07000732421875,79471000
2022-10-06,AAPL,142.76609802246094,145.42999267578125,147.5399932861328,145.22000122070312,145.80999755859375,68402200
2022-10-07,AAPL,137.52391052246094,140.08999633789062,143.10000610351562,139.4499969482422,142.5399932861328,85925600
2022-10-10,AAPL,137.84786987304688,140.4199981689453,141.88999938964844,138.57000732421875,140.4199981689453,74899000
2022-10-11,AAPL,136.43423461914062,138.97999572753906,141.35000610351562,138.22000122070312,139.89999389648438,77033700
2022-10-12,AAPL,135.8059844970703,138.33999633789062,140.36000061035156,138.16000366210938,139.1300048828125,70433700
2022-10-13,AAPL,140.3707733154297,142.99000549316406,143.58999633789062,134.3699951171875,134.99000549316406,113224000
2022-10-14,AAPL,135.84524536132812,138.3800048828125,144.52000427246094,138.19000244140625,144.30999755859375,88598000
2022-10-17,AAPL,139.8014373779297,142.41000366210938,142.89999389648438,140.27000427246094,141.07000732421875,85250900
2022-10-18,AAPL,141.1168670654297,143.75,146.6999969482422,140.61000061035156,145.49000549316406,99136600
2022-10-19,AAPL,141.22483825683594,143.86000061035156,144.9499969482422,141.5,141.69000244140625,61758300
2022-10-20,AAPL,140.76348876953125,143.38999938964844,145.88999938964844,142.64999389648438,143.02000427246094,64522000
2022-10-21,AAPL,144.57240295410156,147.27000427246094,147.85000610351562,142.64999389648438,142.8699951171875,86548600
2022-10-24,AAPL,146.7124481201172,149.4499969482422,150.22999572753906,146.0,147.19000244140625,75981900
2022-10-25,AAPL,149.54954528808594,152.33999633789062,152.49000549316406,149.36000061035156,150.08999633789062,74732300
2022-10-26,AAPL,146.6143035888672,149.35000610351562,151.99000549316406,148.0399932861328,150.9600067138672,88194300
2022-10-27,AAPL,142.14764404296875,144.8000030517578,149.0500030517578,144.1300048828125,148.07000732421875,109180200
2022-10-28,AAPL,152.88726806640625,155.74000549316406,157.5,147.82000732421875,148.1999969482422,164762400
2022-10-31,AAPL,150.5312042236328,153.33999633789062,154.24000549316406,151.9199981689453,153.16000366210938,97943200
2022-11-01,AAPL,147.89047241210938,150.64999389648438,155.4499969482422,149.1300048828125,155.0800018310547,80379300
2022-11-02,AAPL,142.3734130859375,145.02999877929688,152.1699981689453,145.0,148.9499969482422,93604600
2022-11-03,AAPL,136.33607482910156,138.8800048828125,142.8000030517578,138.75,142.05999755859375,97918500
2022-11-04,AAPL,136.07057189941406,138.3800048828125,142.6699981689453,134.3800048828125,142.08999633789062,140814800
2022-11-07,AAPL,136.60159301757812,138.9199981689453,139.14999389648438,135.6699981689453,137.11000061035156,83374600
2022-11-08,AAPL,137.17189025878906,139.5,141.42999267578125,137.49000549316406,140.41000366210938,89908500
2022-11-09,AAPL,132.61915588378906,134.8699951171875,138.5500030517578,134.58999633789062,138.5,74917800
2022-11-10,AAPL,144.4188995361328,146.8699951171875,146.8699951171875,139.5,141.24000549316406,118854000
2022-11-11,AAPL,147.20167541503906,149.6999969482422,150.00999450683594,144.3699951171875,145.82000732421875,93979700
2022-11-14,AAPL,145.8053741455078,148.27999877929688,150.27999877929688,147.42999267578125,148.97000122070312,73374100
2022-11-15,AAPL,147.53598022460938,150.0399932861328,153.58999633789062,148.55999755859375,152.22000122070312,89868300
2022-11-16,AAPL,146.30685424804688,148.7899932861328,149.8699951171875,147.2899932861328,149.1300048828125,64218300
2022-11-17,AAPL,148.2046661376953,150.72000122070312,151.47999572753906,146.14999389648438,146.42999267578125,80389400
2022-11-18,AAPL,148.76513671875,151.2899932861328,152.6999969482422,149.97000122070312,152.30999755859375,74829600
2022-11-21,AAPL,145.5398406982422,148.00999450683594,150.3699951171875,147.72000122070312,150.16000366210938,58724100
2022-11-22,AAPL,147.6736602783203,150.17999267578125,150.4199981689453,146.92999267578125,148.1300048828125,51804100
2022-11-23,AAPL,148.54879760742188,151.07000732421875,151.8300018310547,149.33999633789062,149.4499969482422,58301400
2022-11-25,AAPL,145.6382293701172,148.11000061035156,148.8800048828125,147.1199951171875,148.30999755859375,35195900
2022-11-28,AAPL,141.81312561035156,144.22000122070312,146.63999938964844,143.3800048828125,145.13999938964844,69246000
2022-11-29,AAPL,138.81402587890625,141.1699981689453,144.80999755859375,140.35000610351562,144.2899932861328,83763800
2022-11-30,AAPL,145.55953979492188,148.02999877929688,148.72000122070312,140.5500030517578,141.39999389648438,111380900
2022-12-01,AAPL,145.83485412597656,148.30999755859375,149.1300048828125,146.61000061035156,148.2100067138672,71250400
2022-12-02,AAPL,145.3431854248047,147.80999755859375,148.0,145.64999389648438,145.9600067138672,65447400
2022-12-05,AAPL,144.18289184570312,146.6300048828125,150.9199981689453,145.77000427246094,147.77000427246094,68826400
2022-12-06,AAPL,140.52499389648438,142.91000366210938,147.3000030517578,141.9199981689453,147.07000732421875,64727200
2022-12-07,AAPL,138.58786010742188,140.94000244140625,143.3699951171875,140.0,142.19000244140625,69721100
2022-12-08,AAPL,140.26931762695312,142.64999389648438,143.52000427246094,141.10000610351562,142.36000061035156,62128300
2022-12-09,AAPL,139.78750610351562,142.16000366210938,145.57000732421875,140.89999389648438,142.33999633789062,76097000
2022-12-12,AAPL,142.07859802246094,144.49000549316406,144.5,141.05999755859375,142.6999969482422,70462700
2022-12-13,AAPL,143.0422821044922,145.47000122070312,149.97000122070312,144.24000549316406,149.5,93886200
2022-12-14,AAPL,140.8199920654297,143.2100067138672,146.66000366210938,141.16000366210938,145.35000610351562,82291200
2022-12-15,AAPL,134.2219696044922,136.5,141.8000030517578,136.02999877929688,141.11000061035156,98931900
2022-12-16,AAPL,132.2651824951172,134.50999450683594,137.64999389648438,133.72999572753906,136.69000244140625,160156900
2022-12-19,AAPL,130.160888671875,132.3699951171875,135.1999969482422,131.32000732421875,135.11000061035156,79592600
2022-12-20,AAPL,130.09207153320312,132.3000030517578,133.25,129.88999938964844,131.38999938964844,77432800
2022-12-21,AAPL,133.18948364257812,135.4499969482422,136.80999755859375,132.75,132.97999572753906,85928000
2022-12-22,AAPL,130.02322387695312,132.22999572753906,134.55999755859375,130.3000030517578,134.35000610351562,77852100
2022-12-23,AAPL,129.65940856933594,131.86000061035156,132.4199981689453,129.63999938964844,130.9199981689453,63814900
2022-12-27,AAPL,127.85993957519531,130.02999877929688,131.41000366210938,128.72000122070312,131.3800048828125,69007800
2022-12-28,AAPL,123.93650817871094,126.04000091552734,131.02999877929688,125.87000274658203,129.6699981689453,85438400
2022-12-29,AAPL,127.44694519042969,129.61000061035156,130.47999572753906,127.7300033569336,127.98999786376953,75703700
2022-12-30,AAPL,127.76162719726562,129.92999267578125,129.9499969482422,127.43000030517578,128.41000366210938,77034200
2023-01-03,AAPL,122.98271179199219,125.06999969482422,130.89999389648438,124.16999816894531,130.27999877929688,112117500
2023-01-04,AAPL,124.25118255615234,126.36000061035156,128.66000366210938,125.08000183105469,126.88999938964844,89113600
2023-01-05,AAPL,122.93354797363281,125.0199966430664,127.7699966430664,124.76000213623047,127.12999725341797,80962700
2023-01-06,AAPL,127.45674896240234,129.6199951171875,130.2899932861328,124.88999938964844,126.01000213623047,87754700
2023-01-09,AAPL,127.9779281616211,130.14999389648438,133.41000366210938,129.88999938964844,130.47000122070312,70790800
2023-01-10,AAPL,128.54824829101562,130.72999572753906,131.25999450683594,128.1199951171875,130.25999450683594,63896200
2023-01-11,AAPL,131.26220703125,133.49000549316406,133.50999450683594,130.4600067138672,131.25,69458900
2023-01-12,AAPL,131.18353271484375,133.41000366210938,134.25999450683594,131.44000244140625,133.8800048828125,71379600
2023-01-13,AAPL,132.51097106933594,134.75999450683594,134.9199981689453,131.66000366210938,132.02999877929688,57809700
2023-01-17,AAPL,133.6713104248047,135.94000244140625,137.2899932861328,134.1300048828125,134.8300018310547,63646600
2023-01-18,AAPL,132.95350646972656,135.2100067138672,138.61000061035156,135.02999877929688,136.82000732421875,69672800
2023-01-19,AAPL,133.0124969482422,135.27000427246094,136.25,133.77000427246094,134.0800018310547,58280400
2023-01-20,AAPL,135.56910705566406,137.8699951171875,138.02000427246094,134.22000122070312,135.27999877929688,80223600
2023-01-23,AAPL,138.75502014160156,141.11000061035156,143.32000732421875,137.89999389648438,138.1199951171875,81760300
2023-01-24,AAPL,140.1513214111328,142.52999877929688,143.16000366210938,140.3000030517578,140.30999755859375,66435100
2023-01-25,AAPL,139.4925079345703,141.86000061035156,142.42999267578125,138.80999755859375,140.88999938964844,65799300
2023-01-26,AAPL,141.55747985839844,143.9600067138672,144.25,141.89999389648438,143.1699981689453,54105100
2023-01-27,AAPL,143.4945831298828,145.92999267578125,147.22999572753906,143.0800018310547,143.16000366210938,70555800
2023-01-30,AAPL,140.61349487304688,143.0,145.5500030517578,142.85000610351562,144.9600067138672,64015300
2023-01-31,AAPL,141.8819580078125,144.2899932861328,144.33999633789062,142.27999877929688,142.6999969482422,65874500
2023-02-01,AAPL,143.00294494628906,145.42999267578125,146.61000061035156,141.32000732421875,143.97000122070312,77663600
2023-02-02,AAPL,148.30296325683594,150.82000732421875,151.17999267578125,148.1699981689453,148.89999389648438,118339000
2023-02-03,AAPL,151.9215545654297,154.5,157.3800048828125,147.8300018310547,148.02999877929688,154357300
2023-02-06,AAPL,149.19775390625,151.72999572753906,153.10000610351562,150.77999877929688,152.57000732421875,69858300
2023-02-07,AAPL,152.06907653808594,154.64999389648438,155.22999572753906,150.63999938964844,150.63999938964844,83322600
2023-02-08,AAPL,149.38461303710938,151.9199981689453,154.5800018310547,151.1699981689453,153.8800048828125,64120100
2023-02-09,AAPL,148.3521728515625,150.8699951171875,154.3300018310547,150.4199981689453,153.77999877929688,56007100
2023-02-10,AAPL,148.71653747558594,151.00999450683594,151.33999633789062,149.22000122070312,149.4600067138672,57450700
2023-02-13,AAPL,151.5133819580078,153.85000610351562,154.25999450683594,150.9199981689453,150.9499969482422,62199000
2023-02-14,AAPL,150.8732452392578,153.1999969482422,153.77000427246094,150.86000061035156,152.1199951171875,61707600
2023-02-15,AAPL,152.97091674804688,155.3300018310547,155.5,152.8800048828125,153.11000061035156,65573800
2023-02-16,AAPL,151.3755340576172,153.7100067138672,156.3300018310547,153.35000610351562,153.50999450683594,68167900
2023-02-17,AAPL,150.23312377929688,152.5500030517578,153.0,150.85000610351562,152.35000610351562,59144100
2023-02-21,AAPL,146.22496032714844,148.47999572753906,151.3000030517578,148.41000366210938,150.1999969482422,58867200
2023-02-22,AAPL,146.64842224121094,148.91000366210938,149.9499969482422,147.16000366210938,148.8699951171875,51011300
2023-02-23,AAPL,147.13095092773438,149.39999389648438,150.33999633789062,147.24000549316406,150.08999633789062,48394200
2023-02-24,AAPL,144.48182678222656,146.7100067138672,147.19000244140625,145.72000122070312,147.11000061035156,55469600
2023-02-27,AAPL,145.67344665527344,147.9199981689453,149.1699981689453,147.4499969482422,147.7100067138672,44998500
2023-02-28,AAPL,145.17124938964844,147.41000366210938,149.0800018310547,146.8300018310547,147.0500030517578,50547000
2023-03-01,AAPL,143.1030731201172,145.30999755859375,147.22999572753906,145.00999450683594,146.8300018310547,55479000
2023-03-02,AAPL,143.69400024414062,145.91000366210938,146.7100067138672,143.89999389648438,144.3800048828125,52238100
2023-03-03,AAPL,148.73619079589844,151.02999877929688,151.11000061035156,147.3300018310547,148.0399932861328,70732300
2023-03-06,AAPL,151.49371337890625,153.8300018310547,156.3000030517578,153.4600067138672,153.7899932861328,87558000
2023-03-07,AAPL,149.2975311279297,151.60000610351562,154.02999877929688,151.1300048828125,153.6999969482422,56182000
2023-03-08,AAPL,150.54827880859375,152.8699951171875,153.47000122070312,151.8300018310547,152.80999755859375,47204800
2023-03-09,AAPL,148.30291748046875,150.58999633789062,154.5399932861328,150.22999572753906,153.55999755859375,53833600
2023-03-10,AAPL,146.24465942382812,148.5,150.94000244140625,147.61000061035156,150.2100067138672,68572400
2023-03-13,AAPL,148.1847381591797,150.47000122070312,153.13999938964844,147.6999969482422,147.80999755859375,84457100
2023-03-14,AAPL,150.27252197265625,152.58999633789062,153.39999389648438,150.10000610351562,151.27999877929688,73695900
2023-03-15,AAPL,150.6664581298828,152.99000549316406,153.25,149.9199981689453,151.19000244140625,77167900
2023-03-16,AAPL,153.48300170898438,155.85000610351562,156.4600067138672,151.63999938964844,152.16000366210938,76161100
2023-03-17,AAPL,152.6459197998047,155.0,156.74000549316406,154.27999877929688,156.0800018310547,98944600
2023-03-20,AAPL,155.0094757080078,157.39999389648438,157.82000732421875,154.14999389648438,155.07000732421875,73641400
2023-03-21,AAPL,156.8609161376953,159.27999877929688,159.39999389648438,156.5399932861328,157.32000732421875,73938300
2023-03-22,AAPL,155.43296813964844,157.8300018310547,162.13999938964844,157.80999755859375,159.3000030517578,75701800
2023-03-23,AAPL,156.51622009277344,158.92999267578125,161.5500030517578,157.67999267578125,158.8300018310547,67622100
2023-03-24,AAPL,157.81617736816406,160.25,160.33999633789062,157.85000610351562,158.86000061035156,59196500
2023-03-27,AAPL,155.87608337402344,158.27999877929688,160.77000427246094,157.8699951171875,159.94000244140625,52390300
2023-03-28,AAPL,155.2556610107422,157.64999389648438,158.49000549316406,155.97999572753906,157.97000122070312,45992200
2023-03-29,AAPL,158.32830810546875,160.77000427246094,161.0500030517578,159.35000610351562,159.3699951171875,51305700
2023-03-30,AAPL,159.8941650390625,162.36000061035156,162.47000122070312,161.27000427246094,161.52999877929688,49501700
2023-03-31,AAPL,162.3955841064453,164.89999389648438,165.0,161.91000366210938,162.44000244140625,68749800
2023-04-03,AAPL,163.64627075195312,166.1699981689453,166.2899932861328,164.22000122070312,164.27000427246094,56976200
2023-04-04,AAPL,163.114501953125,165.6300048828125,166.83999633789062,165.11000061035156,166.60000610351562,46278300
2023-04-05,AAPL,161.2728729248047,163.75999450683594,165.0500030517578,161.8000030517578,164.74000549316406,51511700
2023-04-06,AAPL,162.15924072265625,164.66000366210938,164.9600067138672,162.0,162.42999267578125,45390100
2023-04-10,AAPL,159.56915283203125,162.02999877929688,162.02999877929688,160.0800018310547,161.4199981689453,47716900
2023-04-11,AAPL,158.35781860351562,160.8000030517578,162.36000061035156,160.50999450683594,162.35000610351562,47644200
2023-04-12,AAPL,157.66848754882812,160.10000610351562,162.05999755859375,159.77999877929688,161.22000122070312,50133100
2023-04-13,AAPL,163.04556274414062,165.55999755859375,165.8000030517578,161.4199981689453,161.6300048828125,68445600
2023-04-14,AAPL,162.7008819580078,165.2100067138672,166.32000732421875,163.82000732421875,164.58999633789062,49386500
2023-04-17,AAPL,162.72056579589844,165.22999572753906,165.38999938964844,164.02999877929688,165.08999633789062,41516200
2023-04-18,AAPL,163.9417266845703,166.47000122070312,167.41000366210938,165.64999389648438,166.10000610351562,49923000
2023-04-19,AAPL,165.08412170410156,167.6300048828125,168.16000366210938,165.5399932861328,165.8000030517578,47720200
2023-04-20,AAPL,164.11900329589844,166.64999389648438,167.8699951171875,165.55999755859375,166.08999633789062,52456400
2023-04-21,AAPL,162.5137481689453,165.02000427246094,166.4499969482422,164.49000549316406,165.0500030517578,58337300
2023-04-24,AAPL,162.81903076171875,165.3300018310547,165.60000610351562,163.88999938964844,165.0,41949600
2023-04-25,AAPL,161.28274536132812,163.77000427246094,166.30999755859375,163.72999572753906,165.19000244140625,48714100
2023-04-26,AAPL,161.2728729248047,163.75999450683594,165.27999877929688,162.8000030517578,163.05999755859375,45498800
2023-04-27,AAPL,165.85227966308594,168.41000366210938,168.55999755859375,165.19000244140625,165.19000244140625,64902300
2023-04-28,AAPL,167.1029510498047,169.67999267578125,169.85000610351562,167.8800048828125,168.49000549316406,55275900
2023-05-01,AAPL,167.0143585205078,169.58999633789062,170.4499969482422,168.63999938964844,169.27999877929688,52472900
2023-05-02,AAPL,165.98028564453125,168.5399932861328,170.35000610351562,167.5399932861328,170.08999633789062,48425700
2023-05-03,AAPL,164.90684509277344,167.4499969482422,170.9199981689453,167.16000366210938,169.5,65136000
2023-05-04,AAPL,163.2720489501953,165.7899932861328,167.0399932861328,164.30999755859375,164.88999938964844,81235400
2023-05-05,AAPL,170.9339141845703,173.57000732421875,174.3000030517578,170.75999450683594,170.97999572753906,113453200
2023-05-08,AAPL,170.86492919921875,173.5,173.85000610351562,172.11000061035156,172.47999572753906,55962800
2023-05-09,AAPL,169.16123962402344,171.77000427246094,173.5399932861328,171.60000610351562,173.0500030517578,45326900
2023-05-10,AAPL,170.92405700683594,173.55999755859375,174.02999877929688,171.89999389648438,173.02000427246094,53724500
2023-05-11,AAPL,171.1111602783203,173.75,174.58999633789062,172.1699981689453,173.85000610351562,49514700
2023-05-12,AAPL,170.1841583251953,172.57000732421875,174.05999755859375,171.0,173.6199951171875,45533100
2023-05-15,AAPL,169.6910858154297,172.07000732421875,173.2100067138672,171.47000122070312,173.16000366210938,37266700
2023-05-16,AAPL,169.6910858154297,172.07000732421875,173.13999938964844,171.8000030517578,171.99000549316406,42110300
2023-05-17,AAPL,170.30250549316406,172.69000244140625,172.92999267578125,170.4199981689453,171.7100067138672,57951600
2023-05-18,AAPL,172.62985229492188,175.0500030517578,175.24000549316406,172.5800018310547,173.0,65496700
2023-05-19,AAPL,172.7383270263672,175.16000366210938,176.38999938964844,174.94000244140625,176.38999938964844,55809500
2023-05-22,AAPL,171.79164123535156,174.1999969482422,174.7100067138672,173.4499969482422,173.97999572753906,43570900
2023-05-23,AAPL,169.18812561035156,171.55999755859375,173.3800048828125,171.27999877929688,173.1300048828125,50747300
2023-05-24,AAPL,169.46424865722656,171.83999633789062,172.4199981689453,170.52000427246094,171.08999633789062,45143500
2023-05-25,AAPL,170.59835815429688,172.99000549316406,173.89999389648438,171.69000244140625,172.41000366210938,56058300
2023-05-26,AAPL,173.00462341308594,175.42999267578125,175.77000427246094,173.11000061035156,173.32000732421875,54835000
2023-05-30,AAPL,174.8487548828125,177.3000030517578,178.99000549316406,176.57000732421875,176.9600067138672,55964400
2023-05-31,AAPL,174.79946899414062,177.25,179.35000610351562,176.75999450683594,177.3300018310547,99625300
2023-06-01,AAPL,177.6001739501953,180.08999633789062,180.1199951171875,176.92999267578125,177.6999969482422,68901800
2023-06-02,AAPL,178.4483184814453,180.9499969482422,181.77999877929688,179.25999450683594,181.02999877929688,61996900
2023-06-05,AAPL,177.09722900390625,179.5800018310547,184.9499969482422,178.0399932861328,182.6300048828125,121946500
2023-06-06,AAPL,176.73236083984375,179.2100067138672,180.1199951171875,177.42999267578125,179.97000122070312,64848400
2023-06-07,AAPL,175.36158752441406,177.82000732421875,181.2100067138672,177.32000732421875,178.44000244140625,61944600
2023-06-08,AAPL,178.0735626220703,180.57000732421875,180.83999633789062,177.4600067138672,177.89999389648438,50214900
2023-06-09,AAPL,178.4581756591797,180.9600067138672,182.22999572753906,180.6300048828125,181.5,48900000
2023-06-12,AAPL,181.2490234375,183.7899932861328,183.88999938964844,180.97000122070312,181.27000427246094,54274900
2023-06-13,AAPL,180.77565002441406,183.30999755859375,184.14999389648438,182.44000244140625,182.8000030517578,54929100
2023-06-14,AAPL,181.40679931640625,183.9499969482422,184.38999938964844,182.02000427246094,183.3699951171875,57462900
2023-06-15,AAPL,183.4383087158203,186.00999450683594,186.52000427246094,183.77999877929688,183.9600067138672,65433200
2023-06-16,AAPL,182.3634033203125,184.9199981689453,186.99000549316406,184.27000427246094,186.72999572753906,101256200
2023-06-20,AAPL,182.45216369628906,185.00999450683594,186.10000610351562,184.41000366210938,184.41000366210938,49799100
2023-06-21,AAPL,181.41671752929688,183.9600067138672,185.41000366210938,182.58999633789062,184.89999389648438,49515700
2023-06-22,AAPL,184.41465759277344,187.0,187.0500030517578,183.6699981689453,183.74000549316406,51245300
2023-06-23,AAPL,184.0990753173828,186.67999267578125,187.55999755859375,185.00999450683594,185.5500030517578,53117000
2023-06-26,AAPL,182.70858764648438,185.27000427246094,188.0500030517578,185.22999572753906,186.8300018310547,48088700
2023-06-27,AAPL,185.45999145507812,188.05999755859375,188.38999938964844,185.6699981689453,185.88999938964844,50730800
2023-06-28,AAPL,186.633544921875,189.25,189.89999389648438,187.60000610351562,187.92999267578125,51216800
2023-06-29,AAPL,186.96884155273438,189.58999633789062,190.07000732421875,188.94000244140625,189.0800018310547,46347300
2023-06-30,AAPL,191.28829956054688,193.97000122070312,194.47999572753906,191.25999450683594,191.6300048828125,85213200
2023-07-03,AAPL,189.79916381835938,192.4600067138672,193.8800048828125,191.75999450683594,193.77999877929688,31458200
2023-07-05,AAPL,188.68478393554688,191.3300018310547,192.97999572753906,190.6199951171875,191.57000732421875,46920300
2023-07-06,AAPL,189.15814208984375,191.80999755859375,192.02000427246094,189.1999969482422,189.83999633789062,45094300
2023-07-07,AAPL,188.0437774658203,190.67999267578125,192.6699981689453,190.24000549316406,191.41000366210938,46815000
2023-07-10,AAPL,186.00238037109375,188.61000061035156,189.99000549316406,187.0399932861328,189.25999450683594,59922200
2023-07-11,AAPL,185.47972106933594,188.0800018310547,189.3000030517578,186.60000610351562,189.16000366210938,46638100
2023-07-12,AAPL,187.14637756347656,189.77000427246094,191.6999969482422,188.47000122070312,189.67999267578125,60750200
2023-07-13,AAPL,187.90570068359375,190.5399932861328,191.19000244140625,189.77999877929688,190.5,41342300
2023-07-14,AAPL,188.05361938476562,190.69000244140625,191.17999267578125,189.6300048828125,190.22999572753906,41616200
2023-07-17,AAPL,191.30799865722656,193.99000549316406,194.32000732421875,191.80999755859375,191.89999389648438,50520200
2023-07-18,AAPL,191.05162048339844,193.72999572753906,194.3300018310547,192.4199981689453,193.35000610351562,48288200
2023-07-19,AAPL,192.4026641845703,195.10000610351562,198.22999572753906,192.64999389648438,193.10000610351562,80507300
2023-07-20,AAPL,190.4599151611328,193.1300048828125,196.47000122070312,192.5,195.08999633789062,59581200
2023-07-21,AAPL,189.28636169433594,191.94000244140625,194.97000122070312,191.22999572753906,194.10000610351562,71951700
2023-07-24,AAPL,190.0851593017578,192.75,194.91000366210938,192.25,193.41000366210938,45377800
2023-07-25,AAPL,190.943115234375,193.6199951171875,194.44000244140625,192.9199981689453,193.3300018310547,37283200
2023-07-26,AAPL,191.81094360351562,194.5,195.63999938964844,193.32000732421875,193.6699981689453,47471900
2023-07-27,AAPL,190.54864501953125,193.22000122070312,197.1999969482422,192.5500030517578,196.02000427246094,47460200
2023-07-28,AAPL,193.12255859375,195.8300018310547,196.6300048828125,194.13999938964844,194.6699981689453,48291400
2023-07-31,AAPL,193.73399353027344,196.4499969482422,196.49000549316406,195.25999450683594,196.05999755859375,38824100
2023-08-01,AAPL,192.90560913085938,195.61000061035156,196.72999572753906,195.27999877929688,196.24000549316406,35175100
2023-08-02,AAPL,189.91751098632812,192.5800018310547,195.17999267578125,191.85000610351562,195.0399932861328,50389300
2023-08-03,AAPL,188.52699279785156,191.1699981689453,192.3699951171875,190.69000244140625,191.57000732421875,61235200
2023-08-04,AAPL,179.47389221191406,181.99000549316406,187.3800048828125,181.9199981689453,185.52000427246094,115956800
2023-08-07,AAPL,176.37734985351562,178.85000610351562,183.1300048828125,177.35000610351562,182.1300048828125,97576100
2023-08-08,AAPL,177.31422424316406,179.8000030517578,180.27000427246094,177.5800018310547,179.69000244140625,67823000
2023-08-09,AAPL,175.72645568847656,178.19000244140625,180.92999267578125,177.00999450683594,180.8699951171875,60378500
2023-08-10,AAPL,175.50950622558594,177.97000122070312,180.75,177.60000610351562,179.47999572753906,54686900
2023-08-11,AAPL,175.56871032714844,177.7899932861328,178.6199951171875,176.5500030517578,177.32000732421875,52036700
2023-08-14,AAPL,177.2178955078125,179.4600067138672,179.69000244140625,177.30999755859375,177.97000122070312,43675600
2023-08-15,AAPL,175.23300170898438,177.4499969482422,179.47999572753906,177.0500030517578,178.8800048828125,43622600
2023-08-16,AAPL,174.36399841308594,176.57000732421875,178.5399932861328,176.5,177.1300048828125,46964900
2023-08-17,AAPL,171.82611083984375,174.0,177.50999450683594,173.47999572753906,177.13999938964844,66062900
2023-08-18,AAPL,172.30999755859375,174.49000549316406,175.10000610351562,171.9600067138672,172.3000030517578,61172200
2023-08-21,AAPL,173.6431121826172,175.83999633789062,176.1300048828125,173.74000549316406,175.07000732421875,46311900
2023-08-22,AAPL,175.01576232910156,177.22999572753906,177.67999267578125,176.25,177.05999755859375,42038900
2023-08-23,AAPL,178.8571319580078,181.1199951171875,181.5500030517578,178.3300018310547,178.52000427246094,52722800
2023-08-24,AAPL,174.17637634277344,176.3800048828125,181.10000610351562,176.00999450683594,180.6699981689453,54945800
2023-08-25,AAPL,176.37850952148438,178.61000061035156,179.14999389648438,175.82000732421875,177.3800048828125,51449600
2023-08-28,AAPL,177.9387664794922,180.19000244140625,180.58999633789062,178.5500030517578,180.08999633789062,43820700
2023-08-29,AAPL,181.8196563720703,184.1199951171875,184.89999389648438,179.5,179.6999969482422,53003900
2023-08-30,AAPL,185.3055419921875,187.64999389648438,187.85000610351562,184.74000549316406,184.94000244140625,60813900
2023-08-31,AAPL,185.52279663085938,187.8699951171875,189.1199951171875,187.47999572753906,187.83999633789062,60794500
2023-09-01,AAPL,187.09292602539062,189.4600067138672,189.9199981689453,188.27999877929688,189.49000549316406,45766500
2023-09-05,AAPL,187.3299560546875,189.6999969482422,189.97999572753906,187.61000061035156,188.27999877929688,45280000
2023-09-06,AAPL,180.62478637695312,182.91000366210938,188.85000610351562,181.47000122070312,188.39999389648438,81755800
2023-09-07,AAPL,175.3416290283203,177.55999755859375,178.2100067138672,173.5399932861328,175.17999267578125,112488800
2023-09-08,AAPL,175.953857421875,178.17999267578125,180.24000549316406,177.7899932861328,178.35000610351562,65551300
2023-09-11,AAPL,177.119140625,179.36000061035156,180.3000030517578,177.33999633789062,180.07000732421875,58953100
2023-09-12,AAPL,174.09738159179688,176.3000030517578,180.1300048828125,174.82000732421875,179.49000549316406,90370200
2023-09-13,AAPL,172.03350830078125,174.2100067138672,177.3000030517578,173.97999572753906,176.50999450683594,84267900
2023-09-14,AAPL,173.5443572998047,175.74000549316406,176.10000610351562,173.5800018310547,174.0,60895800
2023-09-15,AAPL,172.823486328125,175.00999450683594,176.5,173.82000732421875,176.47999572753906,109259500
2023-09-18,AAPL,175.7465057373047,177.97000122070312,179.3800048828125,176.1699981689453,176.47999572753906,67257600
2023-09-19,AAPL,176.83274841308594,179.07000732421875,179.6300048828125,177.1300048828125,177.52000427246094,51826900
2023-09-20,AAPL,173.2974853515625,175.49000549316406,179.6999969482422,175.39999389648438,179.25999450683594,58436200
2023-09-21,AAPL,171.75697326660156,173.92999267578125,176.3000030517578,173.86000061035156,174.5500030517578,63149100
2023-09-22,AAPL,172.60621643066406,174.7899932861328,177.0800018310547,174.0500030517578,174.6699981689453,56725400
2023-09-25,AAPL,173.880126953125,176.0800018310547,176.97000122070312,174.14999389648438,174.1999969482422,46172700
2023-09-26,AAPL,169.81161499023438,171.9600067138672,175.1999969482422,171.66000366210938,174.82000732421875,64588900
2023-09-27,AAPL,168.3007049560547,170.42999267578125,173.0399932861328,169.0500030517578,172.6199951171875,66921800
2023-09-28,AAPL,168.5574493408203,170.69000244140625,172.02999877929688,167.6199951171875,169.33999633789062,56294400
2023-09-29,AAPL,169.07095336914062,171.2100067138672,173.07000732421875,170.33999633789062,172.02000427246094,51861100
2023-10-02,AAPL,171.5792236328125,173.75,174.3000030517578,170.92999267578125,171.22000122070312,52164500
2023-10-03,AAPL,170.24607849121094,172.39999389648438,173.6300048828125,170.82000732421875,172.25999450683594,49594600
2023-10-04,AAPL,171.49034118652344,173.66000366210938,174.2100067138672,170.97000122070312,171.08999633789062,53020300
2023-10-05,AAPL,172.7247314453125,174.91000366210938,175.4499969482422,172.67999267578125,173.7899932861328,48527900
2023-10-06,AAPL,175.27249145507812,177.49000549316406,177.99000549316406,173.17999267578125,173.8000030517578,57266700
2023-10-09,AAPL,176.75376892089844,178.99000549316406,179.0500030517578,175.8000030517578,176.80999755859375,42390800
2023-10-10,AAPL,176.16127014160156,178.38999938964844,179.72000122070312,177.9499969482422,178.10000610351562,43698000
2023-10-11,AAPL,177.55364990234375,179.8000030517578,179.85000610351562,177.60000610351562,178.1999969482422,47551100
2023-10-12,AAPL,178.4522705078125,180.7100067138672,182.33999633789062,179.0399932861328,180.07000732421875,56743100
2023-10-13,AAPL,176.6155242919922,178.85000610351562,181.92999267578125,178.13999938964844,181.4199981689453,51427100
2023-10-16,AAPL,176.48712158203125,178.72000122070312,179.0800018310547,176.50999450683594,176.75,52517000
2023-10-17,AAPL,174.93673706054688,177.14999389648438,178.4199981689453,174.8000030517578,176.64999389648438,57549400
2023-10-18,AAPL,173.6431121826172,175.83999633789062,177.5800018310547,175.11000061035156,175.5800018310547,54764400
2023-10-19,AAPL,173.2678680419922,175.4600067138672,177.83999633789062,175.19000244140625,176.0399932861328,59302900
2023-10-20,AAPL,170.72010803222656,172.8800048828125,175.4199981689453,172.63999938964844,175.30999755859375,64244000
2023-10-23,AAPL,170.83859252929688,173.0,174.00999450683594,169.92999267578125,170.91000366210938,55980100
2023-10-24,AAPL,171.27310180664062,173.44000244140625,173.6699981689453,171.4499969482422,173.0500030517578,43816600
2023-10-25,AAPL,168.9623260498047,171.10000610351562,173.05999755859375,170.64999389648438,171.8800048828125,57157000
2023-10-26,AAPL,164.804931640625,166.88999938964844,171.3800048828125,165.6699981689453,170.3699951171875,70625300
2023-10-27,AAPL,166.11831665039062,168.22000122070312,168.9600067138672,166.8300018310547,166.91000366210938,58499100
2023-10-30,AAPL,168.16244506835938,170.2899932861328,171.1699981689453,168.8699951171875,169.02000427246094,51131000
2023-10-31,AAPL,168.63648986816406,170.77000427246094,170.89999389648438,167.89999389648438,169.35000610351562,44846000
2023-11-01,AAPL,171.79647827148438,173.97000122070312,174.22999572753906,170.1199951171875,171.0,56934900
2023-11-02,AAPL,175.3515167236328,177.57000732421875,177.77999877929688,175.4600067138672,175.52000427246094,77334800
2023-11-03,AAPL,174.44300842285156,176.64999389648438,176.82000732421875,173.35000610351562,174.24000549316406,79829200
2023-11-06,AAPL,176.99075317382812,179.22999572753906,179.42999267578125,176.2100067138672,176.3800048828125,63841300
2023-11-07,AAPL,179.54840087890625,181.82000732421875,182.44000244140625,178.97000122070312,179.17999267578125,70530000
2023-11-08,AAPL,180.6050262451172,182.88999938964844,183.4499969482422,181.58999633789062,182.35000610351562,49340300
2023-11-09,AAPL,180.1310272216797,182.41000366210938,184.1199951171875,181.80999755859375,182.9600067138672,53763500
2023-11-10,AAPL,184.31365966796875,186.39999389648438,186.57000732421875,183.52999877929688,183.97000122070312,66133400
2023-11-13,AAPL,182.73159790039062,184.8000030517578,186.02999877929688,184.2100067138672,185.82000732421875,43627500
2023-11-14,AAPL,185.342041015625,187.44000244140625,188.11000061035156,186.3000030517578,187.6999969482422,60108400
2023-11-15,AAPL,185.90565490722656,188.00999450683594,189.5,187.77999877929688,187.85000610351562,53790500
2023-11-16,AAPL,187.58663940429688,189.7100067138672,190.9600067138672,188.64999389648438,189.57000732421875,54412900
2023-11-17,AAPL,187.56687927246094,189.69000244140625,190.3800048828125,188.57000732421875,190.25,50922700
2023-11-20,AAPL,189.30715942382812,191.4499969482422,191.91000366210938,189.8800048828125,189.88999938964844,46505100
2023-11-21,AAPL,188.50621032714844,190.63999938964844,191.52000427246094,189.74000549316406,191.41000366210938,38134500
2023-11-22,AAPL,189.16871643066406,191.30999755859375,192.92999267578125,190.8300018310547,191.49000549316406,39617700
2023-11-24,AAPL,187.84375,189.97000122070312,190.89999389648438,189.25,190.8699951171875,24048300
2023-11-27,AAPL,187.66574096679688,189.7899932861328,190.6699981689453,188.89999389648438,189.9199981689453,40552600
2023-11-28,AAPL,188.26890563964844,190.39999389648438,191.0800018310547,189.39999389648438,189.77999877929688,38415400
2023-11-29,AAPL,187.2504425048828,189.3699951171875,192.08999633789062,188.97000122070312,190.89999389648438,43014200
2023-11-30,AAPL,187.82391357421875,189.9499969482422,190.32000732421875,188.19000244140625,189.83999633789062,48794400
2023-12-01,AAPL,189.09951782226562,191.24000549316406,191.55999755859375,189.22999572753906,190.3300018310547,45704800
2023-12-04,AAPL,187.30975341796875,189.42999267578125,190.0500030517578,187.4499969482422,189.97999572753906,43389500
2023-12-05,AAPL,191.255126953125,193.4199981689453,194.39999389648438,190.17999267578125,190.2100067138672,66628400
2023-12-06,AAPL,190.1674346923828,192.32000732421875,194.75999450683594,192.11000061035156,194.4499969482422,41089700
2023-12-07,AAPL,192.09559631347656,194.27000427246094,195.0,193.58999633789062,193.6300048828125,47477700
2023-12-08,AAPL,193.51947021484375,195.7100067138672,195.99000549316406,193.6699981689453,194.1999969482422,53406400
2023-12-11,AAPL,191.01779174804688,193.17999267578125,193.49000549316406,191.4199981689453,193.11000061035156,60943700
2023-12-12,AAPL,192.53067016601562,194.7100067138672,194.72000122070312,191.72000122070312,193.0800018310547,52696900
2023-12-13,AAPL,195.74429321289062,197.9600067138672,198.0,194.85000610351562,195.08999633789062,70404200
2023-12-14,AAPL,195.89260864257812,198.11000061035156,199.6199951171875,196.16000366210938,198.02000427246094,66831600
2023-12-15,AAPL,195.35867309570312,197.57000732421875,198.39999389648438,197.0,197.52999877929688,128538400
2023-12-18,AAPL,193.69744873046875,195.88999938964844,196.6300048828125,194.38999938964844,196.08999633789062,55751900
2023-12-19,AAPL,194.7357177734375,196.94000244140625,196.9499969482422,195.88999938964844,196.16000366210938,40714100
2023-12-20,AAPL,192.6493377685547,194.8300018310547,197.67999267578125,194.8300018310547,196.89999389648438,52242800
2023-12-21,AAPL,192.50100708007812,194.67999267578125,197.0800018310547,193.5,196.10000610351562,46482500
2023-12-22,AAPL,191.43309020996094,193.60000610351562,195.41000366210938,192.97000122070312,195.17999267578125,37149600
2023-12-26,AAPL,190.8892364501953,193.0500030517578,193.88999938964844,192.8300018310547,193.61000061035156,28919300
2023-12-27,AAPL,190.9881134033203,193.14999389648438,193.5,191.08999633789062,192.49000549316406,48087700
2023-12-28,AAPL,191.41334533691406,193.5800018310547,194.66000366210938,193.1699981689453,194.13999938964844,34049900
2023-12-29,AAPL,190.37506103515625,192.52999877929688,194.39999389648438,191.72999572753906,193.89999389648438,42672100
2024-01-02,AAPL,183.56219482421875,185.63999938964844,188.44000244140625,183.88999938964844,187.14999389648438,82488700
2024-01-03,AAPL,182.18775939941406,184.25,185.8800048828125,183.42999267578125,184.22000122070312,58414500
2024-01-04,AAPL,179.87393188476562,181.91000366210938,183.08999633789062,180.8800048828125,182.14999389648438,71983600
2024-01-05,AAPL,179.152099609375,181.17999267578125,182.75999450683594,180.1699981689453,181.99000549316406,62379700
2024-01-08,AAPL,183.48306274414062,185.55999755859375,185.60000610351562,181.5,182.08999633789062,59144500
2024-01-09,AAPL,183.06777954101562,185.13999938964844,185.14999389648438,182.72999572753906,183.9199981689453,42841800
2024-01-10,AAPL,184.10606384277344,186.19000244140625,186.39999389648438,183.9199981689453,184.35000610351562,46792900
2024-01-11,AAPL,183.51275634765625,185.58999633789062,187.0500030517578,183.6199951171875,186.5399932861328,49128400
2024-01-12,AAPL,183.83905029296875,185.9199981689453,186.74000549316406,185.19000244140625,186.05999755859375,40477800
2024-01-16,AAPL,181.57469177246094,183.6300048828125,184.25999450683594,180.92999267578125,182.16000366210938,65603000
2024-01-17,AAPL,180.63531494140625,182.67999267578125,182.92999267578125,180.3000030517578,181.27000427246094,47317400
2024-01-18,AAPL,186.5187225341797,188.6300048828125,189.13999938964844,185.8300018310547,186.08999633789062,78005800
2024-01-19,AAPL,189.41592407226562,191.55999755859375,191.9499969482422,188.82000732421875,189.3300018310547,68903000
2024-01-22,AAPL,191.71983337402344,193.88999938964844,195.3300018310547,192.25999450683594,192.3000030517578,60133900
2024-01-23,AAPL,192.9954071044922,195.17999267578125,195.75,193.8300018310547,195.02000427246094,42355600
2024-01-24,AAPL,192.32302856445312,194.5,196.3800048828125,194.33999633789062,195.4199981689453,53631300
2024-01-25,AAPL,191.99668884277344,194.1699981689453,196.27000427246094,193.11000061035156,195.22000122070312,54822100
2024-01-26,AAPL,190.26632690429688,192.4199981689453,194.75999450683594,191.94000244140625,194.27000427246094,44594000
2024-01-29,AAPL,189.58404541015625,191.72999572753906,192.1999969482422,189.5800018310547,192.00999450683594,47145600
2024-01-30,AAPL,185.93533325195312,188.0399932861328,191.8000030517578,187.47000122070312,190.94000244140625,55859400
2024-01-31,AAPL,182.3360595703125,184.39999389648438,187.10000610351562,184.35000610351562,187.0399932861328,55467800
2024-02-01,AAPL,184.76853942871094,186.86000061035156,186.9499969482422,183.82000732421875,183.99000549316406,64885400
2024-02-02,AAPL,183.7698211669922,185.85000610351562,187.3300018310547,179.25,179.86000061035156,102551700
2024-02-05,AAPL,185.57936096191406,187.67999267578125,189.25,185.83999633789062,188.14999389648438,69668800
2024-02-06,AAPL,187.1812286376953,189.3000030517578,189.30999755859375,186.77000427246094,186.86000061035156,43490800
2024-02-07,AAPL,187.2899932861328,189.41000366210938,191.0500030517578,188.61000061035156,190.63999938964844,53439000
2024-02-08,AAPL,186.21221923828125,188.32000732421875,189.5399932861328,187.35000610351562,189.38999938964844,40962000
2024-02-09,AAPL,186.97454833984375,188.85000610351562,189.99000549316406,188.0,188.64999389648438,45155200
2024-02-12,AAPL,185.29141235351562,187.14999389648438,188.6699981689453,186.7899932861328,188.4199981689453,41781900
2024-02-13,AAPL,183.202392578125,185.0399932861328,186.2100067138672,183.50999450683594,185.77000427246094,56529500
2024-02-14,AAPL,182.32122802734375,184.14999389648438,185.52999877929688,182.44000244140625,185.32000732421875,54630500
2024-02-15,AAPL,182.0341033935547,183.86000061035156,184.49000549316406,181.35000610351562,183.5500030517578,65434500
2024-02-16,AAPL,180.49948120117188,182.30999755859375,184.85000610351562,181.6699981689453,183.4199981689453,49752500
2024-02-20,AAPL,179.75692749023438,181.55999755859375,182.42999267578125,180.0,181.7899932861328,53665600
2024-02-21,AAPL,180.50941467285156,182.32000732421875,182.88999938964844,180.66000366210938,181.94000244140625,41371400
2024-02-22,AAPL,182.5390167236328,184.3699951171875,184.9600067138672,182.4600067138672,183.47999572753906,52292200
2024-02-23,AAPL,180.70738220214844,182.52000427246094,185.0399932861328,182.22999572753906,185.00999450683594,45119700
2024-02-26,AAPL,179.3609161376953,181.16000366210938,182.75999450683594,180.64999389648438,182.24000549316406,40867400
2024-02-27,AAPL,180.81629943847656,182.6300048828125,183.9199981689453,179.55999755859375,181.10000610351562,54318900
2024-02-28,AAPL,179.61831665039062,181.4199981689453,183.1199951171875,180.1300048828125,182.50999450683594,48953900
2024-02-29,AAPL,178.9550018310547,180.75,182.57000732421875,179.52999877929688,181.27000427246094,136682600
2024-03-01,AAPL,177.8758087158203,179.66000366210938,180.52999877929688,177.3800048828125,179.5500030517578,73563100
2024-03-04,AAPL,173.36109924316406,175.10000610351562,176.89999389648438,173.7899932861328,176.14999389648438,81510100
2024-03-05,AAPL,168.4305419921875,170.1199951171875,172.0399932861328,169.6199951171875,170.75999450683594,95132400
2024-03-06,AAPL,167.44046020507812,169.1199951171875,171.24000549316406,168.67999267578125,171.05999755859375,68587700
2024-03-07,AAPL,167.32167053222656,169.0,170.72999572753906,168.49000549316406,169.14999389648438,71765100
2024-03-08,AAPL,169.03448486328125,170.72999572753906,173.6999969482422,168.94000244140625,169.0,76267000
2024-03-11,AAPL,171.03443908691406,172.75,174.3800048828125,172.0500030517578,172.94000244140625,60139500
2024-03-12,AAPL,171.5096435546875,173.22999572753906,174.02999877929688,171.00999450683594,173.14999389648438,59825400
2024-03-13,AAPL,169.4305419921875,171.1300048828125,173.19000244140625,170.75999450683594,172.77000427246094,52488700
2024-03-14,AAPL,171.28195190429688,173.0,174.30999755859375,172.0500030517578,172.91000366210938,72913500
2024-03-15,AAPL,170.9057159423828,172.6199951171875,172.6199951171875,170.2899932861328,171.1699981689453,121752700
2024-03-18,AAPL,171.9947967529297,173.72000122070312,177.7100067138672,173.52000427246094,175.57000732421875,75604200
2024-03-19,AAPL,174.33135986328125,176.0800018310547,176.61000061035156,173.02999877929688,174.33999633789062,55215200
2024-03-20,AAPL,176.89564514160156,178.6699981689453,178.6699981689453,175.08999633789062,175.72000122070312,53423100
2024-03-21,AAPL,169.66810607910156,171.3699951171875,177.49000549316406,170.83999633789062,177.0500030517578,106181300
2024-03-22,AAPL,170.56910705566406,172.27999877929688,173.0500030517578,170.05999755859375,171.75999450683594,71160100
2024-03-25,AAPL,169.15330505371094,170.85000610351562,171.94000244140625,169.4499969482422,170.57000732421875,54288300
2024-03-26,AAPL,168.024658203125,169.7100067138672,171.4199981689453,169.5800018310547,170.0,57388400
2024-03-27,AAPL,171.5888671875,173.30999755859375,173.60000610351562,170.11000061035156,170.41000366210938,60273300
2024-03-28,AAPL,169.7770538330078,171.47999572753906,172.22999572753906,170.50999450683594,171.75,65672700
2024-04-01,AAPL,168.34144592285156,170.02999877929688,171.25,169.47999572753906,171.19000244140625,46240500
2024-04-02,AAPL,167.16326904296875,168.83999633789062,169.33999633789062,168.22999572753906,169.0800018310547,49329500
2024-04-03,AAPL,167.96519470214844,169.64999389648438,170.67999267578125,168.5800018310547,168.7899932861328,47691700
2024-04-04,AAPL,167.14346313476562,168.82000732421875,171.9199981689453,168.82000732421875,170.2899932861328,53704400
2024-04-05,AAPL,167.8959197998047,169.5800018310547,170.38999938964844,168.9499969482422,169.58999633789062,42104800
2024-04-08,AAPL,166.7771453857422,168.4499969482422,169.1999969482422,168.24000549316406,169.02999877929688,37425500
2024-04-09,AAPL,167.98500061035156,169.6699981689453,170.0800018310547,168.35000610351562,168.6999969482422,42373800
2024-04-10,AAPL,166.11378479003906,167.77999877929688,169.08999633789062,167.11000061035156,168.8000030517578,49709300
2024-04-11,AAPL,173.30169677734375,175.0399932861328,175.4600067138672,168.16000366210938,168.33999633789062,91070300
2024-04-12,AAPL,174.7967071533203,176.5500030517578,178.36000061035156,174.2100067138672,174.25999450683594,101670900
2024-04-15,AAPL,170.9750213623047,172.69000244140625,176.6300048828125,172.5,175.36000061035156,73531800
2024-04-16,AAPL,167.69790649414062,169.3800048828125,173.75999450683594,168.27000427246094,171.75,73711200
2024-04-17,AAPL,166.33160400390625,168.0,170.64999389648438,168.0,169.61000061035156,50901200
2024-04-18,AAPL,165.38113403320312,167.0399932861328,168.63999938964844,166.5500030517578,168.02999877929688,43122900
2024-04-19,AAPL,163.36138916015625,165.0,166.39999389648438,164.0800018310547,166.2100067138672,68149400
2024-04-22,AAPL,164.1930389404297,165.83999633789062,167.25999450683594,164.77000427246094,165.52000427246094,48116400
2024-04-23,AAPL,165.2425079345703,166.89999389648438,167.0500030517578,164.9199981689453,165.35000610351562,49537800
2024-04-24,AAPL,167.34149169921875,169.02000427246094,169.3000030517578,166.2100067138672,166.5399932861328,48251800
2024-04-25,AAPL,168.2028350830078,169.88999938964844,170.61000061035156,168.14999389648438,169.52999877929688,50558300
2024-04-26,AAPL,167.61871337890625,169.3000030517578,171.33999633789062,169.17999267578125,169.8800048828125,44838400
2024-04-29,AAPL,171.7769775390625,173.5,176.02999877929688,173.10000610351562,173.3699951171875,68169400
2024-04-30,AAPL,168.6384735107422,170.3300018310547,174.99000549316406,170.0,173.3300018310547,65934800
2024-05-01,AAPL,167.61871337890625,169.3000030517578,172.7100067138672,169.11000061035156,169.5800018310547,50383100
2024-05-02,AAPL,171.3116455078125,173.02999877929688,173.4199981689453,170.88999938964844,172.50999450683594,94214900
2024-05-03,AAPL,181.55886840820312,183.3800048828125,187.0,182.66000366210938,186.64999389648438,163224100
2024-05-06,AAPL,179.9054412841797,181.7100067138672,184.1999969482422,180.4199981689453,182.35000610351562,78569700
2024-05-07,AAPL,180.58859252929688,182.39999389648438,184.89999389648438,181.32000732421875,183.4499969482422,77305800
2024-05-08,AAPL,180.9252166748047,182.74000549316406,183.07000732421875,181.4499969482422,182.85000610351562,45057100
2024-05-09,AAPL,182.737060546875,184.57000732421875,184.66000366210938,182.11000061035156,182.55999755859375,48983000
2024-05-10,AAPL,181.4779510498047,183.0500030517578,185.08999633789062,182.1300048828125,184.89999389648438,50759500
2024-05-13,AAPL,184.68019104003906,186.27999877929688,187.10000610351562,184.6199951171875,185.44000244140625,72044800
2024-05-14,AAPL,185.82032775878906,187.42999267578125,188.3000030517578,186.2899932861328,187.50999450683594,52393600
2024-05-15,AAPL,188.09068298339844,189.72000122070312,190.64999389648438,187.3699951171875,187.91000366210938,70400000
2024-05-16,AAPL,188.2096405029297,189.83999633789062,191.10000610351562,189.66000366210938,190.47000122070312,52845200
2024-05-17,AAPL,188.23936462402344,189.8699951171875,190.80999755859375,189.17999267578125,189.50999450683594,41282900
2024-05-20,AAPL,189.3993377685547,191.0399932861328,191.9199981689453,189.00999450683594,189.3300018310547,44361300
2024-05-21,AAPL,190.69808959960938,192.35000610351562,192.72999572753906,190.9199981689453,191.08999633789062,42309400
2024-05-22,AAPL,189.26051330566406,190.89999389648438,192.82000732421875,190.27000427246094,192.27000427246094,34648500
2024-05-23,AAPL,185.27505493164062,186.8800048828125,191.0,186.6300048828125,190.97999572753906,51005900
2024-05-24,AAPL,188.3484344482422,189.97999572753906,190.5800018310547,188.0399932861328,188.82000732421875,36327000
2024-05-28,AAPL,188.3583526611328,189.99000549316406,193.0,189.10000610351562,191.50999450683594,52280100
2024-05-29,AAPL,188.65579223632812,190.2899932861328,192.25,189.50999450683594,189.61000061035156,53068000
2024-05-30,AAPL,189.64718627929688,191.2899932861328,192.17999267578125,190.6300048828125,190.75999450683594,49889100
2024-05-31,AAPL,190.5989532470703,192.25,192.57000732421875,189.91000366210938,191.44000244140625,75158300
2024-06-03,AAPL,192.3636474609375,194.02999877929688,194.99000549316406,192.52000427246094,192.89999389648438,50080500
2024-06-04,AAPL,192.680908203125,194.35000610351562,195.32000732421875,193.02999877929688,194.63999938964844,47471400
2024-06-05,AAPL,194.1878662109375,195.8699951171875,196.89999389648438,194.8699951171875,195.39999389648438,54156800
2024-06-06,AAPL,192.80978393554688,194.47999572753906,196.5,194.1699981689453,195.69000244140625,41181800
2024-06-07,AAPL,195.1990966796875,196.88999938964844,196.94000244140625,194.13999938964844,194.64999389648438,53103900
2024-06-10,AAPL,191.4614715576172,193.1199951171875,197.3000030517578,192.14999389648438,196.89999389648438,97010200
2024-06-11,AAPL,205.3709716796875,207.14999389648438,207.16000366210938,193.6300048828125,193.64999389648438,172373300
2024-06-12,AAPL,211.24014282226562,213.07000732421875,220.1999969482422,206.89999389648438,207.3699951171875,198134300
2024-06-13,AAPL,212.40008544921875,214.24000549316406,216.75,211.60000610351562,214.74000549316406,97862700
2024-06-14,AAPL,210.66513061523438,212.49000549316406,215.1699981689453,211.3000030517578,213.85000610351562,70122700
2024-06-17,AAPL,214.8092498779297,216.6699981689453,218.9499969482422,212.72000122070312,213.3699951171875,93728300
2024-06-18,AAPL,212.4496612548828,214.2899932861328,218.6300048828125,213.0,217.58999633789062,79943300
2024-06-20,AAPL,207.8792266845703,209.67999267578125,214.24000549316406,208.85000610351562,213.92999267578125,86172500
2024-06-21,AAPL,205.70806884765625,207.49000549316406,211.88999938964844,207.11000061035156,210.38999938964844,241805100
2024-06-24,AAPL,206.3524627685547,208.13999938964844,212.6999969482422,206.58999633789062,207.72000122070312,80727000
2024-06-25,AAPL,207.27450561523438,209.07000732421875,211.3800048828125,208.61000061035156,209.14999389648438,55549700
2024-06-26,AAPL,211.41859436035156,213.25,214.86000061035156,210.63999938964844,211.5,66213200
2024-06-27,AAPL,212.26129150390625,214.10000610351562,215.74000549316406,212.35000610351562,214.69000244140625,49772700
2024-06-28,AAPL,208.81117248535156,210.6199951171875,216.07000732421875,210.3000030517578,215.77000427246094,82542700
2024-07-01,AAPL,214.8885498046875,216.75,217.50999450683594,211.9199981689453,212.08999633789062,60402900
2024-07-02,AAPL,218.37831115722656,220.27000427246094,220.3800048828125,215.10000610351562,216.14999389648438,58046200
2024-07-03,AAPL,219.64732360839844,221.5500030517578,221.5500030517578,219.02999877929688,220.0,37369800
2024-07-05,AAPL,224.3961639404297,226.33999633789062,226.4499969482422,221.64999389648438,221.64999389648438,60412400
2024-07-08,AAPL,225.8634796142578,227.82000732421875,227.85000610351562,223.25,227.08999633789062,59085900
2024-07-09,AAPL,226.71607971191406,228.67999267578125,229.39999389648438,226.3699951171875,227.92999267578125,48076100
2024-07-10,AAPL,230.97915649414062,232.97999572753906,233.0800018310547,229.25,229.3000030517578,62627700
2024-07-11,AAPL,225.61561584472656,227.57000732421875,232.38999938964844,225.77000427246094,231.38999938964844,64710600
2024-07-12,AAPL,228.56011962890625,230.5399932861328,232.63999938964844,228.67999267578125,228.9199981689453,53046500
2024-07-15,AAPL,232.386962890625,234.39999389648438,237.22999572753906,233.08999633789062,236.47999572753906,62631300
2024-07-16,AAPL,232.80337524414062,234.82000732421875,236.27000427246094,232.3300018310547,235.0,43234300
2024-07-17,AAPL,226.91436767578125,228.8800048828125,231.4600067138672,226.63999938964844,229.4499969482422,57345900
2024-07-18,AAPL,222.25473022460938,224.17999267578125,230.44000244140625,222.27000427246094,230.27999877929688,66034600
2024-07-19,AAPL,222.38360595703125,224.30999755859375,226.8000030517578,223.27999877929688,224.82000732421875,49151500
2024-07-22,AAPL,222.03662109375,223.9600067138672,227.77999877929688,223.08999633789062,227.00999450683594,48201800
2024-07-23,AAPL,223.07760620117188,225.00999450683594,226.94000244140625,222.67999267578125,224.3699951171875,39960300
2024-07-24,AAPL,216.66319274902344,218.5399932861328,224.8000030517578,217.1300048828125,224.0,61777600
2024-07-25,AAPL,215.6221923828125,217.49000549316406,220.85000610351562,214.6199951171875,218.92999267578125,51391200
2024-07-26,AAPL,216.08815002441406,217.9600067138672,219.49000549316406,216.00999450683594,218.6999969482422,41601300
2024-07-29,AAPL,216.36575317382812,218.24000549316406,219.3000030517578,215.75,216.9600067138672,36311800
2024-07-30,AAPL,216.92091369628906,218.8000030517578,220.3300018310547,216.1199951171875,219.19000244140625,41643800
2024-07-31,AAPL,220.1727752685547,222.0800018310547,223.82000732421875,220.6300048828125,221.44000244140625,50036300
2024-08-01,AAPL,216.48472595214844,218.36000061035156,224.47999572753906,217.02000427246094,224.3699951171875,62501000
2024-08-02,AAPL,217.97183227539062,219.86000061035156,225.60000610351562,217.7100067138672,219.14999389648438,105568600
2024-08-05,AAPL,207.47279357910156,209.27000427246094,213.5,196.0,199.08999633789062,119548600
2024-08-06,AAPL,205.45028686523438,207.22999572753906,209.99000549316406,201.07000732421875,205.3000030517578,69660500
2024-08-07,AAPL,208.01806640625,209.82000732421875,213.63999938964844,206.38999938964844,206.89999389648438,63516400
2024-08-08,AAPL,211.47808837890625,213.30999755859375,214.1999969482422,208.8300018310547,213.11000061035156,47161100
2024-08-09,AAPL,214.3829345703125,216.24000549316406,216.77999877929688,211.97000122070312,212.10000610351562,42201600
2024-08-12,AAPL,215.91146850585938,217.52999877929688,219.50999450683594,215.60000610351562,216.07000732421875,38028100
2024-08-13,AAPL,219.62362670898438,221.27000427246094,221.88999938964844,219.00999450683594,219.00999450683594,44155300
2024-08-14,AAPL,220.07029724121094,221.72000122070312,223.02999877929688,219.6999969482422,220.57000732421875,41960600
2024-08-15,AAPL,223.0479736328125,224.72000122070312,225.35000610351562,222.75999450683594,224.60000610351562,46414000
2024-08-16,AAPL,224.3680877685547,226.0500030517578,226.8300018310547,223.64999389648438,223.9199981689453,44340200
2024-08-19,AAPL,224.20925903320312,225.88999938964844,225.99000549316406,223.0399932861328,225.72000122070312,40687800
2024-08-20,AAPL,224.8246307373047,226.50999450683594,227.1699981689453,225.4499969482422,225.77000427246094,30299000
2024-08-21,AAPL,224.7154541015625,226.39999389648438,227.97999572753906,225.0500030517578,226.52000427246094,34765500
2024-08-22,AAPL,222.85939025878906,224.52999877929688,228.33999633789062,223.89999389648438,227.7899932861328,43695300
2024-08-23,AAPL,225.15219116210938,226.83999633789062,228.22000122070312,224.3300018310547,225.66000366210938,38677300
2024-08-26,AAPL,225.4896697998047,227.17999267578125,227.27999877929688,223.88999938964844,226.75999450683594,30602200
2024-08-27,AAPL,226.3333282470703,228.02999877929688,228.85000610351562,224.88999938964844,226.0,35934600
2024-08-28,AAPL,224.8048095703125,226.49000549316406,229.86000061035156,225.67999267578125,227.9199981689453,38052200
2024-08-29,AAPL,228.0802459716797,229.7899932861328,232.9199981689453,228.8800048828125,230.10000610351562,51906300
2024-08-30,AAPL,227.29612731933594,229.0,230.39999389648438,227.47999572753906,230.19000244140625,52990800
2024-09-03,AAPL,221.11248779296875,222.77000427246094,229.0,221.1699981689453,228.5500030517578,50190600
2024-09-04,AAPL,219.20675659179688,220.85000610351562,221.77999877929688,217.47999572753906,221.66000366210938,43840200
2024-09-05,AAPL,220.7253875732422,222.3800048828125,225.47999572753906,221.52000427246094,221.6300048828125,36615400
2024-09-06,AAPL,219.17698669433594,220.82000732421875,225.24000549316406,219.77000427246094,223.9499969482422,48423000
2024-09-09,AAPL,219.26632690429688,220.91000366210938,221.27000427246094,216.7100067138672,220.82000732421875,67180000
2024-09-10,AAPL,218.47225952148438,220.11000061035156,221.47999572753906,216.72999572753906,218.9199981689453,51591000
2024-09-11,AAPL,221.00331115722656,222.66000366210938,223.08999633789062,217.88999938964844,221.4600067138672,44587100
2024-09-12,AAPL,221.11248779296875,222.77000427246094,223.5500030517578,219.82000732421875,222.5,37455600
2024-09-13,AAPL,220.844482421875,222.5,224.0399932861328,221.91000366210938,223.5800018310547,36766600
2024-09-16,AAPL,214.7104949951172,216.32000732421875,217.22000122070312,213.9199981689453,216.5399932861328,59357400
2024-09-17,AAPL,215.17697143554688,216.7899932861328,216.89999389648438,214.5,215.75,45519300
2024-09-18,AAPL,219.04795837402344,220.69000244140625,222.7100067138672,217.5399932861328,217.5500030517578,59894900
2024-09-19,AAPL,227.16708374023438,228.8699951171875,229.82000732421875,224.6300048828125,224.99000549316406,66781300
2024-09-20,AAPL,226.50204467773438,228.1999969482422,233.08999633789062,227.6199951171875,229.97000122070312,318679900
2024-09-23,AAPL,224.7849578857422,226.47000122070312,229.4499969482422,225.80999755859375,227.33999633789062,54146000
2024-09-24,AAPL,225.6782684326172,227.3699951171875,229.35000610351562,225.72999572753906,228.64999389648438,43556100
2024-09-25,AAPL,224.68568420410156,226.3699951171875,227.2899932861328,224.02000427246094,224.92999267578125,42308700
2024-09-26,AAPL,225.8271484375,227.52000427246094,228.5,225.41000366210938,227.3000030517578,36636700
2024-09-27,AAPL,226.09512329101562,227.7899932861328,229.52000427246094,227.3000030517578,228.4600067138672,34026000
2024-09-30,AAPL,231.266357421875,233.0,233.0,229.64999389648438,230.0399932861328,54541900
2024-10-01,AAPL,224.52691650390625,226.2100067138672,229.64999389648438,223.74000549316406,229.52000427246094,63285000
2024-10-02,AAPL,225.09263610839844,226.77999877929688,227.3699951171875,223.02000427246094,225.88999938964844,32880600
2024-10-03,AAPL,223.99087524414062,225.6699981689453,226.80999755859375,223.32000732421875,225.13999938964844,34044200
2024-10-04,AAPL,225.11248779296875,226.8000030517578,228.0,224.1300048828125,227.89999389648438,37245100
2024-10-07,AAPL,220.04051208496094,221.69000244140625,225.69000244140625,221.3300018310547,224.5,39505400
2024-10-08,AAPL,224.09014892578125,225.77000427246094,225.97999572753906,223.25,224.3000030517578,31855700
2024-10-09,AAPL,227.8321075439453,229.5399932861328,229.75,224.8300018310547,225.22999572753906,33591100
2024-10-10,AAPL,227.33583068847656,229.0399932861328,229.5,227.1699981689453,227.77999877929688,28183500
2024-10-11,AAPL,225.85691833496094,227.5500030517578,229.41000366210938,227.33999633789062,229.3000030517578,31759200
2024-10-14,AAPL,229.57901000976562,231.3000030517578,231.72999572753906,228.60000610351562,228.6999969482422,39882100
2024-10-15,AAPL,232.1100311279297,233.85000610351562,237.49000549316406,232.3699951171875,233.61000061035156,64751400
2024-10-16,AAPL,230.05543518066406,231.77999877929688,232.1199951171875,229.83999633789062,231.60000610351562,34082200
2024-10-17,AAPL,230.42266845703125,232.14999389648438,233.85000610351562,230.52000427246094,233.42999267578125,32993800
2024-10-18,AAPL,233.25144958496094,235.0,236.17999267578125,234.00999450683594,236.17999267578125,46431500
2024-10-21,AAPL,234.720458984375,236.47999572753906,236.85000610351562,234.4499969482422,234.4499969482422,36254500
2024-10-22,AAPL,234.1051025390625,235.86000061035156,236.22000122070312,232.60000610351562,233.88999938964844,38846600
2024-10-23,AAPL,229.0430145263672,230.75999450683594,235.13999938964844,227.75999450683594,234.0800018310547,52287000
2024-10-24,AAPL,228.85447692871094,230.57000732421875,230.82000732421875,228.41000366210938,229.97999572753906,31109500
2024-10-25,AAPL,229.6881866455078,231.41000366210938,233.22000122070312,229.57000732421875,229.74000549316406,38802300
2024-10-28,AAPL,231.66339111328125,233.39999389648438,234.72999572753906,232.5500030517578,233.32000732421875,36087100
2024-10-29,AAPL,231.93138122558594,233.6699981689453,234.3300018310547,232.32000732421875,233.10000610351562,35417200
2024-10-30,AAPL,228.387939453125,230.10000610351562,233.47000122070312,229.5500030517578,232.61000061035156,47070900
2024-10-31,AAPL,224.2291259765625,225.91000366210938,229.8300018310547,225.3699951171875,229.33999633789062,64370100
2024-11-01,AAPL,221.25144958496094,222.91000366210938,225.35000610351562,220.27000427246094,220.97000122070312,65276700
2024-11-04,AAPL,220.35812377929688,222.00999450683594,222.7899932861328,219.7100067138672,220.99000549316406,44944500
2024-11-05,AAPL,221.7873992919922,223.4499969482422,223.9499969482422,221.13999938964844,221.8000030517578,28111300
2024-11-06,AAPL,221.06285095214844,222.72000122070312,226.07000732421875,221.19000244140625,222.61000061035156,54561100
2024-11-07,AAPL,225.7874298095703,227.47999572753906,227.8800048828125,224.57000732421875,224.6300048828125,42137700
2024-11-08,AAPL,225.51914978027344,226.9600067138672,228.66000366210938,226.41000366210938,227.1699981689453,38328800
2024-11-11,AAPL,222.8064727783203,224.22999572753906,225.6999969482422,221.5,225.0,42005600
2024-11-12,AAPL,222.8064727783203,224.22999572753906,225.58999633789062,223.36000061035156,224.5500030517578,40398300
2024-11-13,AAPL,223.69082641601562,225.1199951171875,226.64999389648438,222.75999450683594,224.00999450683594,48566200
2024-11-14,AAPL,226.77114868164062,228.22000122070312,228.8699951171875,225.0,225.02000427246094,44923900
2024-11-15,AAPL,223.5716094970703,225.0,226.9199981689453,224.27000427246094,226.39999389648438,47923700
2024-11-18,AAPL,226.57241821289062,228.02000427246094,229.74000549316406,225.1699981689453,225.25,44633700
2024-11-19,AAPL,226.83074951171875,228.27999877929688,230.16000366210938,226.66000366210938,226.97999572753906,36211800
2024-11-20,AAPL,227.54620361328125,229.0,229.92999267578125,225.88999938964844,228.05999755859375,35169600
2024-11-21,AAPL,227.06924438476562,228.52000427246094,230.16000366210938,225.7100067138672,228.8800048828125,42108300
2024-11-22,AAPL,228.41067504882812,229.8699951171875,230.72000122070312,228.05999755859375,228.05999755859375,38168300
2024-11-25,AAPL,231.3916473388672,232.8699951171875,233.25,229.74000549316406,231.4600067138672,90152800
2024-11-26,AAPL,233.56773376464844,235.05999755859375,235.57000732421875,233.3300018310547,233.3300018310547,45986200
2024-11-27,AAPL,233.43853759765625,234.92999267578125,235.69000244140625,233.80999755859375,234.47000122070312,33498400
2024-11-29,AAPL,235.8233184814453,237.3300018310547,237.80999755859375,233.97000122070312,234.80999755859375,28481400
2024-12-02,AAPL,238.06895446777344,239.58999633789062,240.7899932861328,237.16000366210938,237.27000427246094,48137100
2024-12-03,AAPL,241.1095428466797,242.64999389648438,242.75999450683594,238.89999389648438,239.80999755859375,38861000
2024-12-04,AAPL,241.4672393798828,243.00999450683594,244.11000061035156,241.25,242.8699951171875,44383900
2024-12-05,AAPL,241.4970703125,243.0399932861328,244.5399932861328,242.1300048828125,243.99000549316406,40033900
2024-12-06,AAPL,241.29832458496094,242.83999633789062,244.6300048828125,242.0800018310547,242.91000366210938,36870600
2024-12-09,AAPL,245.18350219726562,246.75,247.24000549316406,241.75,241.8300018310547,44649200
2024-12-10,AAPL,246.19705200195312,247.77000427246094,248.2100067138672,245.33999633789062,246.88999938964844,36914800
2024-12-11,AAPL,244.92515563964844,246.49000549316406,250.8000030517578,246.25999450683594,247.9600067138672,45205800
2024-12-12,AAPL,246.3858184814453,247.9600067138672,248.74000549316406,245.67999267578125,246.88999938964844,32777500
2024-12-13,AAPL,246.55474853515625,248.1300048828125,249.2899932861328,246.24000549316406,247.82000732421875,33155300
2024-12-16,AAPL,249.44625854492188,251.0399932861328,251.3800048828125,247.64999389648438,247.99000549316406,51694800
2024-12-17,AAPL,251.87078857421875,253.47999572753906,253.8300018310547,249.77999877929688,250.0800018310547,51356400
2024-12-18,AAPL,246.47528076171875,248.0500030517578,254.27999877929688,247.74000549316406,252.16000366210938,56774100
2024-12-19,AAPL,248.20419311523438,249.7899932861328,252.0,247.08999633789062,247.5,60882300
2024-12-20,AAPL,252.87437438964844,254.49000549316406,255.0,245.69000244140625,248.0399932861328,147495300
2024-12-23,AAPL,253.6494140625,255.27000427246094,255.64999389648438,253.4499969482422,254.77000427246094,40858800
2024-12-24,AAPL,256.5608215332031,258.20001220703125,258.2099914550781,255.2899932861328,255.49000549316406,23234700
2024-12-26,AAPL,257.3756103515625,259.0199890136719,260.1000061035156,257.6300048828125,258.19000244140625,27237100
2024-12-27,AAPL,253.96737670898438,255.58999633789062,258.70001220703125,253.05999755859375,257.8299865722656,42355300
2024-12-30,AAPL,250.59889221191406,252.1999969482422,253.5,250.75,252.22999572753906,35557500
2024-12-31,AAPL,248.83021545410156,250.4199981689453,253.27999877929688,249.42999267578125,252.44000244140625,39480700
2025-01-02,AAPL,242.3019256591797,243.85000610351562,249.10000610351562,241.82000732421875,248.92999267578125,55740700
2025-01-03,AAPL,241.8150177001953,243.36000061035156,244.17999267578125,241.88999938964844,243.36000061035156,40244100
2025-01-06,AAPL,243.44461059570312,245.0,247.3300018310547,243.1999969482422,244.30999755859375,45045600
2025-01-07,AAPL,240.67233276367188,242.2100067138672,245.5500030517578,241.35000610351562,242.97999572753906,40856000
2025-01-08,AAPL,241.1592254638672,242.6999969482422,243.7100067138672,240.0500030517578,241.9199981689453,37628900
2025-01-10,AAPL,235.34634399414062,236.85000610351562,240.16000366210938,233.0,240.00999450683594,61710900
2025-01-13,AAPL,232.9119110107422,234.39999389648438,234.6699981689453,229.72000122070312,233.52999877929688,49630700
2025-01-14,AAPL,231.79901123046875,233.27999877929688,236.1199951171875,232.47000122070312,234.75,39435300
2025-01-15,AAPL,236.35989379882812,237.8699951171875,238.9600067138672,234.42999267578125,234.63999938964844,39832000
2025-01-16,AAPL,226.81088256835938,228.25999450683594,238.00999450683594,228.02999877929688,237.35000610351562,71759100
2025-01-17,AAPL,228.51995849609375,229.97999572753906,232.2899932861328,228.47999572753906,232.1199951171875,68488300
2025-01-21,AAPL,221.22657775878906,222.63999938964844,224.4199981689453,219.3800048828125,224.0,98070400
2025-01-22,AAPL,222.4090118408203,223.8300018310547,224.1199951171875,219.7899932861328,219.7899932861328,64126500
2025-01-23,AAPL,222.2401123046875,223.66000366210938,227.02999877929688,222.3000030517578,224.74000549316406,60234800
2025-01-24,AAPL,221.3656768798828,222.77999877929688,225.6300048828125,221.41000366210938,224.77999877929688,54697900
2025-01-27,AAPL,228.40074157714844,229.86000061035156,232.14999389648438,223.97999572753906,224.02000427246094,94863400
2025-01-28,AAPL,236.7473907470703,238.25999450683594,240.19000244140625,230.80999755859375,230.85000610351562,75707600
2025-01-29,AAPL,237.8404083251953,239.36000061035156,239.86000061035156,234.00999450683594,234.1199951171875,45486100
2025-01-30,AAPL,236.08163452148438,237.58999633789062,240.7899932861328,237.2100067138672,238.6699981689453,55658300
2025-01-31,AAPL,234.50173950195312,236.0,247.19000244140625,233.44000244140625,247.19000244140625,100959800
2025-02-03,AAPL,226.56246948242188,228.00999450683594,231.8300018310547,225.6999969482422,229.99000549316406,73063300
2025-02-04,AAPL,231.32208251953125,232.8000030517578,233.1300048828125,226.64999389648438,227.25,45067300
2025-02-05,AAPL,230.99417114257812,232.47000122070312,232.6699981689453,228.27000427246094,228.52999877929688,39620300
2025-02-06,AAPL,231.73941040039062,233.22000122070312,233.8000030517578,230.42999267578125,231.2899932861328,29925300
2025-02-07,AAPL,226.18490600585938,227.6300048828125,234.0,227.25999450683594,232.60000610351562,39707200
2025-02-10,AAPL,226.45346069335938,227.64999389648438,230.58999633789062,227.1999969482422,229.57000732421875,33115600
2025-02-11,AAPL,231.3973388671875,232.6199951171875,235.22999572753906,228.1300048828125,228.1999969482422,53718400
2025-02-12,AAPL,235.62501525878906,236.8699951171875,236.9600067138672,230.67999267578125,231.1999969482422,45243300
2025-02-13,AAPL,240.26051330566406,241.52999877929688,242.33999633789062,235.57000732421875,236.91000366210938,53614100
2025-02-14,AAPL,243.3144073486328,244.60000610351562,245.5500030517578,240.99000549316406,241.25,40896200
2025-02-18,AAPL,243.18507385253906,244.47000122070312,245.17999267578125,241.83999633789062,244.14999389648438,48822500
2025-02-19,AAPL,243.5829620361328,244.8699951171875,246.00999450683594,243.16000366210938,244.66000366210938,32204200
2025-02-20,AAPL,244.53790283203125,245.8300018310547,246.77999877929688,244.2899932861328,244.94000244140625,32316900
2025-02-21,AAPL,244.25938415527344,245.5500030517578,248.69000244140625,245.22000122070312,245.9499969482422,53197400
2025-02-24,AAPL,245.80125427246094,247.10000610351562,248.86000061035156,244.4199981689453,244.92999267578125,51326400
2025-02-25,AAPL,245.74156188964844,247.0399932861328,250.0,244.91000366210938,248.0,48013300
2025-02-26,AAPL,239.09666442871094,240.36000061035156,244.97999572753906,239.1300048828125,244.3300018310547,44433600
2025-02-27,AAPL,236.05276489257812,237.3000030517578,242.4600067138672,237.05999755859375,239.41000366210938,41153600
2025-02-28,AAPL,240.56887817382812,241.83999633789062,242.08999633789062,230.1999969482422,236.9499969482422,56833400
2025-03-03,AAPL,236.77891540527344,238.02999877929688,244.02999877929688,236.11000061035156,241.7899932861328,47184000
2025-03-04,AAPL,234.68994140625,235.92999267578125,240.07000732421875,234.67999267578125,237.7100067138672,53798100
2025-03-05,AAPL,234.50094604492188,235.74000549316406,236.5500030517578,229.22999572753906,235.4199981689453,47227600
2025-03-06,AAPL,234.09312438964844,235.3300018310547,237.86000061035156,233.16000366210938,234.44000244140625,45170400
2025-03-07,AAPL,237.8134765625,239.07000732421875,241.3699951171875,234.75999450683594,235.11000061035156,46273600
2025-03-10,AAPL,226.28436279296875,227.47999572753906,236.16000366210938,224.22000122070312,235.5399932861328,72071200
2025-03-11,AAPL,219.6792755126953,220.83999633789062,225.83999633789062,217.4499969482422,223.80999755859375,76137400
2025-03-12,AAPL,215.83956909179688,216.97999572753906,221.75,214.91000366210938,220.13999938964844,62547500
2025-03-13,AAPL,208.57791137695312,209.67999267578125,216.83999633789062,208.4199981689453,215.9499969482422,61368300
2025-03-14,AAPL,212.36788940429688,213.49000549316406,213.9499969482422,209.5800018310547,211.25,60107600
2025-03-17,AAPL,212.87522888183594,214.0,215.22000122070312,209.97000122070312,213.30999755859375,48073400
2025-03-18,AAPL,211.5720977783203,212.69000244140625,215.14999389648438,211.49000549316406,214.16000366210938,42432400
2025-03-19,AAPL,214.10870361328125,215.24000549316406,218.75999450683594,213.75,214.22000122070312,54385400
2025-03-20,AAPL,212.97470092773438,214.10000610351562,217.49000549316406,212.22000122070312,213.99000549316406,48862900
2025-03-21,AAPL,217.12277221679688,218.27000427246094,218.83999633789062,211.27999877929688,211.55999755859375,94127800
2025-03-24,AAPL,219.56985473632812,220.72999572753906,221.47999572753906,218.5800018310547,221.0,44299500
2025-03-25,AAPL,222.573974609375,223.75,224.10000610351562,220.0800018310547,220.77000427246094,34493600
2025-03-26,AAPL,220.3656463623047,221.52999877929688,225.02000427246094,220.47000122070312,223.50999450683594,34466100
2025-03-27,AAPL,222.6734619140625,223.85000610351562,224.99000549316406,220.55999755859375,221.38999938964844,37094800
2025-03-28,AAPL,216.7547149658203,217.89999389648438,223.80999755859375,217.67999267578125,221.6699981689453,39818600
2025-03-31,AAPL,220.9624786376953,222.1300048828125,225.6199951171875,216.22999572753906,217.00999450683594,65299300
2025-04-01,AAPL,222.0169219970703,223.19000244140625,223.67999267578125,218.89999389648438,219.80999755859375,36412700
2025-04-02,AAPL,222.71324157714844,223.88999938964844,225.19000244140625,221.02000427246094,221.32000732421875,35905900
2025-04-03,AAPL,202.12203979492188,203.19000244140625,207.49000549316406,201.25,205.5399932861328,103419000
2025-04-04,AAPL,187.38987731933594,188.3800048828125,199.8800048828125,187.33999633789062,193.88999938964844,125910900
2025-04-07,AAPL,180.50625610351562,181.4600067138672,194.14999389648438,174.6199951171875,177.1999969482422,160466300
2025-04-08,AAPL,171.51377868652344,172.4199981689453,190.33999633789062,169.2100067138672,186.6999969482422,120859500
2025-04-09,AAPL,197.8048553466797,198.85000610351562,200.61000061035156,171.88999938964844,171.9499969482422,184395900
2025-04-10,AAPL,189.4191436767578,190.4199981689453,194.77999877929688,183.0,189.07000732421875,121880000
2025-04-11,AAPL,197.10853576660156,198.14999389648438,199.5399932861328,186.05999755859375,186.10000610351562,87435900
2025-04-14,AAPL,201.45555114746094,202.52000427246094,212.94000244140625,201.16000366210938,211.44000244140625,101352900
2025-04-15,AAPL,201.0775604248047,202.13999938964844,203.50999450683594,199.8000030517578,201.86000061035156,51343900
2025-04-16,AAPL,193.24891662597656,194.27000427246094,200.6999969482422,192.3699951171875,198.36000061035156,59732400
2025-04-17,AAPL,195.94467163085938,196.97999572753906,198.8300018310547,194.4199981689453,197.1999969482422,52164700
2025-04-21,AAPL,192.14474487304688,193.16000366210938,193.8000030517578,189.80999755859375,193.27000427246094,46742500
2025-04-22,AAPL,198.69017028808594,199.74000549316406,201.58999633789062,195.97000122070312,196.1199951171875,52976400
2025-04-23,AAPL,203.52462768554688,204.60000610351562,208.0,202.8000030517578,206.0,52929200
2025-04-24,AAPL,207.27479553222656,208.3699951171875,208.8300018310547,202.94000244140625,204.88999938964844,47311000
2025-04-25,AAPL,208.18002319335938,209.27999877929688,209.75,206.1999969482422,206.3699951171875,38222300
2025-04-28,AAPL,209.03550720214844,210.13999938964844,211.5,207.4600067138672,210.0,38743100
2025-04-29,AAPL,210.0998992919922,211.2100067138672,212.24000549316406,208.3699951171875,208.69000244140625,36827600
2025-04-30,AAPL,211.3831024169922,212.5,213.5800018310547,206.6699981689453,209.3000030517578,52286500
2025-05-01,AAPL,212.1988067626953,213.32000732421875,214.55999755859375,208.89999389648438,209.0800018310547,57365700
2025-05-02,AAPL,204.27069091796875,205.35000610351562,206.99000549316406,202.16000366210938,206.08999633789062,101010600
2025-05-05,AAPL,197.84463500976562,198.88999938964844,204.10000610351562,198.2100067138672,203.10000610351562,69018500
2025-05-06,AAPL,197.4666290283203,198.50999450683594,200.64999389648438,197.02000427246094,198.2100067138672,51216500
2025-05-07,AAPL,195.21852111816406,196.25,199.44000244140625,193.25,199.1699981689453,68536700
2025-05-08,AAPL,196.45199584960938,197.49000549316406,200.0500030517578,194.67999267578125,197.72000122070312,50478900
2025-05-09,AAPL,197.48654174804688,198.52999877929688,200.5399932861328,197.5399932861328,199.0,36453900
2025-05-12,AAPL,209.95704650878906,210.7899932861328,211.27000427246094,206.75,210.97000122070312,63775800
2025-05-13,AAPL,212.08859252929688,212.92999267578125,213.39999389648438,209.0,210.42999267578125,51909300
2025-05-14,AAPL,211.490966796875,212.3300018310547,213.94000244140625,210.5800018310547,212.42999267578125,49325800
2025-05-15,AAPL,210.6144561767578,211.4499969482422,212.9600067138672,209.5399932861328,210.9499969482422,45029500
2025-05-16,AAPL,210.4252166748047,211.25999450683594,212.57000732421875,209.77000427246094,212.36000061035156,54737900
2025-05-19,AAPL,207.9550018310547,208.77999877929688,209.47999572753906,204.25999450683594,207.91000366210938,46140500
2025-05-20,AAPL,206.04258728027344,206.86000061035156,208.47000122070312,205.02999877929688,207.6699981689453,42496600
2025-05-21,AAPL,201.29144287109375,202.08999633789062,207.0399932861328,200.7100067138672,205.1699981689453,59211800
2025-05-22,AAPL,200.5643310546875,201.36000061035156,202.75,199.6999969482422,200.7100067138672,46742400
2025-05-23,AAPL,194.4983673095703,195.27000427246094,197.6999969482422,193.4600067138672,193.6699981689453,78432900
2025-05-27,AAPL,199.4188690185547,200.2100067138672,200.74000549316406,197.42999267578125,198.3000030517578,56288500
2025-05-28,AAPL,199.62803649902344,200.4199981689453,202.72999572753906,199.89999389648438,200.58999633789062,45339700
2025-05-29,AAPL,199.15988159179688,199.9499969482422,203.80999755859375,198.50999450683594,203.5800018310547,51396800
2025-05-30,AAPL,200.0563507080078,200.85000610351562,201.9600067138672,196.77999877929688,199.3699951171875,70819900
2025-06-02,AAPL,200.90298461914062,201.6999969482422,202.1300048828125,200.1199951171875,200.27999877929688,35423300
2025-06-03,AAPL,202.46678161621094,203.27000427246094,203.77000427246094,200.9600067138672,201.35000610351562,46381600
2025-06-04,AAPL,202.0185546875,202.82000732421875,206.24000549316406,202.10000610351562,202.91000366210938,43604000
2025-06-05,AAPL,199.8372039794922,200.6300048828125,204.75,200.14999389648438,203.5,55126100
2025-06-06,AAPL,203.11419677734375,203.9199981689453,205.6999969482422,202.0500030517578,203.0,46607700
2025-06-09,AAPL,200.65396118164062,201.4499969482422,206.0,200.02000427246094,204.38999938964844,72862600
2025-06-10,AAPL,201.869140625,202.6699981689453,204.35000610351562,200.57000732421875,200.60000610351562,54672600
2025-06-11,AAPL,197.9945068359375,198.77999877929688,204.5,198.41000366210938,203.5,60989900
2025-06-12,AAPL,198.41285705566406,199.1999969482422,199.67999267578125,197.36000061035156,199.0800018310547,43904600
2025-06-13,AAPL,195.67372131347656,196.4499969482422,200.3699951171875,195.6999969482422,199.72999572753906,51447300
2025-06-16,AAPL,197.6359405517578,198.4199981689453,198.69000244140625,196.55999755859375,197.3000030517578,43020700
2025-06-17,AAPL,194.86692810058594,195.63999938964844,198.38999938964844,195.2100067138672,197.1999969482422,38856200
2025-06-18,AAPL,195.80319213867188,196.5800018310547,197.57000732421875,195.07000732421875,195.94000244140625,45394700
2025-06-20,AAPL,200.2057647705078,201.0,201.6999969482422,196.86000061035156,198.24000549316406,96813500
2025-06-23,AAPL,200.70376586914062,201.5,202.3000030517578,198.9600067138672,201.6300048828125,55814300
2025-06-24,AAPL,199.5084991455078,200.3000030517578,203.44000244140625,200.1999969482422,202.58999633789062,54064000
2025-06-25,AAPL,200.76351928710938,201.55999755859375,203.6699981689453,200.6199951171875,201.4499969482422,39525700
2025-06-26,AAPL,200.2057647705078,201.0,202.63999938964844,199.4600067138672,201.42999267578125,50799100
2025-06-27,AAPL,200.2854461669922,201.0800018310547,203.22000122070312,200.0,201.88999938964844,73188600
2025-06-30,AAPL,204.3592529296875,205.1699981689453,207.38999938964844,199.25999450683594,202.00999450683594,91912800
2025-07-01,AAPL,206.99879455566406,207.82000732421875,210.19000244140625,206.13999938964844,206.6699981689453,78788900
2025-07-02,AAPL,211.6005401611328,212.44000244140625,213.33999633789062,208.13999938964844,208.91000366210938,67941800
2025-07-03,AAPL,212.70614624023438,213.5500030517578,214.64999389648438,211.80999755859375,212.14999389648438,34955800
2025-07-07,AAPL,209.12037658691406,209.9499969482422,216.22999572753906,208.8000030517578,212.67999267578125,50229000
2025-07-08,AAPL,209.1801300048828,210.00999450683594,211.42999267578125,208.4499969482422,210.10000610351562,42848900
2025-07-09,AAPL,210.30567932128906,211.13999938964844,211.3300018310547,207.22000122070312,209.52999877929688,48749400
2025-07-10,AAPL,211.57064819335938,212.41000366210938,213.47999572753906,210.02999877929688,210.50999450683594,44443600
2025-07-11,AAPL,210.3256072998047,211.16000366210938,212.1300048828125,209.86000061035156,210.57000732421875,39765800
2025-07-14,AAPL,207.7956085205078,208.6199951171875,210.91000366210938,207.5399932861328,209.92999267578125,38840100
2025-07-15,AAPL,208.28369140625,209.11000061035156,211.88999938964844,208.9199981689453,209.22000122070312,42296300
2025-07-16,AAPL,209.3295440673828,210.16000366210938,212.39999389648438,208.63999938964844,210.3000030517578,47490500
2025-07-17,AAPL,209.19009399414062,210.02000427246094,211.8000030517578,209.58999633789062,210.57000732421875,48068100
2025-07-18,AAPL,210.3455047607422,211.17999267578125,211.7899932861328,209.6999969482422,210.8699951171875,48974600
2025-07-21,AAPL,211.64036560058594,212.47999572753906,215.77999877929688,211.6300048828125,212.10000610351562,51377400
2025-07-22,AAPL,213.5527801513672,214.39999389648438,214.9499969482422,212.22999572753906,213.13999938964844,46404100
2025-07-23,AAPL,213.30377197265625,214.14999389648438,215.14999389648438,212.41000366210938,215.0,46989300
2025-07-24,AAPL,212.91531372070312,213.75999450683594,215.69000244140625,213.52999877929688,213.89999389648438,46022600
2025-07-25,AAPL,213.0348358154297,213.8800048828125,215.24000549316406,213.39999389648438,214.6999969482422,40268800
2025-07-28,AAPL,213.20419311523438,214.0500030517578,214.85000610351562,213.05999755859375,214.02999877929688,37858000
2025-07-29,AAPL,210.43516540527344,211.27000427246094,214.80999755859375,210.82000732421875,214.17999267578125,51411700
2025-07-30,AAPL,208.22393798828125,209.0500030517578,212.38999938964844,207.72000122070312,211.89999389648438,45512500
2025-07-31,AAPL,206.74977111816406,207.57000732421875,209.83999633789062,207.16000366210938,208.49000549316406,80698400
2025-08-01,AAPL,201.58029174804688,202.3800048828125,213.5800018310547,201.5,210.8699951171875,104434500
2025-08-04,AAPL,202.5464630126953,203.35000610351562,207.8800048828125,201.67999267578125,204.50999450683594,75109300
2025-08-05,AAPL,202.11814880371094,202.9199981689453,205.33999633789062,202.16000366210938,203.39999389648438,44155100
2025-08-06,AAPL,212.40733337402344,213.25,215.3800048828125,205.58999633789062,205.6300048828125,108483100
2025-08-07,AAPL,219.16053771972656,220.02999877929688,220.85000610351562,216.5800018310547,218.8800048828125,90224800
2025-08-08,AAPL,228.44371032714844,229.35000610351562,231.0,219.25,220.8300018310547,113854000
2025-08-11,AAPL,226.53909301757812,227.17999267578125,229.55999755859375,224.75999450683594,227.9199981689453,61806100
2025-08-12,AAPL,229.0021209716797,229.64999389648438,230.8000030517578,227.07000732421875,228.00999450683594,55626200
2025-08-13,AAPL,232.6717529296875,233.3300018310547,235.0,230.42999267578125,231.07000732421875,69878500
2025-08-14,AAPL,232.123291015625,232.77999877929688,235.1199951171875,230.85000610351562,234.05999755859375,51916300
2025-08-15,AAPL,230.9366455078125,231.58999633789062,234.27999877929688,229.33999633789062,234.0,56038700
2025-08-18,AAPL,230.23863220214844,230.88999938964844,233.1199951171875,230.11000061035156,231.6999969482422,37476200
2025-08-19,AAPL,229.90956115722656,230.55999755859375,232.8699951171875,229.35000610351562,231.27999877929688,39402600
2025-08-20,AAPL,225.3723907470703,226.00999450683594,230.47000122070312,225.77000427246094,229.97999572753906,42263900
2025-08-21,AAPL,224.26553344726562,224.89999389648438,226.52000427246094,223.77999877929688,226.27000427246094,30621200
2025-08-22,AAPL,227.11746215820312,227.75999450683594,229.08999633789062,225.41000366210938,226.1699981689453,42477800
2025-08-25,AAPL,226.51914978027344,227.16000366210938,229.3000030517578,226.22999572753906,226.47999572753906,30983100
2025-08-26,AAPL,228.6630859375,229.30999755859375,229.49000549316406,224.69000244140625,226.8699951171875,54575100
2025-08-27,AAPL,229.8397674560547,230.49000549316406,230.89999389648438,228.25999450683594,228.61000061035156,31259500
2025-08-28,AAPL,231.9039306640625,232.55999755859375,233.41000366210938,229.33999633789062,230.82000732421875,38074700
2025-08-29,AAPL,231.485107421875,232.13999938964844,233.3800048828125,231.3699951171875,232.50999450683594,39418400
2025-09-02,AAPL,229.0719451904297,229.72000122070312,230.85000610351562,226.97000122070312,229.25,44075600
2025-09-03,AAPL,237.79725646972656,238.47000122070312,238.85000610351562,234.36000061035156,237.2100067138672,66427800
2025-09-04,AAPL,239.10354614257812,239.77999877929688,239.89999389648438,236.74000549316406,238.4499969482422,47549400
2025-09-05,AAPL,239.0137939453125,239.69000244140625,241.32000732421875,238.49000549316406,240.0,54870400
2025-09-08,AAPL,237.2089080810547,237.8800048828125,240.14999389648438,236.33999633789062,239.3000030517578,48999500
2025-09-09,AAPL,233.68887329101562,234.35000610351562,238.77999877929688,233.36000061035156,237.0,66313900
2025-09-10,AAPL,226.1501922607422,226.7899932861328,232.4199981689453,225.9499969482422,232.19000244140625,83440800
2025-09-11,AAPL,229.3810577392578,230.02999877929688,230.4499969482422,226.64999389648438,226.8800048828125,50208600
2025-09-12,AAPL,233.40966796875,234.07000732421875,234.50999450683594,229.02000427246094,229.22000122070312,55824200
2025-09-15,AAPL,236.0322265625,236.6999969482422,238.19000244140625,235.02999877929688,237.0,42699500
2025-09-16,AAPL,237.4781494140625,238.14999389648438,241.22000122070312,236.32000732421875,237.17999267578125,63421100
2025-09-17,AAPL,238.3157958984375,238.99000549316406,240.10000610351562,237.72999572753906,238.97000122070312,46508000
2025-09-18,AAPL,237.2089080810547,237.8800048828125,241.1999969482422,236.64999389648438,239.97000122070312,44249600
2025-09-19,AAPL,244.8074188232422,245.5,246.3000030517578,240.2100067138672,241.22999572753906,163741300
2025-09-22,AAPL,255.35755920410156,256.0799865722656,256.6400146484375,248.1199951171875,248.3000030517578,105517400
2025-09-23,AAPL,253.71221923828125,254.42999267578125,257.3399963378906,253.5800018310547,255.8800048828125,60275200
2025-09-24,AAPL,251.59820556640625,252.30999755859375,255.74000549316406,251.0399932861328,255.22000122070312,42303700
2025-09-25,AAPL,256.14532470703125,256.8699951171875,257.1700134277344,251.7100067138672,253.2100067138672,55202100
2025-09-26,AAPL,254.73931884765625,255.4600067138672,257.6000061035156,253.77999877929688,254.10000610351562,46076300
2025-09-29,AAPL,253.71221923828125,254.42999267578125,255.0,253.00999450683594,254.55999755859375,40127700
2025-09-30,AAPL,253.9116668701172,254.6300048828125,255.9199981689453,253.11000061035156,254.86000061035156,37704300
2025-10-01,AAPL,254.72933959960938,255.4499969482422,258.7900085449219,254.92999267578125,255.0399932861328,48713900
2025-10-02,AAPL,256.40460205078125,257.1300048828125,258.17999267578125,254.14999389648438,256.5799865722656,42630200
2025-10-03,AAPL,257.2920837402344,258.0199890136719,259.239990234375,253.9499969482422,254.6699981689453,49155600
2025-10-06,AAPL,255.96583557128906,256.69000244140625,259.07000732421875,255.0500030517578,257.989990234375,44664100
2025-10-07,AAPL,255.75645446777344,256.4800109863281,257.3999938964844,255.42999267578125,256.80999755859375,31955800
2025-10-08,AAPL,257.3320007324219,258.05999755859375,258.5199890136719,256.1099853515625,256.5199890136719,36496900
2025-10-09,AAPL,253.32330322265625,254.0399932861328,258.0,253.13999938964844,257.80999755859375,38322000
2025-10-10,AAPL,244.57806396484375,245.27000427246094,256.3800048828125,244.0,254.94000244140625,61999100
2025-10-13,AAPL,246.96133422851562,247.66000366210938,249.69000244140625,245.55999755859375,249.3800048828125,38142900
2025-10-14,AAPL,247.07101440429688,247.77000427246094,248.85000610351562,244.6999969482422,246.60000610351562,35478000
2025-10-15,AAPL,248.63658142089844,249.33999633789062,251.82000732421875,247.47000122070312,249.49000549316406,33893600
2025-10-16,AAPL,246.75192260742188,247.4499969482422,249.0399932861328,245.1300048828125,248.25,39777000
2025-10-17,AAPL,251.5782470703125,252.2899932861328,253.3800048828125,247.27000427246094,248.02000427246094,49147000
2025-10-20,AAPL,261.50018310546875,262.239990234375,264.3800048828125,255.6300048828125,255.88999938964844,90483000
2025-10-21,AAPL,262.0286560058594,262.7699890136719,265.2900085449219,261.8299865722656,261.8800048828125,46695900
2025-10-22,AAPL,257.72088623046875,258.45001220703125,262.8500061035156,255.42999267578125,262.6499938964844,45015300
2025-10-23,AAPL,258.84765625,259.5799865722656,260.6199951171875,258.010009765625,259.94000244140625,32754900
2025-10-24,AAPL,262.0785827636719,262.82000732421875,264.1300048828125,259.17999267578125,261.19000244140625,38253700
2025-10-27,AAPL,268.0516662597656,268.80999755859375,269.1199951171875,264.6499938964844,264.8800048828125,44888200
2025-10-28,AAPL,268.2411193847656,269.0,269.8900146484375,268.1499938964844,268.989990234375,41534800
2025-10-29,AAPL,268.93914794921875,269.70001220703125,271.4100036621094,267.1099853515625,269.2799987792969,51086700
2025-10-30,AAPL,270.63433837890625,271.3999938964844,274.1400146484375,268.4800109863281,271.989990234375,69886500
2025-10-31,AAPL,269.6072692871094,270.3699951171875,277.32000732421875,269.1600036621094,276.989990234375,86167100
2025-11-03,AAPL,268.29095458984375,269.04998779296875,270.8500061035156,266.25,270.4200134277344,50194600
2025-11-04,AAPL,269.2781982421875,270.0400085449219,271.489990234375,267.6199951171875,268.3299865722656,49274800
2025-11-05,AAPL,269.3779296875,270.1400146484375,271.70001220703125,266.92999267578125,268.6099853515625,43683100
2025-11-06,AAPL,269.0089416503906,269.7699890136719,273.3999938964844,267.8900146484375,267.8900146484375,51204000
2025-11-07,AAPL,267.7126159667969,268.4700012207031,272.2900085449219,266.7699890136719,269.79998779296875,48227400
2025-11-10,AAPL,268.93035888671875,269.42999267578125,273.7300109863281,267.4599914550781,268.9599914550781,41312400
2025-11-11,AAPL,274.73956298828125,275.25,275.9100036621094,269.79998779296875,269.80999755859375,46208300
2025-11-12,AAPL,272.9628601074219,273.4700012207031,275.7300109863281,271.70001220703125,275.0,48398000
2025-11-13,AAPL,272.44384765625,272.95001220703125,276.70001220703125,272.0899963378906,274.1099853515625,49602800
2025-11-14,AAPL,271.9048156738281,272.4100036621094,275.9599914550781,269.6000061035156,271.04998779296875,47431300
2025-11-17,AAPL,266.9639892578125,267.4599914550781,270.489990234375,265.7300109863281,268.82000732421875,45018300
2025-11-18,AAPL,266.9440612792969,267.44000244140625,270.7099914550781,265.32000732421875,269.989990234375,45677300
2025-11-19,AAPL,268.06195068359375,268.55999755859375,272.2099914550781,265.5,265.5299987792969,40424500
2025-11-20,AAPL,265.7562561035156,266.25,275.42999267578125,265.9200134277344,270.8299865722656,45823600
2025-11-21,AAPL,270.98651123046875,271.489990234375,273.3299865722656,265.6700134277344,265.95001220703125,59030800
2025-11-24,AAPL,275.4083251953125,275.9200134277344,277.0,270.8999938964844,270.8999938964844,65585800
2025-11-25,AAPL,276.4563903808594,276.9700012207031,280.3800048828125,275.25,275.2699890136719,46914200
2025-11-26,AAPL,277.0352783203125,277.54998779296875,279.5299987792969,276.6300048828125,276.9599914550781,33431400
2025-11-28,AAPL,278.3328857421875,278.8500061035156,279.0,275.989990234375,277.260009765625,20135600
2025-12-01,AAPL,282.57501220703125,283.1000061035156,283.4200134277344,276.1400146484375,278.010009765625,46587700
2025-12-02,AAPL,285.6592712402344,286.19000244140625,287.3999938964844,282.6300048828125,283.0,53669500
2025-12-03,AAPL,283.623046875,284.1499938964844,288.6199951171875,283.29998779296875,286.20001220703125,43538700
2025-12-04,AAPL,280.179443359375,280.70001220703125,284.7300109863281,278.5899963378906,284.1000061035156,43989100
2025-12-05,AAPL,278.26300048828125,278.7799987792969,281.1400146484375,278.04998779296875,280.5400085449219,47265800
2025-12-08,AAPL,277.3746643066406,277.8900146484375,279.6700134277344,276.1499938964844,278.1300048828125,38211800
2025-12-09,AAPL,276.66595458984375,277.17999267578125,280.0299987792969,276.9200134277344,278.1600036621094,32193300
2025-12-10,AAPL,278.26300048828125,278.7799987792969,279.75,276.44000244140625,277.75,33038300
2025-12-11,AAPL,277.514404296875,278.0299987792969,279.5899963378906,273.80999755859375,279.1000061035156,33248000
2025-12-12,AAPL,277.7639465332031,278.2799987792969,279.2200012207031,276.82000732421875,277.8999938964844,39532900
2025-12-15,AAPL,273.6016540527344,274.1099853515625,280.1499938964844,272.8399963378906,280.1499938964844,50409100
2025-12-16,AAPL,274.1007385253906,274.6099853515625,275.5,271.7900085449219,272.82000732421875,37648600
2025-12-17,AAPL,271.33587646484375,271.8399963378906,276.1600036621094,271.6400146484375,275.010009765625,50138700
2025-12-18,AAPL,271.68524169921875,272.19000244140625,273.6300048828125,266.95001220703125,273.6099853515625,51630700
2025-12-19,AAPL,273.1625061035156,273.6700134277344,274.6000061035156,269.8999938964844,272.1499938964844,144632000
2025-12-22,AAPL,270.4674987792969,270.9700012207031,273.8800048828125,270.510009765625,272.8599853515625,36571800
2025-12-23,AAPL,271.85491943359375,272.3599853515625,272.5,269.55999755859375,270.8399963378906,29642000
2025-12-24,AAPL,273.3022155761719,273.80999755859375,275.42999267578125,272.20001220703125,272.3399963378906,17910600
2025-12-26,AAPL,272.8929748535156,273.3999938964844,275.3699951171875,272.8599853515625,274.1600036621094,21521800
2025-12-29,AAPL,273.2523498535156,273.760009765625,274.3599853515625,272.3500061035156,272.69000244140625,23715200
2025-12-30,AAPL,272.5735778808594,273.0799865722656,274.0799865722656,272.2799987792969,272.80999755859375,22139600
2025-12-31,AAPL,271.3558349609375,271.8599853515625,273.67999267578125,271.75,273.05999755859375,27293600
2026-01-02,AAPL,270.5074157714844,271.010009765625,277.8399963378906,269.0,272.260009765625,37838100
2026-01-05,AAPL,266.7643737792969,267.260009765625,271.510009765625,266.1400146484375,270.6400146484375,45647200
2026-01-06,AAPL,261.8734436035156,262.3599853515625,267.54998779296875,262.1199951171875,267.0,52352100
2026-01-07,AAPL,259.8471984863281,260.3299865722656,263.67999267578125,259.80999755859375,263.20001220703125,48309800
2026-01-08,AAPL,258.55963134765625,259.0400085449219,259.2900085449219,255.6999969482422,257.0199890136719,50419300
2026-01-09,AAPL,258.8890075683594,259.3699951171875,260.2099914550781,256.2200012207031,259.0799865722656,39997000
2026-01-12,AAPL,259.76739501953125,260.25,261.29998779296875,256.79998779296875,259.1600036621094,45263800
2026-01-13,AAPL,260.5658874511719,261.04998779296875,261.80999755859375,258.3900146484375,258.7200012207031,45730800
2026-01-14,AAPL,259.4779052734375,259.9599914550781,261.82000732421875,256.7099914550781,259.489990234375,40019400
2026-01-15,AAPL,257.73114013671875,258.2099914550781,261.0400085449219,257.04998779296875,260.6499938964844,39388600
2026-01-16,AAPL,255.05613708496094,255.52999877929688,258.8999938964844,254.92999267578125,257.8999938964844,72142800
2026-01-20,AAPL,246.2425079345703,246.6999969482422,254.7899932861328,243.4199981689453,252.72999572753906,80267500
2026-01-21,AAPL,247.1907501220703,247.64999389648438,251.55999755859375,245.17999267578125,248.6999969482422,54641700
2026-01-22,AAPL,247.8894500732422,248.35000610351562,251.0,248.14999389648438,249.1999969482422,39708300
2026-01-23,AAPL,247.58001708984375,248.0399932861328,249.41000366210938,244.67999267578125,247.32000732421875,41689000
2026-01-26,AAPL,254.9363555908203,255.41000366210938,256.55999755859375,249.8000030517578,251.47999572753906,55969200
2026-01-27,AAPL,257.791015625,258.2699890136719,261.95001220703125,258.2099914550781,259.1700134277344,49648300
2026-01-28,AAPL,255.96446228027344,256.44000244140625,258.8599853515625,254.50999450683594,257.6499938964844,41288000
2026-01-29,AAPL,257.801025390625,258.2799987792969,259.6499938964844,254.41000366210938,258.0,67253000
2026-01-30,AAPL,258.9988098144531,259.4800109863281,261.8999938964844,252.17999267578125,255.1699981689453,92443400
2026-02-02,AAPL,269.5093078613281,270.010009765625,270.489990234375,259.2099914550781,260.0299987792969,73913400
2026-02-03,AAPL,268.98028564453125,269.4800109863281,271.8800048828125,267.6099853515625,269.20001220703125,64394700
2026-02-04,AAPL,275.97723388671875,276.489990234375,278.95001220703125,272.2900085449219,272.2900085449219,90545700
2026-02-05,AAPL,275.3983459472656,275.9100036621094,279.5,273.2300109863281,278.1300048828125,52977400
2026-02-06,AAPL,277.6042175292969,278.1199951171875,280.9100036621094,276.92999267578125,277.1199951171875,50453400
2026-02-09,AAPL,274.3672180175781,274.6199951171875,278.20001220703125,271.70001220703125,277.9100036621094,44623400
2026-02-10,AAPL,273.4280700683594,273.67999267578125,275.3699951171875,272.94000244140625,274.8900146484375,34376900
2026-02-11,AAPL,275.24639892578125,275.5,280.17999267578125,274.45001220703125,274.70001220703125,51931300
2026-02-12,AAPL,261.4891052246094,261.7300109863281,275.7200012207031,260.17999267578125,275.5899963378906,81077200
2026-02-13,AAPL,255.5445556640625,255.77999877929688,262.2300109863281,255.4499969482422,262.010009765625,56290700
2026-02-17,AAPL,263.6371154785156,263.8800048828125,266.2900085449219,255.5399932861328,258.04998779296875,58469100
2026-02-18,AAPL,264.106689453125,264.3500061035156,266.82000732421875,262.45001220703125,263.6000061035156,34203300
2026-02-19,AAPL,260.3401184082031,260.5799865722656,264.4800109863281,260.04998779296875,262.6000061035156,30845300
2026-02-20,AAPL,264.3364562988281,264.5799865722656,264.75,258.1600036621094,258.9700012207031,42070500
2026-02-23,AAPL,265.9349670410156,266.17999267578125,269.42999267578125,263.3800048828125,263.489990234375,37308200
2026-02-24,AAPL,271.8895263671875,272.1400146484375,274.8900146484375,267.7099914550781,267.8599853515625,47014600
2026-02-25,AAPL,273.97760009765625,274.2300109863281,274.94000244140625,271.04998779296875,271.7799987792969,33714300
2026-02-26,AAPL,272.6987609863281,272.95001220703125,276.1099853515625,270.79998779296875,274.95001220703125,32345100
2026-02-27,AAPL,263.93682861328125,264.17999267578125,272.80999755859375,262.8900146484375,272.80999755859375,72366500
2026-03-02,AAPL,264.476318359375,264.7200012207031,266.5299987792969,260.20001220703125,262.4100036621094,41827900
2026-03-03,AAPL,263.5072326660156,263.75,265.55999755859375,260.1300048828125,263.4800109863281,38568900
2026-03-04,AAPL,262.2783508300781,262.5199890136719,266.1499938964844,261.4200134277344,264.6499938964844,39803100
2026-03-05,AAPL,260.0504150390625,260.2900085449219,261.55999755859375,257.25,260.7900085449219,49658600
2026-03-06,AAPL,257.2229919433594,257.4599914550781,258.7699890136719,254.3699951171875,258.6300048828125,41120000
2026-03-09,AAPL,259.6407775878906,259.8800048828125,261.1499938964844,253.67999267578125,255.69000244140625,38218500
2026-03-10,AAPL,260.58990478515625,260.8299865722656,262.4800109863281,256.95001220703125,257.6499938964844,30590800
2026-03-11,AAPL,260.5699157714844,260.80999755859375,262.1300048828125,259.54998779296875,261.0899963378906,26218900
2026-03-12,AAPL,255.52456665039062,255.75999450683594,258.95001220703125,254.17999267578125,258.6600036621094,40794000
2026-03-13,AAPL,249.8897705078125,250.1199951171875,256.3299865722656,249.52000427246094,255.47999572753906,36930000
2026-03-16,AAPL,252.58729553222656,252.82000732421875,253.88999938964844,249.8800048828125,252.11000061035156,32074200
2026-03-17,AAPL,253.99598693847656,254.22999572753906,255.1300048828125,252.17999267578125,252.9600067138672,32361600
2026-03-18,AAPL,249.70994567871094,249.94000244140625,254.94000244140625,249.0,252.6300048828125,35757900
2026-03-19,AAPL,248.73085021972656,248.9600067138672,251.8300018310547,247.3000030517578,249.39999389648438,34864100
2026-03-20,AAPL,247.76173400878906,247.99000549316406,249.1999969482422,246.0,247.97999572753906,88331100
2026-03-23,AAPL,251.25851440429688,251.49000549316406,254.60000610351562,250.27999877929688,253.97000122070312,40546100
2026-03-24,AAPL,251.4083709716797,251.63999938964844,254.8300018310547,249.5500030517578,250.35000610351562,45152300
2026-03-25,AAPL,252.38746643066406,252.6199951171875,255.0,251.60000610351562,254.10000610351562,28476700
2026-03-26,AAPL,252.6572265625,252.88999938964844,257.0,250.77000427246094,252.1199951171875,41796700
2026-03-27,AAPL,248.57098388671875,248.8000030517578,255.49000549316406,248.07000732421875,253.89999389648438,47900000
2026-03-30,AAPL,246.40298461914062,246.6300048828125,250.8699951171875,245.50999450683594,250.07000732421875,39446200
2026-03-31,AAPL,253.55638122558594,253.7899932861328,255.47999572753906,247.10000610351562,247.91000366210938,49598100
2026-04-01,AAPL,255.3946990966797,255.6300048828125,256.17999267578125,253.3300018310547,254.0800018310547,40059400
2026-04-02,AAPL,255.68443298339844,255.9199981689453,256.1300048828125,250.64999389648438,254.1999969482422,31289400
2026-04-06,AAPL,258.6217041015625,258.8599853515625,262.1600036621094,256.4599914550781,256.510009765625,29329900
2026-04-07,AAPL,253.26666259765625,253.5,256.20001220703125,245.6999969482422,256.1600036621094,62148000
2026-04-08,AAPL,258.66168212890625,258.8999938964844,259.75,256.5299987792969,258.45001220703125,41032800
2026-04-09,AAPL,260.2502136230469,260.489990234375,261.1199951171875,256.07000732421875,259.0,28121600
2026-04-10,AAPL,260.240234375,260.4800109863281,262.19000244140625,259.0199890136719,259.9800109863281,31291500
2026-04-13,AAPL,258.96142578125,259.20001220703125,260.17999267578125,256.6600036621094,259.7300109863281,36234700
2026-04-14,AAPL,258.59173583984375,258.8299865722656,261.92999267578125,257.19000244140625,259.25,48370700
2026-04-15,AAPL,266.18475341796875,266.42999267578125,266.55999755859375,257.80999755859375,258.1600036621094,49913500
2026-04-16,AAPL,263.15753173828125,263.3999938964844,267.1600036621094,261.2699890136719,266.79998779296875,43323100
2026-04-17,AAPL,269.98126220703125,270.2300109863281,272.29998779296875,266.7200012207031,266.9599914550781,61436200
2026-04-20,AAPL,272.79864501953125,273.04998779296875,274.2799987792969,270.2900085449219,270.3299865722656,36590200
2026-04-21,AAPL,265.9250183105469,266.1700134277344,272.79998779296875,265.3999938964844,271.5,50209800
2026-04-22,AAPL,272.9185791015625,273.1700134277344,273.739990234375,266.8699951171875,267.82000732421875,43249200
2026-04-23,AAPL,273.1783142089844,273.42999267578125,275.7699890136719,271.6499938964844,275.04998779296875,33399600
2026-04-24,AAPL,270.81048583984375,271.05999755859375,273.05999755859375,269.6499938964844,272.760009765625,38157100
2026-04-27,AAPL,267.3636474609375,267.6099853515625,268.3599853515625,265.07000732421875,266.0899963378906,41466800
2026-04-28,AAPL,270.4608154296875,270.7099914550781,273.2300109863281,268.6600036621094,272.3399963378906,40018900
2026-04-29,AAPL,269.92132568359375,270.1700134277344,271.0400085449219,267.0400085449219,267.54998779296875,30047900
2026-04-30,AAPL,271.1002502441406,271.3500061035156,276.0,268.1400146484375,270.5,91848200
2026-05-01,AAPL,279.88214111328125,280.1400146484375,287.2200012207031,278.3699951171875,278.8599853515625,79915400
2026-05-04,AAPL,276.5751647949219,276.8299865722656,280.6300048828125,274.8599853515625,279.6600036621094,46668400
2026-05-05,AAPL,283.9184265136719,284.17999267578125,284.57000732421875,276.5,276.92999267578125,49311700
2026-05-06,AAPL,287.245361328125,287.510009765625,288.0299987792969,281.07000732421875,281.9200134277344,58336100
2026-05-07,AAPL,287.1754150390625,287.44000244140625,292.1300048828125,285.7799987792969,289.2699890136719,45224300
2026-05-08,AAPL,293.0500183105469,293.32000732421875,294.760009765625,290.0,290.010009765625,52692800
2026-05-11,AAPL,292.67999267578125,292.67999267578125,293.8800048828125,290.2300109863281,291.9800109863281,41173200
2026-05-12,AAPL,294.6199951171875,294.6199951171875,294.9200134277344,292.614990234375,292.7550048828125,28937434
