Date,Ticker,Adj Close,Close,High,Low,Open,Volume
2006-05-15,IWM,56.059207916259766,73.16999816894531,73.70999908447266,72.3499984741211,72.94000244140625,61905600
2006-05-16,IWM,56.15116500854492,73.29000091552734,73.87000274658203,72.94000244140625,73.45999908447266,35594500
2006-05-17,IWM,55.12451934814453,71.94999694824219,73.13999938964844,71.8499984741211,72.44999694824219,76491400
2006-05-18,IWM,54.6035041809082,71.2699966430664,72.86000061035156,71.12999725341797,72.41999816894531,54127300
2006-05-19,IWM,55.086204528808594,71.9000015258789,72.18000030517578,70.58999633789062,71.38999938964844,79031200
2006-05-22,IWM,54.473262786865234,71.0999984741211,71.66999816894531,70.08999633789062,71.23999786376953,89895900
2006-05-23,IWM,53.76841735839844,70.18000030517578,72.38999938964844,70.0999984741211,71.87999725341797,73644800
2006-05-24,IWM,54.182151794433594,70.72000122070312,71.37000274658203,69.11000061035156,70.48999786376953,124700200
2006-05-25,IWM,55.32371520996094,72.20999908447266,72.27999877929688,71.04000091552734,71.5,63332000
2006-05-26,IWM,55.65314865112305,72.63999938964844,72.7300033569336,72.0199966430664,72.6500015258789,37483000
2006-05-30,IWM,54.12086868286133,70.63999938964844,72.3499984741211,70.55999755859375,72.30999755859375,46837100
2006-05-31,IWM,55.063228607177734,71.87000274658203,71.87000274658203,70.66999816894531,70.80999755859375,58723800
2006-06-01,IWM,56.13582992553711,73.2699966430664,73.33999633789062,71.6500015258789,71.87999725341797,49499200
2006-06-02,IWM,56.097511291503906,73.22000122070312,73.83999633789062,72.68000030517578,73.73999786376953,49690000
2006-06-05,IWM,54.465633392333984,71.08999633789062,73.1500015258789,70.86000061035156,73.05999755859375,66165900
2006-06-06,IWM,54.23577880859375,70.79000091552734,71.16000366210938,69.80999755859375,71.04000091552734,94747900
2006-06-07,IWM,53.70713424682617,70.0999984741211,71.81999969482422,70.01000213623047,70.81999969482422,81935900
2006-06-08,IWM,53.753089904785156,70.16000366210938,70.41999816894531,68.0,69.77999877929688,140237700
2006-06-09,IWM,53.2780876159668,69.54000091552734,71.0999984741211,69.41999816894531,70.55000305175781,63028400
2006-06-12,IWM,52.05224609375,67.94000244140625,69.75,67.83000183105469,69.69999694824219,108263800
2006-06-13,IWM,51.06391906738281,66.6500015258789,68.8499984741211,66.5999984741211,67.6500015258789,139584200
2006-06-14,IWM,51.676841735839844,67.44999694824219,67.68000030517578,66.55000305175781,66.76000213623047,106669400
2006-06-15,IWM,53.4466552734375,69.76000213623047,69.97000122070312,67.91000366210938,68.04000091552734,96971100
2006-06-16,IWM,52.74944305419922,68.8499984741211,69.69999694824219,68.56999969482422,69.5999984741211,66852400
2006-06-19,IWM,51.71515655517578,67.5,69.12000274658203,67.44000244140625,69.0999984741211,71705700
2006-06-20,IWM,51.653839111328125,67.41999816894531,68.33000183105469,67.30999755859375,67.55999755859375,61105000
2006-06-21,IWM,52.55791473388672,68.5999984741211,69.05999755859375,67.25,67.37000274658203,81035400
2006-06-22,IWM,52.36222839355469,68.23999786376953,68.61000061035156,67.86000061035156,68.38999938964844,50947100
2006-06-23,IWM,52.67683792114258,68.6500015258789,69.05000305175781,67.72000122070312,68.2300033569336,42901800
2006-06-26,IWM,53.32905960083008,69.5,69.5,68.94999694824219,69.0199966430664,39933200
2006-06-27,IWM,52.40827560424805,68.30000305175781,69.83000183105469,68.0199966430664,69.54000091552734,61567100
2006-06-28,IWM,52.63847732543945,68.5999984741211,68.5999984741211,67.5,68.3499984741211,46405900
2006-06-29,IWM,54.67189407348633,71.25,71.25,68.80999755859375,68.80999755859375,96533200
2006-06-30,IWM,55.04020690917969,71.7300033569336,71.9000015258789,70.55000305175781,71.45999908447266,61004300
2006-07-03,IWM,55.73080825805664,72.62999725341797,72.62999725341797,71.76000213623047,72.0,22967800
2006-07-05,IWM,54.917423248291016,71.56999969482422,71.94999694824219,70.98999786376953,71.83999633789062,38621400
2006-07-06,IWM,54.902076721191406,71.55000305175781,72.19999694824219,71.16000366210938,71.70999908447266,33830700
2006-07-07,IWM,54.0887451171875,70.48999786376953,71.63999938964844,70.3499984741211,71.44999694824219,45330300
2006-07-10,IWM,54.096405029296875,70.5,71.23999786376953,70.18000030517578,70.66000366210938,40166800
2006-07-11,IWM,54.57212829589844,71.12000274658203,71.12000274658203,69.5999984741211,70.11000061035156,63444700
2006-07-12,IWM,53.44416809082031,69.6500015258789,71.08000183105469,69.58999633789062,70.77999877929688,50664800
2006-07-13,IWM,52.231807708740234,68.06999969482422,69.69000244140625,68.0199966430664,69.18000030517578,80467000
2006-07-14,IWM,51.81747055053711,67.52999877929688,68.20999908447266,66.94999694824219,68.08000183105469,79083700
2006-07-17,IWM,51.74839782714844,67.44000244140625,68.19999694824219,67.02999877929688,67.5999984741211,67427500
2006-07-18,IWM,52.10136032104492,67.9000015258789,68.25,66.62000274658203,67.81999969482422,74235300
2006-07-19,IWM,53.32905960083008,69.5,70.0,67.77999877929688,67.83999633789062,97816700
2006-07-20,IWM,51.96323013305664,67.72000122070312,70.37000274658203,67.62000274658203,70.04000091552734,73657100
2006-07-21,IWM,51.218936920166016,66.75,67.6500015258789,66.3499984741211,67.6500015258789,103313800
2006-07-24,IWM,52.853328704833984,68.87999725341797,68.91000366210938,67.25,67.26000213623047,72230300
2006-07-25,IWM,52.9837646484375,69.05000305175781,69.77999877929688,68.38999938964844,68.69999694824219,87433100
2006-07-26,IWM,52.86867904663086,68.9000015258789,69.5999984741211,68.12000274658203,68.93000030517578,59831300
2006-07-27,IWM,52.36222839355469,68.23999786376953,69.88999938964844,67.97000122070312,69.41000366210938,59015800
2006-07-28,IWM,53.45951843261719,69.66999816894531,69.69999694824219,68.4800033569336,68.75,62209800
2006-07-31,IWM,53.46718978881836,69.68000030517578,69.83000183105469,69.05999755859375,69.43000030517578,37902900
2006-08-01,IWM,52.630802154541016,68.58999633789062,69.2300033569336,68.18000030517578,69.16999816894531,45003700
2006-08-02,IWM,53.32905960083008,69.5,69.72000122070312,68.9000015258789,69.01000213623047,50137500
2006-08-03,IWM,53.973628997802734,70.33999633789062,70.33999633789062,68.54000091552734,68.77999877929688,49316900
2006-08-04,IWM,53.42116165161133,69.62000274658203,71.30999755859375,68.97000122070312,71.12999725341797,76609200
2006-08-07,IWM,53.21397399902344,69.3499984741211,69.4800033569336,68.73999786376953,69.37000274658203,45882400
2006-08-08,IWM,52.47732925415039,68.38999938964844,69.95999908447266,68.18000030517578,69.43000030517578,76243800
2006-08-09,IWM,51.9478874206543,67.69999694824219,69.27999877929688,67.5999984741211,68.98999786376953,58126400
2006-08-10,IWM,52.40827560424805,68.30000305175781,68.61000061035156,67.02999877929688,67.30999755859375,54415200
2006-08-11,IWM,51.871158599853516,67.5999984741211,68.06999969482422,67.2300033569336,68.05999755859375,42757200
2006-08-14,IWM,52.178096771240234,68.0,68.81999969482422,67.68000030517578,68.08999633789062,45029900
2006-08-15,IWM,53.26767349243164,69.41999816894531,69.44999694824219,68.69000244140625,69.0,48780200
2006-08-16,IWM,54.0350341796875,70.41999816894531,70.5199966430664,69.48999786376953,69.87000274658203,46160700
2006-08-17,IWM,54.1193962097168,70.52999877929688,71.0999984741211,70.12999725341797,70.22000122070312,44642200
2006-08-18,IWM,54.43400573730469,70.94000244140625,70.94000244140625,70.01000213623047,70.80000305175781,36413600
2006-08-21,IWM,53.8508415222168,70.18000030517578,70.48999786376953,69.8499984741211,70.4800033569336,25383500
2006-08-22,IWM,54.0273551940918,70.41000366210938,70.62000274658203,69.97000122070312,70.0999984741211,22657900
2006-08-23,IWM,53.40580368041992,69.5999984741211,70.80000305175781,69.19999694824219,70.5,37109000
2006-08-24,IWM,53.313724517822266,69.4800033569336,69.87000274658203,68.91000366210938,69.72000122070312,32255600
2006-08-25,IWM,53.40580368041992,69.5999984741211,70.08999633789062,69.2300033569336,69.37999725341797,22449400
2006-08-28,IWM,53.973628997802734,70.33999633789062,70.47000122070312,69.5199966430664,69.54000091552734,26650300
2006-08-29,IWM,54.67189407348633,71.25,71.25,69.87999725341797,70.51000213623047,53031100
2006-08-30,IWM,55.09392547607422,71.80000305175781,72.0,71.04000091552734,71.30999755859375,43890900
2006-08-31,IWM,55.070884704589844,71.7699966430664,72.23999786376953,71.56999969482422,71.95999908447266,33830000
2006-09-01,IWM,55.10927200317383,71.81999969482422,72.19999694824219,71.45999908447266,72.08000183105469,24118200
2006-09-05,IWM,55.608028411865234,72.47000122070312,72.5199966430664,71.69999694824219,71.93000030517578,38075100
2006-09-06,IWM,54.42633819580078,70.93000030517578,71.93000030517578,70.83999633789062,71.91999816894531,39718500
2006-09-07,IWM,53.94292068481445,70.30000305175781,71.12000274658203,70.05999755859375,70.52999877929688,44611800
2006-09-08,IWM,54.15011215209961,70.56999969482422,70.68000030517578,70.16999816894531,70.52999877929688,27806500
2006-09-11,IWM,54.0810661315918,70.4800033569336,70.83999633789062,69.6500015258789,70.12999725341797,49544600
2006-09-12,IWM,55.35480880737305,72.13999938964844,72.29000091552734,70.58000183105469,70.63999938964844,43200800
2006-09-13,IWM,55.822898864746094,72.75,72.87999725341797,72.0,72.16000366210938,35612000
2006-09-14,IWM,55.623374938964844,72.48999786376953,72.58999633789062,72.01000213623047,72.47000122070312,33680200
2006-09-15,IWM,55.75383758544922,72.66000366210938,73.0199966430664,72.16999816894531,73.0,40826200
2006-09-18,IWM,55.738468170166016,72.63999938964844,73.06999969482422,72.13999938964844,72.3499984741211,37907200
2006-09-19,IWM,55.49293899536133,72.31999969482422,72.73999786376953,71.1500015258789,72.70999908447266,64200600
2006-09-20,IWM,56.23724365234375,73.29000091552734,73.5,72.7300033569336,72.79000091552734,54786800
2006-09-21,IWM,55.63103485107422,72.5,73.56999969482422,72.08999633789062,73.3499984741211,68561500
2006-09-22,IWM,54.894432067871094,71.54000091552734,72.18000030517578,71.05999755859375,72.16000366210938,59289900
2006-09-25,IWM,55.54666519165039,72.38999938964844,72.6500015258789,71.11000061035156,71.77999877929688,61688400
2006-09-26,IWM,55.72447967529297,72.38999938964844,72.75,71.95999908447266,72.13999938964844,42739700
2006-09-27,IWM,56.13242721557617,72.91999816894531,72.98999786376953,72.19999694824219,72.20999908447266,49884200
2006-09-28,IWM,55.90922164916992,72.62999725341797,73.27999877929688,72.25,72.9800033569336,35641100
2006-09-29,IWM,55.42423629760742,72.0,72.98999786376953,71.93000030517578,72.70999908447266,33558300
2006-10-02,IWM,54.90080642700195,71.31999969482422,72.20999908447266,71.13999938964844,71.97000122070312,42184900
2006-10-03,IWM,54.823814392089844,71.22000122070312,71.83000183105469,70.68000030517578,71.25,45911000
2006-10-04,IWM,56.15554428100586,72.94999694824219,72.94999694824219,71.08999633789062,71.19000244140625,51122100
2006-10-05,IWM,56.87145233154297,73.87999725341797,73.9000015258789,72.8499984741211,72.87000274658203,48038000
2006-10-06,IWM,56.57891845703125,73.5,73.86000061035156,73.0,73.61000061035156,34893700
2006-10-09,IWM,57.00997543334961,74.05999755859375,74.13999938964844,73.05999755859375,73.36000061035156,25997000
2006-10-10,IWM,57.0407829284668,74.0999984741211,74.36000061035156,73.63999938964844,74.0999984741211,32950800
2006-10-11,IWM,56.81753921508789,73.80999755859375,74.29000091552734,73.11000061035156,73.77999877929688,52430000
2006-10-12,IWM,57.964515686035156,75.30000305175781,75.38999938964844,74.08000183105469,74.08000183105469,40618400
2006-10-13,IWM,58.42641830444336,75.9000015258789,75.91000366210938,75.12999725341797,75.30000305175781,45517000
2006-10-16,IWM,58.772796630859375,76.3499984741211,76.54000091552734,75.69000244140625,75.87999725341797,46458400
2006-10-17,IWM,58.48029327392578,75.97000122070312,76.23999786376953,75.3499984741211,75.94000244140625,48733400
2006-10-18,IWM,58.487998962402344,75.9800033569336,76.80000305175781,75.5999984741211,76.5199966430664,44694800
2006-10-19,IWM,58.772796630859375,76.3499984741211,76.4000015258789,75.58000183105469,75.7300033569336,43889000
2006-10-20,IWM,58.19546127319336,75.5999984741211,76.41000366210938,75.4800033569336,76.37000274658203,39507600
2006-10-23,IWM,58.310909271240234,75.75,76.27999877929688,75.08999633789062,75.3499984741211,38995800
2006-10-24,IWM,58.42641830444336,75.9000015258789,75.94999694824219,75.33999633789062,75.51000213623047,30504800
2006-10-25,IWM,58.811302185058594,76.4000015258789,76.45999908447266,75.4800033569336,75.7300033569336,51574000
2006-10-26,IWM,59.303955078125,77.04000091552734,77.1500015258789,75.87000274658203,76.63999938964844,49379500
2006-10-27,IWM,58.61112594604492,76.13999938964844,77.11000061035156,75.94000244140625,76.88999938964844,51799300
2006-10-30,IWM,58.86518096923828,76.47000122070312,76.70999908447266,75.52999877929688,75.77999877929688,51246800
2006-10-31,IWM,58.6804313659668,76.2300033569336,76.79000091552734,75.69999694824219,76.5999984741211,46092200
2006-11-01,IWM,57.4102783203125,74.58000183105469,76.58000183105469,74.58000183105469,76.44999694824219,47212200
2006-11-02,IWM,57.325618743896484,74.47000122070312,74.9000015258789,74.0999984741211,74.11000061035156,47585300
2006-11-03,IWM,57.602718353271484,74.83000183105469,75.23999786376953,74.20999908447266,74.81999969482422,49053800
2006-11-06,IWM,58.272422790527344,75.69999694824219,76.08000183105469,75.0,75.20999908447266,47702600
2006-11-07,IWM,58.65730285644531,76.19999694824219,76.83000183105469,75.7699966430664,75.83000183105469,49200600
2006-11-08,IWM,58.95753860473633,76.58999633789062,76.80000305175781,75.41000366210938,75.61000061035156,52411800
2006-11-09,IWM,58.418697357177734,75.88999938964844,76.80000305175781,75.33000183105469,76.73999786376953,49553600
2006-11-10,IWM,58.90365982055664,76.5199966430664,76.56999969482422,75.61000061035156,75.7699966430664,43722400
2006-11-13,IWM,58.988346099853516,76.62999725341797,76.98999786376953,76.19999694824219,76.43000030517578,39373200
2006-11-14,IWM,60.127593994140625,78.11000061035156,78.11000061035156,76.43000030517578,76.91000366210938,68600600
2006-11-15,IWM,60.581764221191406,78.69999694824219,79.01000213623047,77.9800033569336,78.1500015258789,65076400
2006-11-16,IWM,60.53558349609375,78.63999938964844,79.11000061035156,78.37999725341797,79.0999984741211,49327900
2006-11-17,IWM,60.49708557128906,78.58999633789062,78.61000061035156,77.83999633789062,78.3499984741211,35969400
2006-11-20,IWM,60.581764221191406,78.69999694824219,78.8499984741211,78.11000061035156,78.3499984741211,48400400
2006-11-21,IWM,60.68183898925781,78.83000183105469,78.87000274658203,78.30999755859375,78.69000244140625,40727000
2006-11-22,IWM,60.75112533569336,78.91999816894531,79.11000061035156,78.55999755859375,78.97000122070312,33281900
2006-11-24,IWM,60.4740104675293,78.55999755859375,79.02999877929688,78.2300033569336,78.37000274658203,17933400
2006-11-27,IWM,59.11919021606445,76.80000305175781,78.54000091552734,76.72000122070312,78.51000213623047,72824600
2006-11-28,IWM,59.319358825683594,77.05999755859375,77.16000366210938,76.29000091552734,76.58999633789062,59174400
2006-11-29,IWM,60.089115142822266,78.05999755859375,78.20999908447266,77.30000305175781,77.5199966430664,53282800
2006-11-30,IWM,60.096824645996094,78.06999969482422,78.5999984741211,77.5,77.9000015258789,58605000
2006-12-01,IWM,59.873592376708984,77.77999877929688,78.37000274658203,76.8499984741211,78.1500015258789,87109800
2006-12-04,IWM,61.059043884277344,79.31999969482422,79.33000183105469,77.93000030517578,77.95999908447266,54369200
2006-12-05,IWM,61.105201721191406,79.37999725341797,79.76000213623047,79.06999969482422,79.4000015258789,39558600
2006-12-06,IWM,60.89739990234375,79.11000061035156,79.48999786376953,78.79000091552734,79.19999694824219,37810400
2006-12-07,IWM,60.63566970825195,78.7699966430664,79.51000213623047,78.66000366210938,79.29000091552734,39544100
2006-12-08,IWM,60.64335250854492,78.77999877929688,79.33999633789062,78.16000366210938,78.62000274658203,43109600
2006-12-11,IWM,60.79731369018555,78.9800033569336,79.18000030517578,78.54000091552734,78.80000305175781,35233200
2006-12-12,IWM,60.466304779052734,78.55000305175781,79.0199966430664,77.88999938964844,78.94000244140625,47917600
2006-12-13,IWM,60.54328536987305,78.6500015258789,79.0,78.1500015258789,78.91000366210938,47296600
2006-12-14,IWM,60.78960418701172,78.97000122070312,79.58999633789062,78.55999755859375,78.62000274658203,52286200
2006-12-15,IWM,60.735721588134766,78.9000015258789,79.5,78.80999755859375,79.30000305175781,38923800
2006-12-18,IWM,59.97365951538086,77.91000366210938,79.20999908447266,77.62999725341797,79.05999755859375,47013800
2006-12-19,IWM,59.93515396118164,77.86000061035156,78.11000061035156,77.0999984741211,77.44999694824219,54066400
2006-12-20,IWM,60.28226852416992,77.9800033569336,78.26000213623047,77.62000274658203,77.62000274658203,43288200
2006-12-21,IWM,60.003963470458984,77.62000274658203,78.3499984741211,77.30999755859375,77.98999786376953,49951400
2006-12-22,IWM,59.60968780517578,77.11000061035156,77.75,77.05000305175781,77.58999633789062,31230400
2006-12-26,IWM,60.46005630493164,78.20999908447266,78.22000122070312,77.30000305175781,77.33000183105469,21798200
2006-12-27,IWM,61.17902755737305,79.13999938964844,79.16999816894531,78.3499984741211,78.37000274658203,39294000
2006-12-28,IWM,60.90070343017578,78.77999877929688,79.27999877929688,78.6500015258789,79.02999877929688,28257400
2006-12-29,IWM,60.32093048095703,78.02999877929688,78.98999786376953,77.98999786376953,78.66000366210938,30795200
2007-01-03,IWM,60.421443939208984,78.16000366210938,79.12000274658203,77.22000122070312,78.68000030517578,54095400
2007-01-04,IWM,60.5837516784668,78.37000274658203,78.58999633789062,77.27999877929688,77.88999938964844,45577600
2007-01-05,IWM,59.31595230102539,76.7300033569336,78.37000274658203,76.69999694824219,78.0199966430664,57486800
2007-01-08,IWM,59.08403015136719,76.43000030517578,77.30000305175781,76.2300033569336,76.94999694824219,46117200
2007-01-09,IWM,59.64060974121094,77.1500015258789,77.30999755859375,76.19000244140625,77.12000274658203,62791800
2007-01-10,IWM,60.1044807434082,77.75,77.75,76.56999969482422,76.76000213623047,49239300
2007-01-11,IWM,60.475528717041016,78.2300033569336,78.54000091552734,77.4000015258789,77.45999908447266,49188300
2007-01-12,IWM,61.0553092956543,78.9800033569336,79.05000305175781,78.12999725341797,78.26000213623047,28392800
2007-01-16,IWM,60.6456184387207,78.44999694824219,79.36000061035156,78.30000305175781,79.20999908447266,33914700
2007-01-17,IWM,60.38274383544922,78.11000061035156,78.77999877929688,78.11000061035156,78.22000122070312,27481200
2007-01-18,IWM,59.88027572631836,77.45999908447266,78.12999725341797,77.0199966430664,78.12999725341797,55936200
2007-01-19,IWM,60.112205505371094,77.76000213623047,77.95999908447266,76.87000274658203,77.04000091552734,49715800
2007-01-22,IWM,59.67155838012695,77.19000244140625,77.83000183105469,76.91000366210938,77.81999969482422,46305200
2007-01-23,IWM,60.235877990722656,77.91999816894531,78.27999877929688,77.0,77.04000091552734,47783000
2007-01-24,IWM,60.89297866821289,78.7699966430664,78.81999969482422,77.94000244140625,78.01000213623047,30401400
2007-01-25,IWM,60.12767028808594,77.77999877929688,78.94999694824219,77.52999877929688,78.70999908447266,57289400
2007-01-26,IWM,60.35183334350586,78.06999969482422,78.31999969482422,77.16000366210938,77.98999786376953,56630200
2007-01-29,IWM,60.877506256103516,78.75,78.94000244140625,78.02999877929688,78.12000274658203,59602200
2007-01-30,IWM,61.20991134643555,79.18000030517578,79.3499984741211,78.51000213623047,78.88999938964844,33830600
2007-01-31,IWM,61.34132385253906,79.3499984741211,79.7699966430664,78.62999725341797,79.05999755859375,54267500
2007-02-01,IWM,61.99839401245117,80.19999694824219,80.25,79.54000091552734,79.66999816894531,50571100
2007-02-02,IWM,62.037078857421875,80.25,80.44999694824219,80.0199966430664,80.4000015258789,26512600
2007-02-05,IWM,62.02935028076172,80.23999786376953,80.47000122070312,79.87000274658203,80.22000122070312,30893400
2007-02-06,IWM,62.183956146240234,80.44000244140625,80.45999908447266,79.79000091552734,80.26000213623047,31445600
2007-02-07,IWM,62.75603485107422,81.18000030517578,81.20999908447266,80.27999877929688,80.55000305175781,30708600
2007-02-08,IWM,62.655555725097656,81.05000305175781,81.13999938964844,80.58000183105469,80.87000274658203,25417000
2007-02-09,IWM,62.0834846496582,80.30999755859375,81.1500015258789,79.69999694824219,80.9800033569336,52164700
2007-02-12,IWM,61.913394927978516,80.08999633789062,80.30000305175781,79.5999984741211,80.27999877929688,39561300
2007-02-13,IWM,62.36946105957031,80.68000030517578,80.68000030517578,79.58999633789062,80.2300033569336,41995800
2007-02-14,IWM,62.46223831176758,80.80000305175781,81.29000091552734,80.5199966430664,80.7300033569336,64326000
2007-02-15,IWM,62.508644104003906,80.86000061035156,81.19000244140625,80.55999755859375,80.70999908447266,44086000
2007-02-16,IWM,62.74827575683594,81.16999816894531,81.2699966430664,80.33999633789062,80.72000122070312,42160800
2007-02-20,IWM,63.35126876831055,81.94999694824219,82.16000366210938,80.0999984741211,81.0,71903200
2007-02-21,IWM,63.46721649169922,82.0999984741211,82.48999786376953,81.52999877929688,81.6500015258789,39549600
2007-02-22,IWM,63.69142150878906,82.38999938964844,82.44999694824219,81.62999725341797,82.25,58815900
2007-02-23,IWM,63.35126876831055,81.94999694824219,82.30999755859375,81.66000366210938,82.26000213623047,57987800
2007-02-26,IWM,63.304874420166016,81.88999938964844,82.41000366210938,81.19000244140625,82.31999969482422,78736400
2007-02-27,IWM,60.33637237548828,78.05000305175781,80.94000244140625,77.47000122070312,80.36000061035156,136636000
2007-02-28,IWM,60.93935012817383,78.83000183105469,79.22000122070312,77.51000213623047,78.37000274658203,97620200
2007-03-01,IWM,60.622406005859375,78.41999816894531,79.0999984741211,76.75,77.47000122070312,97674800
2007-03-02,IWM,59.41645431518555,76.86000061035156,78.37999725341797,76.75,78.18000030517578,96274500
2007-03-05,IWM,58.109989166259766,75.16999816894531,77.29000091552734,75.1500015258789,76.08999633789062,122207900
2007-03-06,IWM,59.69477462768555,77.22000122070312,77.70999908447266,76.19000244140625,76.26000213623047,94041400
2007-03-07,IWM,59.50149154663086,76.97000122070312,77.62000274658203,76.80000305175781,77.30000305175781,55408800
2007-03-08,IWM,59.94984436035156,77.55000305175781,78.18000030517578,77.08000183105469,77.7300033569336,76876500
2007-03-09,IWM,60.43686294555664,78.18000030517578,78.27999877929688,77.41999816894531,78.18000030517578,69129900
2007-03-12,IWM,60.60694122314453,78.4000015258789,78.51000213623047,77.75,78.01000213623047,35945400
2007-03-13,IWM,59.053096771240234,76.38999938964844,78.05999755859375,76.26000213623047,77.83999633789062,96417200
2007-03-14,IWM,59.679283142089844,77.19999694824219,77.27999877929688,75.52999877929688,76.41000366210938,129087500
2007-03-15,IWM,60.143131256103516,77.80000305175781,77.91999816894531,77.12000274658203,77.12000274658203,84037300
2007-03-16,IWM,59.73339080810547,77.2699966430664,78.05999755859375,76.54000091552734,77.80999755859375,77107100
2007-03-19,IWM,60.475528717041016,78.2300033569336,78.4800033569336,77.80999755859375,77.83000183105469,56720800
2007-03-20,IWM,60.95479965209961,78.8499984741211,78.9000015258789,77.95999908447266,78.19000244140625,46527300
2007-03-21,IWM,62.052520751953125,80.2699966430664,81.12000274658203,78.7300033569336,78.95999908447266,77517600
2007-03-22,IWM,62.052520751953125,80.2699966430664,80.5999984741211,79.91000366210938,80.55999755859375,40940200
2007-03-23,IWM,62.148582458496094,80.23999786376953,80.41999816894531,80.05000305175781,80.2300033569336,37200500
2007-03-26,IWM,62.01692581176758,80.06999969482422,80.4800033569336,79.4800033569336,80.31999969482422,46665700
2007-03-27,IWM,61.73032760620117,79.69999694824219,80.06999969482422,79.3499984741211,80.01000213623047,40734900
2007-03-28,IWM,61.304344177246094,79.1500015258789,79.5,78.61000061035156,79.22000122070312,67939400
2007-03-29,IWM,61.38178253173828,79.25,79.76000213623047,78.48999786376953,79.69000244140625,49841400
2007-03-30,IWM,61.53669738769531,79.44999694824219,80.05999755859375,78.7300033569336,79.36000061035156,54280000
2007-04-02,IWM,61.691593170166016,79.6500015258789,79.7699966430664,79.1500015258789,79.61000061035156,36558700
2007-04-03,IWM,62.349952697753906,80.5,80.7699966430664,80.0,80.06999969482422,44410200
2007-04-04,IWM,62.34220504760742,80.48999786376953,80.58999633789062,80.0,80.4800033569336,35754200
2007-04-05,IWM,62.303489685058594,80.44000244140625,80.80999755859375,80.3499984741211,80.44999694824219,24666800
2007-04-09,IWM,62.3886833190918,80.55000305175781,80.83000183105469,80.31999969482422,80.77999877929688,38545000
2007-04-10,IWM,62.58233642578125,80.80000305175781,81.05999755859375,80.37999725341797,80.5,48521000
2007-04-11,IWM,62.195068359375,80.30000305175781,80.9000015258789,79.80000305175781,80.87000274658203,59019200
2007-04-12,IWM,62.61333084106445,80.83999633789062,80.91999816894531,79.66999816894531,80.08999633789062,45075400
2007-04-13,IWM,63.01605987548828,81.36000061035156,81.4000015258789,80.52999877929688,80.94999694824219,31467000
2007-04-16,IWM,63.883548736572266,82.4800033569336,82.56999969482422,81.80000305175781,81.80999755859375,43967100
2007-04-17,IWM,63.689937591552734,82.2300033569336,82.62999725341797,81.94000244140625,82.61000061035156,51536000
2007-04-18,IWM,63.3181266784668,81.75,82.22000122070312,81.66000366210938,81.91000366210938,48993700
2007-04-19,IWM,63.01605987548828,81.36000061035156,81.83000183105469,80.80000305175781,81.13999938964844,69360400
2007-04-20,IWM,63.751853942871094,82.30999755859375,82.37999725341797,81.76000213623047,81.95999908447266,68702200
2007-04-23,IWM,63.682167053222656,82.22000122070312,82.51000213623047,81.87999725341797,82.20999908447266,34858200
2007-04-24,IWM,63.65117263793945,82.18000030517578,82.3499984741211,81.37000274658203,82.2699966430664,56640600
2007-04-25,IWM,63.82933044433594,82.41000366210938,82.93000030517578,81.97000122070312,82.54000091552734,51964600
2007-04-26,IWM,64.18562316894531,82.87000274658203,83.16999816894531,81.97000122070312,82.44999694824219,47381600
2007-04-27,IWM,63.91449737548828,82.5199966430664,82.63999938964844,82.0199966430664,82.5199966430664,56761000
2007-04-30,IWM,62.53584671020508,80.73999786376953,82.5199966430664,80.72000122070312,82.47000122070312,86447400
2007-05-01,IWM,62.791439056396484,81.06999969482422,81.16000366210938,80.12999725341797,80.98999786376953,88311800
2007-05-02,IWM,63.627952575683594,82.1500015258789,82.44000244140625,80.91999816894531,81.06999969482422,49850600
2007-05-03,IWM,63.7441520690918,82.30000305175781,82.56999969482422,81.97000122070312,82.20999908447266,57008800
2007-05-04,IWM,64.14689636230469,82.81999969482422,82.87000274658203,82.1500015258789,82.48999786376953,47940900
2007-05-07,IWM,63.960994720458984,82.58000183105469,83.0,82.47000122070312,82.69999694824219,40421400
2007-05-08,IWM,63.73636245727539,82.29000091552734,82.62000274658203,81.54000091552734,82.19000244140625,59329800
2007-05-09,IWM,63.99198913574219,82.62000274658203,83.2300033569336,81.94999694824219,82.0,66106100
2007-05-10,IWM,63.20195770263672,81.5999984741211,82.41999816894531,81.25,82.31999969482422,92481400
2007-05-11,IWM,63.77511215209961,82.33999633789062,82.44999694824219,81.6500015258789,81.75,57249600
2007-05-14,IWM,63.21745300292969,81.62000274658203,82.58999633789062,81.45999908447266,82.29000091552734,71975000
2007-05-15,IWM,62.7140007019043,80.97000122070312,82.27999877929688,80.77999877929688,81.62000274658203,115258700
2007-05-16,IWM,63.05478286743164,81.41000366210938,81.5,80.45999908447266,81.0999984741211,95727600
2007-05-17,IWM,62.56687545776367,80.77999877929688,81.41000366210938,80.70999908447266,81.30000305175781,71780400
2007-05-18,IWM,63.30263900756836,81.7300033569336,82.05000305175781,80.77999877929688,81.19000244140625,80552700
2007-05-21,IWM,64.10039520263672,82.76000213623047,83.2300033569336,81.6500015258789,81.7300033569336,148866800
2007-05-22,IWM,64.49540710449219,83.2699966430664,83.63999938964844,82.62000274658203,82.80999755859375,69634200
2007-05-23,IWM,64.32501983642578,83.05000305175781,84.0999984741211,82.97000122070312,83.55000305175781,59384400
2007-05-24,IWM,63.48079299926758,81.95999908447266,83.55999755859375,81.55999755859375,82.9800033569336,89560000
2007-05-25,IWM,63.89126968383789,82.48999786376953,82.70999908447266,82.04000091552734,82.23999786376953,44083500
2007-05-29,IWM,64.47990417480469,83.25,83.38999938964844,82.72000122070312,82.77999877929688,59397200
2007-05-30,IWM,64.91366577148438,83.80999755859375,83.8499984741211,82.43000030517578,82.63999938964844,64383000
2007-05-31,IWM,65.26991271972656,84.2699966430664,84.44999694824219,83.77999877929688,83.98999786376953,68767400
2007-06-01,IWM,65.6030044555664,84.69999694824219,85.16999816894531,84.19000244140625,84.54000091552734,71003000
2007-06-04,IWM,65.67273712158203,84.79000091552734,84.97000122070312,84.33999633789062,84.48999786376953,52419900
2007-06-05,IWM,65.40937805175781,84.44999694824219,84.72000122070312,83.83000183105469,84.58999633789062,84623400
2007-06-06,IWM,64.68132019042969,83.51000213623047,83.80999755859375,83.0,83.80000305175781,95052800
2007-06-07,IWM,63.34135437011719,81.77999877929688,83.44999694824219,81.77999877929688,83.26000213623047,113824100
2007-06-08,IWM,64.17012786865234,82.8499984741211,83.13999938964844,81.66000366210938,81.87000274658203,86239400
2007-06-11,IWM,64.18562316894531,82.87000274658203,83.2699966430664,82.33000183105469,82.73999786376953,68082100
2007-06-12,IWM,63.1245002746582,81.5,82.83000183105469,81.41000366210938,82.33000183105469,115376300
2007-06-13,IWM,63.968753814697266,82.58999633789062,82.97000122070312,81.73999786376953,81.88999938964844,118706700
2007-06-14,IWM,64.54965209960938,83.33999633789062,83.66999816894531,82.87999725341797,82.87999725341797,79451800
2007-06-15,IWM,65.31641387939453,84.33000183105469,84.69000244140625,84.05999755859375,84.29000091552734,83706500
2007-06-18,IWM,65.19251251220703,84.16999816894531,84.62000274658203,83.69999694824219,84.58000183105469,60117800
2007-06-19,IWM,65.3629150390625,84.38999938964844,84.51000213623047,83.48999786376953,83.80999755859375,65541300
2007-06-20,IWM,64.23208618164062,82.93000030517578,84.66000366210938,82.93000030517578,84.58000183105469,86929200
2007-06-21,IWM,64.73552703857422,83.58000183105469,83.58999633789062,82.31999969482422,82.81999969482422,97110200
2007-06-22,IWM,64.22435760498047,82.91999816894531,83.4800033569336,82.30000305175781,83.36000061035156,93984100
2007-06-25,IWM,63.89126968383789,82.48999786376953,83.44999694824219,82.0,82.68000030517578,108393200
2007-06-26,IWM,63.4188346862793,81.87999725341797,82.93000030517578,81.73999786376953,82.83999633789062,91436900
2007-06-27,IWM,64.7432861328125,83.58999633789062,83.6500015258789,81.5,81.62999725341797,127640800
2007-06-28,IWM,64.73474884033203,83.41999816894531,84.19000244140625,83.30000305175781,83.41000366210938,87866200
2007-06-29,IWM,64.33122253417969,82.9000015258789,84.19000244140625,82.66000366210938,83.77999877929688,110203200
2007-07-02,IWM,65.16153717041016,83.97000122070312,84.08999633789062,83.25,83.37999725341797,56318400
2007-07-03,IWM,65.47196197509766,84.37000274658203,84.51000213623047,84.02999877929688,84.12000274658203,34591600
2007-07-05,IWM,65.58055877685547,84.51000213623047,84.66999816894531,83.86000061035156,84.44999694824219,47326500
2007-07-06,IWM,65.80560302734375,84.80000305175781,84.93000030517578,84.05999755859375,84.55999755859375,40975100
2007-07-09,IWM,65.74351501464844,84.72000122070312,85.73999786376953,84.41999816894531,84.95999908447266,56954300
2007-07-10,IWM,64.66490173339844,83.33000183105469,84.87999725341797,83.20999908447266,84.2699966430664,101069100
2007-07-11,IWM,65.05289459228516,83.83000183105469,83.87000274658203,82.9000015258789,83.16999816894531,82880600
2007-07-12,IWM,65.82117462158203,84.81999969482422,85.0999984741211,84.02999877929688,84.16000366210938,71638400
2007-07-13,IWM,65.88322448730469,84.9000015258789,85.19999694824219,84.62999725341797,84.9000015258789,43138400
2007-07-16,IWM,65.55731201171875,84.4800033569336,85.16000366210938,84.22000122070312,84.88999938964844,77268800
2007-07-17,IWM,65.6038589477539,84.54000091552734,85.05999755859375,84.45999908447266,84.62000274658203,57654400
2007-07-18,IWM,65.39431762695312,84.2699966430664,84.33000183105469,83.08999633789062,84.06999969482422,97201600
2007-07-19,IWM,65.58055877685547,84.51000213623047,84.94999694824219,84.47000122070312,84.75,61461700
2007-07-20,IWM,64.60279083251953,83.25,84.7699966430664,82.58999633789062,84.37999725341797,154037700
2007-07-23,IWM,64.36224365234375,82.94000244140625,83.8499984741211,82.94000244140625,83.62999725341797,67737500
2007-07-24,IWM,62.85679626464844,81.0,82.19999694824219,80.48999786376953,82.0999984741211,158240800
2007-07-25,IWM,62.62401580810547,80.69999694824219,81.7699966430664,79.83000183105469,81.45999908447266,164307600
2007-07-26,IWM,60.94782638549805,78.54000091552734,80.86000061035156,77.55000305175781,79.20999908447266,244724700
2007-07-27,IWM,59.46562576293945,76.62999725341797,79.19999694824219,76.43000030517578,78.3499984741211,202037300
2007-07-30,IWM,60.497711181640625,77.95999908447266,78.41999816894531,76.55000305175781,77.30999755859375,149169600
2007-07-31,IWM,59.83034896850586,77.0999984741211,79.1500015258789,76.73999786376953,78.93000030517578,187777400
2007-08-01,IWM,60.15626525878906,77.5199966430664,77.95999908447266,76.11000061035156,76.87000274658203,185942500
2007-08-02,IWM,60.62960433959961,78.12999725341797,78.5,77.30000305175781,77.94000244140625,105762800
2007-08-03,IWM,58.47232437133789,75.3499984741211,78.20999908447266,74.95999908447266,78.01000213623047,158340000
2007-08-06,IWM,59.000030517578125,76.02999877929688,76.43000030517578,73.91999816894531,75.62000274658203,208307700
2007-08-07,IWM,59.9079475402832,77.19999694824219,77.66999816894531,75.5,75.87999725341797,179153900
2007-08-08,IWM,61.7082633972168,79.5199966430664,80.0999984741211,77.81999969482422,77.88999938964844,259607000
2007-08-09,IWM,60.2882194519043,77.69000244140625,79.41000366210938,77.5999984741211,77.6500015258789,204699000
2007-08-10,IWM,60.5753288269043,78.05999755859375,79.7699966430664,76.43000030517578,76.91000366210938,267042500
2007-08-13,IWM,60.24941635131836,77.63999938964844,79.95999908447266,77.52999877929688,79.38999938964844,116492000
2007-08-14,IWM,59.21731185913086,76.30999755859375,78.18000030517578,75.94000244140625,77.97000122070312,113169000
2007-08-15,IWM,58.35596466064453,75.19999694824219,77.4000015258789,74.73999786376953,75.97000122070312,145850300
2007-08-16,IWM,59.6518669128418,76.87000274658203,76.93000030517578,73.23999786376953,74.66999816894531,347851600
2007-08-17,IWM,60.84694290161133,78.41000366210938,80.05999755859375,76.58999633789062,79.20999908447266,215542300
2007-08-20,IWM,60.89348602294922,78.47000122070312,79.06999969482422,77.47000122070312,78.66999816894531,126893400
2007-08-21,IWM,61.06418991088867,78.69000244140625,79.08999633789062,78.0,78.47000122070312,92754900
2007-08-22,IWM,61.79363250732422,79.62999725341797,79.79000091552734,78.93000030517578,79.37999725341797,70351700
2007-08-23,IWM,61.00216293334961,78.61000061035156,80.12000274658203,78.30999755859375,79.94999694824219,105471500
2007-08-24,IWM,61.79363250732422,79.62999725341797,79.69999694824219,78.36000061035156,78.58000183105469,64735000
2007-08-27,IWM,60.94004440307617,78.52999877929688,79.47000122070312,78.48999786376953,79.36000061035156,60380700
2007-08-28,IWM,59.40353012084961,76.55000305175781,78.19000244140625,76.4000015258789,78.08000183105469,86275800
2007-08-29,IWM,60.96330642700195,78.55999755859375,78.55999755859375,76.7699966430664,76.9800033569336,70723200
2007-08-30,IWM,60.55203628540039,78.02999877929688,78.94999694824219,77.5,77.62000274658203,63330500
2007-08-31,IWM,61.10298538208008,78.73999786376953,79.33000183105469,78.30999755859375,79.13999938964844,47035900
2007-09-04,IWM,61.88676834106445,79.75,80.31999969482422,78.58000183105469,78.68000030517578,61375400
2007-09-05,IWM,61.312538146972656,79.01000213623047,79.80000305175781,78.45999908447266,79.27999877929688,67145300
2007-09-06,IWM,61.328060150146484,79.02999877929688,79.37000274658203,78.19999694824219,79.06999969482422,65069100
2007-09-07,IWM,60.31925964355469,77.7300033569336,77.93000030517578,76.98999786376953,77.7699966430664,107970400
2007-09-10,IWM,59.481143951416016,76.6500015258789,77.95999908447266,75.62000274658203,77.91000366210938,99748500
2007-09-11,IWM,60.520999908447266,77.98999786376953,78.05999755859375,77.04000091552734,77.18000030517578,84890600
2007-09-12,IWM,60.140769958496094,77.5,78.16000366210938,77.37999725341797,77.66999816894531,62793300
2007-09-13,IWM,60.2882194519043,77.69000244140625,78.52999877929688,77.16999816894531,78.0199966430664,72390100
2007-09-14,IWM,60.59858322143555,78.08999633789062,78.27999877929688,76.77999877929688,76.9000015258789,61830800
2007-09-17,IWM,59.93121337890625,77.2300033569336,78.12000274658203,77.19000244140625,77.87999725341797,53416800
2007-09-18,IWM,62.48429870605469,80.5199966430664,80.5999984741211,77.23999786376953,77.80999755859375,138693800
2007-09-19,IWM,63.322418212890625,81.5999984741211,82.0999984741211,77.26000213623047,81.2699966430664,114738300
2007-09-20,IWM,62.69385528564453,80.79000091552734,81.54000091552734,80.25,81.5,128460700
2007-09-21,IWM,62.82575607299805,80.95999908447266,81.55999755859375,80.86000061035156,81.27999877929688,57473900
2007-09-24,IWM,62.34459686279297,80.33999633789062,81.37000274658203,80.08999633789062,81.0999984741211,87072300
2007-09-25,IWM,62.09181213378906,79.81999969482422,80.06999969482422,79.27999877929688,79.63999938964844,54940900
2007-09-26,IWM,62.63636779785156,80.5199966430664,80.91999816894531,79.81999969482422,80.5,65425300
2007-09-27,IWM,63.00971984863281,81.0,81.08000183105469,80.52999877929688,80.93000030517578,63248800
2007-09-28,IWM,62.26295471191406,80.04000091552734,81.25,79.93000030517578,80.97000122070312,90453200
2007-10-01,IWM,63.81098175048828,82.02999877929688,82.23999786376953,80.12999725341797,80.12999725341797,98833600
2007-10-02,IWM,64.2232437133789,82.55999755859375,82.87000274658203,82.18000030517578,82.30000305175781,53654700
2007-10-03,IWM,64.04431915283203,82.33000183105469,82.76000213623047,81.95999908447266,82.31999969482422,56474400
2007-10-04,IWM,64.14544677734375,82.45999908447266,82.72000122070312,81.98999786376953,82.55999755859375,35783300
2007-10-05,IWM,65.44452667236328,84.12999725341797,84.41999816894531,82.9800033569336,83.47000122070312,92101800
2007-10-08,IWM,64.95447540283203,83.5,84.18000030517578,83.25,83.91000366210938,34535400
2007-10-09,IWM,65.4834213256836,84.18000030517578,84.33000183105469,83.30000305175781,83.93000030517578,57974000
2007-10-10,IWM,65.4289779663086,84.11000061035156,84.2300033569336,83.44000244140625,84.04000091552734,50123200
2007-10-11,IWM,64.68999481201172,83.16000366210938,84.88999938964844,82.66000366210938,84.58999633789062,93750000
2007-10-12,IWM,65.20343017578125,83.81999969482422,84.08000183105469,83.20999908447266,83.27999877929688,60997500
2007-10-15,IWM,64.44883728027344,82.8499984741211,83.87000274658203,82.02999877929688,83.80000305175781,80770400
2007-10-16,IWM,63.709835052490234,81.9000015258789,84.18000030517578,81.87999725341797,82.37000274658203,59345400
2007-10-17,IWM,63.95875549316406,82.22000122070312,82.91999816894531,81.05999755859375,82.80000305175781,90253500
2007-10-18,IWM,63.80315399169922,82.0199966430664,82.38999938964844,81.38999938964844,81.68000030517578,68562200
2007-10-19,IWM,61.52394485473633,79.08999633789062,82.12000274658203,79.0,81.91000366210938,128571100
2007-10-22,IWM,62.82304763793945,80.76000213623047,80.94000244140625,78.3499984741211,78.54000091552734,138153000
2007-10-23,IWM,63.30534362792969,81.37999725341797,81.54000091552734,80.19000244140625,81.41000366210938,84843000
2007-10-24,IWM,62.900814056396484,80.86000061035156,81.16999816894531,79.11000061035156,80.87000274658203,126810300
2007-10-25,IWM,62.74524688720703,80.66000366210938,81.5,79.58999633789062,81.08000183105469,116690000
2007-10-26,IWM,63.795406341552734,82.01000213623047,82.01000213623047,80.47000122070312,81.37000274658203,79290000
2007-10-29,IWM,63.725364685058594,81.91999816894531,82.44000244140625,81.38999938964844,82.22000122070312,56217000
2007-10-30,IWM,63.21974182128906,81.2699966430664,81.95999908447266,80.95999908447266,81.51000213623047,59967000
2007-10-31,IWM,64.03653717041016,82.31999969482422,82.80000305175781,80.7699966430664,81.62999725341797,107684000
2007-11-01,IWM,61.5628662109375,79.13999938964844,81.4000015258789,79.0,81.37000274658203,171158000
2007-11-02,IWM,61.8662109375,79.52999877929688,80.12999725341797,78.3499984741211,80.0999984741211,130182000
2007-11-05,IWM,61.049434661865234,78.4800033569336,79.2300033569336,78.05000305175781,78.44000244140625,98542900
2007-11-06,IWM,62.20069885253906,79.95999908447266,80.0,78.02999877929688,78.98999786376953,94974000
2007-11-07,IWM,60.27155303955078,77.4800033569336,79.12000274658203,77.16999816894531,78.9000015258789,112492300
2007-11-08,IWM,60.450462341308594,77.70999908447266,78.16000366210938,75.81999969482422,78.12999725341797,120883000
2007-11-09,IWM,59.78145217895508,76.8499984741211,77.75,76.12999725341797,76.73999786376953,104492000
2007-11-12,IWM,59.20580291748047,76.11000061035156,78.11000061035156,76.02999877929688,76.88999938964844,106800000
2007-11-13,IWM,61.06498718261719,78.5,78.73999786376953,77.12999725341797,77.18000030517578,105192100
2007-11-14,IWM,60.7149543762207,78.05000305175781,79.2300033569336,77.5999984741211,79.16999816894531,76347400
2007-11-15,IWM,59.85149002075195,76.94000244140625,77.88999938964844,76.23999786376953,77.62000274658203,114145000
2007-11-16,IWM,59.34580993652344,76.29000091552734,77.36000061035156,75.54000091552734,77.31999969482422,123470600
2007-11-19,IWM,58.062313079833984,74.63999938964844,76.04000091552734,74.31999969482422,75.88999938964844,116186400
2007-11-20,IWM,58.39681625366211,75.06999969482422,75.55999755859375,73.3499984741211,74.69999694824219,129813600
2007-11-21,IWM,57.175514221191406,73.5,74.69999694824219,73.0,74.55999755859375,94961400
2007-11-23,IWM,58.38900375366211,75.05999755859375,76.0,74.11000061035156,74.36000061035156,50849400
2007-11-26,IWM,56.86434555053711,73.0999984741211,75.62000274658203,72.98999786376953,75.3499984741211,96764900
2007-11-27,IWM,57.525543212890625,73.94999694824219,74.4000015258789,73.16000366210938,73.55000305175781,80871400
2007-11-28,IWM,59.7969970703125,76.87000274658203,76.88999938964844,74.86000061035156,74.91000366210938,112697000
2007-11-29,IWM,59.2835807800293,76.20999908447266,76.95999908447266,75.91000366210938,76.58000183105469,57418400
2007-11-30,IWM,59.62588119506836,76.6500015258789,77.94999694824219,76.1500015258789,77.43000030517578,84981400
2007-12-03,IWM,58.92576599121094,75.75,76.75,75.69999694824219,76.55000305175781,61964100
2007-12-04,IWM,58.303443908691406,74.94999694824219,75.55999755859375,74.55999755859375,75.0199966430664,57670000
2007-12-05,IWM,59.4625129699707,76.44000244140625,76.62000274658203,75.5199966430664,76.19000244140625,70221700
2007-12-06,IWM,60.870548248291016,78.25,78.44000244140625,76.16999816894531,76.20999908447266,93204000
2007-12-07,IWM,61.05721664428711,78.48999786376953,78.80000305175781,77.87999725341797,78.70999908447266,59125400
2007-12-10,IWM,61.53948211669922,79.11000061035156,79.25,78.19999694824219,78.5,49937400
2007-12-11,IWM,59.39250564575195,76.3499984741211,79.58000183105469,76.25,79.27999877929688,120369300
2007-12-12,IWM,59.82810974121094,76.91000366210938,78.80999755859375,76.08999633789062,78.70999908447266,112505300
2007-12-13,IWM,59.50140380859375,76.48999786376953,76.88999938964844,75.63999938964844,76.2699966430664,89826800
2007-12-14,IWM,58.34232711791992,75.0,76.87000274658203,74.94999694824219,75.76000213623047,75866900
2007-12-17,IWM,57.4477653503418,73.8499984741211,75.20999908447266,73.75,74.81999969482422,71635600
2007-12-18,IWM,58.47456359863281,75.16999816894531,75.41000366210938,73.3499984741211,74.66999816894531,114501900
2007-12-19,IWM,58.886871337890625,75.69999694824219,75.7300033569336,74.72000122070312,75.08999633789062,85850100
2007-12-20,IWM,59.773681640625,76.83999633789062,77.01000213623047,74.81999969482422,76.20999908447266,121965700
2007-12-21,IWM,61.142765045166016,78.5999984741211,78.5999984741211,77.63999938964844,77.87999725341797,83426900
2007-12-24,IWM,61.58619689941406,79.16999816894531,79.33000183105469,78.58999633789062,78.70999908447266,29867000
2007-12-26,IWM,61.8740119934082,79.54000091552734,79.83999633789062,78.70999908447266,78.83999633789062,65572400
2007-12-27,IWM,60.40432357788086,77.38999938964844,79.08000183105469,76.91000366210938,78.86000061035156,71490100
2007-12-28,IWM,59.7564582824707,76.55999755859375,78.01000213623047,76.55999755859375,77.91999816894531,48207400
2007-12-31,IWM,59.24131393432617,75.9000015258789,76.80000305175781,75.58000183105469,76.44999694824219,73932400
2008-01-02,IWM,58.663719177246094,75.16000366210938,76.5,74.58999633789062,76.1500015258789,94259600
2008-01-03,IWM,58.015899658203125,74.33000183105469,75.62000274658203,74.02999877929688,75.2699966430664,78036800
2008-01-04,IWM,56.26753234863281,72.08999633789062,73.33000183105469,71.61000061035156,73.23999786376953,123498600
2008-01-07,IWM,56.39242935180664,72.25,72.8499984741211,71.06999969482422,72.27999877929688,139672900
2008-01-08,IWM,54.65185546875,70.0199966430664,73.2699966430664,70.0199966430664,72.31999969482422,157222700
2008-01-09,IWM,55.20602798461914,70.7300033569336,71.0,68.62000274658203,69.93000030517578,140191600
2008-01-10,IWM,55.96312713623047,71.69999694824219,72.31999969482422,69.86000061035156,70.11000061035156,153878400
2008-01-11,IWM,54.8079833984375,70.22000122070312,71.5,69.91000366210938,71.27999877929688,120320000
2008-01-14,IWM,55.26066970825195,70.80000305175781,71.19000244140625,70.26000213623047,71.01000213623047,71078600
2008-01-15,IWM,54.246009826660156,69.5,70.16000366210938,69.06999969482422,69.87999725341797,95261600
2008-01-16,IWM,54.300621032714844,69.56999969482422,70.70999908447266,68.72000122070312,69.23999786376953,135714800
2008-01-17,IWM,52.98155212402344,67.87999725341797,70.0999984741211,67.68000030517578,69.9800033569336,123268100
2008-01-18,IWM,52.4664192199707,67.22000122070312,68.80999755859375,66.29000091552734,68.12000274658203,131880200
2008-01-22,IWM,52.09176254272461,66.73999786376953,68.12999725341797,64.19000244140625,64.47000122070312,150963700
2008-01-23,IWM,53.87134552001953,69.0199966430664,69.9800033569336,65.08999633789062,65.30000305175781,183099500
2008-01-24,IWM,53.83232498168945,68.97000122070312,70.2300033569336,68.27999877929688,69.4800033569336,113683300
2008-01-25,IWM,53.44206619262695,68.47000122070312,70.22000122070312,68.08000183105469,69.95999908447266,95436000
2008-01-28,IWM,54.57381057739258,69.91999816894531,69.97000122070312,67.70999908447266,68.31999969482422,81259000
2008-01-29,IWM,54.71427536010742,70.0999984741211,70.38999938964844,69.12000274658203,70.38999938964844,75340700
2008-01-30,IWM,54.02745056152344,69.22000122070312,71.4000015258789,69.0999984741211,69.72000122070312,126086600
2008-01-31,IWM,55.369937896728516,70.94000244140625,71.55999755859375,68.0,68.11000061035156,117643600
2008-02-01,IWM,56.673397064208984,72.61000061035156,72.87999725341797,71.0,71.33000183105469,100612100
2008-02-04,IWM,56.033382415771484,71.79000091552734,72.5999984741211,71.68000030517578,72.54000091552734,54583900
2008-02-05,IWM,54.597225189208984,69.94999694824219,71.56999969482422,69.80000305175781,70.69000244140625,125988100
2008-02-06,IWM,53.87134552001953,69.0199966430664,70.87999725341797,68.83999633789062,70.41999816894531,97259100
2008-02-07,IWM,54.72210693359375,70.11000061035156,70.5199966430664,68.47000122070312,68.63999938964844,125972100
2008-02-08,IWM,54.37868118286133,69.66999816894531,70.63999938964844,69.0,69.94999694824219,86493200
2008-02-11,IWM,54.402103424072266,69.69999694824219,70.19999694824219,68.7300033569336,69.66000366210938,80655800
2008-02-12,IWM,54.83138656616211,70.25,71.05000305175781,69.72000122070312,70.0999984741211,76564500
2008-02-13,IWM,56.07242965698242,71.83999633789062,71.94999694824219,70.69999694824219,71.0199966430664,86241400
2008-02-14,IWM,54.77674102783203,70.18000030517578,72.18000030517578,70.0199966430664,72.0999984741211,78328200
2008-02-15,IWM,54.53477096557617,69.87000274658203,70.12999725341797,69.1500015258789,69.80000305175781,64549100
2008-02-19,IWM,55.20602798461914,70.7300033569336,71.01000213623047,69.62000274658203,70.87999725341797,50724600
2008-02-20,IWM,55.23723220825195,70.7699966430664,70.91000366210938,69.16999816894531,69.54000091552734,71204100
2008-02-21,IWM,54.18355941772461,69.41999816894531,71.75,69.23999786376953,71.26000213623047,85702100
2008-02-22,IWM,54.18355941772461,69.41999816894531,69.51000213623047,68.04000091552734,69.51000213623047,84228000
2008-02-25,IWM,55.23723220825195,70.7699966430664,71.0,69.02999877929688,69.37999725341797,76367400
2008-02-26,IWM,55.752403259277344,71.43000030517578,72.19999694824219,70.30999755859375,70.37000274658203,92917400
2008-02-27,IWM,55.728965759277344,71.4000015258789,72.23999786376953,70.70999908447266,70.83999633789062,85186500
2008-02-28,IWM,54.88600158691406,70.31999969482422,71.13999938964844,69.9800033569336,70.7699966430664,68720700
2008-02-29,IWM,53.746456146240234,68.86000061035156,69.69999694824219,68.0999984741211,69.5999984741211,98588500
2008-03-03,IWM,53.23131561279297,68.19999694824219,68.72000122070312,67.20999908447266,68.38999938964844,84853500
2008-03-04,IWM,52.919124603271484,67.80000305175781,68.43000030517578,66.77999877929688,67.56999969482422,90523200
2008-03-05,IWM,53.42644119262695,68.44999694824219,68.69999694824219,67.43000030517578,68.20999908447266,92841800
2008-03-06,IWM,51.64687728881836,66.16999816894531,68.18000030517578,65.93000030517578,67.91000366210938,104781300
2008-03-07,IWM,51.48295974731445,65.95999908447266,66.83999633789062,65.19999694824219,65.36000061035156,119085300
2008-03-10,IWM,50.34341049194336,64.5,66.05999755859375,64.0999984741211,66.0199966430664,82737100
2008-03-11,IWM,52.52885818481445,67.30000305175781,67.30000305175781,64.22000122070312,66.47000122070312,117570000
2008-03-12,IWM,51.9200553894043,66.5199966430664,68.04000091552734,66.5,67.19999694824219,92575100
2008-03-13,IWM,52.95814895629883,67.8499984741211,67.9800033569336,65.19999694824219,65.87999725341797,123504200
2008-03-14,IWM,51.62344741821289,66.13999938964844,68.3499984741211,65.3499984741211,68.3499984741211,176997100
2008-03-17,IWM,50.780494689941406,65.05999755859375,65.94000244140625,64.2300033569336,64.2300033569336,126969000
2008-03-18,IWM,53.11425018310547,68.05000305175781,68.18000030517578,65.30999755859375,66.61000061035156,161001200
2008-03-19,IWM,51.78737258911133,66.3499984741211,68.93000030517578,66.25,68.58999633789062,132792600
2008-03-20,IWM,52.66935348510742,67.4800033569336,68.0999984741211,66.38999938964844,66.44999694824219,103328000
2008-03-24,IWM,54.71764373779297,69.98999786376953,70.3499984741211,67.94999694824219,68.16999816894531,90751700
2008-03-25,IWM,54.8974494934082,70.22000122070312,70.43000030517578,69.27999877929688,69.94000244140625,50600
2008-03-26,IWM,54.44400405883789,69.63999938964844,70.2699966430664,69.33999633789062,69.93000030517578,63054100
2008-03-27,IWM,53.94366455078125,69.0,70.08000183105469,68.97000122070312,70.08000183105469,63938500
2008-03-28,IWM,53.31039810180664,68.19000244140625,69.41000366210938,67.97000122070312,69.11000061035156,228800
2008-03-31,IWM,53.38859939575195,68.29000091552734,69.22000122070312,67.80999755859375,68.20999908447266,64266300
2008-04-01,IWM,55.343074798583984,70.79000091552734,70.81999969482422,69.13999938964844,69.45999908447266,65928500
2008-04-02,IWM,55.47597885131836,70.95999908447266,71.5199966430664,70.37000274658203,70.9000015258789,58947900
2008-04-03,IWM,55.64795684814453,71.18000030517578,71.47000122070312,70.3499984741211,70.43000030517578,57228200
2008-04-04,IWM,55.632347106933594,71.16000366210938,71.88999938964844,70.63999938964844,71.18000030517578,159400
2008-04-07,IWM,55.53855514526367,71.04000091552734,71.86000061035156,70.77999877929688,71.66000366210938,40283000
2008-04-08,IWM,55.48380661010742,70.97000122070312,71.27999877929688,70.37000274658203,70.4800033569336,49572900
2008-04-09,IWM,54.57694625854492,69.80999755859375,71.3499984741211,69.44999694824219,71.08999633789062,71772700
2008-04-10,IWM,55.155460357666016,70.55000305175781,70.88999938964844,69.43000030517578,69.69000244140625,56065900
2008-04-11,IWM,53.74040603637695,68.73999786376953,69.77999877929688,68.41999816894531,69.72000122070312,79545300
2008-04-14,IWM,53.57624053955078,68.52999877929688,69.2699966430664,68.2300033569336,68.63999938964844,57846400
2008-04-15,IWM,53.920223236083984,68.97000122070312,69.08000183105469,68.2699966430664,68.87000274658203,45940300
2008-04-16,IWM,55.66361618041992,71.19999694824219,71.27999877929688,69.68000030517578,69.68000030517578,72389400
2008-04-17,IWM,55.444725036621094,70.91999816894531,71.13999938964844,70.1500015258789,70.83999633789062,48815600
2008-04-18,IWM,56.031044006347656,71.66999816894531,72.2699966430664,71.47000122070312,72.01000213623047,70736400
2008-04-21,IWM,56.038875579833984,71.68000030517578,71.83000183105469,71.2300033569336,71.3499984741211,40019000
2008-04-22,IWM,55.014739990234375,70.37000274658203,71.26000213623047,69.51000213623047,71.25,68800
2008-04-23,IWM,55.155460357666016,70.55000305175781,71.0199966430664,69.94999694824219,70.52999877929688,48056900
2008-04-24,IWM,55.68708419799805,71.2300033569336,71.94000244140625,69.63999938964844,70.5,230600
2008-04-25,IWM,56.210872650146484,71.9000015258789,72.2699966430664,70.80999755859375,71.80999755859375,56252000
2008-04-28,IWM,56.58610916137695,72.37999725341797,72.69999694824219,71.58999633789062,71.93000030517578,35470700
2008-04-29,IWM,56.08576965332031,71.73999786376953,72.37999725341797,71.29000091552734,72.20999908447266,40940300
2008-04-30,IWM,55.81996536254883,71.4000015258789,72.66000366210938,71.0999984741211,71.97000122070312,62315700
2008-05-01,IWM,56.781578063964844,72.62999725341797,72.86000061035156,71.2300033569336,71.45999908447266,55323500
2008-05-02,IWM,56.71903610229492,72.55000305175781,73.5,72.23999786376953,73.41000366210938,58836700
2008-05-05,IWM,56.50014114379883,72.2699966430664,72.69999694824219,71.87999725341797,72.31999969482422,39901300
2008-05-06,IWM,56.96140670776367,72.86000061035156,73.06999969482422,71.66999816894531,71.86000061035156,60503800
2008-05-07,IWM,55.945045471191406,71.55999755859375,73.22000122070312,71.33999633789062,72.9000015258789,57431100
2008-05-08,IWM,56.062339782714844,71.70999908447266,71.97000122070312,71.19000244140625,71.72000122070312,60442700
2008-05-09,IWM,55.89814376831055,71.5,72.12000274658203,71.04000091552734,71.19000244140625,51712800
2008-05-12,IWM,57.12558364868164,73.06999969482422,73.2699966430664,71.80999755859375,71.94999694824219,48246600
2008-05-13,IWM,57.45390701293945,73.48999786376953,73.63999938964844,72.72000122070312,73.30000305175781,52328700
2008-05-14,IWM,57.383544921875,73.4000015258789,74.3499984741211,72.5999984741211,73.6500015258789,60659500
2008-05-15,IWM,57.500831604003906,73.55000305175781,74.29000091552734,73.0999984741211,73.47000122070312,46599700
2008-05-16,IWM,57.813533782958984,73.94999694824219,74.5199966430664,73.08999633789062,74.45999908447266,64245200
2008-05-19,IWM,57.82917785644531,73.97000122070312,74.73999786376953,73.47000122070312,74.02999877929688,102762700
2008-05-20,IWM,57.61809539794922,73.69999694824219,73.7300033569336,72.80000305175781,73.44000244140625,82109000
2008-05-21,IWM,56.79722213745117,72.6500015258789,74.2300033569336,72.25,73.62000274658203,100026600
2008-05-22,IWM,57.203739166259766,73.16999816894531,73.55999755859375,72.69000244140625,72.79000091552734,60034900
2008-05-23,IWM,56.45320510864258,72.20999908447266,73.19000244140625,71.7300033569336,72.8499984741211,64498000
2008-05-27,IWM,57.32101821899414,73.31999969482422,73.41999816894531,72.3499984741211,72.37999725341797,62334000
2008-05-28,IWM,57.586849212646484,73.66000366210938,73.76000213623047,72.91999816894531,73.63999938964844,54387400
2008-05-29,IWM,58.17316436767578,74.41000366210938,75.0199966430664,73.47000122070312,73.51000213623047,69851700
2008-05-30,IWM,58.37643051147461,74.66999816894531,74.80999755859375,74.1500015258789,74.48999786376953,41633900
2008-06-02,IWM,57.844783782958984,73.98999786376953,74.62999725341797,73.22000122070312,74.56999969482422,69923200
2008-06-03,IWM,57.72755813598633,73.83999633789062,74.6500015258789,73.05999755859375,74.25,87672400
2008-06-04,IWM,58.08718490600586,74.30000305175781,74.94999694824219,73.33999633789062,73.58000183105469,85092200
2008-06-05,IWM,59.57258224487305,76.19999694824219,76.2300033569336,74.25,74.43000030517578,106082100
2008-06-06,IWM,57.79010009765625,73.91999816894531,75.81999969482422,73.9000015258789,75.75,123993000
2008-06-09,IWM,57.60247802734375,73.68000030517578,74.38999938964844,72.77999877929688,74.12000274658203,98998100
2008-06-10,IWM,57.180267333984375,73.13999938964844,73.63999938964844,72.25,73.01000213623047,98697900
2008-06-11,IWM,56.18739700317383,71.87000274658203,73.22000122070312,71.7699966430664,73.05000305175781,97453600
2008-06-12,IWM,56.3046760559082,72.0199966430664,73.0999984741211,71.62999725341797,72.27999877929688,98505200
2008-06-13,IWM,57.32101821899414,73.31999969482422,73.3499984741211,72.30999755859375,72.66000366210938,84102300
2008-06-16,IWM,57.680660247802734,73.77999877929688,74.08999633789062,72.94999694824219,73.05000305175781,67157700
2008-06-17,IWM,57.633724212646484,73.72000122070312,74.26000213623047,73.55000305175781,74.18000030517578,52324000
2008-06-18,IWM,57.17244338989258,73.12999725341797,73.48999786376953,72.48999786376953,73.29000091552734,88091900
2008-06-19,IWM,57.64937973022461,73.73999786376953,73.80000305175781,72.72000122070312,73.11000061035156,105967200
2008-06-20,IWM,56.73467254638672,72.56999969482422,73.44999694824219,71.8499984741211,73.44999694824219,121586400
2008-06-23,IWM,56.20304870605469,71.88999938964844,72.98999786376953,71.86000061035156,72.91999816894531,73028000
2008-06-24,IWM,55.27272415161133,70.69999694824219,71.88999938964844,70.61000061035156,71.44999694824219,112302100
2008-06-25,IWM,55.89814376831055,71.5,72.0999984741211,70.86000061035156,70.95999908447266,116515200
2008-06-26,IWM,54.45967102050781,69.66000366210938,70.94999694824219,69.61000061035156,70.80999755859375,114823500
2008-06-27,IWM,54.5143928527832,69.7300033569336,70.25,69.0,69.70999908447266,118012300
2008-06-30,IWM,53.98278045654297,69.05000305175781,70.20999908447266,68.91999816894531,69.86000061035156,115067900
2008-07-01,IWM,54.02185821533203,69.0999984741211,69.26000213623047,67.62000274658203,68.23999786376953,150735900
2008-07-02,IWM,52.489315032958984,66.88999938964844,69.18000030517578,66.8499984741211,68.91999816894531,148254900
2008-07-03,IWM,52.20682144165039,66.52999877929688,66.98999786376953,65.80000305175781,66.9000015258789,166200
2008-07-07,IWM,51.54766082763672,65.69000244140625,67.04000091552734,64.94000244140625,66.7300033569336,125544000
2008-07-08,IWM,53.41526412963867,68.06999969482422,68.13999938964844,65.25,65.79000091552734,131778100
2008-07-09,IWM,51.98709487915039,66.25,68.55000305175781,66.0,68.0999984741211,131076400
2008-07-10,IWM,52.49716567993164,66.9000015258789,67.44999694824219,65.95999908447266,66.06999969482422,131228600
2008-07-11,IWM,52.787498474121094,67.2699966430664,67.77999877929688,65.66999816894531,66.25,131381400
2008-07-14,IWM,51.916473388671875,66.16000366210938,67.9000015258789,65.86000061035156,67.77999877929688,113936200
2008-07-15,IWM,51.69675064086914,65.87999725341797,67.27999877929688,64.5199966430664,65.55000305175781,143442400
2008-07-16,IWM,53.595760345458984,68.30000305175781,68.48999786376953,65.79000091552734,66.30999755859375,112222900
2008-07-17,IWM,53.67420959472656,68.4000015258789,69.54000091552734,68.08000183105469,68.72000122070312,115518700
2008-07-18,IWM,54.05088424682617,68.87999725341797,69.8499984741211,68.52999877929688,69.76000213623047,99585800
2008-07-21,IWM,54.710052490234375,69.72000122070312,69.75,68.9800033569336,69.37000274658203,70224400
2008-07-22,IWM,56.08329772949219,71.47000122070312,71.58999633789062,69.0199966430664,69.19000244140625,136363600
2008-07-23,IWM,56.44424819946289,71.93000030517578,72.48999786376953,71.18000030517578,71.37999725341797,118339100
2008-07-24,IWM,55.01608657836914,70.11000061035156,71.93000030517578,69.86000061035156,71.87000274658203,112118900
2008-07-25,IWM,55.46337127685547,70.68000030517578,71.41000366210938,70.20999908447266,70.69000244140625,112551100
2008-07-28,IWM,54.52170181274414,69.4800033569336,70.83999633789062,69.22000122070312,70.63999938964844,82119100
2008-07-29,IWM,55.8557014465332,71.18000030517578,71.4000015258789,69.61000061035156,69.68000030517578,122965400
2008-07-30,IWM,56.19314193725586,71.61000061035156,72.06999969482422,70.63999938964844,71.58999633789062,153225200
2008-07-31,IWM,55.96558380126953,71.31999969482422,72.01000213623047,70.73999786376953,70.81999969482422,95287500
2008-08-01,IWM,56.03620910644531,71.41000366210938,71.76000213623047,70.31999969482422,71.44000244140625,107406700
2008-08-04,IWM,55.518280029296875,70.75,71.48999786376953,69.80999755859375,71.43000030517578,104200100
2008-08-05,IWM,56.46780776977539,71.95999908447266,71.97000122070312,70.75,70.98999786376953,93469200
2008-08-06,IWM,56.75032424926758,72.31999969482422,72.66000366210938,71.19999694824219,71.69999694824219,79587900
2008-08-07,IWM,55.90283966064453,71.23999786376953,72.33999633789062,70.97000122070312,71.72000122070312,89727900
2008-08-08,IWM,57.3780517578125,73.12000274658203,73.37000274658203,70.9800033569336,71.23999786376953,112771400
2008-08-11,IWM,58.75129318237305,74.87000274658203,75.5999984741211,73.12999725341797,73.2699966430664,174577700
2008-08-12,IWM,58.31183624267578,74.30999755859375,74.88999938964844,74.05999755859375,74.63999938964844,128837600
2008-08-13,IWM,58.52375411987305,74.58000183105469,74.94999694824219,73.52999877929688,74.25,151007500
2008-08-14,IWM,59.088741302490234,75.30000305175781,75.63999938964844,74.05999755859375,74.16999816894531,118194800
2008-08-15,IWM,58.93177795410156,75.0999984741211,76.2699966430664,74.4800033569336,75.73999786376953,98174800
2008-08-18,IWM,58.17061233520508,74.12999725341797,75.41999816894531,73.55999755859375,75.2699966430664,97838400
2008-08-19,IWM,57.20539855957031,72.9000015258789,73.83000183105469,72.44000244140625,73.62999725341797,105131600
2008-08-20,IWM,57.283897399902344,73.0,73.81999969482422,72.27999877929688,73.16999816894531,101308300
2008-08-21,IWM,56.62474060058594,72.16000366210938,72.94999694824219,72.05000305175781,72.54000091552734,83526000
2008-08-22,IWM,57.817508697509766,73.68000030517578,73.80999755859375,72.62000274658203,72.75,77915300
2008-08-25,IWM,56.5462760925293,72.05999755859375,73.68000030517578,70.69000244140625,73.22000122070312,88256100
2008-08-26,IWM,56.632564544677734,72.16999816894531,72.58000183105469,71.45999908447266,72.18000030517578,53866300
2008-08-27,IWM,57.30745315551758,73.02999877929688,73.51000213623047,72.11000061035156,72.19999694824219,62031400
2008-08-28,IWM,58.468788146972656,74.51000213623047,74.6500015258789,73.02999877929688,73.37000274658203,75512600
2008-08-29,IWM,57.96660232543945,73.87000274658203,74.5199966430664,73.52999877929688,74.16999816894531,83919800
2008-09-02,IWM,57.950897216796875,73.8499984741211,75.5,73.0,75.01000213623047,112584000
2008-09-03,IWM,58.18632888793945,74.1500015258789,74.69999694824219,73.38999938964844,73.6500015258789,96282200
2008-09-04,IWM,56.35793685913086,71.81999969482422,73.68000030517578,71.4800033569336,73.5199966430664,126675300
2008-09-05,IWM,56.21672058105469,71.63999938964844,72.11000061035156,70.13999938964844,71.54000091552734,122285000
2008-09-08,IWM,56.875831604003906,72.4800033569336,74.3499984741211,71.63999938964844,74.0199966430664,148091600
2008-09-09,IWM,55.56538772583008,70.80999755859375,73.8499984741211,70.55999755859375,73.23999786376953,132381100
2008-09-10,IWM,56.08329772949219,71.47000122070312,72.18000030517578,70.43000030517578,71.56999969482422,126869000
2008-09-11,IWM,56.43640899658203,71.91999816894531,72.0,69.9000015258789,70.5199966430664,144283600
2008-09-12,IWM,56.695369720458984,72.25,72.38999938964844,71.04000091552734,71.31999969482422,117705200
2008-09-15,IWM,54.152889251708984,69.01000213623047,71.48999786376953,68.79000091552734,70.1500015258789,168634300
2008-09-16,IWM,55.71446990966797,71.0,71.0,67.7300033569336,67.80000305175781,252238200
2008-09-17,IWM,53.20340347290039,67.80000305175781,70.06999969482422,67.44999694824219,69.94999694824219,266078500
2008-09-18,IWM,56.34225082397461,71.80000305175781,72.1500015258789,67.16000366210938,69.4000015258789,355117000
2008-09-19,IWM,58.853309631347656,75.0,86.05000305175781,73.94999694824219,78.91999816894531,138448700
2008-09-22,IWM,56.45994186401367,71.94999694824219,75.36000061035156,70.22000122070312,75.19999694824219,98340700
2008-09-23,IWM,55.70662307739258,70.98999786376953,72.62000274658203,70.80999755859375,72.0,92894300
2008-09-24,IWM,54.99890899658203,69.94000244140625,71.02999877929688,68.9000015258789,70.83000183105469,91760200
2008-09-25,IWM,55.281982421875,70.30000305175781,71.26000213623047,69.88999938964844,69.91999816894531,115328200
2008-09-26,IWM,55.5414924621582,70.62999725341797,70.69000244140625,68.79000091552734,69.01000213623047,94646800
2008-09-29,IWM,51.15353775024414,65.05000305175781,70.33000183105469,65.05000305175781,69.2300033569336,150003200
2008-09-30,IWM,53.47332000732422,68.0,68.38999938964844,65.05000305175781,65.87000274658203,107271100
2008-10-01,IWM,52.70269012451172,67.0199966430664,67.3499984741211,66.29000091552734,67.19000244140625,69571300
2008-10-02,IWM,49.9975700378418,63.58000183105469,67.02999877929688,63.41999816894531,66.62999725341797,116143300
2008-10-03,IWM,49.3055534362793,62.70000076293945,65.63999938964844,61.72999954223633,64.36000061035156,118870500
2008-10-06,IWM,46.96217727661133,59.720001220703125,60.720001220703125,56.380001068115234,60.560001373291016,172301800
2008-10-07,IWM,43.87959289550781,55.79999923706055,60.43000030517578,55.630001068115234,60.20000076293945,152283000
2008-10-08,IWM,42.825836181640625,54.459999084472656,56.95000076293945,53.5099983215332,53.810001373291016,173741000
2008-10-09,IWM,39.31076431274414,49.9900016784668,55.93000030517578,49.45000076293945,55.650001525878906,154548100
2008-10-10,IWM,41.24523162841797,52.45000076293945,54.66999816894531,46.5099983215332,47.65999984741211,205089400
2008-10-13,IWM,44.80751419067383,56.97999954223633,57.380001068115234,52.45000076293945,54.540000915527344,128725200
2008-10-14,IWM,43.549312591552734,55.380001068115234,58.849998474121094,53.86000061035156,58.75,131474600
2008-10-15,IWM,39.64103698730469,50.40999984741211,54.849998474121094,50.04999923706055,54.45000076293945,109147700
2008-10-16,IWM,42.23604965209961,53.709999084472656,53.880001068115234,48.290000915527344,51.02000045776367,207587400
2008-10-17,IWM,41.048648834228516,52.20000076293945,55.45000076293945,50.720001220703125,51.54999923706055,131845100
2008-10-20,IWM,43.006710052490234,54.689998626708984,54.709999084472656,52.459999084472656,53.25,82673400
2008-10-21,IWM,41.819297790527344,53.18000030517578,54.59000015258789,52.81999969482422,53.95000076293945,83005200
2008-10-22,IWM,39.703941345214844,50.4900016784668,52.459999084472656,49.310001373291016,51.7599983215332,91861700
2008-10-23,IWM,38.524391174316406,48.9900016784668,50.939998626708984,46.68000030517578,50.68000030517578,133202600
2008-10-24,IWM,37.093196868896484,47.16999816894531,48.20000076293945,44.88999938964844,44.95000076293945,105748800
2008-10-27,IWM,35.27667236328125,44.86000061035156,47.66999816894531,44.70000076293945,46.119998931884766,99416400
2008-10-28,IWM,38.09975051879883,48.45000076293945,48.70000076293945,44.08000183105469,45.72999954223633,114981800
2008-10-29,IWM,38.29635238647461,48.70000076293945,50.72999954223633,47.81999969482422,48.5099983215332,94984800
2008-10-30,IWM,40.44315719604492,51.43000030517578,51.47999954223633,49.52000045776367,50.40999984741211,77436600
2008-10-31,IWM,42.267539978027344,53.75,54.09000015258789,50.47999954223633,51.29999923706055,113060500
2008-11-03,IWM,42.322547912597656,53.81999969482422,54.599998474121094,53.380001068115234,53.47999954223633,54872700
2008-11-04,IWM,42.810123443603516,54.439998626708984,55.209999084472656,53.38999938964844,54.93000030517578,79680500
2008-11-05,IWM,40.568973541259766,51.59000015258789,54.439998626708984,51.310001373291016,53.93000030517578,73881200
2008-11-06,IWM,38.99620819091797,49.59000015258789,51.70000076293945,49.540000915527344,51.04999923706055,85233800
2008-11-07,IWM,39.80616760253906,50.619998931884766,51.06999969482422,49.310001373291016,50.06999969482422,62313000
2008-11-10,IWM,38.88611602783203,49.45000076293945,51.84000015258789,48.93000030517578,51.7400016784668,50459600
2008-11-11,IWM,38.04471206665039,48.380001068115234,49.900001525878906,48.0099983215332,48.900001525878906,73187400
2008-11-12,IWM,35.82713317871094,45.560001373291016,48.380001068115234,45.31999969482422,47.61000061035156,75376800
2008-11-13,IWM,38.776031494140625,49.310001373291016,49.45000076293945,43.2400016784668,45.70000076293945,142362300
2008-11-14,IWM,35.89004135131836,45.63999938964844,49.310001373291016,45.5,48.22999954223633,98697500
2008-11-17,IWM,35.5833625793457,45.25,46.58000183105469,44.88999938964844,45.349998474121094,84029400
2008-11-18,IWM,35.41033935546875,45.029998779296875,45.9900016784668,43.099998474121094,45.33000183105469,98246400
2008-11-19,IWM,32.52436065673828,41.36000061035156,45.150001525878906,41.2400016784668,44.779998779296875,96005900
2008-11-20,IWM,30.298946380615234,38.529998779296875,41.93000030517578,38.439998626708984,41.0,140070900
2008-11-21,IWM,31.95818519592285,40.63999938964844,40.849998474121094,37.119998931884766,39.290000915527344,160636700
2008-11-24,IWM,34.20720672607422,43.5,44.040000915527344,40.72999954223633,41.20000076293945,97052300
2008-11-25,IWM,34.77339553833008,44.220001220703125,44.41999816894531,42.65999984741211,44.220001220703125,80072400
2008-11-26,IWM,36.85728073120117,46.869998931884766,47.029998779296875,43.20000076293945,43.27000045776367,88144900
2008-11-28,IWM,37.226863861083984,47.34000015258789,48.2599983215332,46.15999984741211,46.290000915527344,24156600
2008-12-01,IWM,33.043373107910156,42.02000045776367,46.31999969482422,41.5,46.119998931884766,89163400
2008-12-02,IWM,34.78126525878906,44.22999954223633,44.33000183105469,41.959999084472656,42.709999084472656,81228000
2008-12-03,IWM,35.83500289916992,45.56999969482422,45.88999938964844,43.02000045776367,43.150001525878906,102868600
2008-12-04,IWM,34.6475830078125,44.060001373291016,46.45000076293945,43.2599983215332,44.81999969482422,101436300
2008-12-05,IWM,36.251766204833984,46.099998474121094,46.27000045776367,42.34000015258789,43.369998931884766,113947900
2008-12-08,IWM,37.85597229003906,48.13999938964844,48.56999969482422,46.970001220703125,47.22999954223633,99336100
2008-12-09,IWM,36.68428039550781,46.650001525878906,49.40999984741211,46.279998779296875,47.689998626708984,81950900
2008-12-10,IWM,37.54928970336914,47.75,48.439998626708984,46.7599983215332,47.189998626708984,74636500
2008-12-11,IWM,35.646263122558594,45.33000183105469,47.90999984741211,44.790000915527344,47.25,73178000
2008-12-12,IWM,36.873008728027344,46.88999938964844,47.0,44.02000045776367,44.15999984741211,97291600
2008-12-15,IWM,35.685604095458984,45.380001068115234,47.459999084472656,44.619998931884766,47.2599983215332,78607200
2008-12-16,IWM,38.00538635253906,48.33000183105469,48.47999954223633,46.099998474121094,46.2599983215332,109318300
2008-12-17,IWM,38.351402282714844,48.77000045776367,49.5099983215332,47.56999969482422,47.939998626708984,79576900
2008-12-18,IWM,38.10761642456055,48.459999084472656,49.65999984741211,47.31999969482422,48.79999923706055,87888400
2008-12-19,IWM,38.29635238647461,48.70000076293945,50.0099983215332,48.209999084472656,49.0,88221200
2008-12-22,IWM,37.55715560913086,47.7599983215332,48.939998626708984,46.119998931884766,48.91999816894531,75338900
2008-12-23,IWM,37.01122283935547,46.709999084472656,48.0,46.34000015258789,47.72999954223633,64575300
2008-12-24,IWM,37.14591979980469,46.880001068115234,47.11000061035156,46.15999984741211,46.72999954223633,19412400
2008-12-26,IWM,37.67680740356445,47.54999923706055,47.66999816894531,46.72999954223633,47.349998474121094,25104700
2008-12-29,IWM,37.098365783691406,46.81999969482422,47.58000183105469,45.90999984741211,47.36000061035156,41442100
2008-12-30,IWM,38.12845230102539,48.119998931884766,48.20000076293945,46.77000045776367,47.08000183105469,38835200
2008-12-31,IWM,39.01589584350586,49.2400016784668,50.31999969482422,48.13999938964844,48.220001220703125,75369500
2009-01-02,IWM,39.79240417480469,50.220001220703125,50.720001220703125,49.220001220703125,49.7400016784668,51588500
2009-01-05,IWM,39.93503952026367,50.400001525878906,50.79999923706055,49.38999938964844,50.4900016784668,59247000
2009-01-06,IWM,40.60852813720703,51.25,51.90999984741211,50.380001068115234,50.81999969482422,77980800
2009-01-07,IWM,39.41206741333008,49.7400016784668,51.349998474121094,49.029998779296875,50.27000045776367,77662100
2009-01-08,IWM,39.60224533081055,49.97999954223633,50.150001525878906,49.16999816894531,49.380001068115234,59214100
2009-01-09,IWM,38.136356353759766,48.130001068115234,50.189998626708984,47.91999816894531,50.11000061035156,82725900
2009-01-12,IWM,37.003292083740234,46.70000076293945,48.11000061035156,46.5,47.95000076293945,53721400
2009-01-13,IWM,37.49456024169922,47.31999969482422,47.61000061035156,46.40999984741211,46.630001068115234,62644600
2009-01-14,IWM,35.84645080566406,45.2400016784668,46.66999816894531,45.119998931884766,46.31999969482422,74519500
2009-01-15,IWM,36.42487335205078,45.970001220703125,46.52000045776367,43.810001373291016,45.310001373291016,100622800
2009-01-16,IWM,36.82896041870117,46.47999954223633,47.029998779296875,44.970001220703125,46.97999954223633,80512600
2009-01-20,IWM,34.33302688598633,43.33000183105469,46.25,43.310001373291016,45.880001068115234,85180200
2009-01-21,IWM,36.044532775878906,45.4900016784668,45.689998626708984,43.040000915527344,44.0,66088100
2009-01-22,IWM,34.99862289428711,44.16999816894531,45.33000183105469,43.369998931884766,44.52000045776367,69790800
2009-01-23,IWM,35.17293167114258,44.38999938964844,45.0099983215332,42.86000061035156,43.040000915527344,76444000
2009-01-26,IWM,35.56911849975586,44.88999938964844,45.869998931884766,44.18000030517578,44.36000061035156,62967900
2009-01-27,IWM,35.9573860168457,45.380001068115234,45.81999969482422,44.720001220703125,45.06999969482422,54932300
2009-01-28,IWM,37.43907928466797,47.25,47.4900016784668,45.4900016784668,46.25,71034500
2009-01-29,IWM,35.97322463989258,45.400001525878906,47.22999954223633,45.25,46.59000015258789,66434400
2009-01-30,IWM,35.24424362182617,44.47999954223633,46.0099983215332,44.11000061035156,45.7599983215332,58185500
2009-02-02,IWM,35.52948760986328,44.84000015258789,45.13999938964844,43.63999938964844,43.65999984741211,62907300
2009-02-03,IWM,35.78304672241211,45.15999984741211,45.58000183105469,44.45000076293945,45.279998779296875,57452200
2009-02-04,IWM,35.521583557128906,44.83000183105469,46.119998931884766,44.529998779296875,45.209999084472656,65080500
2009-02-05,IWM,35.93359375,45.349998474121094,46.0099983215332,44.20000076293945,44.439998626708984,71623700
2009-02-06,IWM,37.20930862426758,46.959999084472656,47.16999816894531,45.209999084472656,45.41999816894531,53776100
2009-02-09,IWM,37.04290771484375,46.75,47.13999938964844,46.220001220703125,46.790000915527344,55265000
2009-02-10,IWM,35.3314208984375,44.59000015258789,47.099998474121094,44.45000076293945,46.38999938964844,83914300
2009-02-11,IWM,35.46609878540039,44.7599983215332,45.189998626708984,44.09000015258789,44.880001068115234,58417600
2009-02-12,IWM,35.767215728759766,45.13999938964844,45.209999084472656,43.470001220703125,44.099998474121094,79209300
2009-02-13,IWM,35.39479064941406,44.66999816894531,45.70000076293945,44.58000183105469,45.08000183105469,58901500
2009-02-17,IWM,33.99231719970703,42.900001525878906,43.619998931884766,42.83000183105469,43.0,81542900
2009-02-18,IWM,33.50899124145508,42.290000915527344,43.34000015258789,42.130001068115234,43.25,78276200
2009-02-19,IWM,33.041500091552734,41.70000076293945,43.0,41.630001068115234,42.779998779296875,64544300
2009-02-20,IWM,32.59776306152344,41.13999938964844,41.63999938964844,40.189998626708984,40.900001525878906,83388200
2009-02-23,IWM,31.345813751220703,39.560001373291016,41.45000076293945,39.470001220703125,41.380001068115234,78804200
2009-02-24,IWM,32.502681732177734,41.02000045776367,41.369998931884766,39.599998474121094,40.040000915527344,81463900
2009-02-25,IWM,31.829177856445312,40.16999816894531,41.25,39.4900016784668,40.84000015258789,104493600
2009-02-26,IWM,31.234893798828125,39.41999816894531,40.75,39.209999084472656,40.59000015258789,68400200
2009-02-27,IWM,31.020971298217773,39.150001525878906,39.880001068115234,38.63999938964844,38.720001220703125,87450900
2009-03-02,IWM,29.26983642578125,36.939998626708984,38.41999816894531,36.81999969482422,38.2599983215332,83622800
2009-03-03,IWM,28.715187072753906,36.2400016784668,37.470001220703125,36.02000045776367,37.43000030517578,67796200
2009-03-04,IWM,29.309467315673828,36.9900016784668,37.650001525878906,36.220001220703125,36.790000915527344,80120300
2009-03-05,IWM,27.748519897460938,35.02000045776367,36.689998626708984,34.91999816894531,36.25,97980100
2009-03-06,IWM,27.891128540039062,35.20000076293945,35.880001068115234,34.31999969482422,35.400001525878906,76036000
2009-03-09,IWM,27.24931526184082,34.38999938964844,35.63999938964844,34.2599983215332,34.72999954223633,75737000
2009-03-10,IWM,29.024208068847656,36.630001068115234,36.810001373291016,35.099998474121094,35.25,76181500
2009-03-11,IWM,29.06382179260254,36.68000030517578,37.79999923706055,36.36000061035156,37.08000183105469,82274800
2009-03-12,IWM,30.870418548583984,38.959999084472656,39.189998626708984,36.06999969482422,36.529998779296875,86839000
2009-03-13,IWM,31.195289611816406,39.369998931884766,39.65999984741211,38.7599983215332,39.33000183105469,72449700
2009-03-16,IWM,30.632707595825195,38.65999984741211,40.20000076293945,38.560001373291016,39.810001373291016,78042300
2009-03-17,IWM,32.051025390625,40.45000076293945,40.45000076293945,38.43000030517578,38.72999954223633,64727100
2009-03-18,IWM,33.16033172607422,41.849998474121094,42.18000030517578,39.90999984741211,40.2599983215332,111491000
2009-03-19,IWM,32.81170654296875,41.40999984741211,42.5,41.150001525878906,42.45000076293945,64512500
2009-03-20,IWM,31.67862892150879,39.97999954223633,41.91999816894531,39.95000076293945,41.79999923706055,68436500
2009-03-23,IWM,34.372642517089844,43.380001068115234,43.52000045776367,40.93000030517578,41.34000015258789,94771600
2009-03-24,IWM,33.03794479370117,41.560001373291016,43.11000061035156,41.5099983215332,42.70000076293945,70562700
2009-03-25,IWM,33.968017578125,42.72999954223633,43.279998779296875,40.810001373291016,41.95000076293945,95016000
2009-03-26,IWM,35.279685974121094,44.380001068115234,44.470001220703125,42.869998931884766,43.31999969482422,111103100
2009-03-27,IWM,34.09522247314453,42.88999938964844,44.0,42.83000183105469,43.619998931884766,78132900
2009-03-30,IWM,33.1174430847168,41.65999984741211,41.810001373291016,40.779998779296875,41.650001525878906,59094200
2009-03-31,IWM,33.42747116088867,42.04999923706055,43.310001373291016,41.61000061035156,42.16999816894531,66094400
2009-04-01,IWM,34.00776290893555,42.779998779296875,43.0,41.11000061035156,41.34000015258789,66464100
2009-04-02,IWM,35.708946228027344,44.91999816894531,45.56999969482422,43.81999969482422,44.119998931884766,92895500
2009-04-03,IWM,36.27336883544922,45.630001068115234,45.63999938964844,44.36000061035156,44.86000061035156,50763600
2009-04-06,IWM,35.653316497802734,44.849998474121094,45.11000061035156,44.029998779296875,44.9900016784668,63427300
2009-04-07,IWM,34.38935470581055,43.2599983215332,44.459999084472656,43.119998931884766,44.08000183105469,48410400
2009-04-08,IWM,35.02529525756836,44.060001373291016,44.22999954223633,43.189998626708984,43.5099983215332,60265100
2009-04-09,IWM,37.076271057128906,46.63999938964844,46.709999084472656,45.099998474121094,45.279998779296875,66699400
2009-04-13,IWM,37.092166900634766,46.65999984741211,47.0,45.66999816894531,46.2599983215332,58557300
2009-04-14,IWM,36.018985748291016,45.310001373291016,46.529998779296875,45.22999954223633,45.959999084472656,56579200
2009-04-15,IWM,36.5674934387207,46.0,46.150001525878906,44.88999938964844,45.0099983215332,48436100
2009-04-16,IWM,37.62476348876953,47.33000183105469,47.689998626708984,45.7599983215332,46.529998779296875,66307000
2009-04-17,IWM,37.958648681640625,47.75,48.27000045776367,46.91999816894531,47.43000030517578,51981400
2009-04-20,IWM,36.01103591918945,45.29999923706055,47.0,45.20000076293945,46.77000045776367,53370100
2009-04-21,IWM,37.25910568237305,46.869998931884766,47.060001373291016,44.95000076293945,45.060001373291016,60408100
2009-04-22,IWM,37.25115203857422,46.86000061035156,48.15999984741211,46.029998779296875,46.189998626708984,72784100
2009-04-23,IWM,37.1636962890625,46.75,47.209999084472656,45.93000030517578,47.099998474121094,70030200
2009-04-24,IWM,37.855308532714844,47.619998931884766,48.279998779296875,46.66999816894531,47.119998931884766,60773000
2009-04-27,IWM,37.44987106323242,47.11000061035156,47.790000915527344,46.61000061035156,46.84000015258789,49385100
2009-04-28,IWM,37.50552749633789,47.18000030517578,47.9900016784668,46.380001068115234,46.540000915527344,51197500
2009-04-29,IWM,38.92847442626953,48.970001220703125,49.56999969482422,47.630001068115234,47.810001373291016,79875900
2009-04-30,IWM,38.570743560791016,48.52000045776367,50.2400016784668,48.45000076293945,49.75,67809000
2009-05-01,IWM,38.809242248535156,48.81999969482422,49.29999923706055,48.40999984741211,48.650001525878906,64532300
2009-05-04,IWM,40.22425842285156,50.599998474121094,50.70000076293945,49.06999969482422,49.279998779296875,47528900
2009-05-05,IWM,40.02550506591797,50.349998474121094,50.61000061035156,49.630001068115234,50.380001068115234,58364200
2009-05-06,IWM,40.13681411743164,50.4900016784668,51.220001220703125,49.5,50.93000030517578,87550000
2009-05-07,IWM,39.190826416015625,49.29999923706055,51.400001525878906,48.88999938964844,51.25,67577300
2009-05-08,IWM,40.5501708984375,51.0099983215332,51.15999984741211,49.63999938964844,50.150001525878906,63463900
2009-05-11,IWM,39.953956604003906,50.2599983215332,50.65999984741211,49.790000915527344,50.04999923706055,40051600
2009-05-12,IWM,39.389549255371094,49.54999923706055,50.81999969482422,48.709999084472656,50.540000915527344,49453100
2009-05-13,IWM,37.58502960205078,47.279998779296875,48.810001373291016,47.209999084472656,48.70000076293945,68822200
2009-05-14,IWM,38.10970687866211,47.939998626708984,48.75,47.060001373291016,47.38999938964844,72813500
2009-05-15,IWM,37.96660232543945,47.7599983215332,48.41999816894531,47.279998779296875,47.880001068115234,53885500
2009-05-18,IWM,39.23851013183594,49.36000061035156,49.56999969482422,48.11000061035156,48.29999923706055,55512900
2009-05-19,IWM,39.25442123413086,49.380001068115234,49.959999084472656,48.79999923706055,49.369998931884766,55704100
2009-05-20,IWM,38.88874053955078,48.91999816894531,50.689998626708984,48.849998474121094,49.83000183105469,48021100
2009-05-21,IWM,38.38792037963867,48.290000915527344,48.70000076293945,47.45000076293945,48.27000045776367,49312200
2009-05-22,IWM,37.990440368652344,47.790000915527344,48.65999984741211,47.349998474121094,48.540000915527344,38440200
2009-05-26,IWM,39.802921295166016,50.06999969482422,50.15999984741211,47.31999969482422,47.369998931884766,73480700
2009-05-27,IWM,39.03181838989258,49.099998474121094,50.369998931884766,49.0099983215332,49.7599983215332,48207700
2009-05-28,IWM,39.07952880859375,49.15999984741211,49.75,48.099998474121094,49.560001373291016,58832400
2009-05-29,IWM,39.882423400878906,50.16999816894531,50.27000045776367,49.08000183105469,49.38999938964844,51665800
2009-06-01,IWM,41.44050979614258,52.130001068115234,52.369998931884766,51.099998474121094,51.36000061035156,70173300
2009-06-02,IWM,41.95722961425781,52.779998779296875,53.0,51.68000030517578,51.959999084472656,56794100
2009-06-03,IWM,41.678985595703125,52.43000030517578,52.5099983215332,51.7400016784668,52.310001373291016,44068400
2009-06-04,IWM,42.275203704833984,53.18000030517578,53.2599983215332,52.09000015258789,52.75,42972900
2009-06-05,IWM,42.29110336303711,53.20000076293945,53.790000915527344,52.68000030517578,53.689998626708984,50619300
2009-06-08,IWM,41.790283203125,52.56999969482422,53.279998779296875,52.040000915527344,52.79999923706055,46325400
2009-06-09,IWM,41.981082916259766,52.810001373291016,53.27000045776367,52.560001373291016,52.84000015258789,35033700
2009-06-10,IWM,41.81414031982422,52.599998474121094,53.40999984741211,51.61000061035156,53.380001068115234,65032200
2009-06-11,IWM,41.830047607421875,52.619998931884766,53.459999084472656,52.58000183105469,52.650001525878906,62963200
2009-06-12,IWM,41.95722961425781,52.779998779296875,52.81999969482422,51.88999938964844,52.279998779296875,44094300
2009-06-15,IWM,40.828426361083984,51.36000061035156,52.09000015258789,50.79999923706055,52.029998779296875,45942200
2009-06-16,IWM,40.14475631713867,50.5,51.84000015258789,50.31999969482422,51.75,53065700
2009-06-17,IWM,40.35939025878906,50.77000045776367,51.369998931884766,50.0,50.5,71985300
2009-06-18,IWM,40.542213439941406,51.0,51.31999969482422,50.29999923706055,50.77000045776367,34317000
2009-06-19,IWM,40.788673400878906,51.310001373291016,51.91999816894531,51.11000061035156,51.720001220703125,38711500
2009-06-22,IWM,39.34184265136719,49.4900016784668,51.029998779296875,49.400001525878906,50.9900016784668,54877300
2009-06-23,IWM,39.023895263671875,49.09000015258789,49.939998626708984,49.02000045776367,49.7400016784668,40810600
2009-06-24,IWM,39.44520568847656,49.619998931884766,50.25,49.33000183105469,49.56999969482422,39962500
2009-06-25,IWM,40.58195114135742,51.04999923706055,51.08000183105469,49.09000015258789,49.150001525878906,42339200
2009-06-26,IWM,40.72506332397461,51.22999954223633,51.560001373291016,50.56999969482422,50.790000915527344,60379100
2009-06-29,IWM,40.72506332397461,51.22999954223633,51.58000183105469,50.400001525878906,51.33000183105469,49196600
2009-06-30,IWM,40.60581970214844,51.08000183105469,51.61000061035156,50.77000045776367,51.2400016784668,44575900
2009-07-01,IWM,41.23381042480469,51.869998931884766,52.25,51.310001373291016,51.349998474121094,46382900
2009-07-02,IWM,39.81467056274414,49.90999984741211,50.880001068115234,49.689998626708984,50.880001068115234,51688200
2009-07-06,IWM,39.463661193847656,49.470001220703125,49.7400016784668,48.650001525878906,49.470001220703125,47241700
2009-07-07,IWM,38.610103607177734,48.400001525878906,49.5,48.349998474121094,49.369998931884766,40473600
2009-07-08,IWM,38.346858978271484,48.06999969482422,48.779998779296875,47.27000045776367,48.619998931884766,65594900
2009-07-09,IWM,38.18729019165039,47.869998931884766,48.41999816894531,47.790000915527344,48.290000915527344,41678300
2009-07-10,IWM,38.37078857421875,48.099998474121094,48.27000045776367,47.33000183105469,47.59000015258789,39883000
2009-07-13,IWM,39.296142578125,49.2599983215332,49.290000915527344,47.41999816894531,48.290000915527344,44825200
2009-07-14,IWM,39.527488708496094,49.54999923706055,49.720001220703125,48.95000076293945,49.25,32721400
2009-07-15,IWM,41.051143646240234,51.459999084472656,51.619998931884766,50.2599983215332,50.459999084472656,57645800
2009-07-16,IWM,41.56169128417969,52.099998474121094,52.369998931884766,51.13999938964844,51.279998779296875,38353400
2009-07-17,IWM,41.40214920043945,51.900001525878906,52.27000045776367,51.72999954223633,52.25,35682600
2009-07-20,IWM,41.91269302368164,52.540000915527344,52.7400016784668,52.029998779296875,52.25,42596800
2009-07-21,IWM,41.840904235839844,52.45000076293945,53.06999969482422,51.790000915527344,53.040000915527344,40423000
2009-07-22,IWM,42.167964935302734,52.86000061035156,53.209999084472656,52.13999938964844,52.220001220703125,47552200
2009-07-23,IWM,43.50017547607422,54.529998779296875,54.81999969482422,52.77000045776367,52.880001068115234,64531400
2009-07-24,IWM,43.723548889160156,54.810001373291016,54.869998931884766,53.959999084472656,54.16999816894531,31293500
2009-07-27,IWM,43.946903228759766,55.09000015258789,55.220001220703125,54.41999816894531,54.79999923706055,32672800
2009-07-28,IWM,43.970821380615234,55.119998931884766,55.31999969482422,54.34000015258789,54.7599983215332,56192800
2009-07-29,IWM,43.74747848510742,54.84000015258789,55.130001068115234,54.540000915527344,54.81999969482422,47421300
2009-07-30,IWM,44.5132942199707,55.79999923706055,56.439998626708984,55.380001068115234,55.61000061035156,67822300
2009-07-31,IWM,44.329803466796875,55.56999969482422,56.279998779296875,55.540000915527344,55.58000183105469,40477300
2009-08-03,IWM,45.103614807128906,56.540000915527344,56.58000183105469,55.619998931884766,56.2400016784668,32392400
2009-08-04,IWM,45.558319091796875,57.11000061035156,57.31999969482422,56.15999984741211,56.209999084472656,41223700
2009-08-05,IWM,45.103614807128906,56.540000915527344,57.16999816894531,56.0,57.16999816894531,54105900
2009-08-06,IWM,44.473419189453125,55.75,56.959999084472656,55.61000061035156,56.779998779296875,52403600
2009-08-07,IWM,45.542354583740234,57.09000015258789,57.84000015258789,56.290000915527344,56.619998931884766,49363300
2009-08-10,IWM,45.62213134765625,57.189998626708984,57.54999923706055,56.709999084472656,56.93000030517578,44780600
2009-08-11,IWM,44.888221740722656,56.27000045776367,57.040000915527344,55.97999954223633,56.970001220703125,36077000
2009-08-12,IWM,45.56630325317383,57.119998931884766,57.84000015258789,56.2599983215332,56.29999923706055,53618600
2009-08-13,IWM,45.94122314453125,57.59000015258789,57.779998779296875,56.72999954223633,57.59000015258789,43539700
2009-08-14,IWM,44.999900817871094,56.40999984741211,57.54999923706055,55.81999969482422,57.5,60224900
2009-08-17,IWM,43.73151397705078,54.81999969482422,55.369998931884766,54.68000030517578,55.2599983215332,48853300
2009-08-18,IWM,44.31385040283203,55.54999923706055,55.88999938964844,54.91999816894531,55.20000076293945,39358200
2009-08-19,IWM,44.856319427490234,56.22999954223633,56.27000045776367,54.81999969482422,54.93000030517578,37740100
2009-08-20,IWM,45.34292221069336,56.84000015258789,56.970001220703125,55.86000061035156,56.11000061035156,40013900
2009-08-21,IWM,46.3879508972168,58.150001525878906,58.38999938964844,57.369998931884766,57.439998626708984,38321700
2009-08-24,IWM,46.37200927734375,58.130001068115234,58.77000045776367,57.84000015258789,58.400001525878906,33986500
2009-08-25,IWM,46.57143020629883,58.380001068115234,59.06999969482422,58.20000076293945,58.400001525878906,30197300
2009-08-26,IWM,46.675132751464844,58.5099983215332,58.77000045776367,58.029998779296875,58.29999923706055,34163900
2009-08-27,IWM,46.603336334228516,58.41999816894531,58.599998474121094,57.22999954223633,58.439998626708984,45253800
2009-08-28,IWM,46.30817413330078,58.04999923706055,59.18000030517578,57.65999984741211,59.02000045776367,39328800
2009-08-31,IWM,45.63010787963867,57.20000076293945,57.619998931884766,56.93000030517578,57.459999084472656,35360500
2009-09-01,IWM,44.60901641845703,55.91999816894531,58.130001068115234,55.70000076293945,56.86000061035156,77077500
2009-09-02,IWM,44.38564682006836,55.63999938964844,56.060001373291016,55.470001220703125,55.650001525878906,43436100
2009-09-03,IWM,44.8802490234375,56.2599983215332,56.310001373291016,55.209999084472656,55.91999816894531,43089000
2009-09-04,IWM,45.51044464111328,57.04999923706055,57.11000061035156,55.869998931884766,56.189998626708984,37229900
2009-09-08,IWM,46.01302719116211,57.68000030517578,57.720001220703125,57.0,57.65999984741211,41062500
2009-09-09,IWM,46.80278015136719,58.66999816894531,59.029998779296875,57.52000045776367,57.68000030517578,37219700
2009-09-10,IWM,47.38511657714844,59.400001525878906,59.560001373291016,58.20000076293945,58.66999816894531,39171200
2009-09-11,IWM,47.40106201171875,59.41999816894531,59.9900016784668,59.099998474121094,59.59000015258789,31718400
2009-09-14,IWM,47.90363311767578,60.04999923706055,60.11000061035156,58.869998931884766,58.97999954223633,37896000
2009-09-15,IWM,48.29452133178711,60.540000915527344,60.720001220703125,59.77000045776367,60.0099983215332,48814300
2009-09-16,IWM,49.29168701171875,61.790000915527344,61.79999923706055,60.619998931884766,60.810001373291016,39404000
2009-09-17,IWM,49.1879768371582,61.65999984741211,62.34000015258789,61.349998474121094,61.7400016784668,50596200
2009-09-18,IWM,49.38742446899414,61.90999984741211,62.09000015258789,61.2599983215332,62.09000015258789,36822800
2009-09-21,IWM,49.251808166503906,61.7400016784668,61.959999084472656,61.09000015258789,61.31999969482422,37511600
2009-09-22,IWM,49.591636657714844,62.02000045776367,62.2400016784668,61.59000015258789,62.029998779296875,36266400
2009-09-23,IWM,49.1198616027832,61.43000030517578,62.61000061035156,61.310001373291016,62.130001068115234,54838900
2009-09-24,IWM,48.13636779785156,60.20000076293945,61.7599983215332,59.7599983215332,61.529998779296875,60639600
2009-09-25,IWM,47.84049987792969,59.83000183105469,60.34000015258789,59.5099983215332,59.90999984741211,51804400
2009-09-28,IWM,48.98392105102539,61.2599983215332,61.58000183105469,60.040000915527344,60.220001220703125,47925100
2009-09-29,IWM,48.768035888671875,60.9900016784668,61.779998779296875,60.91999816894531,61.29999923706055,37453200
2009-09-30,IWM,48.168338775634766,60.2400016784668,61.2400016784668,59.560001373291016,61.119998931884766,79344900
2009-10-01,IWM,46.72905349731445,58.439998626708984,60.18000030517578,58.34000015258789,60.130001068115234,62840600
2009-10-02,IWM,46.37722396850586,58.0,58.52000045776367,57.529998779296875,57.779998779296875,66448000
2009-10-05,IWM,47.20880889892578,59.040000915527344,59.290000915527344,58.08000183105469,58.310001373291016,48919600
2009-10-06,IWM,48.08836364746094,60.13999938964844,60.45000076293945,59.36000061035156,59.52000045776367,52211000
2009-10-07,IWM,48.1043701171875,60.15999984741211,60.40999984741211,59.849998474121094,59.97999954223633,35534000
2009-10-08,IWM,48.54414367675781,60.709999084472656,61.310001373291016,60.369998931884766,60.72999954223633,48971800
2009-10-09,IWM,49.11185836791992,61.41999816894531,61.5099983215332,60.66999816894531,60.849998474121094,34597000
2009-10-12,IWM,49.1198616027832,61.43000030517578,62.029998779296875,61.13999938964844,61.790000915527344,26895500
2009-10-13,IWM,48.91195297241211,61.16999816894531,61.4900016784668,60.599998474121094,61.31999969482422,35459500
2009-10-14,IWM,49.84750747680664,62.34000015258789,62.459999084472656,61.54999923706055,62.06999969482422,38634600
2009-10-15,IWM,49.81552505493164,62.29999923706055,62.45000076293945,61.83000183105469,61.9900016784668,28632600
2009-10-16,IWM,49.319766998291016,61.68000030517578,62.02000045776367,61.13999938964844,61.88999938964844,49031800
2009-10-19,IWM,49.727561950683594,62.189998626708984,62.52000045776367,61.380001068115234,61.880001068115234,38229600
2009-10-20,IWM,49.0399169921875,61.33000183105469,62.31999969482422,60.9900016784668,62.2400016784668,43952800
2009-10-21,IWM,48.376224517822266,60.5,62.400001525878906,60.40999984741211,61.2400016784668,64591600
2009-10-22,IWM,49.04789733886719,61.34000015258789,61.61000061035156,59.77000045776367,60.47999954223633,58421000
2009-10-23,IWM,48.02440643310547,60.060001373291016,61.68000030517578,59.970001220703125,61.470001220703125,68826500
2009-10-26,IWM,47.59261703491211,59.52000045776367,61.16999816894531,59.220001220703125,60.2400016784668,69899500
2009-10-27,IWM,47.008907318115234,58.790000915527344,59.88999938964844,58.689998626708984,59.56999969482422,71958600
2009-10-28,IWM,45.44167709350586,56.83000183105469,58.79999923706055,56.59000015258789,58.59000015258789,84951000
2009-10-29,IWM,46.30524444580078,57.90999984741211,58.2400016784668,57.119998931884766,57.33000183105469,73615700
2009-10-30,IWM,45.0418701171875,56.33000183105469,57.7400016784668,55.97999954223633,57.66999816894531,116215600
2009-11-02,IWM,44.953914642333984,56.220001220703125,57.13999938964844,55.33000183105469,56.630001068115234,97996600
2009-11-03,IWM,45.63358688354492,57.06999969482422,57.09000015258789,55.689998626708984,55.880001068115234,83105700
2009-11-04,IWM,44.977901458740234,56.25,57.68000030517578,56.25,57.459999084472656,92803000
2009-11-05,IWM,46.40919876098633,58.040000915527344,58.16999816894531,56.77000045776367,56.9900016784668,67422600
2009-11-06,IWM,46.44118881225586,58.08000183105469,58.58000183105469,57.27000045776367,57.43000030517578,56216700
2009-11-09,IWM,47.35274887084961,59.220001220703125,59.27000045776367,58.54999923706055,58.59000015258789,49200200
2009-11-10,IWM,47.05687713623047,58.849998474121094,59.5099983215332,58.369998931884766,59.099998474121094,55864400
2009-11-11,IWM,47.38471603393555,59.2599983215332,59.84000015258789,58.79999923706055,59.29999923706055,50320800
2009-11-12,IWM,46.51315689086914,58.16999816894531,59.72999954223633,58.0,59.279998779296875,68550500
2009-11-13,IWM,46.96095275878906,58.72999954223633,58.959999084472656,57.630001068115234,58.349998474121094,69258000
2009-11-16,IWM,48.200321197509766,60.279998779296875,60.68000030517578,59.119998931884766,59.119998931884766,66099700
2009-11-17,IWM,48.200321197509766,60.279998779296875,60.47999954223633,59.7400016784668,60.08000183105469,43026500
2009-11-18,IWM,48.1043701171875,60.15999984741211,60.380001068115234,59.599998474121094,60.349998474121094,54309000
2009-11-19,IWM,46.90495681762695,58.65999984741211,59.65999984741211,58.189998626708984,59.560001373291016,72350600
2009-11-20,IWM,46.848968505859375,58.59000015258789,58.79999923706055,58.09000015258789,58.220001220703125,39780100
2009-11-23,IWM,47.66457748413086,59.61000061035156,60.31999969482422,59.290000915527344,59.40999984741211,57935400
2009-11-24,IWM,47.44868087768555,59.34000015258789,59.630001068115234,58.619998931884766,59.619998931884766,45238000
2009-11-25,IWM,47.440696716308594,59.33000183105469,59.81999969482422,59.2599983215332,59.689998626708984,47641700
2009-11-27,IWM,46.0413703918457,57.58000183105469,58.66999816894531,57.040000915527344,57.150001525878906,51862100
2009-11-30,IWM,46.44916915893555,58.09000015258789,58.25,56.86000061035156,57.650001525878906,77936900
2009-12-01,IWM,47.16884231567383,58.9900016784668,59.22999954223633,58.459999084472656,58.63999938964844,63141300
2009-12-02,IWM,47.72854995727539,59.689998626708984,60.209999084472656,59.060001373291016,59.06999969482422,71220600
2009-12-03,IWM,47.14484405517578,58.959999084472656,60.369998931884766,58.93000030517578,59.97999954223633,53866100
2009-12-04,IWM,48.3122673034668,60.41999816894531,60.869998931884766,59.279998779296875,60.20000076293945,100434300
2009-12-07,IWM,48.38423156738281,60.5099983215332,60.84000015258789,60.11000061035156,60.40999984741211,55543100
2009-12-08,IWM,48.00841522216797,60.040000915527344,60.470001220703125,59.380001068115234,60.13999938964844,59576600
2009-12-09,IWM,47.85648727416992,59.849998474121094,60.099998474121094,59.29999923706055,59.939998626708984,55537000
2009-12-10,IWM,47.66457748413086,59.61000061035156,60.439998626708984,59.36000061035156,60.119998931884766,54319700
2009-12-11,IWM,48.112369537353516,60.16999816894531,60.27000045776367,59.47999954223633,60.029998779296875,50543400
2009-12-14,IWM,48.840003967285156,61.08000183105469,61.380001068115234,59.970001220703125,60.650001525878906,48248700
2009-12-15,IWM,48.70406723022461,60.90999984741211,61.52000045776367,60.779998779296875,60.959999084472656,55378800
2009-12-16,IWM,49.01591491699219,61.29999923706055,61.619998931884766,60.900001525878906,61.29999923706055,56550000
2009-12-17,IWM,48.4721794128418,60.619998931884766,61.16999816894531,60.18000030517578,60.93000030517578,60917400
2009-12-18,IWM,48.91996765136719,61.18000030517578,61.189998626708984,60.31999969482422,61.040000915527344,63876100
2009-12-21,IWM,49.56764221191406,61.9900016784668,62.11000061035156,61.619998931884766,61.630001068115234,47658100
2009-12-22,IWM,50.03142166137695,62.56999969482422,62.650001525878906,61.91999816894531,62.04999923706055,38750700
2009-12-23,IWM,50.67610549926758,63.119998931884766,63.15999984741211,62.279998779296875,62.70000076293945,49503600
2009-12-24,IWM,50.868812561035156,63.36000061035156,63.38999938964844,63.130001068115234,63.290000915527344,16521900
2009-12-28,IWM,50.788516998291016,63.2599983215332,63.61000061035156,62.970001220703125,63.59000015258789,35784500
2009-12-29,IWM,50.76442337036133,63.22999954223633,63.529998779296875,63.18000030517578,63.41999816894531,24085300
2009-12-30,IWM,50.73230743408203,63.189998626708984,63.4900016784668,62.650001525878906,63.040000915527344,45268900
2009-12-31,IWM,50.130165100097656,62.439998626708984,63.56999969482422,62.2599983215332,63.22999954223633,34407900
2010-01-04,IWM,51.3665657043457,63.97999954223633,64.04000091552734,63.27000045776367,63.290000915527344,42863900
2010-01-05,IWM,51.18994140625,63.7599983215332,64.18000030517578,63.4900016784668,63.880001068115234,55523100
2010-01-06,IWM,51.14176940917969,63.70000076293945,64.0999984741211,63.540000915527344,63.7599983215332,59708600
2010-01-07,IWM,51.519100189208984,64.16999816894531,64.22000122070312,63.13999938964844,63.7400016784668,56123500
2010-01-08,IWM,51.80009460449219,64.5199966430664,64.5199966430664,63.79999923706055,63.939998626708984,48811500
2010-01-11,IWM,51.59136199951172,64.26000213623047,64.87999725341797,64.01000213623047,64.77999877929688,51638900
2010-01-12,IWM,51.02935791015625,63.560001373291016,64.16000366210938,63.2599983215332,63.86000061035156,45854900
2010-01-13,IWM,51.687686920166016,64.37999725341797,64.51000213623047,63.22999954223633,63.779998779296875,39501900
2010-01-14,IWM,51.88039779663086,64.62000274658203,64.81999969482422,64.0199966430664,64.13999938964844,41859800
2010-01-15,IWM,51.125701904296875,63.68000030517578,64.80000305175781,63.27000045776367,64.6500015258789,68725100
2010-01-19,IWM,52.06503677368164,64.8499984741211,64.87000274658203,63.91999816894531,63.91999816894531,46839000
2010-01-20,IWM,51.31038284301758,63.90999984741211,64.4000015258789,63.189998626708984,64.38999938964844,62485000
2010-01-21,IWM,50.46736526489258,62.86000061035156,64.4800033569336,62.63999938964844,63.959999084472656,98323100
2010-01-22,IWM,49.56013870239258,61.72999954223633,63.060001373291016,61.18000030517578,62.7599983215332,83757000
2010-01-25,IWM,49.61634063720703,61.79999923706055,62.150001525878906,61.33000183105469,62.08000183105469,62298700
2010-01-26,IWM,49.12660598754883,61.189998626708984,62.029998779296875,61.13999938964844,61.56999969482422,58213200
2010-01-27,IWM,49.64846420288086,61.84000015258789,61.939998626708984,60.709999084472656,60.91999816894531,72565800
2010-01-28,IWM,48.797428131103516,60.779998779296875,61.9900016784668,60.220001220703125,61.959999084472656,93814200
2010-01-29,IWM,48.259521484375,60.11000061035156,61.689998626708984,59.970001220703125,61.029998779296875,79325600
2010-02-01,IWM,48.82955551147461,60.81999969482422,60.939998626708984,60.15999984741211,60.38999938964844,60731800
2010-02-02,IWM,49.36746597290039,61.4900016784668,61.560001373291016,60.619998931884766,60.93000030517578,71047700
2010-02-03,IWM,49.03828811645508,61.08000183105469,61.630001068115234,60.59000015258789,61.20000076293945,50241000
2010-02-04,IWM,47.40046310424805,59.040000915527344,60.68000030517578,58.9900016784668,60.65999984741211,99167300
2010-02-05,IWM,47.58513259887695,59.27000045776367,59.33000183105469,58.0,59.16999816894531,106752200
2010-02-08,IWM,47.11144256591797,58.68000030517578,59.599998474121094,58.619998931884766,59.08000183105469,61579200
2010-02-09,IWM,47.76173782348633,59.4900016784668,59.93000030517578,58.75,59.380001068115234,91986700
2010-02-10,IWM,47.87416076660156,59.630001068115234,59.779998779296875,58.689998626708984,59.310001373291016,55715500
2010-02-11,IWM,48.6368522644043,60.58000183105469,60.619998931884766,59.0,59.459999084472656,51969700
2010-02-12,IWM,48.990116119384766,61.02000045776367,61.099998474121094,59.810001373291016,60.0,65909800
2010-02-16,IWM,49.81704330444336,62.04999923706055,62.11000061035156,61.08000183105469,61.65999984741211,50057600
2010-02-17,IWM,50.15424728393555,62.470001220703125,62.61000061035156,61.9900016784668,62.36000061035156,50459400
2010-02-18,IWM,50.56370162963867,62.97999954223633,63.0,62.25,62.470001220703125,43072800
2010-02-19,IWM,50.6279411315918,63.060001373291016,63.380001068115234,62.61000061035156,62.7400016784668,56840800
2010-02-22,IWM,50.78047561645508,63.25,63.45000076293945,63.02000045776367,63.41999816894531,45344900
2010-02-23,IWM,50.18636703491211,62.5099983215332,63.25,62.33000183105469,63.15999984741211,58965400
2010-02-24,IWM,50.61188888549805,63.040000915527344,63.349998474121094,62.54999923706055,62.7400016784668,50476000
2010-02-25,IWM,50.6279411315918,63.060001373291016,63.119998931884766,61.97999954223633,62.18000030517578,51949700
2010-02-26,IWM,50.419193267822266,62.79999923706055,63.209999084472656,62.459999084472656,63.15999984741211,60093900
2010-03-01,IWM,51.59136199951172,64.26000213623047,64.31999969482422,63.2599983215332,63.2599983215332,70967800
2010-03-02,IWM,51.984764099121094,64.75,65.1500015258789,64.4000015258789,64.5,55605300
2010-03-03,IWM,52.281822204589844,65.12000274658203,65.48999786376953,64.77999877929688,65.06999969482422,56207500
2010-03-04,IWM,52.41830825805664,65.29000091552734,65.37000274658203,64.87000274658203,65.13999938964844,47174200
2010-03-05,IWM,53.4860954284668,66.62000274658203,66.72000122070312,65.5,65.70999908447266,52293900
2010-03-08,IWM,53.582435607910156,66.73999786376953,66.93000030517578,66.5199966430664,66.63999938964844,46046400
2010-03-09,IWM,53.775123596191406,66.9800033569336,67.48999786376953,66.52999877929688,66.55000305175781,70685800
2010-03-10,IWM,54.23276138305664,67.55000305175781,67.9000015258789,67.01000213623047,67.04000091552734,73655200
2010-03-11,IWM,54.39331817626953,67.75,67.86000061035156,66.9000015258789,67.13999938964844,59964100
2010-03-12,IWM,54.36922836303711,67.72000122070312,68.12999725341797,67.26000213623047,68.0999984741211,61862000
2010-03-15,IWM,54.18457794189453,67.48999786376953,67.80999755859375,67.0,67.68000030517578,49862700
2010-03-16,IWM,54.650238037109375,68.06999969482422,68.0999984741211,67.33999633789062,67.83000183105469,52874400
2010-03-17,IWM,54.97138595581055,68.47000122070312,68.87999725341797,68.19999694824219,68.22000122070312,53589100
2010-03-18,IWM,54.802772521972656,68.26000213623047,68.77999877929688,68.13999938964844,68.44000244140625,71527500
2010-03-19,IWM,54.120330810546875,67.41000366210938,68.51000213623047,67.16000366210938,67.41000366210938,80546500
2010-03-22,IWM,54.883060455322266,68.36000061035156,68.51000213623047,66.77999877929688,66.93000030517578,56679400
2010-03-23,IWM,55.58155822753906,69.2300033569336,69.25,68.11000061035156,68.41999816894531,61187700
2010-03-24,IWM,54.94731903076172,68.2699966430664,68.97000122070312,68.25,68.68000030517578,59664500
2010-03-25,IWM,54.60124206542969,67.83999633789062,69.36000061035156,67.79000091552734,68.87000274658203,66977000
2010-03-26,IWM,54.57706832885742,67.80999755859375,68.56999969482422,67.55999755859375,68.12000274658203,58114700
2010-03-29,IWM,54.8748779296875,68.18000030517578,68.4000015258789,67.80999755859375,68.11000061035156,38646400
2010-03-30,IWM,55.043914794921875,68.38999938964844,68.73999786376953,67.87000274658203,68.29000091552734,35773100
2010-03-31,IWM,54.56904602050781,67.80000305175781,68.80999755859375,67.79000091552734,68.12999725341797,59821600
2010-04-01,IWM,55.076114654541016,68.43000030517578,68.69000244140625,67.38999938964844,68.33000183105469,58838700
2010-04-05,IWM,56.106300354003906,69.70999908447266,69.76000213623047,68.44000244140625,68.61000061035156,52020600
2010-04-06,IWM,56.436302185058594,70.12000274658203,70.29000091552734,69.33000183105469,69.47000122070312,50203600
2010-04-07,IWM,56.25922775268555,69.9000015258789,70.30999755859375,69.44999694824219,70.04000091552734,71418200
2010-04-08,IWM,56.20289611816406,69.83000183105469,70.19999694824219,69.16000366210938,69.69999694824219,54603600
2010-04-09,IWM,56.54092788696289,70.25,70.26000213623047,69.5,69.94000244140625,53070100
2010-04-12,IWM,56.774330139160156,70.54000091552734,70.68000030517578,70.12000274658203,70.27999877929688,49301000
2010-04-13,IWM,56.90311813354492,70.69999694824219,70.73999786376953,69.94000244140625,70.38999938964844,42151000
2010-04-14,IWM,58.118446350097656,72.20999908447266,72.20999908447266,70.98999786376953,71.11000061035156,62041600
2010-04-15,IWM,58.295536041259766,72.43000030517578,72.58000183105469,72.08999633789062,72.18000030517578,55141800
2010-04-16,IWM,57.514801025390625,71.45999908447266,72.47000122070312,70.94000244140625,72.23999786376953,93241600
2010-04-19,IWM,57.23312759399414,71.11000061035156,71.7699966430664,69.77999877929688,71.05999755859375,85284600
2010-04-20,IWM,58.01381301879883,72.08000183105469,72.12999725341797,71.18000030517578,71.48999786376953,50736600
2010-04-21,IWM,58.41624450683594,72.58000183105469,72.72000122070312,71.91999816894531,72.19999694824219,60382500
2010-04-22,IWM,59.035972595214844,73.3499984741211,73.48999786376953,71.45999908447266,71.83999633789062,79289500
2010-04-23,IWM,59.66376495361328,74.12999725341797,74.20999908447266,72.63999938964844,73.48999786376953,66271100
2010-04-26,IWM,59.43840026855469,73.8499984741211,74.66000366210938,73.83000183105469,74.16999816894531,62710000
2010-04-27,IWM,58.078189849853516,72.16000366210938,74.23999786376953,72.0199966430664,73.55000305175781,101050200
2010-04-28,IWM,58.174781799316406,72.27999877929688,72.77999877929688,71.91999816894531,72.56999969482422,79762700
2010-04-29,IWM,59.40620803833008,73.80999755859375,73.83999633789062,72.37999725341797,72.81999969482422,68869600
2010-04-30,IWM,57.667724609375,71.6500015258789,73.93000030517578,71.56999969482422,73.80000305175781,88759100
2010-05-03,IWM,58.96355056762695,73.26000213623047,73.30999755859375,72.05999755859375,72.0999984741211,53775400
2010-05-04,IWM,57.11237716674805,70.95999908447266,72.19999694824219,70.52999877929688,72.19000244140625,105727600
2010-05-05,IWM,56.275325775146484,69.91999816894531,70.94999694824219,69.38999938964844,70.37999725341797,110340400
2010-05-06,IWM,54.16661834716797,67.30000305175781,70.19000244140625,63.36000061035156,69.41999816894531,195388200
2010-05-07,IWM,52.60520553588867,65.36000061035156,67.62000274658203,64.63999938964844,66.70999908447266,189573100
2010-05-10,IWM,55.55900573730469,69.02999877929688,69.05999755859375,67.69999694824219,68.55000305175781,107703400
2010-05-11,IWM,55.929222106933594,69.48999786376953,70.5199966430664,67.9800033569336,68.20999908447266,100027800
2010-05-12,IWM,57.643592834472656,71.62000274658203,71.69999694824219,69.79000091552734,69.8499984741211,84618400
2010-05-13,IWM,57.08823776245117,70.93000030517578,72.0999984741211,70.58999633789062,71.45999908447266,78553600
2010-05-14,IWM,55.98557662963867,69.55999755859375,70.5,68.62000274658203,70.47000122070312,86134200
2010-05-17,IWM,56.090206146240234,69.69000244140625,70.56999969482422,67.75,70.0,78565900
2010-05-18,IWM,55.01169967651367,68.3499984741211,70.80000305175781,68.12999725341797,70.5999984741211,87146900
2010-05-19,IWM,54.359779357910156,67.54000091552734,68.80000305175781,66.58000183105469,68.04000091552734,107292800
2010-05-20,IWM,51.607181549072266,64.12000274658203,66.12000274658203,64.08000183105469,65.7699966430664,166841100
2010-05-21,IWM,52.371795654296875,65.06999969482422,65.63999938964844,62.7599983215332,63.06999969482422,139644500
2010-05-24,IWM,51.67156219482422,64.19999694824219,65.41000366210938,64.13999938964844,64.80000305175781,75991800
2010-05-25,IWM,51.66352462768555,64.19000244140625,64.23999786376953,61.709999084472656,62.79999923706055,110830700
2010-05-26,IWM,51.79229736328125,64.3499984741211,65.94999694824219,63.97999954223633,64.44000244140625,104172900
2010-05-27,IWM,54.01369857788086,67.11000061035156,67.13999938964844,64.3499984741211,65.95999908447266,86856200
2010-05-28,IWM,53.32151412963867,66.25,67.16999816894531,65.7300033569336,66.91000366210938,92369800
2010-06-01,IWM,51.70376205444336,64.23999786376953,66.47000122070312,64.19000244140625,65.5999984741211,88420300
2010-06-02,IWM,53.17665100097656,66.06999969482422,66.0999984741211,64.0199966430664,64.62999725341797,61553800
2010-06-03,IWM,53.86079025268555,66.91999816894531,67.08999633789062,65.87000274658203,66.19999694824219,74864100
2010-06-04,IWM,51.156463623046875,63.560001373291016,65.69999694824219,63.369998931884766,65.11000061035156,105547200
2010-06-07,IWM,49.83649826049805,61.91999816894531,64.11000061035156,61.86000061035156,63.84000015258789,88434200
2010-06-08,IWM,49.812374114990234,61.88999938964844,62.599998474121094,60.70000076293945,62.11000061035156,129072000
2010-06-09,IWM,49.84455490112305,61.93000030517578,63.41999816894531,61.59000015258789,62.369998931884766,108638000
2010-06-10,IWM,51.56692123413086,64.06999969482422,64.08000183105469,62.79999923706055,63.029998779296875,75497300
2010-06-11,IWM,52.26717758178711,64.94000244140625,65.02999877929688,63.18000030517578,63.290000915527344,65295200
2010-06-14,IWM,52.59715270996094,65.3499984741211,66.5,65.16000366210938,65.80000305175781,70543000
2010-06-15,IWM,53.9171142578125,66.98999786376953,67.16999816894531,65.36000061035156,65.91999816894531,72336400
2010-06-16,IWM,53.667606353759766,66.68000030517578,67.37999725341797,66.25,66.4000015258789,62369400
2010-06-17,IWM,53.73200607299805,66.76000213623047,67.19999694824219,65.97000122070312,67.08000183105469,67327600
2010-06-18,IWM,53.76417922973633,66.80000305175781,67.52999877929688,66.44999694824219,66.97000122070312,52760900
2010-06-21,IWM,53.20882797241211,66.11000061035156,68.0,65.72000122070312,67.87000274658203,58648400
2010-06-22,IWM,52.11424255371094,64.75,67.0999984741211,64.66999816894531,66.36000061035156,70827400
2010-06-23,IWM,51.96935272216797,64.56999969482422,65.26000213623047,63.810001373291016,64.58000183105469,70315300
2010-06-24,IWM,51.14036178588867,63.540000915527344,64.52999877929688,63.38999938964844,64.02999877929688,72504900
2010-06-25,IWM,52.01764678955078,64.62999725341797,64.91999816894531,63.20000076293945,63.779998779296875,87177700
2010-06-28,IWM,51.71985626220703,64.26000213623047,65.23999786376953,63.90999984741211,64.58999633789062,64643900
2010-06-29,IWM,49.76407241821289,61.83000183105469,63.220001220703125,61.380001068115234,63.220001220703125,110269700
2010-06-30,IWM,49.192623138427734,61.119998931884766,62.619998931884766,60.939998626708984,61.630001068115234,93806400
2010-07-01,IWM,48.83848571777344,60.68000030517578,61.400001525878906,59.119998931884766,61.20000076293945,114225800
2010-07-02,IWM,48.30472183227539,59.81999969482422,60.88999938964844,59.41999816894531,60.75,72084200
2010-07-06,IWM,47.67487716674805,59.040000915527344,61.5,58.65999984741211,60.86000061035156,89452600
2010-07-07,IWM,49.33834457397461,61.099998474121094,61.150001525878906,58.9900016784668,59.220001220703125,79640200
2010-07-08,IWM,50.048927307128906,61.97999954223633,62.11000061035156,61.040000915527344,61.77000045776367,58770100
2010-07-09,IWM,50.82412338256836,62.939998626708984,62.939998626708984,61.77000045776367,61.97999954223633,38202700
2010-07-12,IWM,50.25080108642578,62.22999954223633,63.18000030517578,61.619998931884766,62.7599983215332,43038300
2010-07-13,IWM,51.841583251953125,64.19999694824219,64.44000244140625,62.84000015258789,63.08000183105469,83581200
2010-07-14,IWM,51.65584182739258,63.970001220703125,64.38999938964844,63.470001220703125,64.0199966430664,52526100
2010-07-15,IWM,51.179443359375,63.380001068115234,64.0999984741211,62.61000061035156,64.0999984741211,71044000
2010-07-16,IWM,49.31410217285156,61.06999969482422,63.040000915527344,60.88999938964844,62.90999984741211,98127500
2010-07-19,IWM,49.52405548095703,61.33000183105469,61.47999954223633,60.150001525878906,61.27000045776367,63879600
2010-07-20,IWM,50.35578918457031,62.36000061035156,62.470001220703125,60.209999084472656,60.45000076293945,71430700
2010-07-21,IWM,49.45138168334961,61.2400016784668,62.970001220703125,61.099998474121094,62.849998474121094,68456600
2010-07-22,IWM,51.21173095703125,63.41999816894531,63.65999984741211,62.16999816894531,62.18000030517578,81000700
2010-07-23,IWM,52.471431732177734,64.9800033569336,65.11000061035156,62.939998626708984,63.11000061035156,73916800
2010-07-26,IWM,53.666542053222656,66.45999908447266,66.5199966430664,64.91999816894531,65.26000213623047,66248300
2010-07-27,IWM,53.47275161743164,66.22000122070312,67.2699966430664,65.9800033569336,67.05999755859375,84127100
2010-07-28,IWM,52.608699798583984,65.1500015258789,66.43000030517578,64.77999877929688,66.12999725341797,59705100
2010-07-29,IWM,52.471431732177734,64.9800033569336,65.98999786376953,63.95000076293945,65.70999908447266,63214400
2010-07-30,IWM,52.50373458862305,65.0199966430664,65.61000061035156,63.81999969482422,64.0999984741211,67453000
2010-08-02,IWM,53.416221618652344,66.1500015258789,66.54000091552734,65.58999633789062,66.16999816894531,49896600
2010-08-03,IWM,52.98824691772461,65.62000274658203,66.52999877929688,65.08999633789062,65.93000030517578,51145700
2010-08-04,IWM,53.54542541503906,66.30999755859375,66.4800033569336,65.70999908447266,65.9800033569336,40817400
2010-08-05,IWM,52.915557861328125,65.52999877929688,66.20999908447266,65.45999908447266,65.66000366210938,37991000
2010-08-06,IWM,52.60063171386719,65.13999938964844,65.41000366210938,63.86000061035156,64.44999694824219,62483200
2010-08-09,IWM,53.18202590942383,65.86000061035156,66.11000061035156,64.8499984741211,65.62000274658203,35100700
2010-08-10,IWM,52.180747985839844,64.62000274658203,65.41000366210938,64.12999725341797,65.20999908447266,59841700
2010-08-11,IWM,50.12968444824219,62.08000183105469,63.33000183105469,61.90999984741211,63.33000183105469,87392600
2010-08-12,IWM,49.87936019897461,61.77000045776367,62.150001525878906,60.7599983215332,60.849998474121094,63300200
2010-08-13,IWM,49.31410217285156,61.06999969482422,61.68000030517578,60.970001220703125,61.5,68238000
2010-08-16,IWM,49.70976638793945,61.560001373291016,61.91999816894531,60.380001068115234,60.63999938964844,51371000
2010-08-17,IWM,50.565731048583984,62.619998931884766,63.150001525878906,61.86000061035156,62.220001220703125,54593200
2010-08-18,IWM,50.71915817260742,62.810001373291016,63.43000030517578,61.939998626708984,62.54999923706055,61766600
2010-08-19,IWM,49.330257415771484,61.09000015258789,62.849998474121094,60.939998626708984,62.59000015258789,89236900
2010-08-20,IWM,49.378719329833984,61.150001525878906,61.189998626708984,60.13999938964844,60.869998931884766,64085700
2010-08-23,IWM,48.70848846435547,60.31999969482422,61.91999816894531,60.279998779296875,61.599998474121094,55423700
2010-08-24,IWM,48.15130615234375,59.630001068115234,60.31999969482422,58.79999923706055,59.36000061035156,78875300
2010-08-25,IWM,48.878047943115234,60.529998779296875,60.68000030517578,58.88999938964844,59.13999938964844,64025300
2010-08-26,IWM,48.51468276977539,60.08000183105469,61.279998779296875,59.86000061035156,60.75,74569900
2010-08-27,IWM,49.78245544433594,61.650001525878906,61.79999923706055,59.560001373291016,60.77000045776367,72003600
2010-08-30,IWM,48.692325592041016,60.29999923706055,61.65999984741211,60.27000045776367,61.349998474121094,42401800
2010-08-31,IWM,48.59544372558594,60.18000030517578,60.90999984741211,59.68000030517578,60.150001525878906,60625100
2010-09-01,IWM,50.4769172668457,62.5099983215332,62.54999923706055,61.02000045776367,61.22999954223633,62585200
2010-09-02,IWM,51.034095764160156,63.20000076293945,63.380001068115234,62.27000045776367,62.4900016784668,45824200
2010-09-03,IWM,51.94655990600586,64.33000183105469,64.52999877929688,63.61000061035156,64.16000366210938,51986300
2010-09-07,IWM,50.96141052246094,63.11000061035156,64.13999938964844,62.90999984741211,64.12999725341797,48881600
2010-09-08,IWM,51.26017761230469,63.47999954223633,63.9900016784668,63.22999954223633,63.2599983215332,58863300
2010-09-09,IWM,51.292484283447266,63.52000045776367,64.4800033569336,63.040000915527344,64.44999694824219,52494300
2010-09-10,IWM,51.45398712158203,63.720001220703125,64.11000061035156,63.349998474121094,63.7599983215332,46973500
2010-09-13,IWM,52.70561218261719,65.2699966430664,65.4800033569336,64.31999969482422,64.44999694824219,60551500
2010-09-14,IWM,52.479515075683594,64.98999786376953,65.62000274658203,64.76000213623047,65.12999725341797,55811200
2010-09-15,IWM,52.778297424316406,65.36000061035156,65.56999969482422,64.33000183105469,64.80999755859375,63008500
2010-09-16,IWM,52.43913650512695,64.94000244140625,65.41000366210938,64.38999938964844,65.19999694824219,52659700
2010-09-17,IWM,52.65714645385742,65.20999908447266,65.5199966430664,64.27999877929688,65.4000015258789,61775400
2010-09-20,IWM,54.11873245239258,67.0199966430664,67.19999694824219,64.97000122070312,65.41999816894531,70669500
2010-09-21,IWM,53.80379104614258,66.62999725341797,67.43000030517578,66.52999877929688,67.0199966430664,64974200
2010-09-22,IWM,53.1658821105957,65.83999633789062,66.9000015258789,65.33000183105469,66.44999694824219,65225800
2010-09-23,IWM,52.52231216430664,64.87999725341797,66.16000366210938,64.66000366210938,65.1500015258789,62724700
2010-09-24,IWM,54.23042297363281,66.98999786376953,67.05999755859375,65.69000244140625,65.79000091552734,71675000
2010-09-27,IWM,54.09280014038086,66.81999969482422,67.16000366210938,66.51000213623047,67.01000213623047,48357100
2010-09-28,IWM,54.62709045410156,67.4800033569336,67.62999725341797,65.75,66.97000122070312,66176700
2010-09-29,IWM,54.7808952331543,67.66999816894531,67.94999694824219,67.12000274658203,67.37999725341797,53580600
2010-09-30,IWM,54.6432991027832,67.5,68.55000305175781,66.94999694824219,68.16999816894531,81818000
2010-10-01,IWM,54.934715270996094,67.86000061035156,68.26000213623047,67.25,68.13999938964844,61763500
2010-10-04,IWM,54.18994140625,66.94000244140625,68.0999984741211,66.4800033569336,67.68000030517578,56292700
2010-10-05,IWM,55.72803497314453,68.83999633789062,69.01000213623047,67.25,67.68000030517578,77655500
2010-10-06,IWM,55.5418586730957,68.61000061035156,69.05999755859375,68.22000122070312,68.77999877929688,43163400
2010-10-07,IWM,55.37995910644531,68.41000366210938,69.08000183105469,67.91999816894531,69.0199966430664,39955400
2010-10-08,IWM,56.08425521850586,69.27999877929688,69.66000366210938,68.13999938964844,68.51000213623047,59953200
2010-10-11,IWM,56.1328125,69.33999633789062,69.86000061035156,69.13999938964844,69.33999633789062,37345900
2010-10-12,IWM,56.27853775024414,69.5199966430664,69.81999969482422,68.41000366210938,69.16000366210938,51099800
2010-10-13,IWM,57.136627197265625,70.58000183105469,71.13999938964844,69.7699966430664,69.98999786376953,58582200
2010-10-14,IWM,57.096134185791016,70.52999877929688,70.94999694824219,69.88999938964844,70.62999725341797,70382100
2010-10-15,IWM,56.90186309814453,70.29000091552734,71.25,69.88999938964844,71.13999938964844,74953500
2010-10-18,IWM,57.37948989868164,70.87999725341797,71.02999877929688,70.26000213623047,70.55999755859375,39841500
2010-10-19,IWM,56.26233673095703,69.5,70.76000213623047,68.94999694824219,70.04000091552734,64627600
2010-10-20,IWM,56.837100982666016,70.20999908447266,70.62999725341797,69.43000030517578,69.83999633789062,54118800
2010-10-21,IWM,56.561866760253906,69.87000274658203,71.08999633789062,68.95999908447266,70.55999755859375,62505300
2010-10-22,IWM,56.9261589050293,70.31999969482422,70.38999938964844,69.76000213623047,70.04000091552734,26267800
2010-10-25,IWM,57.266170501708984,70.73999786376953,71.55999755859375,70.36000061035156,70.83999633789062,36095900
2010-10-26,IWM,57.22568130493164,70.69000244140625,71.16999816894531,69.98999786376953,70.36000061035156,37884100
2010-10-27,IWM,57.07997131347656,70.51000213623047,70.62000274658203,69.54000091552734,70.20999908447266,53515400
2010-10-28,IWM,56.73186492919922,70.08000183105469,71.12000274658203,69.75,71.05999755859375,48482400
2010-10-29,IWM,56.90995407104492,70.30000305175781,70.66999816894531,69.83000183105469,69.87999725341797,40455100
2010-11-01,IWM,56.5213737487793,69.81999969482422,71.16999816894531,69.30999755859375,70.66000366210938,47357500
2010-11-02,IWM,57.695194244384766,71.2699966430664,71.30999755859375,70.2699966430664,70.66999816894531,55102800
2010-11-03,IWM,57.9218864440918,71.55000305175781,71.62000274658203,70.5,71.36000061035156,58044500
2010-11-04,IWM,59.38713836669922,73.36000061035156,73.37999725341797,72.62000274658203,72.86000061035156,60908000
2010-11-05,IWM,59.71902847290039,73.7699966430664,74.0,73.30000305175781,73.44999694824219,45659100
2010-11-08,IWM,59.67045974731445,73.70999908447266,73.91000366210938,73.12000274658203,73.52999877929688,31656700
2010-11-09,IWM,58.87712860107422,72.7300033569336,74.05000305175781,72.33000183105469,73.91000366210938,48438600
2010-11-10,IWM,59.532859802246094,73.54000091552734,73.55000305175781,72.11000061035156,72.83000183105469,53667600
2010-11-11,IWM,59.29808044433594,73.25,73.54000091552734,72.45999908447266,72.7300033569336,42989400
2010-11-12,IWM,58.31045913696289,72.02999877929688,73.0999984741211,71.9000015258789,72.52999877929688,48799200
2010-11-15,IWM,58.318538665771484,72.04000091552734,72.8499984741211,71.97000122070312,72.37999725341797,38922600
2010-11-16,IWM,57.18523025512695,70.63999938964844,71.68000030517578,70.1500015258789,71.5,69965600
2010-11-17,IWM,57.33900451660156,70.83000183105469,71.0199966430664,70.4000015258789,70.80000305175781,39512500
2010-11-18,IWM,58.45616149902344,72.20999908447266,72.58000183105469,71.66000366210938,71.66999816894531,52638700
2010-11-19,IWM,58.650455474853516,72.44999694824219,72.61000061035156,71.52999877929688,72.0,32830300
2010-11-22,IWM,58.93379592895508,72.80000305175781,72.98999786376953,71.73999786376953,72.16999816894531,42163100
2010-11-23,IWM,58.375205993652344,72.11000061035156,72.23999786376953,71.5,71.91999816894531,52202300
2010-11-24,IWM,59.68665313720703,73.7300033569336,73.75,72.75,72.76000213623047,42138400
2010-11-26,IWM,59.27379608154297,73.22000122070312,73.7300033569336,73.12999725341797,73.27999877929688,19004000
2010-11-29,IWM,59.36281204223633,73.33000183105469,73.51000213623047,72.02999877929688,72.94999694824219,47897000
2010-11-30,IWM,58.893310546875,72.75,73.25,72.18000030517578,72.4800033569336,68631800
2010-12-01,IWM,60.21284103393555,74.37999725341797,74.56999969482422,72.80999755859375,74.12000274658203,59974000
2010-12-02,IWM,60.819976806640625,75.12999725341797,75.29000091552734,74.36000061035156,74.47000122070312,42529200
2010-12-03,IWM,61.2571907043457,75.66999816894531,75.9000015258789,74.76000213623047,74.83000183105469,36549400
2010-12-06,IWM,61.637611389160156,76.13999938964844,76.3499984741211,75.5,75.63999938964844,36177500
2010-12-07,IWM,61.99380874633789,76.58000183105469,77.23999786376953,76.41000366210938,77.05999755859375,66769100
2010-12-08,IWM,61.95332717895508,76.52999877929688,77.01000213623047,76.37000274658203,76.75,40388800
2010-12-09,IWM,62.1638298034668,76.79000091552734,77.08000183105469,76.4800033569336,77.08000183105469,49384000
2010-12-10,IWM,62.94096374511719,77.75,77.94000244140625,76.7699966430664,77.05000305175781,43303000
2010-12-13,IWM,62.61713790893555,77.3499984741211,78.19000244140625,77.31999969482422,78.05999755859375,43025600
2010-12-14,IWM,62.58477783203125,77.30999755859375,77.72000122070312,77.18000030517578,77.70999908447266,60000700
2010-12-15,IWM,62.390499114990234,77.06999969482422,78.05999755859375,76.91999816894531,77.25,52002400
2010-12-16,IWM,62.965248107910156,77.77999877929688,77.97000122070312,76.86000061035156,77.18000030517578,57936100
2010-12-17,IWM,63.1595458984375,78.0199966430664,78.16999816894531,77.29000091552734,77.86000061035156,40362300
2010-12-20,IWM,63.410484313964844,78.33000183105469,78.80999755859375,77.93000030517578,78.30999755859375,42692700
2010-12-21,IWM,64.11479187011719,79.19999694824219,79.27999877929688,78.58999633789062,78.6500015258789,30166800
2010-12-22,IWM,64.0960922241211,78.81999969482422,79.18000030517578,78.72000122070312,79.02999877929688,29812300
2010-12-23,IWM,64.01475524902344,78.72000122070312,79.12000274658203,78.61000061035156,78.95999908447266,25239600
2010-12-27,IWM,64.20993041992188,78.95999908447266,79.0999984741211,78.30999755859375,78.47000122070312,15770300
2010-12-28,IWM,64.031005859375,78.73999786376953,79.16000366210938,78.5199966430664,79.11000061035156,25827900
2010-12-29,IWM,64.16925048828125,78.91000366210938,79.0199966430664,78.75,78.8499984741211,18138800
2010-12-30,IWM,64.04730987548828,78.76000213623047,79.22000122070312,78.76000213623047,78.83999633789062,37997400
2010-12-31,IWM,63.624412536621094,78.23999786376953,78.87999725341797,78.16999816894531,78.66999816894531,33323500
2011-01-03,IWM,64.73036193847656,79.5999984741211,80.0199966430664,78.7300033569336,78.94000244140625,48878000
2011-01-04,IWM,63.77082061767578,78.41999816894531,79.9000015258789,77.56999969482422,79.83999633789062,77509000
2011-01-05,IWM,64.5189437866211,79.33999633789062,79.36000061035156,78.11000061035156,78.4000015258789,47145300
2011-01-06,IWM,64.21805572509766,78.97000122070312,79.52999877929688,78.6500015258789,79.4000015258789,39392300
2011-01-07,IWM,63.852108001708984,78.5199966430664,79.44000244140625,77.44000244140625,79.23999786376953,59486800
2011-01-10,IWM,64.21805572509766,78.97000122070312,79.29000091552734,77.62000274658203,78.23999786376953,55020300
2011-01-11,IWM,64.478271484375,79.29000091552734,79.68000030517578,78.87000274658203,79.36000061035156,42124300
2011-01-12,IWM,65.03125762939453,79.97000122070312,80.12999725341797,79.51000213623047,79.94000244140625,38442600
2011-01-13,IWM,65.00682067871094,79.94000244140625,80.30000305175781,79.56999969482422,79.98999786376953,29687600
2011-01-14,IWM,65.49478912353516,80.54000091552734,80.68000030517578,79.69000244140625,79.86000061035156,38036700
2011-01-18,IWM,65.54354858398438,80.5999984741211,80.62999725341797,79.87000274658203,80.29000091552734,37824100
2011-01-19,IWM,63.86027908325195,78.52999877929688,80.69999694824219,78.36000061035156,80.56999969482422,70707400
2011-01-20,IWM,63.193424224853516,77.70999908447266,78.54000091552734,77.33999633789062,78.13999938964844,79653000
2011-01-21,IWM,62.77057647705078,77.19000244140625,78.23999786376953,77.12000274658203,78.20999908447266,56676500
2011-01-24,IWM,63.234092712402344,77.76000213623047,78.06999969482422,77.08999633789062,77.19999694824219,48142600
2011-01-25,IWM,63.33167266845703,77.87999725341797,77.9000015258789,76.94999694824219,77.30999755859375,47013400
2011-01-26,IWM,64.34002685546875,79.12000274658203,79.37999725341797,77.75,78.0,65896200
2011-01-27,IWM,64.52711486816406,79.3499984741211,79.66999816894531,78.7300033569336,79.12000274658203,48174800
2011-01-28,IWM,62.94948196411133,77.41000366210938,79.44999694824219,77.33000183105469,79.30999755859375,91023700
2011-01-31,IWM,63.38858413696289,77.94999694824219,78.5,77.25,77.87000274658203,53265200
2011-02-01,IWM,64.85234069824219,79.75,80.01000213623047,78.37000274658203,78.58000183105469,57786700
2011-02-02,IWM,64.6083755493164,79.44999694824219,80.12999725341797,79.41999816894531,79.58999633789062,39937400
2011-02-03,IWM,64.83609008789062,79.7300033569336,79.8499984741211,78.5,79.38999938964844,41156200
2011-02-04,IWM,64.949951171875,79.87000274658203,79.97000122070312,79.23999786376953,79.5999984741211,39532700
2011-02-07,IWM,65.59239196777344,80.66000366210938,81.25,79.91000366210938,79.9800033569336,40835200
2011-02-08,IWM,66.0558853149414,81.2300033569336,81.2699966430664,80.33999633789062,80.66000366210938,37563900
2011-02-09,IWM,65.76311492919922,80.87000274658203,81.30000305175781,80.41999816894531,81.01000213623047,43298900
2011-02-10,IWM,66.0233383178711,81.19000244140625,81.29000091552734,80.23999786376953,80.33000183105469,48001000
2011-02-11,IWM,66.73895263671875,82.06999969482422,82.0999984741211,80.79000091552734,80.88999938964844,38579100
2011-02-14,IWM,67.08049011230469,82.48999786376953,82.61000061035156,82.05000305175781,82.11000061035156,36730500
2011-02-15,IWM,66.69832611083984,82.0199966430664,82.48999786376953,81.83000183105469,82.2699966430664,42908600
2011-02-16,IWM,67.23500061035156,82.68000030517578,82.81999969482422,82.18000030517578,82.20999908447266,38284700
2011-02-17,IWM,67.7066879272461,83.26000213623047,83.51000213623047,82.44999694824219,82.5999984741211,34891200
2011-02-18,IWM,67.77985382080078,83.3499984741211,83.7699966430664,83.04000091552734,83.44999694824219,39514200
2011-02-22,IWM,66.03960418701172,81.20999908447266,83.0199966430664,81.08999633789062,82.7300033569336,68370300
2011-02-23,IWM,64.90111541748047,79.80999755859375,81.44000244140625,79.29000091552734,81.37000274658203,91258600
2011-02-24,IWM,65.31587982177734,80.31999969482422,80.72000122070312,79.36000061035156,79.95999908447266,85126500
2011-02-25,IWM,66.82842254638672,82.18000030517578,82.20999908447266,80.63999938964844,80.69999694824219,58566800
2011-02-28,IWM,66.90159606933594,82.2699966430664,82.83999633789062,81.58999633789062,82.6500015258789,49869300
2011-03-01,IWM,65.5598373413086,80.62000274658203,82.63999938964844,80.3499984741211,82.58000183105469,70865100
2011-03-02,IWM,65.83631896972656,80.95999908447266,81.37000274658203,80.23999786376953,80.52999877929688,61072300
2011-03-03,IWM,67.33258819580078,82.80000305175781,83.0199966430664,81.02999877929688,81.7699966430664,78937600
2011-03-04,IWM,67.03987121582031,82.44000244140625,82.83999633789062,81.6500015258789,82.79000091552734,60907100
2011-03-07,IWM,65.94204711914062,81.08999633789062,82.81999969482422,80.41000366210938,82.76000213623047,90777900
2011-03-08,IWM,67.01544952392578,82.41000366210938,82.80999755859375,80.55000305175781,81.16000366210938,67755300
2011-03-09,IWM,66.74708557128906,82.08000183105469,82.58000183105469,81.75,82.25,51216900
2011-03-10,IWM,65.03125762939453,79.97000122070312,81.02999877929688,79.69999694824219,81.0,107642100
2011-03-11,IWM,65.2020263671875,80.18000030517578,80.69999694824219,79.27999877929688,79.33999633789062,83202700
2011-03-14,IWM,64.85234069824219,79.75,80.33000183105469,78.91000366210938,79.33999633789062,60138300
2011-03-15,IWM,64.27499389648438,79.04000091552734,79.66999816894531,77.56999969482422,77.95999908447266,84941700
2011-03-16,IWM,63.632568359375,78.25,79.63999938964844,77.76000213623047,78.68000030517578,126014500
2011-03-17,IWM,63.77082061767578,78.41999816894531,79.44000244140625,78.41999816894531,79.33000183105469,63992800
2011-03-18,IWM,64.61653900146484,79.45999908447266,79.58999633789062,79.06999969482422,79.33000183105469,70017700
2011-03-21,IWM,66.11280822753906,81.30000305175781,81.31999969482422,80.36000061035156,80.4800033569336,50638200
2011-03-22,IWM,65.76311492919922,80.87000274658203,81.5999984741211,80.66999816894531,81.41999816894531,52372800
2011-03-23,IWM,65.96641540527344,81.12000274658203,81.36000061035156,79.8499984741211,80.69000244140625,58044700
2011-03-24,IWM,66.4219970703125,81.51000213623047,81.79000091552734,80.73999786376953,81.48999786376953,52850900
2011-03-25,IWM,67.00054931640625,82.22000122070312,83.05999755859375,81.55000305175781,81.9800033569336,78164900
2011-03-28,IWM,66.85385131835938,82.04000091552734,82.76000213623047,81.97000122070312,82.48999786376953,42798300
2011-03-29,IWM,67.4813232421875,82.80999755859375,82.88999938964844,81.58000183105469,82.08999633789062,40967200
2011-03-30,IWM,68.3532943725586,83.87999725341797,83.98999786376953,83.04000091552734,83.16999816894531,42147100
2011-03-31,IWM,68.58960723876953,84.16999816894531,84.29000091552734,83.69999694824219,83.80000305175781,41625800
2011-04-01,IWM,68.89110565185547,84.54000091552734,85.0199966430664,84.25,84.7699966430664,49160200
2011-04-04,IWM,69.04592895507812,84.7300033569336,84.97000122070312,84.54000091552734,84.76000213623047,42236600
2011-04-05,IWM,69.42074584960938,85.19000244140625,85.75,84.5199966430664,84.68000030517578,45454400
2011-04-06,IWM,69.57561492919922,85.37999725341797,85.87999725341797,84.91000366210938,85.62999725341797,59035700
2011-04-07,IWM,69.15998840332031,84.87000274658203,85.77999877929688,84.62000274658203,85.45999908447266,69434400
2011-04-08,IWM,68.43473815917969,83.9800033569336,85.36000061035156,83.5999984741211,85.25,63650400
2011-04-11,IWM,67.82357788085938,83.2300033569336,84.27999877929688,82.9000015258789,84.0199966430664,41784100
2011-04-12,IWM,66.9353256225586,82.13999938964844,83.05000305175781,82.05000305175781,82.79000091552734,58103300
2011-04-13,IWM,67.02497100830078,82.25,82.80999755859375,81.66999816894531,82.6500015258789,80424900
2011-04-14,IWM,67.3346176147461,82.62999725341797,82.70999908447266,81.44999694824219,81.58999633789062,58532300
2011-04-15,IWM,68.05175018310547,83.51000213623047,83.51000213623047,82.26000213623047,82.66000366210938,53690700
2011-04-18,IWM,66.92716979980469,82.12999725341797,82.26000213623047,81.43000030517578,82.25,58593400
2011-04-19,IWM,66.9434814453125,82.1500015258789,82.69999694824219,81.66999816894531,82.41000366210938,31991000
2011-04-20,IWM,68.31249237060547,83.83000183105469,83.9000015258789,83.25,83.5,47061100
2011-04-21,IWM,68.81771850585938,84.44999694824219,84.4800033569336,83.7300033569336,84.33999633789062,30293300
2011-04-25,IWM,68.72811889648438,84.33999633789062,84.52999877929688,83.7699966430664,84.37000274658203,23441400
2011-04-26,IWM,69.41261291503906,85.18000030517578,85.66999816894531,84.3499984741211,84.52999877929688,53200000
2011-04-27,IWM,69.82820892333984,85.69000244140625,85.7699966430664,84.88999938964844,85.2300033569336,44680600
2011-04-28,IWM,70.14604187011719,86.08000183105469,86.5,85.5199966430664,85.5999984741211,43464600
2011-04-29,IWM,70.39863586425781,86.38999938964844,86.68000030517578,85.93000030517578,86.19000244140625,41030900
2011-05-02,IWM,69.57561492919922,85.37999725341797,86.80999755859375,85.27999877929688,86.77999877929688,48962400
2011-05-03,IWM,68.69551849365234,84.30000305175781,85.48999786376953,83.72000122070312,85.29000091552734,56070000
2011-05-04,IWM,67.80728149414062,83.20999908447266,84.45999908447266,82.7300033569336,84.41999816894531,64754600
2011-05-05,IWM,67.49762725830078,82.83000183105469,84.08000183105469,82.41000366210938,82.63999938964844,91858900
2011-05-06,IWM,67.85616302490234,83.2699966430664,84.33999633789062,82.83999633789062,83.76000213623047,76446200
2011-05-09,IWM,68.64659118652344,84.23999786376953,84.33000183105469,83.04000091552734,83.16999816894531,45806800
2011-05-10,IWM,69.69782257080078,85.52999877929688,85.54000091552734,84.55999755859375,84.66999816894531,44373700
2011-05-11,IWM,68.41029357910156,83.94999694824219,85.36000061035156,83.55000305175781,85.23999786376953,81313700
2011-05-12,IWM,69.0133285522461,84.69000244140625,84.94000244140625,82.9800033569336,83.47000122070312,80109400
2011-05-13,IWM,68.05175018310547,83.51000213623047,84.98999786376953,83.2699966430664,84.76000213623047,74669000
2011-05-16,IWM,67.05757904052734,82.29000091552734,83.88999938964844,82.22000122070312,82.95999908447266,68771600
2011-05-17,IWM,66.8456802368164,82.02999877929688,82.31999969482422,81.4000015258789,81.62999725341797,76475100
2011-05-18,IWM,67.8724594116211,83.29000091552734,83.31999969482422,82.0,82.12999725341797,54512200
2011-05-19,IWM,68.01918029785156,83.47000122070312,83.97000122070312,82.7300033569336,83.86000061035156,52914400
2011-05-20,IWM,67.52204895019531,82.86000061035156,83.44999694824219,82.29000091552734,83.25,56016800
2011-05-23,IWM,66.307861328125,81.37000274658203,81.94999694824219,81.2300033569336,81.41999816894531,50696600
2011-05-24,IWM,65.99004364013672,80.9800033569336,81.95999908447266,80.83000183105469,81.58999633789062,60223400
2011-05-25,IWM,66.82125091552734,82.0,82.29000091552734,80.76000213623047,80.7699966430664,60009900
2011-05-26,IWM,67.7013168334961,83.08000183105469,83.12000274658203,81.6500015258789,81.69999694824219,51821300
2011-05-27,IWM,68.16585540771484,83.6500015258789,83.93000030517578,83.26000213623047,83.45999908447266,46619400
2011-05-31,IWM,69.13555145263672,84.83999633789062,84.86000061035156,83.7699966430664,84.61000061035156,77456200
2011-06-01,IWM,66.91090393066406,82.11000061035156,84.81999969482422,82.02999877929688,84.70999908447266,80933800
2011-06-02,IWM,66.88645935058594,82.08000183105469,82.66000366210938,81.5999984741211,82.31999969482422,64666600
2011-06-03,IWM,65.9085464477539,80.87999725341797,81.7300033569336,80.69000244140625,80.80999755859375,76493800
2011-06-06,IWM,64.82475280761719,79.55000305175781,81.06999969482422,79.48999786376953,80.75,63782200
2011-06-07,IWM,64.97958374023438,79.73999786376953,80.43000030517578,79.52999877929688,80.04000091552734,58242200
2011-06-08,IWM,64.25432586669922,78.8499984741211,79.72000122070312,78.70999908447266,79.47000122070312,67740400
2011-06-09,IWM,64.59660339355469,79.2699966430664,79.70999908447266,78.7300033569336,79.08000183105469,58469700
2011-06-10,IWM,63.561676025390625,78.0,78.91000366210938,77.6500015258789,78.77999877929688,71823100
2011-06-13,IWM,63.38240432739258,77.77999877929688,78.63999938964844,77.3499984741211,78.2300033569336,60285400
2011-06-14,IWM,64.74327850341797,79.44999694824219,79.68000030517578,78.38999938964844,78.44000244140625,66662700
2011-06-15,IWM,63.58616638183594,78.02999877929688,79.20999908447266,77.72000122070312,78.5999984741211,89262000
2011-06-16,IWM,63.732810974121094,78.20999908447266,78.87999725341797,77.2300033569336,78.08999633789062,81849500
2011-06-17,IWM,63.74909973144531,78.2300033569336,79.12999725341797,77.83000183105469,78.98999786376953,77862900
2011-06-20,IWM,64.33578491210938,78.94999694824219,79.2300033569336,77.93000030517578,77.95999908447266,53343900
2011-06-21,IWM,65.72931671142578,80.66000366210938,80.7699966430664,79.41999816894531,79.58000183105469,75970200
2011-06-22,IWM,65.22406768798828,80.04000091552734,81.11000061035156,80.01000213623047,80.22000122070312,55839700
2011-06-23,IWM,65.4766845703125,80.3499984741211,80.51000213623047,78.30000305175781,79.12999725341797,92521100
2011-06-24,IWM,65.142578125,79.94000244140625,80.76000213623047,79.47000122070312,80.62999725341797,73865400
2011-06-27,IWM,65.64783477783203,80.55999755859375,80.72000122070312,79.45999908447266,79.91000366210938,51195400
2011-06-28,IWM,66.66641998291016,81.80999755859375,81.8499984741211,80.66999816894531,80.83000183105469,54021800
2011-06-29,IWM,66.98422241210938,82.19999694824219,82.4000015258789,81.44000244140625,82.0999984741211,68230200
2011-06-30,IWM,67.47318267822266,82.80000305175781,83.05000305175781,82.27999877929688,82.41000366210938,59915500
2011-07-01,IWM,68.52436065673828,84.08999633789062,84.2300033569336,82.62000274658203,82.87999725341797,63908100
2011-07-05,IWM,68.6894760131836,84.04000091552734,84.13999938964844,83.52999877929688,83.93000030517578,48268900
2011-07-06,IWM,68.9673843383789,84.37999725341797,84.51000213623047,83.61000061035156,83.91000366210938,57094100
2011-07-07,IWM,70.00540924072266,85.6500015258789,85.97000122070312,84.94000244140625,85.20999908447266,68556600
2011-07-08,IWM,69.58039855957031,85.12999725341797,85.20999908447266,84.31999969482422,84.62000274658203,61977400
2011-07-11,IWM,68.10098266601562,83.31999969482422,84.52999877929688,83.08999633789062,84.05999755859375,59769800
2011-07-12,IWM,67.71682739257812,82.8499984741211,83.7699966430664,82.77999877929688,82.87999725341797,65322100
2011-07-13,IWM,68.32168579101562,83.58999633789062,84.47000122070312,83.22000122070312,83.37999725341797,79327200
2011-07-14,IWM,67.23463439941406,82.26000213623047,84.16999816894531,82.05000305175781,83.75,91726600
2011-07-15,IWM,67.68415069580078,82.80999755859375,82.91000366210938,82.18000030517578,82.61000061035156,75496200
2011-07-18,IWM,66.59709930419922,81.4800033569336,82.62999725341797,81.0,82.44000244140625,56859700
2011-07-19,IWM,68.10098266601562,83.31999969482422,83.41000366210938,82.18000030517578,82.2300033569336,56060800
2011-07-20,IWM,67.98658752441406,83.18000030517578,83.41999816894531,82.6500015258789,83.3499984741211,40277400
2011-07-21,IWM,68.60774993896484,83.94000244140625,84.30000305175781,83.23999786376953,83.44000244140625,63405500
2011-07-22,IWM,68.69767761230469,84.05000305175781,84.26000213623047,83.4000015258789,83.8499984741211,34540200
2011-07-25,IWM,67.88850402832031,83.05999755859375,83.76000213623047,82.75,83.0199966430664,49764900
2011-07-26,IWM,67.37358093261719,82.43000030517578,83.08999633789062,82.20999908447266,82.87999725341797,52205500
2011-07-27,IWM,65.36289978027344,79.97000122070312,81.91000366210938,79.8499984741211,81.88999938964844,97533300
2011-07-28,IWM,65.25664520263672,79.83999633789062,80.97000122070312,79.69000244140625,79.95999908447266,67439400
2011-07-29,IWM,65.17488861083984,79.73999786376953,80.18000030517578,78.13999938964844,78.72000122070312,93519600
2011-08-01,IWM,64.7499008178711,79.22000122070312,80.98999786376953,78.47000122070312,80.69000244140625,93483200
2011-08-02,IWM,62.73105239868164,76.75,79.68000030517578,76.61000061035156,78.91999816894531,95669600
2011-08-03,IWM,63.147891998291016,77.26000213623047,77.3499984741211,74.87999725341797,76.69000244140625,114910400
2011-08-04,IWM,59.33906936645508,72.5999984741211,76.20999908447266,72.58999633789062,76.06999969482422,130904800
2011-08-05,IWM,58.301048278808594,71.33000183105469,73.8499984741211,69.66000366210938,73.5199966430664,188585600
2011-08-08,IWM,53.22537612915039,65.12000274658203,71.41000366210938,65.08000183105469,69.01000213623047,170159700
2011-08-09,IWM,56.77262496948242,69.45999908447266,69.62000274658203,63.7599983215332,66.91999816894531,207867000
2011-08-10,IWM,53.99365997314453,66.05999755859375,69.56999969482422,65.87000274658203,67.3499984741211,182376400
2011-08-11,IWM,56.690887451171875,69.36000061035156,70.44000244140625,66.06999969482422,66.51000213623047,121880100
2011-08-12,IWM,57.04235076904297,69.79000091552734,70.5999984741211,68.80000305175781,69.98999786376953,86475800
2011-08-15,IWM,58.65251922607422,71.76000213623047,71.83000183105469,70.37999725341797,70.58000183105469,57616800
2011-08-16,IWM,57.57362365722656,70.44000244140625,71.41000366210938,69.66000366210938,70.58999633789062,79484300
2011-08-17,IWM,57.58997344970703,70.45999908447266,71.5199966430664,69.76000213623047,70.97000122070312,66789100
2011-08-18,IWM,54.312416076660156,66.44999694824219,70.4000015258789,65.81999969482422,68.05999755859375,110692200
2011-08-19,IWM,53.35612106323242,65.27999877929688,67.41000366210938,64.9000015258789,65.01000213623047,99196100
2011-08-22,IWM,53.16814422607422,65.05000305175781,67.19000244140625,64.56999969482422,67.12000274658203,72211900
2011-08-23,IWM,55.73460388183594,68.19000244140625,68.30000305175781,64.86000061035156,65.45999908447266,93274300
2011-08-24,IWM,56.56013107299805,69.19999694824219,69.62999725341797,67.5199966430664,68.12000274658203,67698000
2011-08-25,IWM,55.170654296875,67.5,70.29000091552734,67.25,69.9800033569336,80732900
2011-08-26,IWM,56.48655700683594,69.11000061035156,69.31999969482422,66.05999755859375,67.26000213623047,84468500
2011-08-29,IWM,59.15924835205078,72.37999725341797,72.44999694824219,70.04000091552734,70.06999969482422,53069800
2011-08-30,IWM,59.502567291259766,72.80000305175781,73.2699966430664,71.12000274658203,71.9000015258789,67801600
2011-08-31,IWM,59.379947662353516,72.6500015258789,73.88999938964844,71.9000015258789,73.19999694824219,70313900
2011-09-01,IWM,58.104888916015625,71.08999633789062,73.62999725341797,70.69000244140625,72.69999694824219,86788800
2011-09-02,IWM,55.95528030395508,68.45999908447266,70.04000091552734,68.0999984741211,69.36000061035156,78920100
2011-09-06,IWM,55.79997634887695,68.2699966430664,68.30999755859375,65.93000030517578,65.93000030517578,71493900
2011-09-07,IWM,57.908714294433594,70.8499984741211,70.94999694824219,69.06999969482422,69.4000015258789,68952400
2011-09-08,IWM,56.8461799621582,69.55000305175781,71.30000305175781,69.18000030517578,70.33999633789062,71124100
2011-09-09,IWM,55.170654296875,67.5,69.12999725341797,66.75,68.69999694824219,99453600
2011-09-12,IWM,55.64469528198242,68.08000183105469,68.25,66.37000274658203,66.37999725341797,100109900
2011-09-13,IWM,56.54377746582031,69.18000030517578,69.45999908447266,67.83000183105469,68.54000091552734,84144100
2011-09-14,IWM,57.55727767944336,70.41999816894531,71.4000015258789,68.44000244140625,69.83999633789062,77019200
2011-09-15,IWM,58.3664436340332,71.41000366210938,71.44000244140625,69.98999786376953,71.06999969482422,74213100
2011-09-16,IWM,58.45634078979492,71.5199966430664,72.02999877929688,70.87999725341797,71.6500015258789,75773300
2011-09-19,IWM,57.4101676940918,70.23999786376953,71.01000213623047,69.44999694824219,70.0999984741211,69216200
2011-09-20,IWM,56.51923751831055,69.1500015258789,71.29000091552734,69.11000061035156,70.48999786376953,63453200
2011-09-21,IWM,54.42684555053711,66.58999633789062,69.62999725341797,66.54000091552734,69.04000091552734,81413800
2011-09-22,IWM,52.90659713745117,64.7300033569336,65.91999816894531,63.4900016784668,64.30000305175781,159808200
2011-09-23,IWM,53.44813537597656,65.13999938964844,65.52999877929688,64.0999984741211,64.25,84086000
2011-09-26,IWM,54.45737075805664,66.37000274658203,66.4800033569336,64.27999877929688,65.83999633789062,75555800
2011-09-27,IWM,55.63069534301758,67.80000305175781,69.38999938964844,67.2699966430664,67.8499984741211,93999600
2011-09-28,IWM,53.49736404418945,65.19999694824219,68.12000274658203,65.0999984741211,67.79000091552734,85412600
2011-09-29,IWM,54.42455291748047,66.33000183105469,67.0199966430664,64.37000274658203,66.7300033569336,73927200
2011-09-30,IWM,52.758907318115234,64.30000305175781,66.18000030517578,64.23999786376953,65.1500015258789,72124900
2011-10-03,IWM,50.04301452636719,60.9900016784668,64.95999908447266,60.849998474121094,63.810001373291016,119485000
2011-10-04,IWM,53.16096115112305,64.79000091552734,64.87999725341797,60.09000015258789,60.31999969482422,165100000
2011-10-05,IWM,53.89120101928711,65.68000030517578,66.12999725341797,63.91999816894531,64.77999877929688,100371000
2011-10-06,IWM,55.08916091918945,67.13999938964844,67.30999755859375,65.1500015258789,65.51000213623047,85789700
2011-10-07,IWM,53.74351501464844,65.5,67.61000061035156,65.19999694824219,67.37999725341797,93662300
2011-10-10,IWM,56.098392486572266,68.37000274658203,68.37999725341797,65.54000091552734,66.97000122070312,76366700
2011-10-11,IWM,56.484031677246094,68.83999633789062,69.12000274658203,67.54000091552734,67.72000122070312,63173300
2011-10-12,IWM,57.28813171386719,69.81999969482422,70.52999877929688,68.81999969482422,69.37000274658203,88580000
2011-10-13,IWM,57.238887786865234,69.76000213623047,70.12000274658203,68.58000183105469,69.41999816894531,54163300
2011-10-14,IWM,58.3712158203125,71.13999938964844,71.33999633789062,69.80999755859375,70.58000183105469,69768200
2011-10-17,IWM,56.59890365600586,68.9800033569336,70.62000274658203,68.62999725341797,70.51000213623047,57529900
2011-10-18,IWM,58.100433349609375,70.80999755859375,71.29000091552734,67.8499984741211,69.20999908447266,98948000
2011-10-19,IWM,56.9681282043457,69.43000030517578,71.1500015258789,69.06999969482422,70.61000061035156,71071600
2011-10-20,IWM,57.12403106689453,69.62000274658203,69.7300033569336,67.75,69.55999755859375,90998600
2011-10-21,IWM,58.363014221191406,71.12999725341797,71.16000366210938,70.0199966430664,70.56999969482422,60408600
2011-10-24,IWM,60.241973876953125,73.41999816894531,73.58000183105469,71.16000366210938,71.44999694824219,81399100
2011-10-25,IWM,58.551692962646484,71.36000061035156,72.94000244140625,71.16000366210938,72.88999938964844,66767900
2011-10-26,IWM,59.56095886230469,72.58999633789062,73.04000091552734,70.54000091552734,72.5999984741211,76643400
2011-10-27,IWM,62.70354080200195,76.41999816894531,76.97000122070312,72.6500015258789,75.29000091552734,130508100
2011-10-28,IWM,62.38348388671875,76.02999877929688,76.91999816894531,75.76000213623047,76.30000305175781,82397500
2011-10-31,IWM,60.726078033447266,74.01000213623047,75.44000244140625,73.93000030517578,74.8499984741211,66969200
2011-11-01,IWM,58.576332092285156,71.38999938964844,72.97000122070312,70.95999908447266,71.18000030517578,110064900
2011-11-02,IWM,60.02045440673828,73.1500015258789,73.30000305175781,71.83000183105469,72.62000274658203,63821300
2011-11-03,IWM,61.5137825012207,74.97000122070312,75.19999694824219,72.29000091552734,74.2699966430664,74622200
2011-11-04,IWM,61.210147857666016,74.5999984741211,74.81999969482422,73.55000305175781,74.18000030517578,65262500
2011-11-07,IWM,61.087093353271484,74.44999694824219,74.87000274658203,72.9000015258789,74.5,67136100
2011-11-08,IWM,61.98146057128906,75.54000091552734,75.63999938964844,73.45999908447266,75.13999938964844,72278500
2011-11-09,IWM,59.02762222290039,71.94000244140625,73.91999816894531,71.81999969482422,73.31999969482422,78806400
2011-11-10,IWM,59.46249008178711,72.47000122070312,73.2300033569336,71.62999725341797,73.12000274658203,72175100
2011-11-11,IWM,61.02968978881836,74.37999725341797,74.52999877929688,72.52999877929688,73.33999633789062,62452000
2011-11-14,IWM,60.15170669555664,73.30999755859375,74.2699966430664,72.7699966430664,74.0999984741211,61114200
2011-11-15,IWM,60.914794921875,74.23999786376953,74.63999938964844,72.43000030517578,72.91999816894531,65795300
2011-11-16,IWM,59.930171966552734,73.04000091552734,74.87999725341797,72.91000366210938,73.47000122070312,56938700
2011-11-17,IWM,59.07685089111328,72.0,73.44000244140625,71.2699966430664,72.94999694824219,78923500
2011-11-18,IWM,59.06044006347656,71.9800033569336,72.47000122070312,71.44999694824219,72.25,53462900
2011-11-21,IWM,57.64915466308594,70.26000213623047,70.8499984741211,69.61000061035156,70.54000091552734,58233500
2011-11-22,IWM,57.165069580078125,69.66999816894531,70.62999725341797,69.30000305175781,70.12999725341797,55404700
2011-11-23,IWM,55.36812973022461,67.4800033569336,69.08999633789062,67.37000274658203,68.9000015258789,69700300
2011-11-25,IWM,54.6624870300293,66.62000274658203,68.04000091552734,66.62000274658203,67.05000305175781,28167900
2011-11-28,IWM,57.26350784301758,69.79000091552734,69.91999816894531,68.91000366210938,69.08999633789062,59167100
2011-11-29,IWM,57.1568489074707,69.66000366210938,70.18000030517578,69.12000274658203,69.83999633789062,58157100
2011-11-30,IWM,60.49633026123047,73.7300033569336,73.79000091552734,69.6500015258789,72.55999755859375,93802900
2011-12-01,IWM,60.061458587646484,73.19999694824219,74.13999938964844,73.05999755859375,73.47000122070312,57394700
2011-12-02,IWM,60.30759811401367,73.5,74.62999725341797,73.30999755859375,74.08999633789062,47671500
2011-12-05,IWM,61.341453552246094,74.76000213623047,75.38999938964844,74.12999725341797,74.94000244140625,58429900
2011-12-06,IWM,61.39888381958008,74.83000183105469,75.29000091552734,74.08999633789062,74.80999755859375,43597000
2011-12-07,IWM,61.275814056396484,74.68000030517578,75.05999755859375,73.12999725341797,74.27999877929688,55904400
2011-12-08,IWM,59.37223434448242,72.36000061035156,74.18000030517578,72.22000122070312,73.9000015258789,71486700
2011-12-09,IWM,61.16096496582031,74.54000091552734,74.97000122070312,72.37999725341797,72.5,72184900
2011-12-12,IWM,60.28296661376953,73.47000122070312,74.5999984741211,72.5,73.48999786376953,47638600
2011-12-13,IWM,59.02762222290039,71.94000244140625,74.47000122070312,71.55000305175781,74.2300033569336,79040300
2011-12-14,IWM,58.28916549682617,71.04000091552734,71.88999938964844,70.58000183105469,71.25,77704900
2011-12-15,IWM,58.830692291259766,71.69999694824219,72.11000061035156,71.04000091552734,72.05999755859375,50096100
2011-12-16,IWM,59.290184020996094,72.26000213623047,73.27999877929688,71.7300033569336,72.27999877929688,66225600
2011-12-19,IWM,58.2645378112793,71.01000213623047,73.19999694824219,70.83000183105469,72.93000030517578,52897500
2011-12-20,IWM,60.60297775268555,73.86000061035156,73.97000122070312,72.51000213623047,72.55000305175781,74174400
2011-12-21,IWM,60.84918975830078,74.16000366210938,74.38999938964844,72.7300033569336,73.52999877929688,59194600
2011-12-22,IWM,61.23666000366211,74.2699966430664,74.66999816894531,73.9800033569336,74.16000366210938,41502800
2011-12-23,IWM,61.4675407409668,74.55000305175781,74.68000030517578,74.08000183105469,74.55000305175781,24333600
2011-12-27,IWM,61.64892578125,74.7699966430664,75.16000366210938,74.08000183105469,74.26000213623047,26922400
2011-12-28,IWM,60.52758026123047,73.41000366210938,74.9000015258789,73.2699966430664,74.87999725341797,37827500
2011-12-29,IWM,61.13774108886719,74.1500015258789,74.44000244140625,73.5999984741211,73.7300033569336,27090500
2011-12-30,IWM,60.80792236328125,73.75,74.5199966430664,73.69000244140625,74.12000274658203,31979800
2012-01-03,IWM,61.8138427734375,74.97000122070312,75.87000274658203,74.7699966430664,75.68000030517578,60504700
2012-01-04,IWM,61.47578048706055,74.55999755859375,74.86000061035156,74.06999969482422,74.58000183105469,34648500
2012-01-05,IWM,61.822078704833984,74.9800033569336,75.33999633789062,73.37000274658203,74.02999877929688,57274600
2012-01-06,IWM,61.665409088134766,74.79000091552734,75.37999725341797,74.2699966430664,75.0199966430664,45499800
2012-01-09,IWM,61.978729248046875,75.16999816894531,75.30000305175781,74.41000366210938,75.13999938964844,52042400
2012-01-10,IWM,62.885684967041016,76.2699966430664,76.43000030517578,75.95999908447266,76.16000366210938,42977600
2012-01-11,IWM,63.133060455322266,76.56999969482422,76.66999816894531,75.87000274658203,75.94999694824219,33445800
2012-01-12,IWM,63.32268524169922,76.80000305175781,76.91999816894531,75.94000244140625,76.79000091552734,36131400
2012-01-13,IWM,62.98466110229492,76.38999938964844,76.4800033569336,75.5999984741211,76.18000030517578,42600400
2012-01-17,IWM,62.95991897583008,76.36000061035156,77.2699966430664,76.12999725341797,77.0999984741211,34518400
2012-01-18,IWM,64.08126068115234,77.72000122070312,77.7300033569336,76.1500015258789,76.31999969482422,49330800
2012-01-19,IWM,64.4770278930664,78.19999694824219,78.36000061035156,77.66000366210938,78.12999725341797,35830500
2012-01-20,IWM,64.51824951171875,78.25,78.51000213623047,77.9000015258789,78.0999984741211,42221200
2012-01-23,IWM,64.4357681274414,78.1500015258789,78.83999633789062,77.55000305175781,78.26000213623047,37481400
2012-01-24,IWM,64.80681610107422,78.5999984741211,78.75,77.2699966430664,77.68000030517578,49856900
2012-01-25,IWM,65.35926818847656,79.2699966430664,79.56999969482422,78.19000244140625,78.5999984741211,68272900
2012-01-26,IWM,65.2850570678711,79.18000030517578,79.91000366210938,78.75,79.86000061035156,52755700
2012-01-27,IWM,65.73030853271484,79.72000122070312,79.77999877929688,78.7699966430664,78.80000305175781,52203500
2012-01-30,IWM,65.2190933227539,79.0999984741211,79.43000030517578,78.5199966430664,79.08000183105469,46332400
2012-01-31,IWM,65.1530990600586,79.0199966430664,79.81999969482422,78.58000183105469,79.66000366210938,52024000
2012-02-01,IWM,66.55477142333984,80.72000122070312,80.9000015258789,79.47000122070312,79.76000213623047,67292200
2012-02-02,IWM,66.93407440185547,81.18000030517578,81.52999877929688,80.73999786376953,81.04000091552734,46400100
2012-02-03,IWM,68.39346313476562,82.94999694824219,83.22000122070312,82.23999786376953,82.47000122070312,72738000
2012-02-06,IWM,68.17084503173828,82.68000030517578,82.93000030517578,82.37000274658203,82.56999969482422,34516000
2012-02-07,IWM,68.1296157836914,82.62999725341797,82.98999786376953,82.08000183105469,82.61000061035156,41623400
2012-02-08,IWM,68.27803039550781,82.80999755859375,83.20999908447266,81.93000030517578,82.80000305175781,46697400
2012-02-09,IWM,67.93999481201172,82.4000015258789,83.02999877929688,81.83999633789062,83.0199966430664,48712500
2012-02-10,IWM,67.00826263427734,81.2699966430664,81.66999816894531,81.08000183105469,81.5,42503000
2012-02-13,IWM,67.87399291992188,82.31999969482422,82.43000030517578,81.61000061035156,82.11000061035156,38574100
2012-02-14,IWM,67.56895446777344,81.94999694824219,82.12000274658203,81.36000061035156,81.91000366210938,49375200
2012-02-15,IWM,67.00826263427734,81.2699966430664,82.43000030517578,81.0,82.41999816894531,59836600
2012-02-16,IWM,68.26980590820312,82.80000305175781,82.9000015258789,81.27999877929688,81.31999969482422,61456800
2012-02-17,IWM,68.26151275634766,82.79000091552734,83.30999755859375,82.62999725341797,83.29000091552734,33292000
2012-02-21,IWM,67.79981994628906,82.2300033569336,83.04000091552734,81.83000183105469,82.91999816894531,39889400
2012-02-22,IWM,67.26390838623047,81.58000183105469,82.36000061035156,81.5,81.97000122070312,42626900
2012-02-23,IWM,68.26980590820312,82.80000305175781,82.8499984741211,81.26000213623047,81.70999908447266,53177500
2012-02-24,IWM,68.13785552978516,82.63999938964844,83.02999877929688,82.47000122070312,82.83000183105469,37607700
2012-02-27,IWM,68.02244567871094,82.5,82.94999694824219,81.25,81.83999633789062,51807700
2012-02-28,IWM,67.84102630615234,82.27999877929688,83.05999755859375,81.83999633789062,82.55000305175781,47680600
2012-02-29,IWM,66.82686614990234,81.05000305175781,82.95999908447266,80.97000122070312,82.55000305175781,64213200
2012-03-01,IWM,67.17318725585938,81.47000122070312,82.37000274658203,81.36000061035156,81.37999725341797,69526300
2012-03-02,IWM,66.1672592163086,80.25,81.63999938964844,79.83999633789062,81.41999816894531,70789500
2012-03-05,IWM,66.24148559570312,80.33999633789062,80.4000015258789,79.41999816894531,79.98999786376953,44334800
2012-03-06,IWM,64.92227172851562,78.73999786376953,79.62000274658203,78.41000366210938,79.41999816894531,80769300
2012-03-07,IWM,65.53239440917969,79.4800033569336,79.55999755859375,78.77999877929688,78.91000366210938,57456300
2012-03-08,IWM,66.38164520263672,80.51000213623047,80.69000244140625,79.3499984741211,80.0,43803100
2012-03-09,IWM,67.28034973144531,81.5999984741211,82.1500015258789,80.45999908447266,80.5199966430664,61462900
2012-03-12,IWM,67.14842987060547,81.44000244140625,81.93000030517578,81.05000305175781,81.73999786376953,34084200
2012-03-13,IWM,68.48416900634766,83.05999755859375,83.08999633789062,81.4000015258789,82.05999755859375,60998100
2012-03-14,IWM,67.92346954345703,82.37999725341797,83.2300033569336,82.01000213623047,82.95999908447266,46707700
2012-03-15,IWM,68.4924087524414,83.06999969482422,83.12000274658203,82.02999877929688,82.25,58740500
2012-03-16,IWM,68.4346694946289,83.0,83.2699966430664,82.6500015258789,83.22000122070312,42045800
2012-03-19,IWM,69.01184844970703,83.69999694824219,84.38999938964844,82.75,82.88999938964844,66822800
2012-03-20,IWM,68.39346313476562,82.94999694824219,83.30000305175781,82.58000183105469,83.12000274658203,43829100
2012-03-21,IWM,68.37698364257812,82.93000030517578,83.43000030517578,82.63999938964844,83.19999694824219,40504700
2012-03-22,IWM,67.71735382080078,82.12999725341797,82.45999908447266,81.62000274658203,82.08999633789062,60102900
2012-03-23,IWM,68.37981414794922,82.68000030517578,82.79000091552734,81.25,82.0,46464800
2012-03-26,IWM,69.80233764648438,84.4000015258789,84.45999908447266,83.62000274658203,83.73999786376953,56454000
2012-03-27,IWM,69.31434631347656,83.80999755859375,84.66000366210938,83.75,84.41999816894531,41730700
2012-03-28,IWM,68.90914154052734,83.31999969482422,84.0199966430664,82.61000061035156,83.80000305175781,48836000
2012-03-29,IWM,68.71060180664062,83.08000183105469,83.22000122070312,82.0199966430664,82.7300033569336,45615600
2012-03-30,IWM,68.48729705810547,82.80999755859375,83.5999984741211,82.52999877929688,83.58999633789062,45904700
2012-04-02,IWM,69.33090209960938,83.83000183105469,83.86000061035156,82.37999725341797,82.54000091552734,52756800
2012-04-03,IWM,68.86776733398438,83.2699966430664,84.0,82.93000030517578,83.66000366210938,52012300
2012-04-04,IWM,67.76781463623047,81.94000244140625,82.43000030517578,81.44999694824219,82.37000274658203,65172400
2012-04-05,IWM,67.47006225585938,81.58000183105469,82.0,81.41999816894531,81.5999984741211,31978700
2012-04-09,IWM,66.36182403564453,80.23999786376953,80.56999969482422,79.8499984741211,80.08999633789062,50062200
2012-04-10,IWM,64.79872131347656,78.3499984741211,80.16000366210938,78.13999938964844,79.91999816894531,101228600
2012-04-11,IWM,65.71672821044922,79.45999908447266,79.56999969482422,78.8499984741211,79.01000213623047,54346800
2012-04-12,IWM,66.65958404541016,80.5999984741211,80.91000366210938,79.44000244140625,79.54000091552734,60728700
2012-04-13,IWM,65.78290557861328,79.54000091552734,80.41000366210938,79.43000030517578,80.37999725341797,53965200
2012-04-16,IWM,65.89044189453125,79.66999816894531,80.19999694824219,78.87999725341797,79.88999938964844,44725900
2012-04-17,IWM,66.84152221679688,80.81999969482422,81.55000305175781,80.2699966430664,80.33000183105469,46737700
2012-04-18,IWM,66.33702087402344,80.20999908447266,80.66999816894531,79.83000183105469,80.41000366210938,49008100
2012-04-19,IWM,65.95658111572266,79.75,80.98999786376953,79.25,80.31999969482422,74260400
2012-04-20,IWM,66.33702087402344,80.20999908447266,80.97000122070312,80.05999755859375,80.27999877929688,46632000
2012-04-23,IWM,65.41902160644531,79.0999984741211,79.16000366210938,78.30999755859375,78.9800033569336,62477000
2012-04-24,IWM,65.91522979736328,79.69999694824219,79.93000030517578,78.86000061035156,79.12999725341797,44810200
2012-04-25,IWM,66.94076538085938,80.94000244140625,81.37000274658203,80.52999877929688,80.75,50263300
2012-04-26,IWM,67.60242462158203,81.73999786376953,81.87000274658203,80.81999969482422,80.94999694824219,43147600
2012-04-27,IWM,68.13172149658203,82.37999725341797,82.52999877929688,81.02999877929688,81.9800033569336,46796400
2012-04-30,IWM,67.37909698486328,81.47000122070312,82.36000061035156,81.43000030517578,82.3499984741211,38093600
2012-05-01,IWM,67.44523620605469,81.55000305175781,82.97000122070312,81.29000091552734,81.55999755859375,60493600
2012-05-02,IWM,67.627197265625,81.7699966430664,81.81999969482422,80.56999969482422,80.91000366210938,52095800
2012-05-03,IWM,66.67609405517578,80.62000274658203,81.76000213623047,80.16999816894531,81.66000366210938,61487800
2012-05-04,IWM,65.4107437133789,79.08999633789062,80.55000305175781,78.94000244140625,80.06999969482422,75093300
2012-05-07,IWM,65.58441162109375,79.30000305175781,79.5999984741211,78.62000274658203,78.76000213623047,47361400
2012-05-08,IWM,65.54305267333984,79.25,79.30000305175781,77.97000122070312,78.69000244140625,62939600
2012-05-09,IWM,65.17088317871094,78.80000305175781,79.26000213623047,77.97000122070312,78.25,64431000
2012-05-10,IWM,65.41902160644531,79.0999984741211,79.55000305175781,78.62999725341797,79.31999969482422,45697800
2012-05-11,IWM,65.25361633300781,78.9000015258789,79.55999755859375,78.41999816894531,78.44999694824219,44862900
2012-05-14,IWM,64.38520050048828,77.8499984741211,78.45999908447266,77.61000061035156,78.08999633789062,51220200
2012-05-15,IWM,64.26940155029297,77.70999908447266,78.48999786376953,77.47000122070312,77.83000183105469,54317800
2012-05-16,IWM,63.8062744140625,77.1500015258789,78.38999938964844,77.0999984741211,77.9800033569336,52659400
2012-05-17,IWM,62.358951568603516,75.4000015258789,77.3499984741211,75.36000061035156,77.22000122070312,71665100
2012-05-18,IWM,61.77173614501953,74.69000244140625,75.91000366210938,74.48999786376953,75.38999938964844,77636200
2012-05-21,IWM,63.22732925415039,76.44999694824219,76.44999694824219,74.41000366210938,74.93000030517578,61384400
2012-05-22,IWM,62.846920013427734,75.98999786376953,77.02999877929688,75.47000122070312,76.41999816894531,59678300
2012-05-23,IWM,63.25212478637695,76.4800033569336,76.63999938964844,74.69000244140625,75.25,66981800
2012-05-24,IWM,63.384490966796875,76.63999938964844,76.73999786376953,75.55000305175781,76.43000030517578,54576500
2012-05-25,IWM,63.34315490722656,76.58999633789062,76.88999938964844,76.2699966430664,76.69999694824219,33847700
2012-05-29,IWM,64.26115417480469,77.69999694824219,77.91000366210938,76.76000213623047,77.33000183105469,51160000
2012-05-30,IWM,63.02886199951172,76.20999908447266,77.04000091552734,76.11000061035156,76.9000015258789,47891500
2012-05-31,IWM,62.94615173339844,76.11000061035156,76.58999633789062,75.06999969482422,76.2699966430664,59563900
2012-06-01,IWM,61.052215576171875,73.81999969482422,75.01000213623047,73.70999908447266,74.4000015258789,76127100
2012-06-04,IWM,60.91163635253906,73.6500015258789,74.3499984741211,72.94000244140625,74.08999633789062,50123200
2012-06-05,IWM,61.69731521606445,74.5999984741211,74.66999816894531,73.20999908447266,73.26000213623047,48270600
2012-06-06,IWM,63.21908187866211,76.44000244140625,76.51000213623047,75.02999877929688,75.19000244140625,48638400
2012-06-07,IWM,62.80558395385742,75.94000244140625,77.72000122070312,75.94000244140625,77.66000366210938,57907100
2012-06-08,IWM,63.65739822387695,76.97000122070312,77.05999755859375,75.3499984741211,75.9000015258789,50420100
2012-06-11,IWM,62.25143051147461,75.2699966430664,77.86000061035156,75.08999633789062,77.79000091552734,52803000
2012-06-12,IWM,63.03712844848633,76.22000122070312,76.26000213623047,74.77999877929688,75.44000244140625,56599400
2012-06-13,IWM,62.30930709838867,75.33999633789062,76.54000091552734,75.0,76.08999633789062,62715800
2012-06-14,IWM,63.020572662353516,76.19999694824219,76.47000122070312,75.16000366210938,75.37999725341797,53619000
2012-06-15,IWM,63.86417007446289,77.22000122070312,77.31999969482422,76.0999984741211,76.3499984741211,57935000
2012-06-18,IWM,63.9386100769043,77.30999755859375,77.5999984741211,76.3499984741211,76.5999984741211,45656600
2012-06-19,IWM,65.04682922363281,78.6500015258789,79.08000183105469,77.54000091552734,77.6500015258789,66897000
2012-06-20,IWM,64.94760131835938,78.52999877929688,79.08000183105469,77.9800033569336,78.66999816894531,54642300
2012-06-21,IWM,63.3679313659668,76.62000274658203,78.52999877929688,76.48999786376953,78.37000274658203,62486400
2012-06-22,IWM,64.08745574951172,77.48999786376953,77.73999786376953,76.6500015258789,77.06999969482422,41001200
2012-06-25,IWM,63.08673095703125,76.27999877929688,77.5999984741211,76.0,76.4000015258789,48620100
2012-06-26,IWM,63.333587646484375,76.19999694824219,76.58000183105469,75.41999816894531,76.08999633789062,42495600
2012-06-27,IWM,64.36421203613281,77.44000244140625,77.45999908447266,76.36000061035156,76.43000030517578,38510400
2012-06-28,IWM,64.25617980957031,77.30999755859375,77.37000274658203,76.12000274658203,76.77999877929688,58183700
2012-06-29,IWM,66.12628936767578,79.55999755859375,79.7300033569336,78.55999755859375,78.94000244140625,71660200
2012-07-02,IWM,66.89088439941406,80.4800033569336,80.51000213623047,79.27999877929688,79.91999816894531,53370400
2012-07-03,IWM,67.76361083984375,81.52999877929688,81.5999984741211,80.43000030517578,80.55999755859375,32322500
2012-07-05,IWM,67.68883514404297,81.44000244140625,81.83999633789062,81.02999877929688,81.62000274658203,42819900
2012-07-06,IWM,66.93248748779297,80.52999877929688,80.83000183105469,80.1500015258789,80.7699966430664,38530600
2012-07-09,IWM,66.67483520507812,80.22000122070312,80.52999877929688,79.86000061035156,80.41999816894531,34636100
2012-07-10,IWM,65.93509674072266,79.33000183105469,80.95999908447266,78.9800033569336,80.80999755859375,49990800
2012-07-11,IWM,65.710693359375,79.05999755859375,79.6500015258789,78.55000305175781,79.38999938964844,40171300
2012-07-12,IWM,65.48627471923828,78.79000091552734,79.0999984741211,77.58999633789062,78.44000244140625,55502600
2012-07-13,IWM,66.30077362060547,79.7699966430664,80.08999633789062,79.0199966430664,79.06999969482422,42114800
2012-07-16,IWM,66.03482818603516,79.44999694824219,79.87999725341797,79.11000061035156,79.62000274658203,31922600
2012-07-17,IWM,66.26751708984375,79.7300033569336,80.1500015258789,78.6500015258789,79.9800033569336,43662500
2012-07-18,IWM,66.67483520507812,80.22000122070312,80.70999908447266,79.55000305175781,79.5999984741211,46045000
2012-07-19,IWM,66.45038604736328,79.94999694824219,80.73999786376953,79.80999755859375,80.55000305175781,49405400
2012-07-20,IWM,65.60265350341797,78.93000030517578,79.45999908447266,78.80999755859375,79.33000183105469,42314300
2012-07-23,IWM,64.5553970336914,77.66999816894531,78.02999877929688,77.18000030517578,77.51000213623047,47367200
2012-07-24,IWM,63.70759582519531,76.6500015258789,77.9800033569336,76.22000122070312,77.94999694824219,55609200
2012-07-25,IWM,63.848907470703125,76.81999969482422,77.37999725341797,76.47000122070312,77.0,37217500
2012-07-26,IWM,64.39744567871094,77.4800033569336,78.18000030517578,77.0,77.9800033569336,44745100
2012-07-27,IWM,65.92679595947266,79.31999969482422,79.72000122070312,77.38999938964844,77.83000183105469,67297100
2012-07-30,IWM,65.7023696899414,79.05000305175781,79.91000366210938,78.73999786376953,79.5199966430664,34785200
2012-07-31,IWM,65.12055969238281,78.3499984741211,79.47000122070312,78.3499984741211,78.7300033569336,48933500
2012-08-01,IWM,64.04839324951172,77.05999755859375,79.0,77.04000091552734,78.91000366210938,63601100
2012-08-02,IWM,63.81566619873047,76.77999877929688,77.30999755859375,76.25,76.2699966430664,43374800
2012-08-03,IWM,65.33665466308594,78.61000061035156,79.0199966430664,77.6500015258789,77.94000244140625,52414100
2012-08-06,IWM,65.84367370605469,79.22000122070312,79.62999725341797,78.58999633789062,78.69999694824219,34662800
2012-08-07,IWM,66.44210052490234,79.94000244140625,80.56999969482422,79.63999938964844,79.8499984741211,50064000
2012-08-08,IWM,66.34233856201172,79.81999969482422,80.19000244140625,79.54000091552734,79.5999984741211,28011700
2012-08-09,IWM,66.65818786621094,80.19999694824219,80.38999938964844,79.69000244140625,79.76000213623047,24045900
2012-08-10,IWM,66.42546081542969,79.91999816894531,80.05000305175781,79.5,79.7699966430664,26068400
2012-08-13,IWM,66.31742095947266,79.79000091552734,80.01000213623047,78.88999938964844,79.80000305175781,31544800
2012-08-14,IWM,66.15951538085938,79.5999984741211,80.41999816894531,79.2699966430664,80.30000305175781,26052900
2012-08-15,IWM,66.74128723144531,80.30000305175781,80.30000305175781,79.30999755859375,79.37999725341797,27061400
2012-08-16,IWM,67.43946838378906,81.13999938964844,81.30000305175781,79.83000183105469,80.18000030517578,46037700
2012-08-17,IWM,67.9132080078125,81.70999908447266,81.86000061035156,80.98999786376953,81.22000122070312,33453500
2012-08-20,IWM,67.76361083984375,81.52999877929688,81.66000366210938,80.9800033569336,81.58999633789062,32657000
2012-08-21,IWM,67.7220687866211,81.4800033569336,82.70999908447266,81.19000244140625,81.93000030517578,43743800
2012-08-22,IWM,67.39791107177734,81.08999633789062,81.5,80.79000091552734,81.2699966430664,37611400
2012-08-23,IWM,66.92414855957031,80.5199966430664,81.05999755859375,80.19999694824219,81.05999755859375,32208500
2012-08-24,IWM,67.10700225830078,80.73999786376953,81.06999969482422,80.11000061035156,80.33999633789062,25676100
2012-08-27,IWM,67.30648040771484,80.9800033569336,81.41000366210938,80.58000183105469,81.2300033569336,23628400
2012-08-28,IWM,67.61402130126953,81.3499984741211,81.51000213623047,80.75,80.97000122070312,28505600
2012-08-29,IWM,67.82181549072266,81.5999984741211,81.95999908447266,81.13999938964844,81.5199966430664,30858800
2012-08-30,IWM,67.1485824584961,80.79000091552734,81.25,80.63999938964844,81.18000030517578,24562900
2012-08-31,IWM,67.42286682128906,81.12000274658203,81.52999877929688,80.33999633789062,81.4800033569336,34088500
2012-09-04,IWM,68.24566650390625,82.11000061035156,82.4000015258789,80.55000305175781,81.18000030517578,69560700
2012-09-05,IWM,68.26232147216797,82.12999725341797,82.51000213623047,81.8499984741211,82.19999694824219,35103700
2012-09-06,IWM,69.51737213134766,83.63999938964844,83.94000244140625,82.5199966430664,82.58000183105469,46332500
2012-09-07,IWM,70.03264617919922,84.26000213623047,84.4000015258789,83.69999694824219,83.86000061035156,32012900
2012-09-10,IWM,69.71683502197266,83.87999725341797,84.44999694824219,83.79000091552734,84.18000030517578,30671300
2012-09-11,IWM,69.8664321899414,84.05999755859375,84.55999755859375,83.83000183105469,83.88999938964844,33164100
2012-09-12,IWM,70.22380828857422,84.48999786376953,84.6500015258789,83.9000015258789,84.48999786376953,29751700
2012-09-13,IWM,71.14640808105469,85.5999984741211,86.1500015258789,84.19000244140625,84.63999938964844,69437600
2012-09-14,IWM,71.8113021850586,86.4000015258789,86.95999908447266,85.83000183105469,85.86000061035156,46040200
2012-09-17,IWM,71.47885131835938,86.0,86.22000122070312,85.56999969482422,85.9800033569336,30183000
2012-09-18,IWM,71.24613189697266,85.72000122070312,85.9000015258789,85.36000061035156,85.73999786376953,32991100
2012-09-19,IWM,71.12147521972656,85.56999969482422,86.02999877929688,85.41000366210938,85.94000244140625,29342000
2012-09-20,IWM,70.80562591552734,85.19000244140625,85.4000015258789,84.61000061035156,85.13999938964844,34939800
2012-09-21,IWM,71.06329345703125,85.5,86.08000183105469,85.47000122070312,86.04000091552734,38826000
2012-09-24,IWM,70.83129119873047,84.88999938964844,85.43000030517578,84.5999984741211,84.88999938964844,54635300
2012-09-25,IWM,69.81339263916016,83.66999816894531,85.51000213623047,83.58000183105469,85.43000030517578,74752200
2012-09-26,IWM,69.37116241455078,83.13999938964844,83.93000030517578,82.83999633789062,83.8499984741211,42167400
2012-09-27,IWM,70.12210083007812,84.04000091552734,84.3499984741211,83.06999969482422,83.48999786376953,33252800
2012-09-28,IWM,69.6214828491211,83.44000244140625,84.0,83.26000213623047,83.77999877929688,43944300
2012-10-01,IWM,69.8551025390625,83.72000122070312,84.54000091552734,83.30999755859375,83.95999908447266,43705600
2012-10-02,IWM,69.98860931396484,83.87999725341797,84.23999786376953,83.37000274658203,84.1500015258789,25792500
2012-10-03,IWM,69.78836059570312,83.63999938964844,84.22000122070312,83.16999816894531,83.94000244140625,38568500
2012-10-04,IWM,70.26395416259766,84.20999908447266,84.26000213623047,83.19999694824219,83.95999908447266,43327200
2012-10-05,IWM,70.18048858642578,84.11000061035156,85.25,83.83999633789062,84.58000183105469,40981400
2012-10-08,IWM,69.73828887939453,83.58000183105469,83.9000015258789,83.38999938964844,83.62000274658203,21062200
2012-10-09,IWM,68.92057800292969,82.5999984741211,83.69999694824219,82.44000244140625,83.62000274658203,45221200
2012-10-10,IWM,68.81209564208984,82.47000122070312,82.83000183105469,82.18000030517578,82.66999816894531,32465600
2012-10-11,IWM,69.0624008178711,82.7699966430664,83.44000244140625,82.5999984741211,83.0999984741211,38978500
2012-10-12,IWM,68.50337219238281,82.0999984741211,83.0199966430664,81.91000366210938,82.73999786376953,31847100
2012-10-15,IWM,68.95394897460938,82.63999938964844,82.63999938964844,81.76000213623047,82.33999633789062,34413700
2012-10-16,IWM,69.46295166015625,83.25,83.36000061035156,82.87999725341797,83.08000183105469,29234800
2012-10-17,IWM,70.08871459960938,84.0,84.1500015258789,83.25,83.41999816894531,35466500
2012-10-18,IWM,69.70491027832031,83.54000091552734,84.1500015258789,83.44999694824219,83.94000244140625,31431700
2012-10-19,IWM,68.29478454589844,81.8499984741211,82.87999725341797,81.47000122070312,82.8499984741211,53565500
2012-10-22,IWM,68.27808380126953,81.83000183105469,81.97000122070312,81.3499984741211,81.63999938964844,30682000
2012-10-23,IWM,67.93601989746094,81.41999816894531,81.52999877929688,80.43000030517578,81.1500015258789,40737600
2012-10-24,IWM,67.75241088867188,81.19999694824219,81.8499984741211,80.91000366210938,81.69999694824219,24472200
2012-10-25,IWM,68.02778625488281,81.52999877929688,82.13999938964844,80.87000274658203,81.87999725341797,27794000
2012-10-26,IWM,67.70238494873047,81.13999938964844,81.9000015258789,80.45999908447266,81.44000244140625,41402800
2012-10-31,IWM,68.11124420166016,81.62999725341797,81.6500015258789,80.87999725341797,81.16000366210938,24879800
2012-11-01,IWM,68.82880401611328,82.48999786376953,82.70999908447266,81.5199966430664,81.81999969482422,77113300
2012-11-02,IWM,67.74407958984375,81.19000244140625,82.94999694824219,81.16999816894531,82.88999938964844,39322100
2012-11-05,IWM,68.19467163085938,81.7300033569336,81.83999633789062,80.91999816894531,81.18000030517578,26861600
2012-11-06,IWM,68.70362854003906,82.33999633789062,82.56999969482422,81.97000122070312,82.02999877929688,27342500
2012-11-07,IWM,67.03483581542969,80.33999633789062,81.37000274658203,79.91000366210938,81.37000274658203,65095500
2012-11-08,IWM,66.09199523925781,79.20999908447266,80.5,79.1500015258789,80.16999816894531,42653100
2012-11-09,IWM,66.23384094238281,79.37999725341797,79.97000122070312,78.69999694824219,78.87000274658203,33030000
2012-11-12,IWM,66.04196166992188,79.1500015258789,79.66000366210938,79.02999877929688,79.55999755859375,20155100
2012-11-13,IWM,65.66644287109375,78.69999694824219,79.55999755859375,78.58000183105469,78.79000091552734,34408200
2012-11-14,IWM,64.44824981689453,77.23999786376953,79.0999984741211,77.05999755859375,78.87999725341797,54653100
2012-11-15,IWM,64.11448669433594,76.83999633789062,77.48999786376953,76.29000091552734,77.08999633789062,55966400
2012-11-16,IWM,64.64850616455078,77.4800033569336,77.68000030517578,76.12999725341797,76.77999877929688,62748300
2012-11-19,IWM,66.01692199707031,79.12000274658203,79.18000030517578,78.22000122070312,78.31999969482422,45621100
2012-11-20,IWM,66.13373565673828,79.26000213623047,79.3499984741211,78.63999938964844,78.9800033569336,36928500
2012-11-21,IWM,66.48418426513672,79.68000030517578,79.7300033569336,79.12999725341797,79.41000366210938,19254500
2012-11-23,IWM,67.1433334350586,80.47000122070312,80.55999755859375,79.86000061035156,79.9000015258789,20093300
2012-11-26,IWM,67.36026763916016,80.7300033569336,80.79000091552734,80.06999969482422,80.3499984741211,31180700
2012-11-27,IWM,67.27684020996094,80.62999725341797,81.2300033569336,80.56999969482422,80.68000030517578,39942000
2012-11-28,IWM,67.8442153930664,81.30999755859375,81.30999755859375,79.62999725341797,80.31999969482422,51316900
2012-11-29,IWM,68.62019348144531,82.23999786376953,82.41000366210938,81.62000274658203,81.94999694824219,53043500
2012-11-30,IWM,68.4867172241211,82.08000183105469,82.41000366210938,81.7300033569336,82.4000015258789,35722500
2012-12-03,IWM,68.41159057617188,81.98999786376953,82.76000213623047,81.75,82.70999908447266,24959800
2012-12-04,IWM,68.49503326416016,82.08999633789062,82.31999969482422,81.45999908447266,82.06999969482422,37225000
2012-12-05,IWM,68.41159057617188,81.98999786376953,82.51000213623047,81.4000015258789,82.4800033569336,40376100
2012-12-06,IWM,68.52008056640625,82.12000274658203,82.30999755859375,81.61000061035156,81.9800033569336,31829500
2012-12-07,IWM,68.57012939453125,82.18000030517578,82.55000305175781,81.83000183105469,82.5,24123400
2012-12-10,IWM,68.87051391601562,82.54000091552734,82.66000366210938,82.20999908447266,82.37000274658203,29173000
2012-12-11,IWM,69.5964126586914,83.41000366210938,83.55999755859375,82.91999816894531,83.11000061035156,40262100
2012-12-12,IWM,69.20426177978516,82.94000244140625,83.80000305175781,82.7699966430664,83.66999816894531,40570000
2012-12-13,IWM,68.76204681396484,82.41000366210938,83.20999908447266,82.11000061035156,82.9800033569336,33439300
2012-12-14,IWM,68.7203369140625,82.36000061035156,82.80999755859375,82.12000274658203,82.22000122070312,28508000
2012-12-17,IWM,69.68820190429688,83.5199966430664,83.52999877929688,82.5199966430664,82.68000030517578,35849400
2012-12-18,IWM,70.63941955566406,84.66000366210938,84.7699966430664,83.48999786376953,83.70999908447266,53500700
2012-12-19,IWM,70.79678344726562,84.12000274658203,84.5199966430664,83.76000213623047,84.08000183105469,49010900
2012-12-20,IWM,71.1502914428711,84.54000091552734,84.61000061035156,83.8499984741211,84.13999938964844,50304600
2012-12-21,IWM,70.85572052001953,84.19000244140625,84.19000244140625,83.08000183105469,83.2699966430664,54923200
2012-12-24,IWM,70.51065063476562,83.77999877929688,83.97000122070312,83.51000213623047,83.88999938964844,10103000
2012-12-26,IWM,70.00569152832031,83.18000030517578,84.01000213623047,83.08000183105469,83.97000122070312,24671600
2012-12-27,IWM,69.9551773071289,83.12000274658203,83.43000030517578,82.05000305175781,83.26000213623047,35567700
2012-12-28,IWM,69.4586181640625,82.52999877929688,83.37000274658203,82.5199966430664,82.69000244140625,34262200
2012-12-31,IWM,70.96512603759766,84.31999969482422,84.43000030517578,82.3499984741211,82.66000366210938,67461100
2013-01-02,IWM,73.05233764648438,86.80000305175781,86.91000366210938,86.04000091552734,86.33999633789062,116410600
2013-01-03,IWM,72.8840103149414,86.5999984741211,87.27999877929688,86.37000274658203,86.8499984741211,45872900
2013-01-04,IWM,73.42263793945312,87.23999786376953,87.44000244140625,86.66000366210938,87.01000213623047,29852500
2013-01-07,IWM,73.14492797851562,86.91000366210938,87.06999969482422,86.62000274658203,86.80000305175781,23693400
2013-01-08,IWM,73.09439849853516,86.8499984741211,87.01000213623047,86.38999938964844,86.87999725341797,23760000
2013-01-09,IWM,73.4478988647461,87.2699966430664,87.3499984741211,86.95999908447266,87.0199966430664,27425500
2013-01-10,IWM,73.6162109375,87.47000122070312,87.69000244140625,86.94999694824219,87.61000061035156,39753000
2013-01-11,IWM,73.5068130493164,87.33999633789062,87.54000091552734,87.0,87.4000015258789,27322400
2013-01-14,IWM,73.54889678955078,87.38999938964844,87.5199966430664,87.05000305175781,87.16000366210938,24351900
2013-01-15,IWM,73.86869049072266,87.7699966430664,87.88999938964844,86.7699966430664,86.83000183105469,34704100
2013-01-16,IWM,73.64989471435547,87.51000213623047,87.75,87.30000305175781,87.56999969482422,20881400
2013-01-17,IWM,74.33161163330078,88.31999969482422,88.51000213623047,87.83000183105469,87.91000366210938,34219400
2013-01-18,IWM,74.54199981689453,88.56999969482422,88.62000274658203,88.11000061035156,88.33999633789062,23256900
2013-01-22,IWM,75.08061218261719,89.20999908447266,89.26000213623047,88.37999725341797,88.63999938964844,31589000
2013-01-23,IWM,74.90388488769531,89.0,89.29000091552734,88.91000366210938,89.23999786376953,32818900
2013-01-24,IWM,75.14796447753906,89.29000091552734,89.8499984741211,88.93000030517578,89.1500015258789,39814600
2013-01-25,IWM,75.69499969482422,89.94000244140625,89.94000244140625,89.29000091552734,89.7300033569336,34620300
2013-01-28,IWM,75.74552154541016,90.0,90.2300033569336,89.37999725341797,90.01000213623047,42633600
2013-01-29,IWM,75.78759765625,90.05000305175781,90.16000366210938,89.6500015258789,89.95999908447266,37055100
2013-01-30,IWM,74.87864685058594,88.97000122070312,90.0199966430664,88.69000244140625,89.97000122070312,39299300
2013-01-31,IWM,75.39201354980469,89.58000183105469,89.68000030517578,88.76000213623047,88.87000274658203,36924200
2013-02-01,IWM,76.05691528320312,90.37000274658203,90.69999694824219,89.8499984741211,89.95999908447266,33925100
2013-02-04,IWM,75.1395263671875,89.27999877929688,90.18000030517578,89.1500015258789,89.81999969482422,27006300
2013-02-05,IWM,75.81285858154297,90.08000183105469,90.37999725341797,89.58999633789062,89.70999908447266,26551000
2013-02-06,IWM,76.13262939453125,90.45999908447266,90.5199966430664,89.56999969482422,89.6500015258789,24297800
2013-02-07,IWM,75.88015747070312,90.16000366210938,90.55000305175781,89.55000305175781,90.38999938964844,30206500
2013-02-08,IWM,76.41881561279297,90.80000305175781,90.86000061035156,90.23999786376953,90.27999877929688,25189600
2013-02-11,IWM,76.33464813232422,90.69999694824219,90.75,90.26000213623047,90.70999908447266,15722100
2013-02-12,IWM,76.6712875366211,91.0999984741211,91.23999786376953,90.68000030517578,90.73999786376953,19792700
2013-02-13,IWM,76.9911117553711,91.4800033569336,91.55000305175781,90.9800033569336,91.19000244140625,22591300
2013-02-14,IWM,77.1846694946289,91.70999908447266,91.87999725341797,91.16000366210938,91.18000030517578,22359300
2013-02-15,IWM,77.20989227294922,91.73999786376953,92.02999877929688,91.47000122070312,91.66999816894531,29339100
2013-02-19,IWM,77.89163970947266,92.55000305175781,92.55999755859375,91.87000274658203,91.87999725341797,21162300
2013-02-20,IWM,76.44403839111328,90.83000183105469,92.68000030517578,90.73999786376953,92.62999725341797,41753800
2013-02-21,IWM,75.70343017578125,89.94999694824219,90.81999969482422,89.37000274658203,90.7699966430664,45067400
2013-02-22,IWM,76.61236572265625,91.02999877929688,91.02999877929688,90.37000274658203,90.41000366210938,24762300
2013-02-25,IWM,74.92073059082031,89.0199966430664,91.52999877929688,88.97000122070312,91.5,53492800
2013-02-26,IWM,75.21529388427734,89.37000274658203,89.77999877929688,88.79000091552734,89.41000366210938,47522800
2013-02-27,IWM,76.00640869140625,90.30999755859375,90.8499984741211,89.30999755859375,89.36000061035156,41192300
2013-02-28,IWM,76.1495132446289,90.4800033569336,91.05000305175781,90.18000030517578,90.30000305175781,31208800
2013-03-01,IWM,76.49455261230469,90.88999938964844,91.05999755859375,89.20999908447266,89.87999725341797,49278200
2013-03-04,IWM,76.69654846191406,91.12999725341797,91.16999816894531,90.19999694824219,90.66999816894531,27577000
2013-03-05,IWM,77.58863830566406,92.19000244140625,92.3499984741211,91.5999984741211,91.61000061035156,35612300
2013-03-06,IWM,77.7906265258789,92.43000030517578,92.5999984741211,92.12000274658203,92.47000122070312,28483000
2013-03-07,IWM,78.16094970703125,92.87000274658203,92.94000244140625,92.31999969482422,92.4800033569336,27907700
2013-03-08,IWM,78.88471221923828,93.7300033569336,93.75,92.91999816894531,93.5999984741211,38066100
2013-03-11,IWM,78.85946655273438,93.69999694824219,93.75,93.33000183105469,93.41999816894531,26716100
2013-03-12,IWM,78.6995849609375,93.51000213623047,93.75,93.18000030517578,93.4800033569336,21489000
2013-03-13,IWM,78.994140625,93.86000061035156,94.0199966430664,93.25,93.54000091552734,28662200
2013-03-14,IWM,79.78524017333984,94.80000305175781,94.80999755859375,93.87000274658203,94.02999877929688,24747300
2013-03-15,IWM,79.7431869506836,94.75,94.95999908447266,94.38999938964844,94.6500015258789,35361700
2013-03-18,IWM,79.30553436279297,94.2300033569336,94.61000061035156,93.66999816894531,93.73999786376953,36700800
2013-03-19,IWM,78.96890258789062,93.83000183105469,94.70999908447266,93.01000213623047,94.41000366210938,51516400
2013-03-20,IWM,79.70108032226562,94.69999694824219,94.73999786376953,94.26000213623047,94.36000061035156,27958600
2013-03-21,IWM,79.0025863647461,93.87000274658203,94.47000122070312,93.54000091552734,94.04000091552734,37122600
2013-03-22,IWM,79.24664306640625,94.16000366210938,94.37000274658203,93.94000244140625,94.25,33429900
2013-03-25,IWM,79.29222106933594,93.94999694824219,94.72000122070312,93.27999877929688,94.12000274658203,36680500
2013-03-26,IWM,79.54541015625,94.25,94.48999786376953,93.75,94.33999633789062,26348000
2013-03-27,IWM,79.59606170654297,94.30999755859375,94.37999725341797,93.23999786376953,93.6500015258789,28461800
2013-03-28,IWM,79.69731140136719,94.43000030517578,94.66000366210938,94.13999938964844,94.2699966430664,24160700
2013-04-01,IWM,78.62549591064453,93.16000366210938,94.47000122070312,92.70999908447266,94.2699966430664,59660300
2013-04-02,IWM,78.13595581054688,92.58000183105469,93.91999816894531,92.5,93.77999877929688,47917200
2013-04-03,IWM,76.91220092773438,91.12999725341797,92.9800033569336,90.91999816894531,92.94000244140625,65441400
2013-04-04,IWM,77.57050323486328,91.91000366210938,91.94000244140625,90.95999908447266,91.26000213623047,37706300
2013-04-05,IWM,77.41857147216797,91.7300033569336,91.75,90.41999816894531,90.5199966430664,46418300
2013-04-08,IWM,78.05998992919922,92.48999786376953,92.5199966430664,91.33000183105469,91.98999786376953,28886500
2013-04-09,IWM,77.83213806152344,92.22000122070312,92.83000183105469,92.04000091552734,92.63999938964844,36828400
2013-04-10,IWM,79.24156951904297,93.88999938964844,94.0999984741211,92.44999694824219,92.51000213623047,50119600
2013-04-11,IWM,79.351318359375,94.0199966430664,94.56999969482422,93.75,93.83000183105469,32619000
2013-04-12,IWM,79.03058624267578,93.63999938964844,93.94000244140625,92.91999816894531,93.69999694824219,41931800
2013-04-15,IWM,76.05131530761719,90.11000061035156,93.1500015258789,89.79000091552734,93.05999755859375,100204000
2013-04-16,IWM,77.36795043945312,91.66999816894531,91.80000305175781,90.48999786376953,90.80999755859375,58061700
2013-04-17,IWM,76.02598571777344,90.08000183105469,91.0199966430664,89.2300033569336,90.91999816894531,77710600
2013-04-18,IWM,75.6039810180664,89.58000183105469,90.37000274658203,89.12999725341797,90.1500015258789,58516600
2013-04-19,IWM,76.47330474853516,90.61000061035156,90.69000244140625,89.20999908447266,89.95999908447266,44931600
2013-04-22,IWM,76.69273376464844,90.87000274658203,91.06999969482422,89.19999694824219,90.69999694824219,49190300
2013-04-23,IWM,77.90807342529297,92.30999755859375,92.33999633789062,90.86000061035156,91.5999984741211,55313200
2013-04-24,IWM,78.31319427490234,92.79000091552734,92.86000061035156,91.93000030517578,92.29000091552734,41020800
2013-04-25,IWM,78.82803344726562,93.4000015258789,93.9000015258789,92.88999938964844,93.02999877929688,36543300
2013-04-26,IWM,78.40604400634766,92.9000015258789,93.36000061035156,92.5,93.08999633789062,32405600
2013-04-29,IWM,78.97149658203125,93.56999969482422,93.77999877929688,93.06999969482422,93.30999755859375,20791400
2013-04-30,IWM,79.4188003540039,94.0999984741211,94.13999938964844,93.16999816894531,93.58000183105469,30488500
2013-05-01,IWM,77.49451446533203,91.81999969482422,93.9000015258789,91.76000213623047,93.80999755859375,120177800
2013-05-02,IWM,78.72673034667969,93.27999877929688,93.47000122070312,92.16999816894531,92.33999633789062,38830300
2013-05-03,IWM,79.975830078125,94.76000213623047,95.47000122070312,94.3499984741211,94.52999877929688,51981000
2013-05-06,IWM,80.49065399169922,95.37000274658203,95.5,94.73999786376953,94.83000183105469,26893800
2013-05-07,IWM,81.14896392822266,96.1500015258789,96.16999816894531,95.12999725341797,95.51000213623047,29920800
2013-05-08,IWM,81.38529968261719,96.43000030517578,96.47000122070312,95.68000030517578,95.93000030517578,37669300
2013-05-09,IWM,81.10677337646484,96.0999984741211,96.51000213623047,95.75,96.30000305175781,32331100
2013-05-10,IWM,81.72288513183594,96.83000183105469,96.93000030517578,96.06999969482422,96.20999908447266,39288900
2013-05-13,IWM,81.66383361816406,96.76000213623047,97.12000274658203,96.43000030517578,96.73999786376953,22522300
2013-05-14,IWM,82.71035766601562,98.0,98.02999877929688,96.93000030517578,96.94000244140625,33539600
2013-05-15,IWM,82.87914276123047,98.19999694824219,98.66999816894531,97.69000244140625,97.80000305175781,34000200
2013-05-16,IWM,82.66815948486328,97.94999694824219,98.55999755859375,97.69999694824219,98.02999877929688,42053300
2013-05-17,IWM,83.59650421142578,99.05000305175781,99.06999969482422,97.95999908447266,98.4000015258789,35675100
2013-05-20,IWM,83.73157501220703,99.20999908447266,99.5999984741211,98.75,98.76000213623047,25027400
2013-05-21,IWM,83.7484359741211,99.2300033569336,99.55000305175781,98.87999725341797,99.19999694824219,23596700
2013-05-22,IWM,82.524658203125,97.77999877929688,100.37999725341797,97.11000061035156,99.41000366210938,68650700
2013-05-23,IWM,82.62596893310547,97.9000015258789,97.93000030517578,96.51000213623047,96.6500015258789,44524500
2013-05-24,IWM,82.60904693603516,97.87999725341797,97.94999694824219,96.70999908447266,97.30000305175781,33332500
2013-05-28,IWM,83.6809310913086,99.1500015258789,100.0999984741211,98.4800033569336,99.19999694824219,46121100
2013-05-29,IWM,82.90442657470703,98.2300033569336,99.18000030517578,97.37000274658203,98.55000305175781,40491500
2013-05-30,IWM,83.46150970458984,98.88999938964844,99.12999725341797,98.30999755859375,98.5,30620300
2013-05-31,IWM,82.54154968261719,97.80000305175781,99.0199966430664,97.7699966430664,98.37999725341797,38953700
2013-06-03,IWM,83.32646179199219,98.7300033569336,98.83999633789062,97.02999877929688,98.13999938964844,87088500
2013-06-04,IWM,82.44024658203125,97.68000030517578,99.19999694824219,96.91999816894531,98.68000030517578,68206900
2013-06-05,IWM,81.38529968261719,96.43000030517578,97.70999908447266,96.1500015258789,97.55999755859375,58967500
2013-06-06,IWM,82.24614715576172,97.44999694824219,97.44999694824219,95.7300033569336,96.36000061035156,46335300
2013-06-07,IWM,82.87914276123047,98.19999694824219,98.44999694824219,97.2699966430664,97.9000015258789,44757500
2013-06-10,IWM,83.38553619384766,98.80000305175781,98.80000305175781,97.80999755859375,98.63999938964844,32136500
2013-06-11,IWM,82.48248291015625,97.7300033569336,98.47000122070312,96.86000061035156,97.68000030517578,43461300
2013-06-12,IWM,81.66383361816406,96.76000213623047,98.4800033569336,96.62999725341797,98.33000183105469,58446900
2013-06-13,IWM,83.10699462890625,98.47000122070312,98.69999694824219,96.37000274658203,96.7300033569336,47768600
2013-06-14,IWM,82.465576171875,97.70999908447266,98.63999938964844,97.41999816894531,98.27999877929688,37838400
2013-06-17,IWM,83.0057373046875,98.3499984741211,98.86000061035156,97.76000213623047,98.58999633789062,33308600
2013-06-18,IWM,83.98477172851562,99.51000213623047,99.80000305175781,98.33000183105469,98.5199966430664,40520200
2013-06-19,IWM,82.95508575439453,98.29000091552734,99.69999694824219,98.16000366210938,99.51000213623047,43193500
2013-06-20,IWM,80.76072692871094,95.69000244140625,98.20999908447266,95.29000091552734,96.70999908447266,76262300
2013-06-21,IWM,80.99705505371094,95.97000122070312,96.18000030517578,94.62999725341797,95.63999938964844,66115300
2013-06-24,IWM,79.9336166381836,94.70999908447266,95.5199966430664,93.83000183105469,94.91000366210938,58774600
2013-06-25,IWM,80.70164489746094,95.62000274658203,95.83999633789062,94.87000274658203,95.58999633789062,32418400
2013-06-26,IWM,81.08143615722656,96.06999969482422,96.62999725341797,95.6500015258789,96.5199966430664,33752300
2013-06-27,IWM,82.3390121459961,97.55999755859375,97.73999786376953,96.61000061035156,96.6500015258789,40852300
2013-06-28,IWM,81.86634826660156,97.0,97.95999908447266,96.8499984741211,97.4000015258789,46135800
2013-07-01,IWM,83.19985961914062,98.58000183105469,99.0999984741211,97.63999938964844,97.6500015258789,37805800
2013-07-02,IWM,83.14053344726562,98.08000183105469,98.8499984741211,97.44999694824219,98.16000366210938,36848900
2013-07-03,IWM,83.31005859375,98.27999877929688,98.63999938964844,97.58999633789062,97.7300033569336,19153600
2013-07-05,IWM,84.48834228515625,99.66999816894531,99.75,98.30999755859375,99.37999725341797,29427500
2013-07-08,IWM,84.82742309570312,100.06999969482422,100.44000244140625,99.88999938964844,100.12999725341797,30905300
2013-07-09,IWM,85.61572265625,101.0,101.19999694824219,100.30000305175781,100.69999694824219,36010700
2013-07-10,IWM,85.85309600830078,101.27999877929688,101.37999725341797,100.73999786376953,101.04000091552734,36061100
2013-07-11,IWM,86.86180877685547,102.47000122070312,102.58999633789062,101.94000244140625,102.41999816894531,34434200
2013-07-12,IWM,87.03984832763672,102.68000030517578,103.11000061035156,102.47000122070312,102.4800033569336,28584000
2013-07-15,IWM,87.80276489257812,103.58000183105469,103.68000030517578,102.83999633789062,102.94999694824219,30786600
2013-07-16,IWM,87.36192321777344,103.05999755859375,103.66999816894531,102.81999969482422,103.62000274658203,38630800
2013-07-17,IWM,87.70104217529297,103.45999908447266,103.94999694824219,103.23999786376953,103.63999938964844,28476600
2013-07-18,IWM,88.2859115600586,104.1500015258789,104.58999633789062,103.66000366210938,103.7300033569336,32034100
2013-07-19,IWM,88.42156219482422,104.30999755859375,104.30999755859375,103.73999786376953,104.05999755859375,22806600
2013-07-22,IWM,88.60807800292969,104.52999877929688,104.76000213623047,104.12999725341797,104.4800033569336,25854900
2013-07-23,IWM,88.54869079589844,104.45999908447266,104.94999694824219,104.25,104.91000366210938,26309700
2013-07-24,IWM,87.81123352050781,103.58999633789062,104.9800033569336,103.44000244140625,104.91000366210938,31809700
2013-07-25,IWM,88.61653900146484,104.54000091552734,104.6500015258789,103.33000183105469,103.47000122070312,46093900
2013-07-26,IWM,88.26050567626953,104.12000274658203,104.16999816894531,103.36000061035156,103.95999908447266,23036800
2013-07-29,IWM,87.64168548583984,103.38999938964844,104.2699966430664,103.0,103.83999633789062,30360800
2013-07-30,IWM,87.71800231933594,103.4800033569336,103.87000274658203,103.11000061035156,103.69000244140625,26311000
2013-07-31,IWM,87.87054443359375,103.66000366210938,104.68000030517578,103.61000061035156,103.88999938964844,38330400
2013-08-01,IWM,89.0658187866211,105.06999969482422,105.3499984741211,103.75,104.68000030517578,34487100
2013-08-02,IWM,89.14209747314453,105.16000366210938,105.27999877929688,104.55999755859375,104.72000122070312,22983000
2013-08-05,IWM,89.44725036621094,105.5199966430664,105.62999725341797,104.9000015258789,105.05000305175781,14985000
2013-08-06,IWM,88.54869079589844,104.45999908447266,105.31999969482422,104.1500015258789,105.22000122070312,24689300
2013-08-07,IWM,87.92144775390625,103.72000122070312,104.33999633789062,103.47000122070312,104.12000274658203,23362200
2013-08-08,IWM,88.2859115600586,104.1500015258789,104.5999984741211,103.58000183105469,104.30000305175781,27640300
2013-08-09,IWM,88.19267272949219,104.04000091552734,104.56999969482422,103.5199966430664,103.93000030517578,27686900
2013-08-12,IWM,88.658935546875,104.58999633789062,104.62999725341797,103.33000183105469,103.33000183105469,18960800
2013-08-13,IWM,88.54024505615234,104.44999694824219,104.68000030517578,103.77999877929688,104.68000030517578,22812900
2013-08-14,IWM,88.19267272949219,104.04000091552734,104.63999938964844,104.01000213623047,104.4800033569336,23629000
2013-08-15,IWM,86.55667114257812,102.11000061035156,102.95999908447266,101.88999938964844,102.83999633789062,50044500
2013-08-16,IWM,86.1921615600586,101.68000030517578,102.37999725341797,101.55000305175781,101.80999755859375,36059500
2013-08-19,IWM,85.31903839111328,100.6500015258789,101.87999725341797,100.58999633789062,101.63999938964844,25184600
2013-08-20,IWM,86.5481948852539,102.0999984741211,102.33000183105469,100.70999908447266,100.7699966430664,32450400
2013-08-21,IWM,86.02262115478516,101.4800033569336,102.5,101.01000213623047,101.69000244140625,41452900
2013-08-22,IWM,87.23478698730469,102.91000366210938,102.98999786376953,101.79000091552734,101.81999969482422,24006100
2013-08-23,IWM,87.45519256591797,103.16999816894531,103.25,102.44999694824219,103.19000244140625,20801100
2013-08-26,IWM,87.46368408203125,103.18000030517578,103.81999969482422,102.7699966430664,103.36000061035156,23376100
2013-08-27,IWM,85.41232299804688,100.76000213623047,102.38999938964844,100.55999755859375,101.94000244140625,47269300
2013-08-28,IWM,85.58182525634766,100.95999908447266,101.36000061035156,100.5,100.62000274658203,28927500
2013-08-29,IWM,86.43797302246094,101.97000122070312,102.36000061035156,100.80999755859375,100.88999938964844,27628600
2013-08-30,IWM,85.09015655517578,100.37999725341797,102.05000305175781,100.23999786376953,101.98999786376953,43334600
2013-09-03,IWM,85.66658782958984,101.05999755859375,102.37000274658203,100.12999725341797,101.86000061035156,37995800
2013-09-04,IWM,86.4210433959961,101.94999694824219,102.01000213623047,100.75,101.16000366210938,22580800
2013-09-05,IWM,86.55667114257812,102.11000061035156,102.52999877929688,101.8499984741211,102.02999877929688,22770200
2013-09-06,IWM,86.79401397705078,102.38999938964844,102.88999938964844,100.73999786376953,102.69999694824219,36792000
2013-09-09,IWM,88.10794830322266,103.94000244140625,104.02999877929688,102.7300033569336,102.73999786376953,27358500
2013-09-10,IWM,88.97254943847656,104.95999908447266,104.9800033569336,104.19999694824219,104.58000183105469,25126300
2013-09-11,IWM,89.01493835449219,105.01000213623047,105.22000122070312,104.52999877929688,104.79000091552734,26412500
2013-09-12,IWM,88.36221313476562,104.23999786376953,105.0199966430664,104.20999908447266,104.91000366210938,32707600
2013-09-13,IWM,88.84537506103516,104.80999755859375,104.83000183105469,104.0999984741211,104.58999633789062,29478700
2013-09-16,IWM,89.04034423828125,105.04000091552734,106.08000183105469,104.8499984741211,106.05000305175781,28755900
2013-09-17,IWM,89.92195892333984,106.08000183105469,106.08000183105469,105.04000091552734,105.05999755859375,28901400
2013-09-18,IWM,90.7780990600586,107.08999633789062,107.61000061035156,105.26000213623047,106.05000305175781,46237100
2013-09-19,IWM,90.68489074707031,106.9800033569336,107.43000030517578,106.62000274658203,107.36000061035156,34775900
2013-09-20,IWM,90.35425567626953,106.58999633789062,107.27999877929688,106.55000305175781,107.23999786376953,49522500
2013-09-23,IWM,90.3627700805664,106.5999984741211,106.87000274658203,105.80000305175781,106.72000122070312,47759700
2013-09-24,IWM,90.66277313232422,106.66999816894531,107.41999816894531,105.79000091552734,106.45999908447266,45267000
2013-09-25,IWM,90.49278259277344,106.47000122070312,107.4800033569336,106.33000183105469,106.7699966430664,37106600
2013-09-26,IWM,90.9942398071289,107.05999755859375,107.47000122070312,106.36000061035156,106.75,29490600
2013-09-27,IWM,90.5862808227539,106.58000183105469,107.05000305175781,106.20999908447266,106.38999938964844,30296400
2013-09-30,IWM,90.61178588867188,106.61000061035156,106.83999633789062,105.23999786376953,105.43000030517578,45771700
2013-10-01,IWM,91.66570281982422,107.8499984741211,107.93000030517578,106.44999694824219,106.55999755859375,39344400
2013-10-02,IWM,91.2917251586914,107.41000366210938,107.75,106.8499984741211,107.08999633789062,30622900
2013-10-03,IWM,90.3567886352539,106.30999755859375,107.36000061035156,105.5999984741211,107.20999908447266,57799200
2013-10-04,IWM,90.96027374267578,107.0199966430664,107.31999969482422,106.1500015258789,106.33999633789062,25902800
2013-10-07,IWM,89.89783477783203,105.7699966430664,106.66000366210938,105.72000122070312,105.98999786376953,32924200
2013-10-08,IWM,88.44444274902344,104.05999755859375,106.02999877929688,103.91999816894531,105.83999633789062,61365000
2013-10-09,IWM,88.08744049072266,103.63999938964844,104.36000061035156,103.0,104.30000305175781,52604900
2013-10-10,IWM,90.21231079101562,106.13999938964844,106.30999755859375,104.91999816894531,105.01000213623047,53157800
2013-10-11,IWM,91.52124786376953,107.68000030517578,107.7300033569336,105.83000183105469,105.83999633789062,43197100
2013-10-14,IWM,91.98018646240234,108.22000122070312,108.3499984741211,106.93000030517578,107.05999755859375,38774800
2013-10-15,IWM,91.0792465209961,107.16000366210938,108.2300033569336,106.91999816894531,107.98999786376953,42263500
2013-10-16,IWM,92.20964050292969,108.48999786376953,108.5999984741211,107.63999938964844,107.91000366210938,34333600
2013-10-17,IWM,93.01709747314453,109.44000244140625,109.45999908447266,107.97000122070312,108.0,38967200
2013-10-18,IWM,94.07954406738281,110.69000244140625,110.7699966430664,109.83000183105469,110.22000122070312,39496400
2013-10-21,IWM,93.89253997802734,110.47000122070312,111.08000183105469,110.2699966430664,110.8499984741211,29198900
2013-10-22,IWM,94.13903045654297,110.76000213623047,111.48999786376953,110.37000274658203,110.94999694824219,38112600
2013-10-23,IWM,93.82454681396484,110.38999938964844,110.55000305175781,109.7699966430664,110.23999786376953,32275300
2013-10-24,IWM,94.32599639892578,110.9800033569336,111.26000213623047,110.33000183105469,110.47000122070312,24711800
2013-10-25,IWM,94.4110107421875,111.08000183105469,111.44999694824219,110.56999969482422,111.23999786376953,21321900
2013-10-28,IWM,94.3685302734375,111.02999877929688,111.29000091552734,110.45999908447266,111.12999725341797,22512200
2013-10-29,IWM,94.6404800415039,111.3499984741211,111.62000274658203,110.52999877929688,111.33000183105469,30026900
2013-10-30,IWM,93.34860229492188,109.83000183105469,111.4800033569336,109.5199966430664,111.4000015258789,46076600
2013-10-31,IWM,92.80464172363281,109.19000244140625,110.18000030517578,108.88999938964844,109.7699966430664,47370000
2013-11-01,IWM,92.40513610839844,108.72000122070312,109.62999725341797,107.91999816894531,109.41000366210938,117030400
2013-11-04,IWM,93.46759033203125,109.97000122070312,110.1500015258789,108.83000183105469,109.23999786376953,31960000
2013-11-05,IWM,93.14460754394531,109.58999633789062,109.93000030517578,108.86000061035156,109.55000305175781,26643500
2013-11-06,IWM,92.7451171875,109.12000274658203,110.37000274658203,108.91000366210938,110.3499984741211,31773400
2013-11-07,IWM,91.1812515258789,107.27999877929688,109.80999755859375,107.13999938964844,109.62000274658203,60459700
2013-11-08,IWM,92.83863067626953,109.2300033569336,109.45999908447266,107.38999938964844,107.44000244140625,48147500
2013-11-11,IWM,92.96611022949219,109.37999725341797,109.5999984741211,108.63999938964844,109.04000091552734,19897700
2013-11-12,IWM,93.04261016845703,109.47000122070312,109.51000213623047,108.66999816894531,109.06999969482422,28075100
2013-11-13,IWM,93.93504333496094,110.5199966430664,110.55000305175781,108.62000274658203,108.66000366210938,36465900
2013-11-14,IWM,93.84154510498047,110.41000366210938,110.5999984741211,109.73999786376953,110.47000122070312,33226800
2013-11-15,IWM,94.19853210449219,110.83000183105469,110.98999786376953,110.16000366210938,110.5999984741211,27518500
2013-11-18,IWM,93.53557586669922,110.05000305175781,111.41999816894531,109.75,111.31999969482422,35509600
2013-11-19,IWM,92.95762634277344,109.37000274658203,110.69000244140625,108.98999786376953,110.11000061035156,36081300
2013-11-20,IWM,92.92362976074219,109.33000183105469,110.19999694824219,108.8499984741211,109.93000030517578,43376700
2013-11-21,IWM,94.59801483154297,111.30000305175781,111.36000061035156,109.68000030517578,109.80999755859375,45585000
2013-11-22,IWM,95.06548309326172,111.8499984741211,111.97000122070312,111.0999984741211,111.29000091552734,28786400
2013-11-25,IWM,95.1844482421875,111.98999786376953,112.27999877929688,111.62999725341797,112.12999725341797,22968600
2013-11-26,IWM,95.88992309570312,112.81999969482422,113.0199966430664,111.9000015258789,111.98999786376953,30760700
2013-11-27,IWM,96.42536163330078,113.44999694824219,113.56999969482422,112.63999938964844,112.83999633789062,29099600
2013-11-29,IWM,96.4763412475586,113.51000213623047,114.16000366210938,113.44999694824219,113.94000244140625,15675500
2013-12-02,IWM,95.50740051269531,112.37000274658203,113.76000213623047,112.05999755859375,113.69999694824219,43155200
2013-12-03,IWM,95.04847717285156,111.83000183105469,112.5999984741211,111.2699966430664,112.12999725341797,36930700
2013-12-04,IWM,94.79346466064453,111.52999877929688,112.41999816894531,110.37000274658203,111.30999755859375,40609500
2013-12-05,IWM,94.86145782470703,111.61000061035156,112.0199966430664,111.1500015258789,111.48999786376953,37926700
2013-12-06,IWM,95.60090637207031,112.4800033569336,113.0999984741211,112.19000244140625,112.62000274658203,36471900
2013-12-09,IWM,95.575439453125,112.44999694824219,112.88999938964844,111.88999938964844,112.62999725341797,31236500
2013-12-10,IWM,94.70848083496094,111.43000030517578,112.58000183105469,111.23999786376953,112.2300033569336,34938800
2013-12-11,IWM,93.15311431884766,109.5999984741211,111.55000305175781,109.31999969482422,111.52999877929688,47181600
2013-12-12,IWM,93.3570556640625,109.83999633789062,110.25,109.36000061035156,109.69999694824219,37706200
2013-12-13,IWM,93.66307067871094,110.19999694824219,110.52999877929688,109.41999816894531,110.05000305175781,32980300
2013-12-16,IWM,94.77647399902344,111.51000213623047,111.56999969482422,110.1500015258789,110.62000274658203,33991200
2013-12-17,IWM,94.6404800415039,111.3499984741211,111.54000091552734,110.62000274658203,111.44999694824219,32399800
2013-12-18,IWM,95.94087982177734,112.87999725341797,112.9000015258789,110.36000061035156,111.52999877929688,52979000
2013-12-19,IWM,95.2269287109375,112.04000091552734,112.8499984741211,111.88999938964844,112.72000122070312,32871100
2013-12-20,IWM,96.83332824707031,113.93000030517578,114.22000122070312,112.08999633789062,112.0999984741211,48770500
2013-12-23,IWM,97.93140411376953,114.77999877929688,114.81999969482422,113.94999694824219,114.18000030517578,37049100
2013-12-24,IWM,98.30681610107422,115.22000122070312,115.44000244140625,114.87000274658203,114.91000366210938,17371200
2013-12-26,IWM,98.31532287597656,115.2300033569336,115.97000122070312,115.0999984741211,115.62999725341797,19670000
2013-12-27,IWM,98.25562286376953,115.16000366210938,115.73999786376953,114.77999877929688,115.47000122070312,20069700
2013-12-30,IWM,98.19588470458984,115.08999633789062,115.37000274658203,114.8499984741211,115.11000061035156,28917400
2013-12-31,IWM,98.42626953125,115.36000061035156,115.70999908447266,115.16999816894531,115.36000061035156,38357200
2014-01-02,IWM,97.35974884033203,114.11000061035156,115.12000274658203,113.63999938964844,115.08999633789062,44247700
2014-01-03,IWM,97.85462188720703,114.69000244140625,114.9000015258789,114.11000061035156,114.52999877929688,26468000
2014-01-06,IWM,97.06114196777344,113.76000213623047,115.2699966430664,113.70999908447266,115.22000122070312,36198000
2014-01-07,IWM,97.87167358398438,114.70999908447266,115.16000366210938,114.11000061035156,114.19000244140625,28545300
2014-01-08,IWM,97.9996566772461,114.86000061035156,115.08000183105469,114.06999969482422,114.77999877929688,30763600
2014-01-09,IWM,98.02526092529297,114.88999938964844,115.38999938964844,114.16000366210938,115.25,29872800
2014-01-10,IWM,98.56275939941406,115.5199966430664,115.52999877929688,114.4000015258789,114.91999816894531,29174600
2014-01-13,IWM,97.21469116210938,113.94000244140625,115.48999786376953,113.26000213623047,115.30000305175781,45370800
2014-01-14,IWM,98.40919494628906,115.33999633789062,115.51000213623047,114.18000030517578,114.44000244140625,39125300
2014-01-15,IWM,99.14295196533203,116.19999694824219,116.29000091552734,115.55999755859375,115.63999938964844,31644100
2014-01-16,IWM,99.26242065429688,116.33999633789062,116.37999725341797,115.83000183105469,116.05000305175781,23091900
2014-01-17,IWM,98.91259765625,115.93000030517578,116.43000030517578,115.69000244140625,116.30999755859375,28722300
2014-01-21,IWM,99.50132751464844,116.62000274658203,116.87000274658203,115.77999877929688,116.7300033569336,29828700
2014-01-22,IWM,100.00468444824219,117.20999908447266,117.37000274658203,116.5,116.69000244140625,24011500
2014-01-23,IWM,99.33068084716797,116.41999816894531,116.77999877929688,115.66000366210938,116.72000122070312,36057500
2014-01-24,IWM,96.796630859375,113.44999694824219,115.73999786376953,113.22000122070312,115.69000244140625,53591900
2014-01-27,IWM,95.38030242919922,111.79000091552734,113.83999633789062,111.1500015258789,113.77999877929688,60368200
2014-01-28,IWM,96.38707733154297,112.97000122070312,112.98999786376953,111.79000091552734,111.93000030517578,43722200
2014-01-29,IWM,94.99634552001953,111.33999633789062,112.58000183105469,111.0199966430664,111.87999725341797,61904600
2014-01-30,IWM,96.41265869140625,113.0,113.6500015258789,112.04000091552734,112.33000183105469,40851600
2014-01-31,IWM,95.69599151611328,112.16000366210938,113.0,111.16999816894531,111.25,49293400
2014-02-03,IWM,92.70121765136719,108.6500015258789,112.19999694824219,108.1500015258789,111.87000274658203,91686000
2014-02-04,IWM,93.40086364746094,109.47000122070312,109.94999694824219,108.4000015258789,109.19000244140625,53138100
2014-02-05,IWM,92.70121765136719,108.6500015258789,109.1500015258789,107.2699966430664,108.80999755859375,60644600
2014-02-06,IWM,93.43498229980469,109.51000213623047,109.97000122070312,108.8499984741211,108.87999725341797,57611700
2014-02-07,IWM,94.49295806884766,110.75,110.83999633789062,109.5,109.97000122070312,44068600
2014-02-10,IWM,94.74044036865234,111.04000091552734,111.08999633789062,109.95999908447266,110.79000091552734,38211600
2014-02-11,IWM,95.58509826660156,112.02999877929688,112.33999633789062,110.87000274658203,111.12000274658203,44394100
2014-02-12,IWM,95.96047973632812,112.47000122070312,113.01000213623047,111.97000122070312,112.19999694824219,42307500
2014-02-13,IWM,97.18058013916016,113.9000015258789,114.06999969482422,111.36000061035156,111.37999725341797,42082400
2014-02-14,IWM,97.3171157836914,114.05999755859375,114.20999908447266,113.13999938964844,113.63999938964844,32428200
2014-02-18,IWM,98.33238983154297,115.25,115.44999694824219,114.13999938964844,114.4000015258789,33630400
2014-02-19,IWM,97.32564544677734,114.06999969482422,115.63999938964844,113.9800033569336,114.9000015258789,44024300
2014-02-20,IWM,98.37508392333984,115.30000305175781,115.54000091552734,113.91000366210938,114.19999694824219,35919600
2014-02-21,IWM,98.68223571777344,115.66000366210938,116.11000061035156,115.4000015258789,115.62000274658203,34814100
2014-02-24,IWM,99.40746307373047,116.51000213623047,117.30999755859375,115.76000213623047,115.83999633789062,43102800
2014-02-25,IWM,99.50980377197266,116.62999725341797,117.23999786376953,116.18000030517578,116.66000366210938,28474200
2014-02-26,IWM,100.1241455078125,117.3499984741211,118.11000061035156,116.43000030517578,116.70999908447266,40794800
2014-02-27,IWM,100.67021179199219,117.98999786376953,118.05999755859375,116.76000213623047,116.95999908447266,29906200
2014-02-28,IWM,100.26918029785156,117.5199966430664,118.70999908447266,116.80000305175781,117.95999908447266,47362700
2014-03-03,IWM,99.73169708251953,116.88999938964844,117.26000213623047,115.58000183105469,116.5199966430664,50892800
2014-03-04,IWM,102.2401351928711,119.83000183105469,120.58000183105469,118.18000030517578,118.19999694824219,112793900
2014-03-05,IWM,102.18038177490234,119.76000213623047,119.95999908447266,119.47000122070312,119.86000061035156,34691300
2014-03-06,IWM,102.163330078125,119.73999786376953,120.25,119.41999816894531,120.12000274658203,35087600
2014-03-07,IWM,102.12919616699219,119.69999694824219,120.47000122070312,119.02999877929688,120.41000366210938,36931800
2014-03-10,IWM,101.78792572021484,119.30000305175781,119.58000183105469,118.48999786376953,119.36000061035156,32089000
2014-03-11,IWM,100.72991943359375,118.05999755859375,119.80999755859375,117.51000213623047,119.41000366210938,50359500
2014-03-12,IWM,101.03706359863281,118.41999816894531,118.44000244140625,116.91999816894531,117.38999938964844,37159100
2014-03-13,IWM,99.86820220947266,117.05000305175781,118.95999908447266,116.37999725341797,118.8499984741211,53542800
2014-03-14,IWM,100.28626251220703,117.54000091552734,117.87000274658203,116.62000274658203,116.62999725341797,46888100
2014-03-17,IWM,100.72991943359375,118.05999755859375,119.0999984741211,117.87999725341797,118.22000122070312,41561600
2014-03-18,IWM,102.19743347167969,119.77999877929688,119.87999725341797,118.0999984741211,118.22000122070312,41606600
2014-03-19,IWM,101.53194427490234,119.0,119.73999786376953,118.0999984741211,119.68000030517578,47423000
2014-03-20,IWM,101.66847229003906,119.16000366210938,119.54000091552734,118.16000366210938,118.7300033569336,33212900
2014-03-21,IWM,101.1991958618164,118.61000061035156,120.26000213623047,118.55999755859375,119.72000122070312,47110800
2014-03-24,IWM,100.04736328125,117.26000213623047,119.2300033569336,116.19000244140625,119.06999969482422,66747000
2014-03-25,IWM,100.0234146118164,116.93000030517578,118.30999755859375,116.13999938964844,117.66999816894531,47699700
2014-03-26,IWM,98.10729217529297,114.69000244140625,117.68000030517578,114.6500015258789,117.62999725341797,69052500
2014-03-27,IWM,97.85922241210938,114.4000015258789,115.37999725341797,113.69000244140625,114.70999908447266,65234900
2014-03-28,IWM,97.76510620117188,114.29000091552734,116.0,113.9800033569336,114.4800033569336,50558000
2014-03-31,IWM,99.51873016357422,116.33999633789062,116.68000030517578,114.62999725341797,115.04000091552734,44599200
2014-04-01,IWM,100.8275146484375,117.87000274658203,118.05999755859375,116.58999633789062,116.62999725341797,47906600
2014-04-02,IWM,101.28084564208984,118.4000015258789,118.4800033569336,117.70999908447266,118.29000091552734,33856500
2014-04-03,IWM,100.25438690185547,117.19999694824219,118.44000244140625,116.68000030517578,118.4000015258789,38473500
2014-04-04,IWM,97.9361801147461,114.48999786376953,118.12000274658203,114.0199966430664,117.95999908447266,86345900
2014-04-07,IWM,96.50764465332031,112.81999969482422,114.23999786376953,112.08000183105469,113.94999694824219,68537700
2014-04-08,IWM,97.18343353271484,113.61000061035156,114.19999694824219,112.19999694824219,112.80999755859375,60087900
2014-04-09,IWM,98.58631896972656,115.25,115.25,113.5,114.0,42744900
2014-04-10,IWM,95.77200317382812,111.95999908447266,115.11000061035156,111.4000015258789,115.0999984741211,74860200
2014-04-11,IWM,94.44609832763672,110.41000366210938,112.23999786376953,109.86000061035156,111.04000091552734,70998200
2014-04-14,IWM,94.7113037109375,110.72000122070312,111.97000122070312,109.6500015258789,111.55000305175781,62657700
2014-04-15,IWM,95.0791015625,111.1500015258789,111.72000122070312,108.66000366210938,111.02999877929688,76968000
2014-04-16,IWM,96.11417388916016,112.36000061035156,112.44000244140625,111.2300033569336,111.93000030517578,49353800
2014-04-17,IWM,96.59320068359375,112.91999816894531,113.41000366210938,111.72000122070312,111.98999786376953,50275100
2014-04-21,IWM,97.04659271240234,113.44999694824219,113.52999877929688,112.27999877929688,113.12999725341797,31970700
2014-04-22,IWM,98.04740905761719,114.62000274658203,115.0199966430664,113.47000122070312,113.62999725341797,40541900
2014-04-23,IWM,97.4315185546875,113.9000015258789,114.7699966430664,113.7699966430664,114.4800033569336,33859500
2014-04-24,IWM,97.18343353271484,113.61000061035156,114.66999816894531,112.68000030517578,114.58999633789062,44318900
2014-04-25,IWM,95.47262573242188,111.61000061035156,113.20999908447266,111.20999908447266,113.16999816894531,58386300
2014-04-28,IWM,94.9166030883789,110.95999908447266,112.54000091552734,109.31999969482422,112.01000213623047,66050100
2014-04-29,IWM,95.15612030029297,111.23999786376953,111.9800033569336,110.9000015258789,111.41999816894531,34487600
2014-04-30,IWM,95.78910827636719,111.9800033569336,112.05999755859375,109.94999694824219,110.87999725341797,43929700
2014-05-01,IWM,95.75489807128906,111.94000244140625,112.7699966430664,110.54000091552734,111.75,78690900
2014-05-02,IWM,95.8319091796875,112.02999877929688,113.12000274658203,111.68000030517578,112.08999633789062,43450300
2014-05-05,IWM,95.71212005615234,111.88999938964844,112.18000030517578,110.52999877929688,111.12000274658203,28108400
2014-05-06,IWM,94.15530395507812,110.06999969482422,111.70999908447266,109.98999786376953,111.41000366210938,45354700
2014-05-07,IWM,94.21514892578125,110.13999938964844,110.44999694824219,108.43000030517578,110.2300033569336,64243800
2014-05-08,IWM,93.26567840576172,109.02999877929688,111.23999786376953,108.69000244140625,110.02999877929688,58520300
2014-05-09,IWM,94.12104797363281,110.02999877929688,110.05999755859375,108.27999877929688,108.69000244140625,48409900
2014-05-12,IWM,96.25959777832031,112.52999877929688,113.04000091552734,110.51000213623047,110.68000030517578,76291700
2014-05-13,IWM,95.31863403320312,111.43000030517578,112.8499984741211,111.33999633789062,112.37999725341797,58122800
2014-05-14,IWM,93.77034759521484,109.62000274658203,111.12000274658203,109.41999816894531,111.0999984741211,65720700
2014-05-15,IWM,93.13734436035156,108.87999725341797,109.20999908447266,107.44000244140625,109.06999969482422,75870500
2014-05-16,IWM,93.7275619506836,109.56999969482422,109.62000274658203,108.02999877929688,108.93000030517578,44666200
2014-05-19,IWM,94.7369613647461,110.75,111.04000091552734,108.94999694824219,109.2699966430664,35336900
2014-05-20,IWM,93.2912826538086,109.05999755859375,110.51000213623047,108.41999816894531,110.4800033569336,89567900
2014-05-21,IWM,93.77034759521484,109.62000274658203,110.12999725341797,108.55000305175781,109.6500015258789,55278500
2014-05-22,IWM,94.74553680419922,110.76000213623047,111.05000305175781,109.62000274658203,109.95999908447266,41295000
2014-05-23,IWM,95.78054809570312,111.97000122070312,112.0199966430664,110.51000213623047,110.69000244140625,42643800
2014-05-27,IWM,97.15778350830078,113.58000183105469,113.83999633789062,112.6500015258789,112.70999908447266,46373900
2014-05-28,IWM,96.65308380126953,112.98999786376953,113.45999908447266,112.52999877929688,113.33000183105469,37055400
2014-05-29,IWM,96.97814178466797,113.37000274658203,113.58999633789062,112.69999694824219,113.33000183105469,25556800
2014-05-30,IWM,96.5418930053711,112.86000061035156,113.43000030517578,112.33999633789062,113.33000183105469,38856000
2014-06-02,IWM,96.02005767822266,112.25,113.0999984741211,111.36000061035156,113.06999969482422,40369700
2014-06-03,IWM,95.78910827636719,111.9800033569336,112.36000061035156,111.11000061035156,111.63999938964844,31143700
2014-06-04,IWM,96.16548919677734,112.41999816894531,112.56999969482422,111.16000366210938,111.4800033569336,28835500
2014-06-05,IWM,98.18429565429688,114.77999877929688,114.87999725341797,112.08999633789062,112.72000122070312,67182000
2014-06-06,IWM,99.12523651123047,115.87999725341797,116.23999786376953,115.11000061035156,115.2699966430664,45854000
2014-06-09,IWM,99.99776458740234,116.9000015258789,117.4800033569336,115.66000366210938,115.87999725341797,44025700
2014-06-10,IWM,99.80101013183594,116.66999816894531,116.83000183105469,115.95999908447266,116.62999725341797,39799900
2014-06-11,IWM,99.31342315673828,116.0999984741211,116.33000183105469,115.4000015258789,116.0199966430664,30144700
2014-06-12,IWM,98.70608520507812,115.38999938964844,115.91999816894531,114.91000366210938,115.77999877929688,39481200
2014-06-13,IWM,98.87715911865234,115.58999633789062,115.91000366210938,114.66000366210938,115.66999816894531,33779400
2014-06-16,IWM,99.35620880126953,116.1500015258789,116.1500015258789,115.0999984741211,115.48999786376953,30051100
2014-06-17,IWM,100.05763244628906,116.97000122070312,117.44999694824219,115.77999877929688,116.04000091552734,62573000
2014-06-18,IWM,100.73342895507812,117.76000213623047,117.80999755859375,116.5,116.9000015258789,37448900
2014-06-19,IWM,100.81895446777344,117.86000061035156,118.2300033569336,117.0999984741211,118.16999816894531,30915900
2014-06-20,IWM,101.15257263183594,118.25,118.30000305175781,117.55999755859375,117.87000274658203,30104400
2014-06-23,IWM,100.95576477050781,118.0199966430664,118.55000305175781,117.69000244140625,118.5,21388700
2014-06-24,IWM,99.87799835205078,116.76000213623047,118.91000366210938,116.6500015258789,117.73999786376953,41788300
2014-06-25,IWM,100.72483825683594,117.75,117.79000091552734,116.05000305175781,116.05999755859375,34620800
2014-06-26,IWM,100.55375671386719,117.55000305175781,117.81999969482422,116.58999633789062,117.79000091552734,28018300
2014-06-27,IWM,101.22955322265625,118.33999633789062,118.51000213623047,117.02999877929688,117.05999755859375,38525100
2014-06-30,IWM,101.63156127929688,118.80999755859375,118.87999725341797,117.83000183105469,118.16000366210938,34195600
2014-07-01,IWM,102.6666488647461,120.0199966430664,120.97000122070312,119.19999694824219,119.26000213623047,65733200
2014-07-02,IWM,102.270751953125,119.0999984741211,119.95999908447266,118.88999938964844,119.55999755859375,30796700
2014-07-03,IWM,102.8890380859375,119.81999969482422,119.91000366210938,119.25,119.58000183105469,15933900
2014-07-07,IWM,101.12872314453125,117.7699966430664,119.47000122070312,117.69999694824219,119.44000244140625,32279000
2014-07-08,IWM,99.90078735351562,116.33999633789062,117.69999694824219,115.69999694824219,117.51000213623047,52537600
2014-07-09,IWM,100.0295639038086,116.48999786376953,117.08999633789062,116.0199966430664,116.66999816894531,27891700
2014-07-10,IWM,98.96479034423828,115.25,116.05000305175781,113.97000122070312,114.12999725341797,50834300
2014-07-11,IWM,98.83597564697266,115.0999984741211,115.37999725341797,114.51000213623047,115.18000030517578,33923700
2014-07-14,IWM,99.34264373779297,115.69000244140625,116.45999908447266,115.4000015258789,116.41999816894531,28823400
2014-07-15,IWM,98.36370849609375,114.55000305175781,116.0,113.87000274658203,115.55999755859375,49534700
2014-07-16,IWM,98.0975341796875,114.23999786376953,115.08999633789062,113.81999969482422,115.05000305175781,63433000
2014-07-17,IWM,96.58619689941406,112.4800033569336,114.2699966430664,112.19999694824219,113.5199966430664,62221500
2014-07-18,IWM,98.08890533447266,114.2300033569336,114.44999694824219,112.45999908447266,112.69000244140625,46164100
2014-07-21,IWM,97.69389343261719,113.7699966430664,113.98999786376953,113.01000213623047,113.51000213623047,32720500
2014-07-22,IWM,98.51827239990234,114.7300033569336,115.25,114.19000244140625,114.47000122070312,31326500
2014-07-23,IWM,98.63845825195312,114.87000274658203,115.44000244140625,114.51000213623047,115.01000213623047,26417600
2014-07-24,IWM,98.44096374511719,114.63999938964844,115.6500015258789,114.33999633789062,115.22000122070312,31905100
2014-07-25,IWM,97.54793548583984,113.5999984741211,114.01000213623047,113.20999908447266,113.7699966430664,46514500
2014-07-28,IWM,97.0584945678711,113.02999877929688,113.87999725341797,112.2300033569336,113.86000061035156,37373400
2014-07-29,IWM,97.32469177246094,113.33999633789062,114.11000061035156,113.02999877929688,113.38999938964844,30574500
2014-07-30,IWM,97.71112060546875,113.79000091552734,114.30999755859375,113.30999755859375,114.18000030517578,30219000
2014-07-31,IWM,95.4784927368164,111.19000244140625,112.98999786376953,111.05000305175781,112.62999725341797,61507700
2014-08-01,IWM,95.04058074951172,110.68000030517578,111.69999694824219,109.86000061035156,111.16000366210938,67805300
2014-08-04,IWM,95.88207244873047,111.66000366210938,111.80000305175781,109.88999938964844,111.16000366210938,34646200
2014-08-05,IWM,95.6416244506836,111.37999725341797,112.2300033569336,110.55999755859375,111.11000061035156,44375000
2014-08-06,IWM,95.94219207763672,111.7300033569336,112.47000122070312,110.62999725341797,110.66999816894531,33658300
2014-08-07,IWM,95.4784927368164,111.19000244140625,112.5199966430664,110.7699966430664,112.08999633789062,40852200
2014-08-08,IWM,96.40589141845703,112.2699966430664,112.4000015258789,110.98999786376953,111.33000183105469,32667200
2014-08-11,IWM,97.32469177246094,113.33999633789062,114.22000122070312,112.62000274658203,112.88999938964844,31000700
2014-08-12,IWM,96.65489959716797,112.55999755859375,113.47000122070312,112.04000091552734,112.94000244140625,31188400
2014-08-13,IWM,97.41055297851562,113.44000244140625,113.6500015258789,112.69999694824219,112.91999816894531,23122900
2014-08-14,IWM,97.55653381347656,113.61000061035156,113.7300033569336,113.2300033569336,113.5199966430664,20882100
2014-08-15,IWM,97.36759185791016,113.38999938964844,114.44999694824219,112.26000213623047,114.44999694824219,53713800
2014-08-18,IWM,98.78447723388672,115.04000091552734,115.13999938964844,114.08999633789062,114.5,33287300
2014-08-19,IWM,99.1279067993164,115.44000244140625,115.7300033569336,115.05999755859375,115.12999725341797,22692600
2014-08-20,IWM,98.70719909667969,114.94999694824219,115.22000122070312,114.41000366210938,114.8499984741211,26266900
2014-08-21,IWM,98.92184448242188,115.19999694824219,115.4000015258789,113.83999633789062,114.87999725341797,33018200
2014-08-22,IWM,98.93045043945312,115.20999908447266,115.62999725341797,114.61000061035156,115.04000091552734,30100100
2014-08-25,IWM,99.39415740966797,115.75,116.41000366210938,115.31999969482422,115.95999908447266,27808600
2014-08-26,IWM,100.2957763671875,116.80000305175781,116.91999816894531,115.80000305175781,115.87999725341797,34831700
2014-08-27,IWM,100.04674530029297,116.51000213623047,116.94000244140625,116.29000091552734,116.88999938964844,19070100
2014-08-28,IWM,99.53153228759766,115.91000366210938,116.2300033569336,115.51000213623047,116.02999877929688,22817800
2014-08-29,IWM,100.08968353271484,116.55999755859375,116.80999755859375,115.6500015258789,116.16000366210938,26231100
2014-09-02,IWM,100.63926696777344,117.19999694824219,117.5,116.5,116.9800033569336,38816400
2014-09-03,IWM,100.00383758544922,116.45999908447266,117.80000305175781,116.2699966430664,117.76000213623047,33266600
2014-09-04,IWM,99.61742401123047,116.01000213623047,117.48999786376953,115.72000122070312,116.77999877929688,26523500
2014-09-05,IWM,99.9350814819336,116.37999725341797,116.41999816894531,115.16999816894531,115.77999877929688,26935300
2014-09-08,IWM,100.08968353271484,116.55999755859375,116.80000305175781,115.83000183105469,116.26000213623047,20347300
2014-09-09,IWM,98.90470886230469,115.18000030517578,116.38999938964844,115.0,116.36000061035156,36390100
2014-09-10,IWM,99.48860168457031,115.86000061035156,115.93000030517578,114.70999908447266,115.16000366210938,23060600
2014-09-11,IWM,100.13260650634766,116.61000061035156,116.7300033569336,115.13999938964844,115.16999816894531,27075600
2014-09-12,IWM,99.06786346435547,115.37000274658203,116.55999755859375,114.97000122070312,116.55000305175781,32892900
2014-09-15,IWM,97.98587799072266,114.11000061035156,115.4000015258789,113.70999908447266,115.36000061035156,41644400
2014-09-16,IWM,98.26066589355469,114.43000030517578,114.76000213623047,113.4000015258789,113.77999877929688,51365900
2014-09-17,IWM,98.51827239990234,114.7300033569336,115.47000122070312,114.19000244140625,114.48999786376953,45543000
2014-09-18,IWM,99.11934661865234,115.43000030517578,115.52999877929688,114.91000366210938,115.23999786376953,24714600
2014-09-19,IWM,97.86563873291016,113.97000122070312,115.91000366210938,113.61000061035156,115.88999938964844,52459600
2014-09-22,IWM,96.49175262451172,112.37000274658203,113.52999877929688,112.05000305175781,113.44000244140625,45800600
2014-09-23,IWM,95.59011840820312,111.31999969482422,112.62000274658203,111.19000244140625,111.9000015258789,51616800
2014-09-24,IWM,96.45547485351562,112.0199966430664,112.11000061035156,110.5999984741211,111.1500015258789,34323100
2014-09-25,IWM,94.82803344726562,110.12999725341797,111.83000183105469,109.75,111.7300033569336,49733600
2014-09-26,IWM,95.68052673339844,111.12000274658203,111.22000122070312,110.19999694824219,110.55000305175781,26473300
2014-09-29,IWM,95.6030502319336,111.02999877929688,111.3499984741211,109.72000122070312,109.81999969482422,30619000
2014-09-30,IWM,94.15641784667969,109.3499984741211,111.02999877929688,109.30999755859375,110.91999816894531,55596900
2014-10-01,IWM,92.82184600830078,107.80000305175781,109.38999938964844,107.43000030517578,109.29000091552734,88621100
2014-10-02,IWM,93.70870971679688,108.83000183105469,109.27999877929688,106.94000244140625,107.79000091552734,71825900
2014-10-03,IWM,94.41477966308594,109.6500015258789,110.31999969482422,109.08000183105469,109.75,44034600
2014-10-06,IWM,93.60538482666016,108.70999908447266,110.06999969482422,108.51000213623047,109.94999694824219,35571200
2014-10-07,IWM,92.06409454345703,106.91999816894531,108.5,106.8499984741211,108.0199966430664,40271900
2014-10-08,IWM,93.82925415039062,108.97000122070312,109.04000091552734,105.76000213623047,106.68000030517578,51589200
2014-10-09,IWM,91.29776763916016,106.02999877929688,108.9000015258789,106.01000213623047,108.88999938964844,60783400
2014-10-10,IWM,90.18698120117188,104.73999786376953,106.88999938964844,104.58999633789062,105.7699966430664,66579500
2014-10-13,IWM,89.82533264160156,104.31999969482422,106.11000061035156,103.86000061035156,104.83999633789062,72054300
2014-10-14,IWM,90.87583923339844,105.54000091552734,106.98999786376953,104.86000061035156,105.2300033569336,70034800
2014-10-15,IWM,91.78855895996094,106.5999984741211,107.0,103.54000091552734,104.19000244140625,117497300
2014-10-16,IWM,92.82184600830078,107.80000305175781,108.56999969482422,104.94999694824219,105.1500015258789,100532300
2014-10-17,IWM,92.5462646484375,107.4800033569336,109.22000122070312,107.04000091552734,109.16000366210938,72675000
2014-10-20,IWM,93.6312026977539,108.73999786376953,108.73999786376953,107.0,107.01000213623047,34914400
2014-10-21,IWM,95.17251586914062,110.52999877929688,110.58999633789062,109.01000213623047,109.33000183105469,44748100
2014-10-22,IWM,93.8120346069336,108.94999694824219,111.05999755859375,108.86000061035156,110.80000305175781,48798300
2014-10-23,IWM,95.47389221191406,110.87999725341797,111.58000183105469,109.7699966430664,110.04000091552734,60795100
2014-10-24,IWM,95.63746643066406,111.06999969482422,111.31999969482422,110.44000244140625,110.91999816894531,41927400
2014-10-27,IWM,95.5857925415039,111.01000213623047,111.08999633789062,109.51000213623047,110.41999816894531,31133700
2014-10-28,IWM,98.30673217773438,114.16999816894531,114.20999908447266,111.30000305175781,111.51000213623047,84912900
2014-10-29,IWM,98.07426452636719,113.9000015258789,114.88999938964844,112.9800033569336,114.36000061035156,67133500
2014-10-30,IWM,98.90945434570312,114.87000274658203,115.37999725341797,113.13999938964844,113.48999786376953,59046200
2014-10-31,IWM,100.36466979980469,116.55999755859375,116.95999908447266,115.87999725341797,116.91000366210938,53133300
2014-11-03,IWM,100.19245147705078,116.36000061035156,117.37000274658203,115.9000015258789,116.75,39729600
2014-11-04,IWM,99.72749328613281,115.81999969482422,116.5,115.27999877929688,115.9000015258789,37347600
2014-11-05,IWM,99.9083251953125,116.02999877929688,116.73999786376953,115.55000305175781,116.66999816894531,31073500
2014-11-06,IWM,100.33885955810547,116.52999877929688,116.52999877929688,115.55999755859375,115.9800033569336,31720900
2014-11-07,IWM,100.4937973022461,116.70999908447266,116.70999908447266,115.69999694824219,116.38999938964844,28657700
2014-11-10,IWM,100.99325561523438,117.29000091552734,117.30999755859375,116.45999908447266,116.68000030517578,29371800
2014-11-11,IWM,101.06214141845703,117.37000274658203,117.44000244140625,116.87000274658203,117.12000274658203,23536800
2014-11-12,IWM,101.51850128173828,117.9000015258789,118.08000183105469,116.66000366210938,116.69000244140625,34594700
2014-11-13,IWM,100.6574478149414,116.9000015258789,118.25,116.62000274658203,117.94000244140625,25135200
2014-11-14,IWM,100.47660827636719,116.69000244140625,117.20999908447266,116.37000274658203,116.94000244140625,23321400
2014-11-17,IWM,99.64138793945312,115.72000122070312,116.93000030517578,115.68000030517578,116.58999633789062,29847300
2014-11-18,IWM,100.21830749511719,116.38999938964844,117.12000274658203,115.75,116.16000366210938,33717200
2014-11-19,IWM,99.15058898925781,115.1500015258789,116.25,114.37000274658203,116.25,38258700
2014-11-20,IWM,100.26136016845703,116.44000244140625,116.45999908447266,114.62000274658203,114.62000274658203,26555000
2014-11-21,IWM,100.38186645507812,116.58000183105469,118.12000274658203,116.16000366210938,118.08000183105469,43240400
2014-11-24,IWM,101.57878112792969,117.97000122070312,118.05000305175781,116.58000183105469,116.73999786376953,24573200
2014-11-25,IWM,101.65624237060547,118.05999755859375,118.77999877929688,117.52999877929688,118.22000122070312,26745900
2014-11-26,IWM,101.99205780029297,118.44999694824219,118.5,117.83999633789062,118.06999969482422,14640700
2014-11-28,IWM,100.47660827636719,116.69000244140625,118.5199966430664,116.56999969482422,118.4800033569336,21110700
2014-12-01,IWM,98.90945434570312,114.87000274658203,116.47000122070312,114.80999755859375,116.31999969482422,36244100
2014-12-02,IWM,100.09774780273438,116.25,116.63999938964844,114.9800033569336,114.98999786376953,31812100
2014-12-03,IWM,101.06214141845703,117.37000274658203,117.70999908447266,116.0199966430664,116.27999877929688,29148000
2014-12-04,IWM,100.57991027832031,116.80999755859375,117.30000305175781,116.22000122070312,117.19000244140625,28631900
2014-12-05,IWM,101.33766174316406,117.69000244140625,117.9800033569336,116.95999908447266,117.25,30261400
2014-12-08,IWM,100.0718994140625,116.22000122070312,118.37000274658203,115.8499984741211,117.2699966430664,32295000
2014-12-09,IWM,101.75098419189453,118.16999816894531,118.2699966430664,114.73999786376953,114.95999908447266,52645900
2014-12-10,IWM,99.58973693847656,115.66000366210938,118.16000366210938,115.55999755859375,117.73999786376953,45413600
2014-12-11,IWM,99.98580932617188,116.12000274658203,117.68000030517578,115.87000274658203,116.20999908447266,36021800
2014-12-12,IWM,98.77171325683594,114.70999908447266,115.98999786376953,114.5999984741211,114.77999877929688,44816000
2014-12-15,IWM,97.77291107177734,113.55000305175781,115.73999786376953,113.16000366210938,115.26000213623047,66361200
2014-12-16,IWM,97.63509368896484,113.38999938964844,115.33999633789062,113.02999877929688,113.31999969482422,62849700
2014-12-17,IWM,100.64881896972656,116.88999938964844,116.98999786376953,113.48999786376953,113.63999938964844,70379400
2014-12-18,IWM,102.14704895019531,118.62999725341797,118.73999786376953,117.47000122070312,118.45999908447266,54315600
2014-12-19,IWM,102.3795394897461,118.9000015258789,119.4800033569336,118.13999938964844,118.6500015258789,49041800
2014-12-22,IWM,103.07698822021484,119.70999908447266,119.70999908447266,118.80000305175781,119.19999694824219,27043400
2014-12-23,IWM,103.2061538696289,119.86000061035156,120.44000244140625,119.44999694824219,120.44000244140625,34533000
2014-12-24,IWM,103.50433349609375,119.76000213623047,120.06999969482422,119.26000213623047,119.62999725341797,19175400
2014-12-26,IWM,104.17847442626953,120.54000091552734,120.83000183105469,120.06999969482422,120.13999938964844,18261900
2014-12-29,IWM,104.61920166015625,121.05000305175781,121.37999725341797,120.61000061035156,120.62999725341797,27692500
2014-12-30,IWM,104.00558471679688,120.33999633789062,121.23999786376953,120.2699966430664,120.79000091552734,23996000
2014-12-31,IWM,103.38331604003906,119.62000274658203,121.41000366210938,119.54000091552734,120.80000305175781,35688700
2015-01-02,IWM,102.78697967529297,118.93000030517578,120.55999755859375,117.88999938964844,120.06999969482422,46133100
2015-01-05,IWM,101.41278076171875,117.33999633789062,118.70999908447266,116.79000091552734,118.2300033569336,51141900
2015-01-06,IWM,99.6583480834961,115.30999755859375,117.7699966430664,114.36000061035156,117.62000274658203,67446000
2015-01-07,IWM,100.88560485839844,116.7300033569336,116.76000213623047,115.4800033569336,116.05999755859375,32252100
2015-01-08,IWM,102.59683990478516,118.70999908447266,118.8499984741211,117.44999694824219,117.66000366210938,28361700
2015-01-09,IWM,101.61158752441406,117.56999969482422,118.83999633789062,117.30999755859375,118.80999755859375,26975200
2015-01-12,IWM,101.27452850341797,117.18000030517578,118.01000213623047,116.2300033569336,117.69999694824219,27316800
2015-01-13,IWM,101.35232543945312,117.2699966430664,119.38999938964844,115.81999969482422,118.08999633789062,49991400
2015-01-14,IWM,100.94609832763672,116.80000305175781,117.0999984741211,115.55000305175781,115.9800033569336,34224200
2015-01-15,IWM,99.24349212646484,114.83000183105469,117.37999725341797,114.4800033569336,117.2300033569336,46199400
2015-01-16,IWM,100.85966491699219,116.69999694824219,116.94000244140625,114.19999694824219,114.41000366210938,41895700
2015-01-20,IWM,100.43620300292969,116.20999908447266,117.08000183105469,115.16000366210938,116.8499984741211,36444400
2015-01-21,IWM,100.11639404296875,115.83999633789062,116.81999969482422,115.29000091552734,115.80000305175781,27333500
2015-01-22,IWM,102.15604400634766,118.19999694824219,118.23999786376953,115.0999984741211,116.55999755859375,37877000
2015-01-23,IWM,102.08692932128906,118.12000274658203,118.7699966430664,117.55000305175781,118.23999786376953,28173400
2015-01-26,IWM,103.07218933105469,119.26000213623047,119.2699966430664,117.06999969482422,117.87999725341797,23006800
2015-01-27,IWM,102.57957458496094,118.69000244140625,119.25,117.62000274658203,117.86000061035156,26919100
2015-01-28,IWM,100.85102081298828,116.69000244140625,119.44999694824219,116.31999969482422,119.18000030517578,38086100
2015-01-29,IWM,102.24249267578125,118.30000305175781,118.31999969482422,116.08999633789062,117.0199966430664,39299900
2015-01-30,IWM,99.99541473388672,115.69999694824219,117.95999908447266,115.5999984741211,117.4800033569336,49739800
2015-02-02,IWM,100.91152954101562,116.76000213623047,116.83999633789062,114.37999725341797,116.12000274658203,44819100
2015-02-03,IWM,102.71784210205078,118.8499984741211,119.0,117.2699966430664,117.33000183105469,43920000
2015-02-04,IWM,102.33755493164062,118.41000366210938,119.23999786376953,118.0999984741211,118.41999816894531,28597100
2015-02-05,IWM,103.6598892211914,119.94000244140625,120.25,118.5999984741211,118.7699966430664,32337100
2015-02-06,IWM,103.54753112792969,119.80999755859375,120.81999969482422,119.3499984741211,120.0999984741211,31694900
2015-02-09,IWM,102.72647094726562,118.86000061035156,120.22000122070312,118.72000122070312,119.4000015258789,32367900
2015-02-10,IWM,103.38331604003906,119.62000274658203,119.83999633789062,118.0999984741211,119.52999877929688,28960800
2015-02-11,IWM,103.23641967773438,119.44999694824219,119.81999969482422,118.62000274658203,119.37000274658203,23794200
2015-02-12,IWM,104.41178894042969,120.80999755859375,120.91999816894531,119.83999633789062,120.16000366210938,27854600
2015-02-13,IWM,105.03408813476562,121.52999877929688,121.69000244140625,120.6500015258789,120.91000366210938,20446900
2015-02-17,IWM,105.36248016357422,121.91000366210938,122.05999755859375,121.26000213623047,121.66000366210938,16868500
2015-02-18,IWM,105.47484588623047,122.04000091552734,122.05000305175781,121.12999725341797,121.55999755859375,20450200
2015-02-19,IWM,105.48347473144531,122.05000305175781,122.37999725341797,121.54000091552734,121.76000213623047,16620500
2015-02-20,IWM,105.76871490478516,122.37999725341797,122.54000091552734,120.9000015258789,121.8499984741211,30331600
2015-02-23,IWM,105.87240600585938,122.5,122.52999877929688,121.2699966430664,122.0999984741211,25778200
2015-02-24,IWM,106.01065826416016,122.66000366210938,123.05000305175781,122.19000244140625,122.47000122070312,20023600
2015-02-25,IWM,106.13169860839844,122.80000305175781,123.04000091552734,122.2300033569336,122.56999969482422,17059600
2015-02-26,IWM,106.52059173583984,123.25,123.30000305175781,122.33000183105469,122.69000244140625,24379000
2015-02-27,IWM,105.94156646728516,122.58000183105469,123.36000061035156,122.55000305175781,123.02999877929688,23821700
2015-03-02,IWM,106.71073150634766,123.47000122070312,123.77999877929688,122.52999877929688,122.55000305175781,29683500
2015-03-03,IWM,106.07982635498047,122.73999786376953,123.19000244140625,122.26000213623047,123.19000244140625,23068400
2015-03-04,IWM,105.75139617919922,122.36000061035156,122.61000061035156,121.61000061035156,122.20999908447266,22822500
2015-03-05,IWM,106.06255340576172,122.72000122070312,122.91999816894531,121.91000366210938,122.52999877929688,19725600
2015-03-06,IWM,104.72295379638672,121.16999816894531,122.69000244140625,120.87999725341797,121.9800033569336,37319900
2015-03-09,IWM,105.18096160888672,121.69999694824219,121.91999816894531,121.12000274658203,121.37000274658203,17556300
2015-03-10,IWM,103.97103118896484,120.30000305175781,120.69999694824219,119.83000183105469,120.61000061035156,32440300
2015-03-11,IWM,104.61058807373047,121.04000091552734,121.13999938964844,119.87999725341797,120.47000122070312,20914500
2015-03-12,IWM,106.34774780273438,123.05000305175781,123.1500015258789,121.73999786376953,121.81999969482422,41063300
2015-03-13,IWM,105.96749114990234,122.61000061035156,123.19000244140625,121.20999908447266,122.94000244140625,26371000
2015-03-16,IWM,106.58975982666016,123.33000183105469,123.58000183105469,122.87999725341797,123.11000061035156,19906300
2015-03-17,IWM,106.87493133544922,123.66000366210938,123.77999877929688,122.7699966430664,122.97000122070312,23142600
2015-03-18,IWM,107.73059844970703,124.6500015258789,125.12000274658203,122.8499984741211,123.4000015258789,40292600
2015-03-19,IWM,107.93799591064453,124.88999938964844,124.95999908447266,124.30999755859375,124.36000061035156,34008200
2015-03-20,IWM,108.888671875,125.98999786376953,126.16000366210938,125.30999755859375,125.36000061035156,34165600
2015-03-23,IWM,108.79361724853516,125.87999725341797,126.31999969482422,125.79000091552734,125.94999694824219,17132400
2015-03-24,IWM,108.76768493652344,125.8499984741211,126.30999755859375,125.66000366210938,125.7699966430664,30115600
2015-03-25,IWM,106.16959381103516,122.47000122070312,125.5999984741211,122.37999725341797,125.52999877929688,42514000
2015-03-26,IWM,106.0395278930664,122.31999969482422,122.91000366210938,121.54000091552734,122.08999633789062,26899200
2015-03-27,IWM,106.71572875976562,123.0999984741211,123.2300033569336,121.86000061035156,122.37999725341797,23066800
2015-03-30,IWM,108.16345977783203,124.7699966430664,124.98999786376953,123.69999694824219,123.72000122070312,20487000
2015-03-31,IWM,107.81671142578125,124.37000274658203,124.70999908447266,123.9000015258789,124.27999877929688,24507800
2015-04-01,IWM,107.86006927490234,124.41999816894531,124.41999816894531,122.9000015258789,124.2300033569336,31955200
2015-04-02,IWM,108.05944061279297,124.6500015258789,125.26000213623047,124.29000091552734,124.36000061035156,23586400
2015-04-06,IWM,108.5362319946289,125.19999694824219,125.4800033569336,123.87999725341797,123.91000366210938,22045600
2015-04-07,IWM,107.84270477294922,124.4000015258789,125.5,124.37000274658203,124.97000122070312,20214700
2015-04-08,IWM,108.77029418945312,125.47000122070312,125.66000366210938,124.37999725341797,124.37999725341797,19314400
2015-04-09,IWM,108.38020324707031,125.0199966430664,125.7300033569336,123.7699966430664,125.36000061035156,22325300
2015-04-10,IWM,108.90032958984375,125.62000274658203,125.79000091552734,125.22000122070312,125.44000244140625,14966300
2015-04-13,IWM,108.96968078613281,125.69999694824219,126.38999938964844,125.58000183105469,125.69000244140625,22819200
2015-04-14,IWM,108.94368743896484,125.66999816894531,126.08000183105469,124.77999877929688,125.73999786376953,22600800
2015-04-15,IWM,109.70655059814453,126.55000305175781,127.12999725341797,125.91999816894531,126.16000366210938,37282300
2015-04-16,IWM,109.6458740234375,126.4800033569336,126.75,126.16000366210938,126.47000122070312,24439900
2015-04-17,IWM,107.86872863769531,124.43000030517578,125.55000305175781,123.81999969482422,125.12000274658203,48283500
2015-04-20,IWM,108.92632293701172,125.6500015258789,125.94999694824219,124.83000183105469,125.05000305175781,24602300
2015-04-21,IWM,108.81362915039062,125.5199966430664,126.25,125.41999816894531,126.05000305175781,13844600
2015-04-22,IWM,108.97833251953125,125.70999908447266,125.87999725341797,124.47000122070312,125.5199966430664,21991300
2015-04-23,IWM,109.47249603271484,126.27999877929688,126.54000091552734,125.26000213623047,125.4800033569336,18025800
2015-04-24,IWM,109.1083984375,125.86000061035156,126.45999908447266,125.69000244140625,126.33000183105469,14992500
2015-04-27,IWM,107.90340423583984,124.47000122070312,126.91000366210938,124.04000091552734,126.20999908447266,32924600
2015-04-28,IWM,108.50155639648438,125.16000366210938,125.37000274658203,123.25,124.54000091552734,35654900
2015-04-29,IWM,107.32259368896484,123.80000305175781,124.9000015258789,123.62999725341797,124.47000122070312,26437900
2015-04-30,IWM,105.05127716064453,121.18000030517578,123.44000244140625,120.66000366210938,123.05999755859375,72393800
2015-05-01,IWM,105.73611450195312,121.97000122070312,122.16000366210938,120.91000366210938,121.5199966430664,47996200
2015-05-04,IWM,106.11759185791016,122.41000366210938,123.3499984741211,121.80000305175781,122.12999725341797,37675100
2015-05-05,IWM,104.76520538330078,120.8499984741211,122.62000274658203,120.27999877929688,122.3499984741211,56891600
2015-05-06,IWM,105.12931060791016,121.2699966430664,121.48999786376953,120.23999786376953,121.11000061035156,34348300
2015-05-07,IWM,105.52810668945312,121.7300033569336,122.2300033569336,120.56999969482422,121.13999938964844,29826100
2015-05-08,IWM,106.31695556640625,122.63999938964844,123.25,122.4000015258789,122.93000030517578,26357100
2015-05-11,IWM,106.37765502929688,122.70999908447266,123.66000366210938,122.44000244140625,122.5999984741211,28406700
2015-05-12,IWM,106.18689727783203,122.48999786376953,122.91999816894531,120.87000274658203,122.3499984741211,34961600
2015-05-13,IWM,106.18689727783203,122.48999786376953,123.20999908447266,122.0,122.76000213623047,27214700
2015-05-14,IWM,107.31390380859375,123.79000091552734,123.86000061035156,122.44999694824219,123.08000183105469,23293200
2015-05-15,IWM,107.1925277709961,123.6500015258789,123.72000122070312,122.94000244140625,123.55999755859375,22055600
2015-05-18,IWM,108.40617370605469,125.05000305175781,125.16000366210938,123.16999816894531,123.4000015258789,30846000
2015-05-19,IWM,108.2588119506836,124.87999725341797,125.05000305175781,124.30999755859375,124.80000305175781,23256800
2015-05-20,IWM,108.45821380615234,125.11000061035156,125.45999908447266,124.33999633789062,125.16999816894531,20838500
2015-05-21,IWM,108.33683013916016,124.97000122070312,125.47000122070312,124.4800033569336,124.9800033569336,16229300
2015-05-22,IWM,107.86872863769531,124.43000030517578,125.23999786376953,124.0,124.76000213623047,22601400
2015-05-26,IWM,106.83708953857422,123.23999786376953,124.04000091552734,122.5199966430664,123.94000244140625,44037800
2015-05-27,IWM,108.1461181640625,124.75,124.87000274658203,122.79000091552734,123.36000061035156,32086300
2015-05-28,IWM,108.05076599121094,124.63999938964844,124.70999908447266,123.7699966430664,124.44999694824219,18631900
2015-05-29,IWM,107.40057373046875,123.88999938964844,124.7300033569336,123.31999969482422,124.61000061035156,33468900
2015-06-01,IWM,107.7386703491211,124.27999877929688,124.9000015258789,123.02999877929688,124.69000244140625,35649400
2015-06-02,IWM,107.94673156738281,124.5199966430664,125.30999755859375,123.4800033569336,123.80000305175781,29477600
2015-06-03,IWM,109.02171325683594,125.76000213623047,125.93000030517578,124.41999816894531,124.76000213623047,30774800
2015-06-04,IWM,107.92941284179688,124.5,125.62000274658203,124.08000183105469,125.08000183105469,25820600
2015-06-05,IWM,108.70960998535156,125.4000015258789,125.5199966430664,123.31999969482422,124.2300033569336,36626500
2015-06-08,IWM,108.20684051513672,124.81999969482422,125.62000274658203,124.56999969482422,125.27999877929688,18798700
2015-06-09,IWM,107.87738800048828,124.44000244140625,124.86000061035156,123.5,124.70999908447266,23928300
2015-06-10,IWM,109.2210693359375,125.98999786376953,126.4800033569336,124.8499984741211,124.93000030517578,42563500
2015-06-11,IWM,109.49849700927734,126.30999755859375,126.54000091552734,125.91000366210938,126.16999816894531,17489400
2015-06-12,IWM,109.1690673828125,125.93000030517578,126.1500015258789,125.43000030517578,125.91999816894531,23578600
2015-06-15,IWM,108.82231140136719,125.52999877929688,125.80000305175781,123.94000244140625,125.11000061035156,30618300
2015-06-16,IWM,109.5938491821289,126.41999816894531,126.6500015258789,125.31999969482422,125.37999725341797,32800900
2015-06-17,IWM,109.42913055419922,126.2300033569336,126.95999908447266,125.97000122070312,126.73999786376953,32467000
2015-06-18,IWM,110.89421081542969,127.91999816894531,128.24000549316406,126.73999786376953,126.81999969482422,39642100
2015-06-19,IWM,110.8421859741211,127.86000061035156,128.16000366210938,127.5999984741211,127.81999969482422,23310900
2015-06-22,IWM,111.60507202148438,128.74000549316406,128.83999633789062,128.14999389648438,128.4199981689453,25230000
2015-06-23,IWM,111.839111328125,129.00999450683594,129.08999633789062,128.39999389648438,128.67999267578125,23378500
2015-06-24,IWM,110.89421081542969,127.91999816894531,129.10000610351562,127.7300033569336,128.75999450683594,26436800
2015-06-25,IWM,110.83354187011719,127.8499984741211,128.4199981689453,127.25,128.35000610351562,24100900
2015-06-26,IWM,110.53010559082031,127.5,128.33999633789062,126.81999969482422,128.10000610351562,38219900
2015-06-29,IWM,107.7386703491211,124.27999877929688,127.06999969482422,124.11000061035156,126.62999725341797,49224900
2015-06-30,IWM,108.24149322509766,124.86000061035156,125.31999969482422,124.29000091552734,125.18000030517578,39631300
2015-07-01,IWM,108.5622329711914,125.2300033569336,126.16000366210938,124.05999755859375,125.7699966430664,28627700
2015-07-02,IWM,107.76042938232422,123.77999877929688,124.95999908447266,123.37000274658203,124.80999755859375,31486400
2015-07-06,IWM,107.72560119628906,123.73999786376953,124.51000213623047,122.81999969482422,122.94000244140625,27852200
2015-07-07,IWM,107.84748840332031,123.87999725341797,123.98999786376953,121.52999877929688,123.87999725341797,39347100
2015-07-08,IWM,106.20209503173828,121.98999786376953,123.3499984741211,121.27999877929688,122.80000305175781,40724500
2015-07-09,IWM,106.58516693115234,122.43000030517578,123.52999877929688,122.2699966430664,123.3499984741211,29770400
2015-07-10,IWM,108.06513214111328,124.12999725341797,124.33999633789062,123.36000061035156,123.83999633789062,28735800
2015-07-13,IWM,109.28395080566406,125.52999877929688,125.63999938964844,124.75,124.7699966430664,21349900
2015-07-14,IWM,109.89334106445312,126.2300033569336,126.5,125.4000015258789,125.45999908447266,21009500
2015-07-15,IWM,109.3100357055664,125.55999755859375,126.4800033569336,125.2699966430664,126.30999755859375,22238300
2015-07-16,IWM,109.9630126953125,126.30999755859375,126.73999786376953,125.97000122070312,126.11000061035156,33568400
2015-07-17,IWM,109.48419189453125,125.76000213623047,126.37999725341797,125.36000061035156,126.30999755859375,24739900
2015-07-20,IWM,108.89220428466797,125.08000183105469,125.86000061035156,124.76000213623047,125.77999877929688,23271100
2015-07-21,IWM,108.37852478027344,124.48999786376953,125.80000305175781,124.11000061035156,125.06999969482422,28118700
2015-07-22,IWM,108.77902221679688,124.94999694824219,125.08999633789062,123.87999725341797,124.08000183105469,20654200
2015-07-23,IWM,107.57762145996094,123.56999969482422,125.38999938964844,123.30000305175781,124.98999786376953,39712100
2015-07-24,IWM,105.84514617919922,121.58000183105469,123.70999908447266,121.48999786376953,123.4800033569336,39533000
2015-07-27,IWM,104.96590423583984,120.56999969482422,121.31999969482422,120.2699966430664,121.12999725341797,35627200
2015-07-28,IWM,105.8625717163086,121.5999984741211,121.80999755859375,119.33999633789062,120.91999816894531,53474800
2015-07-29,IWM,106.1585693359375,121.94000244140625,122.33000183105469,120.97000122070312,121.36000061035156,32411300
2015-07-30,IWM,106.4632797241211,122.29000091552734,122.44000244140625,121.01000213623047,121.62999725341797,29383900
2015-07-31,IWM,107.04656982421875,122.95999908447266,123.66999816894531,122.22000122070312,122.44999694824219,31812700
2015-08-03,IWM,106.5155029296875,122.3499984741211,123.16000366210938,121.45999908447266,123.02999877929688,34033200
2015-08-04,IWM,106.26304626464844,122.05999755859375,122.95999908447266,121.61000061035156,122.38999938964844,21728900
2015-08-05,IWM,106.50682067871094,122.33999633789062,123.52999877929688,121.91000366210938,122.58999633789062,25673500
2015-08-06,IWM,105.07034301757812,120.69000244140625,122.66000366210938,119.77999877929688,122.47000122070312,42225300
2015-08-07,IWM,104.36518859863281,119.87999725341797,120.44000244140625,119.06999969482422,120.13999938964844,42261400
2015-08-10,IWM,105.56657409667969,121.26000213623047,121.5199966430664,120.30999755859375,120.33000183105469,28798900
2015-08-11,IWM,104.6611557006836,120.22000122070312,121.08999633789062,119.6500015258789,120.4800033569336,33383800
2015-08-12,IWM,104.46092224121094,119.98999786376953,120.33999633789062,117.97000122070312,119.56999969482422,46500100
2015-08-13,IWM,104.11271667480469,119.58999633789062,120.58999633789062,119.38999938964844,120.0999984741211,35698300
2015-08-14,IWM,104.78304290771484,120.36000061035156,120.48999786376953,119.0199966430664,119.48999786376953,21091500
2015-08-17,IWM,105.888671875,121.62999725341797,121.68000030517578,119.5999984741211,120.02999877929688,22328200
2015-08-18,IWM,105.04421997070312,120.66000366210938,121.45999908447266,120.5199966430664,121.45999908447266,26360400
2015-08-19,IWM,103.95600128173828,119.41000366210938,120.5,118.73999786376953,119.9000015258789,45178900
2015-08-20,IWM,101.32685852050781,116.38999938964844,118.61000061035156,116.38999938964844,118.33999633789062,51879800
2015-08-21,IWM,100.14285278320312,115.02999877929688,116.66000366210938,114.37000274658203,115.12999725341797,79168300
2015-08-24,IWM,96.23396301269531,110.54000091552734,114.91999816894531,108.26000213623047,109.51000213623047,83809200
2015-08-25,IWM,95.49397277832031,109.69000244140625,114.0999984741211,109.55999755859375,114.05000305175781,59240200
2015-08-26,IWM,97.9228744506836,112.4800033569336,112.69000244140625,109.41999816894531,111.83000183105469,51605300
2015-08-27,IWM,99.6727523803711,114.48999786376953,115.12000274658203,112.36000061035156,113.30000305175781,49533700
2015-08-28,IWM,100.65650177001953,115.62000274658203,115.69999694824219,114.20999908447266,114.36000061035156,41601400
2015-08-31,IWM,100.29084777832031,115.19999694824219,115.9800033569336,114.76000213623047,115.0999984741211,29250900
2015-09-01,IWM,97.41792297363281,111.9000015258789,114.12000274658203,111.5999984741211,113.11000061035156,45129200
2015-09-02,IWM,99.16783142089844,113.91000366210938,113.97000122070312,112.08000183105469,113.41000366210938,26865800
2015-09-03,IWM,99.01112365722656,113.7300033569336,115.12999725341797,113.55000305175781,114.08000183105469,33334500
2015-09-04,IWM,98.26238250732422,112.87000274658203,113.69999694824219,112.27999877929688,112.52999877929688,31154600
2015-09-08,IWM,100.50849914550781,115.44999694824219,115.56999969482422,114.11000061035156,114.55999755859375,29916300
2015-09-09,IWM,99.35060119628906,114.12000274658203,116.41999816894531,114.01000213623047,116.16999816894531,40963000
2015-09-10,IWM,99.8033218383789,114.63999938964844,115.27999877929688,113.7300033569336,113.75,29877900
2015-09-11,IWM,100.2734603881836,115.18000030517578,115.19999694824219,113.66000366210938,114.16000366210938,27949400
2015-09-14,IWM,99.81201934814453,114.6500015258789,115.54000091552734,114.43000030517578,115.5199966430664,22365800
2015-09-15,IWM,100.93507385253906,115.94000244140625,116.19000244140625,114.7300033569336,114.86000061035156,26745300
2015-09-16,IWM,101.80564880371094,116.94000244140625,117.0199966430664,115.79000091552734,115.94999694824219,27127800
2015-09-17,IWM,102.15389251708984,117.33999633789062,118.88999938964844,116.68000030517578,116.91999816894531,50405400
2015-09-18,IWM,100.74356079101562,115.72000122070312,116.83999633789062,115.4000015258789,115.76000213623047,42736100
2015-09-21,IWM,100.56074523925781,115.51000213623047,117.30000305175781,115.08000183105469,116.54000091552734,33021700
2015-09-22,IWM,99.03721618652344,113.76000213623047,114.7300033569336,113.05000305175781,114.44999694824219,35786900
2015-09-23,IWM,98.74124145507812,113.41999816894531,114.41999816894531,113.06999969482422,114.0199966430664,25506800
2015-09-24,IWM,98.57579040527344,113.2300033569336,113.41999816894531,111.87000274658203,112.79000091552734,39810300
2015-09-25,IWM,97.27843475341797,111.41999816894531,113.91000366210938,110.93000030517578,113.81999969482422,43750300
2015-09-28,IWM,94.55441284179688,108.30000305175781,111.1500015258789,107.87999725341797,111.05000305175781,56765300
2015-09-29,IWM,93.88213348388672,107.52999877929688,109.11000061035156,106.98999786376953,108.25,49980700
2015-09-30,IWM,95.34017944335938,109.19999694824219,109.43000030517578,107.91000366210938,108.4800033569336,50834500
2015-10-01,IWM,95.17431640625,109.01000213623047,109.68000030517578,107.43000030517578,109.37000274658203,44985900
2015-10-02,IWM,96.58870697021484,110.62999725341797,110.62999725341797,107.12000274658203,107.9800033569336,58019200
2015-10-05,IWM,98.89360046386719,113.2699966430664,113.44999694824219,111.54000091552734,111.66000366210938,45220500
2015-10-06,IWM,98.21261596679688,112.48999786376953,113.66999816894531,111.77999877929688,113.20999908447266,34140000
2015-10-07,IWM,99.9500732421875,114.4800033569336,114.5,112.62999725341797,113.0999984741211,36371000
2015-10-08,IWM,100.84931182861328,115.51000213623047,115.75,113.94999694824219,114.37999725341797,43072200
2015-10-09,IWM,101.05010986328125,115.73999786376953,116.13999938964844,115.4000015258789,115.72000122070312,26497200
2015-10-12,IWM,100.90169525146484,115.56999969482422,115.98999786376953,115.06999969482422,115.79000091552734,22984000
2015-10-13,IWM,99.5221939086914,113.98999786376953,116.30000305175781,113.93000030517578,115.11000061035156,37445300
2015-10-14,IWM,98.54436492919922,112.87000274658203,114.75,112.70999908447266,114.04000091552734,39987400
2015-10-15,IWM,100.90169525146484,115.56999969482422,115.56999969482422,112.66000366210938,113.19000244140625,42503400
2015-10-16,IWM,100.77073669433594,115.41999816894531,115.80000305175781,114.43000030517578,115.80000305175781,33685600
2015-10-19,IWM,100.96281433105469,115.63999938964844,116.20999908447266,114.6500015258789,114.9000015258789,24949500
2015-10-20,IWM,100.8230972290039,115.4800033569336,116.30000305175781,115.02999877929688,115.58000183105469,20531400
2015-10-21,IWM,99.2864761352539,113.72000122070312,115.9800033569336,113.6500015258789,115.91999816894531,34060300
2015-10-22,IWM,100.15959930419922,114.72000122070312,115.41999816894531,113.7300033569336,114.41000366210938,36882600
2015-10-23,IWM,101.1461410522461,115.8499984741211,116.05000305175781,114.7300033569336,115.6500015258789,40172500
2015-10-26,IWM,100.45641326904297,115.05999755859375,115.87000274658203,114.93000030517578,115.5999984741211,19783300
2015-10-27,IWM,99.35633850097656,113.80000305175781,114.87000274658203,113.0999984741211,114.58999633789062,38189200
2015-10-28,IWM,102.25497436523438,117.12000274658203,117.13999938964844,113.91999816894531,114.13999938964844,65529900
2015-10-29,IWM,101.16362762451172,115.87000274658203,117.11000061035156,115.55999755859375,116.73999786376953,27252000
2015-10-30,IWM,100.70088958740234,115.33999633789062,116.02999877929688,115.08000183105469,115.55999755859375,28018700
2015-11-02,IWM,102.79625701904297,117.73999786376953,118.06999969482422,115.41999816894531,115.44999694824219,33836900
2015-11-03,IWM,103.32884979248047,118.3499984741211,119.02999877929688,117.38999938964844,117.58999633789062,28626300
2015-11-04,IWM,103.2764663696289,118.29000091552734,119.0,117.69000244140625,118.6500015258789,25696000
2015-11-05,IWM,103.35507202148438,118.37999725341797,118.5999984741211,117.08999633789062,118.23999786376953,27141300
2015-11-06,IWM,104.08843994140625,119.22000122070312,119.36000061035156,117.29000091552734,118.01000213623047,35141300
2015-11-09,IWM,102.86613464355469,117.81999969482422,119.29000091552734,117.2699966430664,119.06999969482422,32983100
2015-11-10,IWM,103.17170715332031,118.16999816894531,118.16999816894531,116.95999908447266,117.31999969482422,21892200
2015-11-11,IWM,102.27244567871094,117.13999938964844,118.33999633789062,117.08000183105469,118.30999755859375,22037600
2015-11-12,IWM,100.3167495727539,114.9000015258789,116.48999786376953,114.7300033569336,116.33000183105469,39916100
2015-11-13,IWM,99.59208679199219,114.06999969482422,115.33999633789062,113.66000366210938,114.44000244140625,43883000
2015-11-16,IWM,100.44769287109375,115.05000305175781,115.08999633789062,113.36000061035156,113.95999908447266,28979100
2015-11-17,IWM,100.06352996826172,114.61000061035156,116.1500015258789,114.44999694824219,115.1500015258789,34441000
2015-11-18,IWM,101.75728607177734,116.55000305175781,116.6500015258789,114.5199966430664,114.93000030517578,35554300
2015-11-19,IWM,101.32951354980469,116.05999755859375,116.6500015258789,115.73999786376953,116.44000244140625,25512500
2015-11-20,IWM,101.98431396484375,116.80999755859375,117.36000061035156,116.37999725341797,116.4800033569336,31697700
2015-11-23,IWM,102.49067687988281,117.38999938964844,117.88999938964844,116.68000030517578,116.70999908447266,22716400
2015-11-24,IWM,103.24153900146484,118.25,118.41999816894531,116.55999755859375,116.87999725341797,24994500
2015-11-25,IWM,104.04476928710938,119.16999816894531,119.31999969482422,118.11000061035156,118.30000305175781,20772600
2015-11-27,IWM,104.43766784667969,119.62000274658203,119.9000015258789,118.87999725341797,119.2699966430664,14129300
2015-11-30,IWM,103.9836196899414,119.0999984741211,120.06999969482422,119.05000305175781,120.0199966430664,30165400
2015-12-01,IWM,104.67340087890625,119.88999938964844,119.91000366210938,118.9000015258789,119.61000061035156,27899900
2015-12-02,IWM,103.547119140625,118.5999984741211,120.04000091552734,118.44999694824219,119.7300033569336,22238300
2015-12-03,IWM,101.80096435546875,116.5999984741211,119.44999694824219,116.13999938964844,118.93000030517578,39485400
2015-12-04,IWM,102.83116912841797,117.77999877929688,117.93000030517578,116.33999633789062,116.5999984741211,32669900
2015-12-07,IWM,101.285888671875,116.01000213623047,117.66999816894531,115.51000213623047,117.63999938964844,29621400
2015-12-08,IWM,100.72711181640625,115.37000274658203,116.01000213623047,114.45999908447266,114.95999908447266,30946000
2015-12-09,IWM,99.60079193115234,114.08000183105469,116.16999816894531,113.5999984741211,115.02999877929688,41980400
2015-12-10,IWM,99.93254852294922,114.45999908447266,115.08000183105469,113.6500015258789,113.88999938964844,31278800
2015-12-11,IWM,97.70625305175781,111.91000366210938,113.33999633789062,111.52999877929688,113.2699966430664,52609300
2015-12-14,IWM,97.00775146484375,111.11000061035156,112.37999725341797,110.27999877929688,111.87000274658203,53400400
2015-12-15,IWM,98.40470123291016,112.70999908447266,112.95999908447266,111.5999984741211,111.7300033569336,48273900
2015-12-16,IWM,99.90638732910156,114.43000030517578,114.6500015258789,112.83000183105469,113.48999786376953,44560600
2015-12-17,IWM,98.84123992919922,113.20999908447266,114.94000244140625,112.97000122070312,114.91000366210938,41318000
2015-12-18,IWM,97.33078002929688,111.4800033569336,112.88999938964844,111.44000244140625,112.66000366210938,49876600
2015-12-21,IWM,98.06417846679688,112.31999969482422,112.62999725341797,111.5,112.16999816894531,26479300
2015-12-22,IWM,98.96343231201172,113.3499984741211,113.5199966430664,111.79000091552734,112.63999938964844,28108700
2015-12-23,IWM,100.21197509765625,114.77999877929688,114.95999908447266,113.7300033569336,113.91999816894531,29609700
2015-12-24,IWM,100.40135955810547,114.5,115.16000366210938,114.1500015258789,114.44000244140625,13370500
2015-12-28,IWM,99.9366226196289,113.97000122070312,114.06999969482422,112.95999908447266,113.9800033569336,22125500
2015-12-29,IWM,101.0151596069336,115.19999694824219,115.29000091552734,114.06999969482422,114.4800033569336,22841500
2015-12-30,IWM,99.99800872802734,114.04000091552734,115.3499984741211,114.0,115.05000305175781,21273200
2015-12-31,IWM,98.75284576416016,112.62000274658203,113.97000122070312,112.51000213623047,113.55999755859375,39517700
2016-01-04,IWM,96.46424102783203,110.01000213623047,110.83000183105469,109.08000183105469,110.61000061035156,66665900
2016-01-05,IWM,96.67469024658203,110.25,110.58000183105469,109.55000305175781,110.41000366210938,28253300
2016-01-06,IWM,95.20153045654297,108.56999969482422,109.5999984741211,108.0,108.69999694824219,35569200
2016-01-07,IWM,92.65861511230469,105.66999816894531,107.5,105.48999786376953,106.72000122070312,52482000
2016-01-08,IWM,91.06272888183594,103.8499984741211,106.48999786376953,103.66000366210938,105.87000274658203,60299300
2016-01-11,IWM,90.6681137084961,103.4000015258789,104.77999877929688,102.30999755859375,104.20999908447266,47144800
2016-01-12,IWM,90.93997192382812,103.70999908447266,104.98999786376953,101.94000244140625,104.22000122070312,53702900
2016-01-13,IWM,88.01995849609375,100.37999725341797,104.41999816894531,99.6500015258789,103.91000366210938,70591600
2016-01-14,IWM,89.23883056640625,101.7699966430664,102.70999908447266,99.19000244140625,100.86000061035156,69373400
2016-01-15,IWM,87.79200744628906,100.12000274658203,100.29000091552734,97.51000213623047,99.08000183105469,85759200
2016-01-19,IWM,86.60823059082031,98.7699966430664,101.19999694824219,97.73999786376953,101.06999969482422,51391100
2016-01-20,IWM,86.9677505493164,99.18000030517578,100.33000183105469,95.05999755859375,97.43000030517578,94385800
2016-01-21,IWM,86.76608276367188,98.94999694824219,100.91000366210938,98.37999725341797,99.33000183105469,65798200
2016-01-22,IWM,88.88809967041016,101.37000274658203,101.61000061035156,100.12999725341797,100.6500015258789,46056700
2016-01-25,IWM,86.91511535644531,99.12000274658203,101.08000183105469,98.8499984741211,100.73999786376953,35019600
2016-01-26,IWM,88.65135192871094,101.0999984741211,101.4000015258789,99.18000030517578,99.5199966430664,33349600
2016-01-27,IWM,87.4324951171875,99.70999908447266,101.58999633789062,99.05999755859375,100.58999633789062,47973900
2016-01-28,IWM,87.41497802734375,99.69000244140625,100.94999694824219,99.22000122070312,100.55000305175781,41951100
2016-01-29,IWM,90.28229522705078,102.95999908447266,102.9800033569336,99.95999908447266,100.04000091552734,42245300
2016-02-01,IWM,89.87017059326172,102.48999786376953,103.08999633789062,101.25,102.13999938964844,33615700
2016-02-02,IWM,87.93230438232422,100.27999877929688,101.47000122070312,99.7699966430664,101.33000183105469,39692700
2016-02-03,IWM,88.04632568359375,100.41000366210938,101.06999969482422,98.13999938964844,101.05999755859375,55262500
2016-02-04,IWM,88.3882827758789,100.80000305175781,101.97000122070312,99.97000122070312,100.0,51188400
2016-02-05,IWM,85.96815490722656,98.04000091552734,100.44000244140625,97.95999908447266,100.3499984741211,53366600
2016-02-08,IWM,84.55638122558594,96.43000030517578,97.01000213623047,94.94000244140625,97.01000213623047,61107700
2016-02-09,IWM,83.98639678955078,95.77999877929688,97.12999725341797,95.0199966430664,95.12999725341797,55857200
2016-02-10,IWM,84.03025817871094,95.83000183105469,97.91999816894531,95.68000030517578,96.44999694824219,42756100
2016-02-11,IWM,83.1183090209961,94.79000091552734,95.4000015258789,93.63999938964844,94.08000183105469,57923200
2016-02-12,IWM,84.6966552734375,96.58999633789062,96.79000091552734,95.19000244140625,95.66000366210938,40097300
2016-02-16,IWM,86.7046890258789,98.87999725341797,99.0999984741211,97.22000122070312,97.79000091552734,38882100
2016-02-17,IWM,88.06383514404297,100.43000030517578,101.08999633789062,99.52999877929688,99.56999969482422,40940400
2016-02-18,IWM,87.64295196533203,99.94999694824219,100.63999938964844,99.54000091552734,100.51000213623047,35043600
2016-02-19,IWM,88.08136749267578,100.44999694824219,100.55999755859375,99.11000061035156,99.55999755859375,32424800
2016-02-22,IWM,89.06346130371094,101.56999969482422,102.01000213623047,101.23999786376953,101.33999633789062,28867400
2016-02-23,IWM,88.24799346923828,100.63999938964844,101.48999786376953,100.55000305175781,101.23999786376953,29857100
2016-02-24,IWM,89.0985336303711,101.61000061035156,101.81999969482422,98.97000122070312,99.62000274658203,36909600
2016-02-25,IWM,89.91400146484375,102.54000091552734,102.5999984741211,101.38999938964844,101.79000091552734,22612600
2016-02-26,IWM,90.48397064208984,103.19000244140625,103.47000122070312,102.69999694824219,103.05999755859375,27474700
2016-02-29,IWM,90.08062744140625,102.7300033569336,104.02999877929688,102.72000122070312,103.12999725341797,32014400
2016-03-01,IWM,92.01852416992188,104.94000244140625,104.94000244140625,103.06999969482422,103.62000274658203,36422700
2016-03-02,IWM,92.96553039550781,106.0199966430664,106.08999633789062,104.58999633789062,104.79000091552734,24937100
2016-03-03,IWM,93.93883514404297,107.12999725341797,107.1500015258789,105.91999816894531,106.05000305175781,28216300
2016-03-04,IWM,94.4561996459961,107.72000122070312,108.31999969482422,106.66999816894531,107.06999969482422,38180900
2016-03-07,IWM,95.48210906982422,108.88999938964844,108.98999786376953,107.20999908447266,107.20999908447266,38739900
2016-03-08,IWM,93.17599487304688,106.26000213623047,108.29000091552734,106.13999938964844,108.29000091552734,46193900
2016-03-09,IWM,93.64949798583984,106.80000305175781,107.01000213623047,106.06999969482422,106.62000274658203,25627200
2016-03-10,IWM,92.88661193847656,105.93000030517578,107.48999786376953,104.80999755859375,107.0999984741211,47051200
2016-03-11,IWM,94.87710571289062,108.19999694824219,108.33000183105469,106.66000366210938,106.79000091552734,33625000
2016-03-14,IWM,94.63156127929688,107.91999816894531,108.33999633789062,107.4000015258789,107.87000274658203,24422700
2016-03-15,IWM,93.1584243774414,106.23999786376953,107.27999877929688,106.02999877929688,107.20999908447266,34258400
2016-03-16,IWM,93.81609344482422,106.98999786376953,107.33000183105469,105.7300033569336,105.7300033569336,37952200
2016-03-17,IWM,95.254150390625,108.62999725341797,109.0999984741211,106.33000183105469,106.98999786376953,41724500
2016-03-18,IWM,96.11349487304688,109.61000061035156,109.94999694824219,108.69999694824219,108.7699966430664,36512600
2016-03-21,IWM,95.88549041748047,109.3499984741211,109.94000244140625,109.08000183105469,109.44000244140625,29903700
2016-03-22,IWM,95.77151489257812,109.22000122070312,109.69000244140625,108.47000122070312,108.77999877929688,23602100
2016-03-23,IWM,94.00106048583984,106.87999725341797,108.58999633789062,106.80000305175781,108.54000091552734,39243300
2016-03-24,IWM,94.28250122070312,107.19999694824219,107.22000122070312,105.73999786376953,106.23999786376953,30924300
2016-03-28,IWM,94.3968505859375,107.33000183105469,107.77999877929688,106.55000305175781,107.43000030517578,21096400
2016-03-29,IWM,97.01774597167969,110.30999755859375,110.33999633789062,106.7699966430664,107.04000091552734,46761100
2016-03-30,IWM,97.02655029296875,110.31999969482422,111.12000274658203,110.05000305175781,110.88999938964844,35683500
2016-03-31,IWM,97.29920959472656,110.62999725341797,111.16999816894531,110.33999633789062,110.4800033569336,28555900
2016-04-01,IWM,97.73014831542969,111.12000274658203,111.22000122070312,109.4800033569336,109.61000061035156,29981400
2016-04-04,IWM,96.9122543334961,110.19000244140625,111.31999969482422,110.0999984741211,110.91000366210938,21529400
2016-04-05,IWM,95.81282806396484,108.94000244140625,109.86000061035156,108.83999633789062,109.37000274658203,32515800
2016-04-06,IWM,96.89461517333984,110.16999816894531,110.2699966430664,108.58999633789062,108.93000030517578,28157800
2016-04-07,IWM,95.58419036865234,108.68000030517578,109.87999725341797,108.12999725341797,109.37000274658203,33298400
2016-04-08,IWM,95.96234893798828,109.11000061035156,110.06999969482422,108.62999725341797,109.61000061035156,26151700
2016-04-11,IWM,95.663330078125,108.7699966430664,110.55000305175781,108.75,109.73999786376953,25842100
2016-04-12,IWM,96.69235229492188,109.94000244140625,110.18000030517578,108.43000030517578,108.79000091552734,25058700
2016-04-13,IWM,98.77677154541016,112.30999755859375,112.43000030517578,110.51000213623047,110.58000183105469,40534700
2016-04-14,IWM,98.65361785888672,112.16999816894531,112.69999694824219,111.87999725341797,112.26000213623047,25538600
2016-04-15,IWM,98.8998794555664,112.44999694824219,112.62999725341797,111.86000061035156,111.9000015258789,21176100
2016-04-18,IWM,99.64746856689453,113.30000305175781,113.38999938964844,111.87000274658203,111.9800033569336,19428300
2016-04-19,IWM,99.72662353515625,113.38999938964844,114.12999725341797,112.88999938964844,113.51000213623047,23228100
2016-04-20,IWM,99.87614440917969,113.55999755859375,114.20999908447266,112.97000122070312,113.38999938964844,21422500
2016-04-21,IWM,99.37480926513672,112.98999786376953,113.91999816894531,112.66000366210938,113.47000122070312,20535700
2016-04-22,IWM,100.35989379882812,114.11000061035156,114.19000244140625,112.9800033569336,112.9800033569336,29094500
2016-04-25,IWM,99.64746856689453,113.30000305175781,113.91000366210938,112.80999755859375,113.80000305175781,16369600
2016-04-26,IWM,100.6236801147461,114.41000366210938,114.52999877929688,113.16999816894531,113.66999816894531,30564100
2016-04-27,IWM,100.97550964355469,114.80999755859375,115.05000305175781,113.9000015258789,114.4800033569336,24360300
2016-04-28,IWM,99.82334899902344,113.5,115.0,113.19000244140625,114.2699966430664,26126500
2016-04-29,IWM,98.92626190185547,112.4800033569336,113.45999908447266,111.72000122070312,113.01000213623047,33284500
2016-05-02,IWM,99.8057861328125,113.4800033569336,113.51000213623047,112.18000030517578,112.83000183105469,21881000
2016-05-03,IWM,98.1698989868164,111.62000274658203,112.55999755859375,110.93000030517578,112.55000305175781,37929600
2016-05-04,IWM,97.3607406616211,110.69999694824219,111.98999786376953,110.37000274658203,110.98999786376953,30767200
2016-05-05,IWM,96.97380065917969,110.26000213623047,111.33000183105469,110.0999984741211,111.1500015258789,26249200
2016-05-06,IWM,97.54546356201172,110.91000366210938,110.93000030517578,109.54000091552734,109.80000305175781,25497400
2016-05-09,IWM,97.82689666748047,111.2300033569336,111.88999938964844,110.62999725341797,110.91999816894531,23427000
2016-05-10,IWM,98.81192779541016,112.3499984741211,112.4000015258789,111.06999969482422,111.66000366210938,18635300
2016-05-11,IWM,97.58942413330078,110.95999908447266,112.2699966430664,110.87000274658203,112.0999984741211,23604600
2016-05-12,IWM,97.07054138183594,110.37000274658203,111.48999786376953,109.5,111.19000244140625,34803000
2016-05-13,IWM,96.42849731445312,109.63999938964844,110.94000244140625,109.36000061035156,110.05999755859375,24510300
2016-05-16,IWM,97.6510009765625,111.02999877929688,111.5199966430664,109.87000274658203,109.91999816894531,27337000
2016-05-17,IWM,96.10306549072266,109.2699966430664,111.41999816894531,108.7699966430664,110.87999725341797,46676300
2016-05-18,IWM,96.60440826416016,109.83999633789062,110.66000366210938,108.79000091552734,108.80999755859375,35734400
2016-05-19,IWM,95.83043670654297,108.95999908447266,109.7699966430664,107.98999786376953,109.04000091552734,36995600
2016-05-20,IWM,97.43990325927734,110.79000091552734,110.79000091552734,109.2300033569336,109.29000091552734,37404500
2016-05-23,IWM,97.32555389404297,110.66000366210938,111.38999938964844,110.5,110.7699966430664,23721700
2016-05-24,IWM,99.33085632324219,112.94000244140625,113.22000122070312,111.2699966430664,111.30999755859375,41124300
2016-05-25,IWM,99.91130828857422,113.5999984741211,113.9000015258789,113.08000183105469,113.30000305175781,26202900
2016-05-26,IWM,99.79694366455078,113.47000122070312,114.0199966430664,113.25,113.7699966430664,15157200
2016-05-27,IWM,100.79080963134766,114.5999984741211,114.5999984741211,113.51000213623047,113.55999755859375,21265100
2016-05-31,IWM,101.14261627197266,115.0,115.54000091552734,114.5,114.81999969482422,32764400
2016-06-01,IWM,101.82862091064453,115.77999877929688,115.94999694824219,114.41999816894531,114.61000061035156,26806100
2016-06-02,IWM,102.61138916015625,116.66999816894531,116.66999816894531,115.37000274658203,115.48999786376953,23303300
2016-06-03,IWM,101.99573516845703,115.97000122070312,116.47000122070312,115.0,116.47000122070312,28733200
2016-06-06,IWM,103.09510803222656,117.22000122070312,117.58000183105469,116.01000213623047,116.08000183105469,26946000
2016-06-07,IWM,103.39412689208984,117.55999755859375,117.9800033569336,116.95999908447266,117.29000091552734,21038500
2016-06-08,IWM,104.15930938720703,118.43000030517578,118.63999938964844,117.6500015258789,117.66000366210938,27999900
2016-06-09,IWM,103.49088287353516,117.66999816894531,117.94000244140625,117.29000091552734,117.94000244140625,23440700
2016-06-10,IWM,102.08367156982422,116.06999969482422,116.87999725341797,115.69000244140625,116.58000183105469,32686800
2016-06-13,IWM,100.97550964355469,114.80999755859375,116.18000030517578,114.58999633789062,115.6500015258789,36169500
2016-06-14,IWM,100.68528747558594,114.4800033569336,115.11000061035156,113.66999816894531,114.38999938964844,34267600
2016-06-15,IWM,100.75563049316406,114.55999755859375,115.55999755859375,114.45999908447266,114.88999938964844,24197700
2016-06-16,IWM,100.74684143066406,114.55000305175781,114.58999633789062,112.88999938964844,113.72000122070312,36306600
2016-06-17,IWM,100.31590270996094,114.05999755859375,114.91999816894531,113.68000030517578,114.41000366210938,30096400
2016-06-20,IWM,101.4064712524414,115.30000305175781,116.44999694824219,115.30000305175781,115.80000305175781,28219800
2016-06-21,IWM,101.21297454833984,115.08000183105469,115.41000366210938,114.33000183105469,115.33999633789062,34706800
2016-06-22,IWM,100.81718444824219,114.62999725341797,115.87999725341797,114.48999786376953,115.30000305175781,27226100
2016-06-23,IWM,102.7433090209961,116.81999969482422,116.91000366210938,115.7300033569336,115.81999969482422,30240300
2016-06-24,IWM,98.83831787109375,112.37999725341797,114.04000091552734,111.5,111.94000244140625,74945400
2016-06-27,IWM,95.59294128417969,108.69000244140625,111.06999969482422,108.19000244140625,111.06999969482422,58358800
2016-06-28,IWM,97.07054138183594,110.37000274658203,110.87999725341797,109.56999969482422,109.6500015258789,42040600
2016-06-29,IWM,99.27806854248047,112.87999725341797,113.05000305175781,111.52999877929688,111.69999694824219,34031600
2016-06-30,IWM,101.12503051757812,114.9800033569336,115.0199966430664,112.56999969482422,113.12000274658203,42973800
2016-07-01,IWM,101.4856185913086,115.38999938964844,115.94999694824219,114.80000305175781,115.05000305175781,24401900
2016-07-05,IWM,99.9905014038086,113.69000244140625,115.26000213623047,113.06999969482422,115.0199966430664,29347200
2016-07-06,IWM,100.71649169921875,113.88999938964844,114.01000213623047,112.30999755859375,112.54000091552734,24678300
2016-07-07,IWM,100.9287338256836,114.12999725341797,114.98999786376953,113.41000366210938,114.22000122070312,20780600
2016-07-08,IWM,103.28105163574219,116.79000091552734,117.08999633789062,115.1500015258789,115.25,37964800
2016-07-11,IWM,104.47490692138672,118.13999938964844,118.43000030517578,117.47000122070312,117.55999755859375,26987300
2016-07-12,IWM,105.87214660644531,119.72000122070312,120.41999816894531,118.83000183105469,119.0,44153000
2016-07-13,IWM,105.45654296875,119.25,120.38999938964844,118.94999694824219,120.33000183105469,28050200
2016-07-14,IWM,105.5626220703125,119.37000274658203,120.36000061035156,119.30000305175781,120.30000305175781,19345400
2016-07-15,IWM,105.8544692993164,119.69999694824219,120.04000091552734,119.27999877929688,119.88999938964844,23857300
2016-07-18,IWM,106.0313720703125,119.9000015258789,120.3499984741211,119.33000183105469,119.52999877929688,17422400
2016-07-19,IWM,105.50074005126953,119.30000305175781,119.97000122070312,118.93000030517578,119.76000213623047,19734100
2016-07-20,IWM,106.19052124023438,120.08000183105469,120.44000244140625,118.94000244140625,119.55000305175781,22390500
2016-07-21,IWM,105.68646240234375,119.51000213623047,120.5999984741211,119.25,120.01000213623047,19018700
2016-07-22,IWM,106.4735107421875,120.4000015258789,120.6500015258789,119.3499984741211,119.58000183105469,17796100
2016-07-25,IWM,106.31433868408203,120.22000122070312,120.45999908447266,119.76000213623047,120.1500015258789,13694600
2016-07-26,IWM,106.82723999023438,120.80000305175781,120.97000122070312,119.91999816894531,120.19999694824219,19551100
2016-07-27,IWM,107.12792205810547,121.13999938964844,121.47000122070312,120.3499984741211,121.0,21064700
2016-07-28,IWM,106.85375213623047,120.83000183105469,121.23999786376953,120.52999877929688,120.87999725341797,16540100
2016-07-29,IWM,107.06600952148438,121.06999969482422,121.76000213623047,120.05000305175781,120.70999908447266,30267900
2016-08-01,IWM,107.15442657470703,121.16999816894531,121.69999694824219,120.44000244140625,121.19999694824219,34771700
2016-08-02,IWM,105.65990447998047,119.4800033569336,121.20999908447266,119.0999984741211,121.16000366210938,28691000
2016-08-03,IWM,106.51771545410156,120.44999694824219,120.5,119.0999984741211,119.37000274658203,17830300
2016-08-04,IWM,106.61498260498047,120.55999755859375,121.19000244140625,120.26000213623047,120.44999694824219,17526700
2016-08-05,IWM,108.15371704101562,122.30000305175781,122.58000183105469,120.97000122070312,121.33999633789062,28643400
2016-08-08,IWM,108.10067749023438,122.23999786376953,122.8499984741211,122.02999877929688,122.3499984741211,14625700
2016-08-09,IWM,108.21562957763672,122.37000274658203,122.62999725341797,122.13999938964844,122.2699966430664,12487700
2016-08-10,IWM,107.43740844726562,121.48999786376953,122.5999984741211,121.1500015258789,122.37999725341797,19138100
2016-08-11,IWM,107.95034790039062,122.06999969482422,122.4000015258789,121.56999969482422,122.02999877929688,21144600
2016-08-12,IWM,108.05646514892578,122.19000244140625,122.45999908447266,121.62999725341797,121.83000183105469,12251200
2016-08-15,IWM,109.12650299072266,123.4000015258789,123.69000244140625,122.43000030517578,122.45999908447266,22048000
2016-08-16,IWM,108.24217224121094,122.4000015258789,123.12000274658203,122.26000213623047,123.08000183105469,20244300
2016-08-17,IWM,107.92381286621094,122.04000091552734,122.5,121.33000183105469,122.44000244140625,20632600
2016-08-18,IWM,108.7197265625,122.94000244140625,122.97000122070312,122.04000091552734,122.08000183105469,16244600
2016-08-19,IWM,108.7197265625,122.94000244140625,123.06999969482422,122.27999877929688,122.7699966430664,17379500
2016-08-22,IWM,108.96732330322266,123.22000122070312,123.33999633789062,122.33000183105469,122.68000030517578,16929700
2016-08-23,IWM,109.72784423828125,124.08000183105469,124.45999908447266,123.61000061035156,123.61000061035156,21539400
2016-08-24,IWM,108.83466339111328,123.06999969482422,124.25,122.7699966430664,123.94000244140625,21533400
2016-08-25,IWM,109.04692077636719,123.30999755859375,123.69000244140625,122.61000061035156,122.62000274658203,17023200
2016-08-26,IWM,108.82582092285156,123.05999755859375,124.41000366210938,122.30000305175781,123.44999694824219,26734400
2016-08-29,IWM,109.39179229736328,123.69999694824219,124.16999816894531,123.23999786376953,123.2699966430664,14013900
2016-08-30,IWM,109.59520721435547,123.93000030517578,124.16999816894531,123.37999725341797,123.83000183105469,14031300
2016-08-31,IWM,108.97616577148438,123.2300033569336,123.88999938964844,122.55000305175781,123.77999877929688,29236300
2016-09-01,IWM,109.05574798583984,123.31999969482422,123.62999725341797,122.0199966430664,123.33999633789062,22964700
2016-09-02,IWM,110.10812377929688,124.51000213623047,124.52999877929688,123.62999725341797,124.01000213623047,23083300
2016-09-06,IWM,110.21420288085938,124.62999725341797,124.97000122070312,123.97000122070312,124.91999816894531,13711000
2016-09-07,IWM,110.90399932861328,125.41000366210938,125.44000244140625,124.4800033569336,124.55000305175781,17830500
2016-09-08,IWM,110.68292999267578,125.16000366210938,125.41000366210938,124.7699966430664,125.30999755859375,16265500
2016-09-09,IWM,107.2251968383789,121.25,124.20999908447266,121.20999908447266,124.18000030517578,54239000
2016-09-12,IWM,108.7197265625,122.94000244140625,122.97000122070312,120.58000183105469,120.69000244140625,33408100
2016-09-13,IWM,106.63269805908203,120.58000183105469,122.16000366210938,119.87999725341797,122.05999755859375,47536200
2016-09-14,IWM,106.65038299560547,120.5999984741211,121.47000122070312,120.29000091552734,120.7699966430664,30545500
2016-09-15,IWM,107.92381286621094,122.04000091552734,122.19000244140625,120.51000213623047,120.68000030517578,29499800
2016-09-16,IWM,107.7646484375,121.86000061035156,122.04000091552734,121.0999984741211,122.04000091552734,31940500
2016-09-19,IWM,108.48091888427734,122.66999816894531,123.55000305175781,121.98999786376953,122.31999969482422,22807000
2016-09-20,IWM,108.02108764648438,122.1500015258789,123.2300033569336,122.1500015258789,123.19999694824219,16877900
2016-09-21,IWM,109.58633422851562,123.91999816894531,123.97000122070312,122.0999984741211,122.58000183105469,30784700
2016-09-22,IWM,111.16046142578125,125.69999694824219,125.80000305175781,124.66000366210938,124.7300033569336,36287700
2016-09-23,IWM,110.37342834472656,124.80999755859375,125.87999725341797,124.80999755859375,125.55999755859375,26118000
2016-09-26,IWM,109.27734375,123.2300033569336,124.16999816894531,123.0999984741211,123.80000305175781,20028000
2016-09-27,IWM,109.7207260131836,123.7300033569336,123.87999725341797,122.80999755859375,123.16999816894531,16939500
2016-09-28,IWM,110.56317901611328,124.68000030517578,124.76000213623047,123.06999969482422,123.94999694824219,19426400
2016-09-29,IWM,108.9492416381836,122.86000061035156,124.63999938964844,122.69999694824219,124.62000274658203,26657700
2016-09-30,IWM,110.14637756347656,124.20999908447266,124.77999877929688,122.86000061035156,123.41999816894531,31764500
2016-10-03,IWM,109.8005599975586,123.81999969482422,124.0999984741211,123.12999725341797,123.83000183105469,18674300
2016-10-04,IWM,109.25962829589844,123.20999908447266,124.30999755859375,122.6500015258789,124.0199966430664,26057300
2016-10-05,IWM,109.91584014892578,123.94999694824219,124.68000030517578,123.6500015258789,123.69000244140625,24317300
2016-10-06,IWM,109.8005599975586,123.81999969482422,124.0199966430664,122.81999969482422,123.75,18937100
2016-10-07,IWM,108.92261505126953,122.83000183105469,124.31999969482422,122.2300033569336,124.04000091552734,28732700
2016-10-10,IWM,110.22620391845703,124.30000305175781,124.73999786376953,122.83000183105469,122.83000183105469,21481700
2016-10-11,IWM,108.21320343017578,122.02999877929688,124.11000061035156,121.33999633789062,124.05000305175781,31931300
2016-10-12,IWM,108.12454223632812,121.93000030517578,122.61000061035156,121.52999877929688,122.08999633789062,20210400
2016-10-13,IWM,107.2288818359375,120.91999816894531,121.41000366210938,120.11000061035156,120.98999786376953,26302500
2016-10-14,IWM,106.79437255859375,120.43000030517578,121.83999633789062,120.4000015258789,121.36000061035156,24554600
2016-10-17,IWM,106.67021942138672,120.29000091552734,120.8499984741211,120.16000366210938,120.58000183105469,17119500
2016-10-18,IWM,107.2821273803711,120.9800033569336,121.58000183105469,120.66000366210938,121.5199966430664,19158900
2016-10-19,IWM,107.73434448242188,121.48999786376953,121.94999694824219,120.5,121.16999816894531,18477400
2016-10-20,IWM,107.41510772705078,121.12999725341797,122.0,120.41000366210938,121.13999938964844,20485600
2016-10-21,IWM,107.3619155883789,121.06999969482422,121.37000274658203,120.0999984741211,120.26000213623047,21093700
2016-10-24,IWM,108.04470825195312,121.83999633789062,122.61000061035156,121.44999694824219,122.04000091552734,15421600
2016-10-25,IWM,107.23775482177734,120.93000030517578,121.98999786376953,120.5999984741211,121.80999755859375,16459800
2016-10-26,IWM,106.17362976074219,119.7300033569336,121.0,119.45999908447266,120.11000061035156,24975300
2016-10-27,IWM,104.95874786376953,118.36000061035156,120.13999938964844,118.08999633789062,120.12000274658203,29525700
2016-10-28,IWM,104.66610717773438,118.02999877929688,119.02999877929688,117.75,118.30999755859375,35473700
2016-10-31,IWM,105.0829086303711,118.5,118.63999938964844,117.80000305175781,118.18000030517578,20311800
2016-11-01,IWM,103.79708862304688,117.05000305175781,118.69999694824219,116.27999877929688,118.66000366210938,34147200
2016-11-02,IWM,102.47576904296875,115.55999755859375,117.0,115.38999938964844,116.87000274658203,29859900
2016-11-03,IWM,101.97919464111328,115.0,116.23999786376953,114.87999725341797,115.91000366210938,22717500
2016-11-04,IWM,102.63538360595703,115.73999786376953,116.9000015258789,115.05000305175781,115.30000305175781,35237200
2016-11-07,IWM,105.14497375488281,118.56999969482422,118.81999969482422,117.70999908447266,118.0,32370900
2016-11-08,IWM,105.41989135742188,118.87999725341797,119.45999908447266,117.70999908447266,118.30000305175781,26196800
2016-11-09,IWM,108.66547393798828,122.54000091552734,122.83000183105469,118.05000305175781,118.08000183105469,77416800
2016-11-10,IWM,110.40354919433594,124.5,125.4000015258789,122.62000274658203,124.26000213623047,83440700
2016-11-11,IWM,112.93972778320312,127.36000061035156,127.72000122070312,124.55000305175781,125.02999877929688,95612800
2016-11-14,IWM,114.52704620361328,129.14999389648438,130.25999450683594,128.38999938964844,128.9499969482422,83119400
2016-11-15,IWM,114.88176727294922,129.5500030517578,129.88999938964844,128.3000030517578,128.85000610351562,38704500
2016-11-16,IWM,114.8729019165039,129.5399932861328,130.0,129.02999877929688,129.25,42325500
2016-11-17,IWM,115.54686737060547,130.3000030517578,130.8300018310547,129.75,129.9499969482422,42576900
2016-11-18,IWM,116.15876007080078,130.99000549316406,131.08999633789062,130.3000030517578,130.69000244140625,41380600
2016-11-21,IWM,116.69966125488281,131.60000610351562,132.0,130.61000061035156,131.30999755859375,32293100
2016-11-22,IWM,117.76378631591797,132.8000030517578,132.89999389648438,131.6699981689453,132.1199951171875,39681500
2016-11-23,IWM,118.4998550415039,133.6300048828125,133.64999389648438,132.10000610351562,132.47999572753906,37939200
2016-11-25,IWM,118.8899917602539,134.07000732421875,134.10000610351562,133.5399932861328,133.72999572753906,13373400
2016-11-28,IWM,117.34701538085938,132.3300018310547,134.0,132.14999389648438,133.97000122070312,32505700
2016-11-29,IWM,117.28491973876953,132.25999450683594,133.08999633789062,132.10000610351562,132.50999450683594,27993700
2016-11-30,IWM,116.70853424072266,131.61000061035156,133.08999633789062,131.5,132.9199981689453,32491200
2016-12-01,IWM,116.14098358154297,130.97000122070312,132.5500030517578,130.2899932861328,132.25,39815900
2016-12-02,IWM,116.07890319824219,130.89999389648438,131.47000122070312,130.52000427246094,130.94000244140625,24054100
2016-12-05,IWM,118.07414245605469,133.14999389648438,133.3300018310547,131.88999938964844,131.97000122070312,27547100
2016-12-06,IWM,119.35111236572266,134.58999633789062,134.91000366210938,132.74000549316406,133.52000427246094,27820000
2016-12-07,IWM,120.51278686523438,135.89999389648438,136.17999267578125,134.17999267578125,134.58999633789062,31825800
2016-12-08,IWM,122.4105224609375,138.0399932861328,138.2100067138672,135.8000030517578,136.25,49048900
2016-12-09,IWM,122.64987182617188,138.30999755859375,138.82000732421875,137.75,138.39999389648438,34313500
2016-12-12,IWM,121.3552474975586,136.85000610351562,138.57000732421875,136.50999450683594,137.9499969482422,34592900
2016-12-13,IWM,121.36408233642578,136.86000061035156,138.0500030517578,136.24000549316406,137.52999877929688,32624600
2016-12-14,IWM,119.84771728515625,135.14999389648438,137.35000610351562,134.80999755859375,136.4199981689453,45923700
2016-12-15,IWM,120.74336242675781,136.16000366210938,137.13999938964844,134.9600067138672,135.3699951171875,41352500
2016-12-16,IWM,120.52165222167969,135.91000366210938,137.52999877929688,135.6300048828125,136.35000610351562,39348200
2016-12-19,IWM,121.31092834472656,136.8000030517578,137.19000244140625,135.91000366210938,136.0399932861328,33393900
2016-12-20,IWM,122.33958435058594,137.9600067138672,138.2100067138672,136.99000549316406,137.27999877929688,31753600
2016-12-21,IWM,121.54146575927734,137.05999755859375,138.14999389648438,137.00999450683594,137.85000610351562,23215900
2016-12-22,IWM,120.49344635009766,135.32000732421875,136.75,134.80999755859375,136.55999755859375,34737900
2016-12-23,IWM,121.13452911376953,136.0399932861328,136.1199951171875,135.27000427246094,135.4600067138672,17081400
2016-12-27,IWM,121.67768859863281,136.64999389648438,137.3000030517578,136.2100067138672,136.22999572753906,13571700
2016-12-28,IWM,120.43109130859375,135.25,136.97999572753906,134.8300018310547,136.88999938964844,22712400
2016-12-29,IWM,120.53795623779297,135.3699951171875,136.25999450683594,134.69000244140625,135.2899932861328,21312900
2016-12-30,IWM,120.07493591308594,134.85000610351562,135.6300048828125,134.39999389648438,135.60000610351562,28399300
2017-01-03,IWM,120.6714859008789,135.52000427246094,136.8300018310547,134.5,136.49000549316406,29792400
2017-01-04,IWM,122.68390655517578,137.77999877929688,137.9600067138672,136.00999450683594,136.0500030517578,34499400
2017-01-05,IWM,121.26811981201172,136.19000244140625,137.75999450683594,135.50999450683594,137.49000549316406,30286900
2017-01-06,IWM,120.82289123535156,135.69000244140625,136.7100067138672,135.67999267578125,136.41000366210938,23436000
2017-01-09,IWM,120.03038787841797,134.8000030517578,135.72000122070312,134.5,135.5399932861328,24077900
2017-01-10,IWM,121.17903137207031,136.08999633789062,136.3800048828125,134.75999450683594,135.0,21684900
2017-01-11,IWM,121.39276123046875,136.3300018310547,136.7899932861328,135.4199981689453,136.22999572753906,27428800
2017-01-12,IWM,120.45784759521484,135.27999877929688,136.22000122070312,133.58999633789062,136.16000366210938,41844200
2017-01-13,IWM,121.3304443359375,136.25999450683594,136.97000122070312,135.64999389648438,135.64999389648438,27784500
2017-01-17,IWM,119.68309020996094,134.41000366210938,135.69000244140625,134.1300048828125,135.60000610351562,28197800
2017-01-18,IWM,120.07493591308594,134.85000610351562,134.94000244140625,133.9499969482422,134.75999450683594,21289700
2017-01-19,IWM,119.09544372558594,133.75,135.44000244140625,133.1699981689453,135.13999938964844,34105900
2017-01-20,IWM,119.70983123779297,134.44000244140625,134.8800048828125,133.75,133.75,29286100
2017-01-23,IWM,119.21121978759766,133.8800048828125,134.67999267578125,133.1199951171875,134.02999877929688,20537000
2017-01-24,IWM,121.03659057617188,135.92999267578125,136.27999877929688,134.22000122070312,134.33999633789062,34313800
2017-01-25,IWM,122.17632293701172,137.2100067138672,137.5500030517578,136.9499969482422,137.05999755859375,29127300
2017-01-26,IWM,121.68661499023438,136.66000366210938,137.5,136.4199981689453,137.33999633789062,22255600
2017-01-27,IWM,121.26811981201172,136.19000244140625,137.0399932861328,135.64999389648438,136.77000427246094,19467800
2017-01-30,IWM,119.57627868652344,134.2899932861328,135.24000549316406,133.24000549316406,135.22999572753906,40464400
2017-01-31,IWM,120.41329956054688,135.22999572753906,135.55999755859375,133.47999572753906,133.8699951171875,32945000
2017-02-01,IWM,120.342041015625,135.14999389648438,136.8699951171875,134.6999969482422,136.22000122070312,30010500
2017-02-02,IWM,120.039306640625,134.80999755859375,135.6699981689453,134.49000549316406,135.3000030517578,19935700
2017-02-03,IWM,121.87358856201172,136.8699951171875,136.97999572753906,135.50999450683594,135.99000549316406,24534100
2017-02-06,IWM,120.95646667480469,135.83999633789062,136.77999877929688,135.42999267578125,136.39999389648438,23691500
2017-02-07,IWM,120.42220306396484,135.24000549316406,136.47000122070312,134.77000427246094,135.82000732421875,30342200
2017-02-08,IWM,120.20848083496094,135.0,135.24000549316406,133.88999938964844,135.24000549316406,32956900
2017-02-09,IWM,121.90029907226562,136.89999389648438,137.25,135.0,135.0,28267600
2017-02-10,IWM,122.82636260986328,137.94000244140625,138.3699951171875,137.1999969482422,137.7899932861328,27287600
2017-02-13,IWM,123.1469497680664,138.3000030517578,139.2100067138672,138.08999633789062,138.77000427246094,23245100
2017-02-14,IWM,123.55652618408203,138.75999450683594,138.9499969482422,137.61000061035156,137.94000244140625,27145000
2017-02-15,IWM,124.29558563232422,139.58999633789062,139.77000427246094,138.07000732421875,138.19000244140625,20253500
2017-02-16,IWM,123.94832611083984,139.1999969482422,139.83999633789062,138.2100067138672,139.4600067138672,24613600
2017-02-17,IWM,123.86819458007812,139.11000061035156,139.16000366210938,138.25,138.4499969482422,26703200
2017-02-21,IWM,124.83877563476562,140.1999969482422,140.32000732421875,139.3800048828125,139.3800048828125,21353500
2017-02-22,IWM,124.28667449951172,139.5800018310547,140.02000427246094,139.25,140.0,14890800
2017-02-23,IWM,123.54759216308594,138.75,140.00999450683594,137.69000244140625,139.9600067138672,24596200
2017-02-24,IWM,123.45857238769531,138.64999389648438,138.64999389648438,137.3000030517578,137.4600067138672,24512300
2017-02-27,IWM,124.66068267822266,140.0,140.0,138.2100067138672,138.33999633789062,28269000
2017-02-28,IWM,122.73729705810547,137.83999633789062,139.47999572753906,137.75999450683594,139.3800048828125,40184100
2017-03-01,IWM,124.98118591308594,140.36000061035156,140.86000061035156,139.52000427246094,139.64999389648438,35719800
2017-03-02,IWM,123.54759216308594,138.75,140.36000061035156,138.63999938964844,140.3300018310547,25937000
2017-03-03,IWM,123.45857238769531,138.64999389648438,139.4199981689453,137.8800048828125,138.8000030517578,30989800
2017-03-06,IWM,122.61265563964844,137.6999969482422,137.97000122070312,136.99000549316406,137.77999877929688,23892100
2017-03-07,IWM,121.81129455566406,136.8000030517578,137.74000549316406,136.61000061035156,137.39999389648438,29711300
2017-03-08,IWM,121.0098648071289,135.89999389648438,137.6199951171875,135.77999877929688,137.27999877929688,34115100
2017-03-09,IWM,120.52899169921875,135.36000061035156,136.49000549316406,134.88999938964844,135.8300018310547,35223800
2017-03-10,IWM,121.06331634521484,135.9600067138672,136.30999755859375,134.83999633789062,136.2899932861328,39516600
2017-03-13,IWM,121.3482666015625,136.27999877929688,136.7899932861328,135.64999389648438,135.64999389648438,21295000
2017-03-14,IWM,120.76947021484375,135.6300048828125,135.8300018310547,134.55999755859375,135.75,30037800
2017-03-15,IWM,122.6393814086914,137.72999572753906,138.02000427246094,135.97000122070312,136.2899932861328,31230400
2017-03-16,IWM,122.79965209960938,137.91000366210938,138.50999450683594,137.55999755859375,138.22000122070312,25306600
2017-03-17,IWM,123.2893295288086,138.4600067138672,138.72999572753906,137.30999755859375,138.13999938964844,33324600
2017-03-20,IWM,122.755126953125,137.86000061035156,138.52000427246094,137.3699951171875,138.27999877929688,19091200
2017-03-21,IWM,119.29132843017578,133.97000122070312,138.60000610351562,133.9199981689453,138.50999450683594,61869000
2017-03-22,IWM,119.31805419921875,134.0,134.30999755859375,132.77999877929688,133.7100067138672,46332600
2017-03-23,IWM,120.0125961303711,134.77999877929688,135.6999969482422,133.63999938964844,134.0,37764600
2017-03-24,IWM,120.09921264648438,134.49000549316406,135.47000122070312,133.86000061035156,134.9499969482422,33514400
2017-03-27,IWM,120.32245635986328,134.74000549316406,135.07000732421875,132.39999389648438,132.75999450683594,35596700
2017-03-28,IWM,121.2601089477539,135.7899932861328,135.89999389648438,134.13999938964844,134.27999877929688,26891900
2017-03-29,IWM,121.65304565429688,136.22999572753906,136.49000549316406,135.3000030517578,135.6999969482422,22119500
2017-03-30,IWM,122.57281494140625,137.25999450683594,137.3800048828125,136.25999450683594,136.32000732421875,25792900
2017-03-31,IWM,122.76924896240234,137.47999572753906,138.1699981689453,136.94000244140625,137.4199981689453,29434300
2017-04-03,IWM,121.47443389892578,136.02999877929688,138.10000610351562,135.60000610351562,137.97000122070312,38834900
2017-04-04,IWM,121.33150482177734,135.8699951171875,136.5500030517578,135.35000610351562,135.92999267578125,25642600
2017-04-05,IWM,119.95630645751953,134.3300018310547,137.42999267578125,134.0800018310547,136.8300018310547,44968800
2017-04-06,IWM,121.07257843017578,135.5800018310547,135.6300048828125,133.8300018310547,134.5399932861328,41012100
2017-04-07,IWM,121.01895904541016,135.52000427246094,136.02999877929688,134.75,135.2100067138672,24300200
2017-04-10,IWM,121.28691101074219,135.82000732421875,136.85000610351562,135.16000366210938,135.47000122070312,22779900
2017-04-11,IWM,122.25133514404297,136.89999389648438,136.9199981689453,135.0800018310547,135.27000427246094,32589200
2017-04-12,IWM,120.59031677246094,135.0399932861328,136.6999969482422,134.9199981689453,136.63999938964844,25700800
2017-04-13,IWM,119.4115982055664,133.72000122070312,135.3699951171875,133.66000366210938,134.8800048828125,30207000
2017-04-17,IWM,120.81360626220703,135.2899932861328,135.32000732421875,133.67999267578125,134.07000732421875,18278800
2017-04-18,IWM,120.84040832519531,135.32000732421875,135.4600067138672,134.16000366210938,134.72000122070312,24553300
2017-04-19,IWM,121.2601089477539,135.7899932861328,136.9600067138672,135.5399932861328,135.69000244140625,34627600
2017-04-20,IWM,122.80497741699219,137.52000427246094,137.6699981689453,136.14999389648438,136.33999633789062,31934400
2017-04-21,IWM,122.52813720703125,137.2100067138672,137.5500030517578,136.7100067138672,137.24000549316406,29386000
2017-04-24,IWM,124.05519104003906,138.9199981689453,139.33999633789062,138.49000549316406,139.0800018310547,33836900
2017-04-25,IWM,125.26072692871094,140.27000427246094,140.8800048828125,140.08999633789062,140.24000549316406,32751700
2017-04-26,IWM,125.90367126464844,140.99000549316406,141.82000732421875,140.1300048828125,140.1699981689453,41669200
2017-04-27,IWM,125.86795043945312,140.9499969482422,141.8000030517578,140.47999572753906,141.33999633789062,23004300
2017-04-28,IWM,124.18023681640625,139.05999755859375,141.1699981689453,139.0399932861328,141.02999877929688,31113900
2017-05-01,IWM,124.89459228515625,139.86000061035156,140.2899932861328,138.77999877929688,139.63999938964844,20925200
2017-05-02,IWM,124.26058959960938,139.14999389648438,140.33999633789062,138.69000244140625,139.97999572753906,17993900
2017-05-03,IWM,123.49256896972656,138.2899932861328,138.75999450683594,137.69000244140625,138.49000549316406,27050300
2017-05-04,IWM,123.32290649414062,138.10000610351562,138.72999572753906,137.11000061035156,138.52999877929688,25799100
2017-05-05,IWM,124.11769104003906,138.99000549316406,138.99000549316406,137.52999877929688,138.69000244140625,23806500
2017-05-08,IWM,123.5997085571289,138.41000366210938,138.97999572753906,137.75999450683594,138.66000366210938,16680000
2017-05-09,IWM,123.54615783691406,138.35000610351562,138.8300018310547,137.77999877929688,138.58999633789062,23988400
2017-05-10,IWM,124.314208984375,139.2100067138672,139.47999572753906,137.86000061035156,138.0399932861328,19791500
2017-05-11,IWM,123.44795227050781,138.24000549316406,138.8300018310547,136.97999572753906,138.6699981689453,28617300
2017-05-12,IWM,122.79608154296875,137.50999450683594,137.88999938964844,137.16000366210938,137.7100067138672,24111200
2017-05-15,IWM,123.75159454345703,138.5800018310547,139.25,137.97999572753906,137.97999572753906,31132200
2017-05-16,IWM,123.79620361328125,138.6300048828125,139.0399932861328,137.6199951171875,138.97000122070312,18520900
2017-05-17,IWM,120.45640563964844,134.88999938964844,137.0399932861328,134.75,136.3300018310547,50791200
2017-05-18,IWM,120.89401245117188,135.3800048828125,135.89999389648438,134.22999572753906,134.57000732421875,44805100
2017-05-19,IWM,121.47443389892578,136.02999877929688,136.75999450683594,135.4199981689453,135.63999938964844,44450500
2017-05-22,IWM,122.29597473144531,136.9499969482422,137.1999969482422,136.16000366210938,136.25999450683594,20062700
2017-05-23,IWM,122.6978530883789,137.39999389648438,137.69000244140625,136.35000610351562,137.2899932861328,16681400
2017-05-24,IWM,122.7782211303711,137.49000549316406,138.02999877929688,136.8300018310547,137.50999450683594,21256000
2017-05-25,IWM,122.85855102539062,137.5800018310547,138.61000061035156,137.1999969482422,138.13999938964844,22804200
2017-05-26,IWM,122.82286834716797,137.5399932861328,137.7899932861328,136.77999877929688,137.3800048828125,20047300
2017-05-30,IWM,121.85844421386719,136.4600067138672,137.44000244140625,136.22000122070312,137.1199951171875,25544100
2017-05-31,IWM,121.73340606689453,136.32000732421875,136.9199981689453,134.63999938964844,136.83999633789062,34345400
2017-06-01,IWM,124.08199310302734,138.9499969482422,139.0,136.27000427246094,136.72000122070312,44618600
2017-06-02,IWM,124.88569641113281,139.85000610351562,141.02000427246094,139.0500030517578,139.4499969482422,46680200
2017-06-05,IWM,124.10877990722656,138.97999572753906,140.11000061035156,138.9499969482422,139.9600067138672,20808900
2017-06-06,IWM,123.99267578125,138.85000610351562,139.66000366210938,137.80999755859375,138.11000061035156,25460900
2017-06-07,IWM,124.10877990722656,138.97999572753906,139.52999877929688,138.49000549316406,138.86000061035156,20542200
2017-06-08,IWM,125.8054428100586,140.8800048828125,141.4600067138672,138.74000549316406,138.97999572753906,33956400
2017-06-09,IWM,126.45732879638672,141.61000061035156,142.89999389648438,140.6999969482422,141.4600067138672,56979400
2017-06-12,IWM,126.25192260742188,141.3800048828125,141.99000549316406,140.88999938964844,141.66000366210938,34665500
2017-06-13,IWM,126.89493560791016,142.10000610351562,142.30999755859375,141.47000122070312,141.8000030517578,22046800
2017-06-14,IWM,126.1447982788086,141.25999450683594,142.0399932861328,140.4499969482422,142.02999877929688,33021900
2017-06-15,IWM,125.50182342529297,140.5399932861328,140.97999572753906,139.69000244140625,139.69000244140625,27376800
2017-06-16,IWM,125.18929290771484,140.19000244140625,140.22000122070312,139.27999877929688,140.02999877929688,35608400
2017-06-19,IWM,126.11800384521484,141.22999572753906,141.5800018310547,140.50999450683594,140.55999755859375,25163300
2017-06-20,IWM,124.84101867675781,139.8000030517578,140.97000122070312,139.6999969482422,140.8800048828125,20111900
2017-06-21,IWM,124.52847290039062,139.4499969482422,140.8000030517578,139.22000122070312,140.0500030517578,23351400
2017-06-22,IWM,125.0017318725586,139.97999572753906,140.38999938964844,139.00999450683594,139.3699951171875,17917200
2017-06-23,IWM,125.83221435546875,140.91000366210938,141.0800018310547,139.5500030517578,140.13999938964844,20772500
2017-06-26,IWM,125.98409271240234,141.0800018310547,141.52999877929688,140.1999969482422,141.08999633789062,22988300
2017-06-27,IWM,124.87672424316406,139.83999633789062,141.6199951171875,139.75,141.10000610351562,24610100
2017-06-28,IWM,126.78772735595703,141.97999572753906,142.25999450683594,140.39999389648438,140.6699981689453,25085400
2017-06-29,IWM,126.03764343261719,141.13999938964844,142.35000610351562,139.64999389648438,142.24000549316406,38794900
2017-06-30,IWM,125.84120178222656,140.9199981689453,141.6699981689453,140.77000427246094,141.25,22798500
2017-07-03,IWM,126.89493560791016,142.10000610351562,142.5,141.3000030517578,141.33999633789062,12968200
2017-07-05,IWM,126.43942260742188,141.58999633789062,141.85000610351562,140.6999969482422,141.6999969482422,21865500
2017-07-06,IWM,124.78838348388672,139.13999938964844,140.47000122070312,138.8300018310547,139.92999267578125,30563400
2017-07-07,IWM,125.99910736083984,140.49000549316406,140.67999267578125,139.17999267578125,139.42999267578125,20511000
2017-07-10,IWM,125.45206451416016,139.8800048828125,140.88999938964844,139.3699951171875,139.9199981689453,17206000
2017-07-11,IWM,125.81973266601562,140.2899932861328,140.3800048828125,138.97999572753906,139.77999877929688,16192900
2017-07-12,IWM,126.78836059570312,141.3699951171875,142.22000122070312,141.00999450683594,141.0500030517578,19358600
2017-07-13,IWM,126.89601135253906,141.49000549316406,141.55999755859375,140.3800048828125,141.1999969482422,16559300
2017-07-14,IWM,127.11125183105469,141.72999572753906,142.3000030517578,141.10000610351562,141.10000610351562,15465300
2017-07-17,IWM,127.4072036743164,142.05999755859375,142.4600067138672,141.25999450683594,141.60000610351562,15374600
2017-07-18,IWM,127.07540130615234,141.69000244140625,141.8699951171875,141.0399932861328,141.5399932861328,16653300
2017-07-19,IWM,128.3399200439453,143.10000610351562,143.13999938964844,141.8800048828125,141.8800048828125,16985500
2017-07-20,IWM,128.42959594726562,143.1999969482422,143.52000427246094,142.8000030517578,143.1199951171875,17047800
2017-07-21,IWM,127.8466567993164,142.5500030517578,143.3300018310547,142.25,143.00999450683594,21662700
2017-07-24,IWM,128.02601623535156,142.75,142.82000732421875,141.97000122070312,142.30999755859375,16694000
2017-07-25,IWM,129.1919708251953,144.0500030517578,144.25,143.2100067138672,143.6199951171875,21066400
2017-07-26,IWM,128.4744415283203,143.25,144.14999389648438,143.0500030517578,144.14999389648438,13574900
2017-07-27,IWM,127.65827178955078,142.33999633789062,143.67999267578125,141.5500030517578,143.47999572753906,24355800
2017-07-28,IWM,127.31749725341797,141.9600067138672,142.36000061035156,141.47000122070312,142.02000427246094,19933300
2017-07-31,IWM,126.9139175415039,141.50999450683594,142.3800048828125,140.97000122070312,142.22000122070312,16417700
2017-08-01,IWM,127.15608215332031,141.77999877929688,142.1999969482422,140.97000122070312,142.1699981689453,19835900
2017-08-02,IWM,125.76593017578125,140.22999572753906,141.82000732421875,139.72999572753906,141.58999633789062,19934300
2017-08-03,IWM,125.13815307617188,139.52999877929688,140.5399932861328,139.16000366210938,140.44000244140625,19624900
2017-08-04,IWM,125.74797821044922,140.2100067138672,140.32000732421875,139.49000549316406,139.91000366210938,16473500
2017-08-07,IWM,125.95426177978516,140.44000244140625,140.85000610351562,139.7100067138672,140.44000244140625,9176200
2017-08-08,IWM,125.55970764160156,140.0,141.7899932861328,139.69000244140625,140.41000366210938,27248700
2017-08-09,IWM,124.4745101928711,138.7899932861328,139.38999938964844,138.27999877929688,139.1199951171875,26534300
2017-08-10,IWM,122.21439361572266,136.27000427246094,138.27999877929688,136.25999450683594,138.27999877929688,40983500
2017-08-11,IWM,122.39374542236328,136.47000122070312,136.74000549316406,135.77000427246094,136.2100067138672,32779600
2017-08-14,IWM,124.250244140625,138.5399932861328,138.58999633789062,137.22999572753906,137.25999450683594,21710900
2017-08-15,IWM,123.2278823852539,137.39999389648438,138.82000732421875,137.33999633789062,138.8000030517578,16646000
2017-08-16,IWM,123.26371002197266,137.44000244140625,138.38999938964844,137.2100067138672,137.6699981689453,21858600
2017-08-17,IWM,121.01260375976562,134.92999267578125,137.69000244140625,134.9199981689453,136.97999572753906,32722900
2017-08-18,IWM,121.00363159179688,134.9199981689453,135.4600067138672,134.1199951171875,134.47000122070312,42401900
2017-08-21,IWM,120.92296600341797,134.8300018310547,135.02000427246094,134.13999938964844,134.69000244140625,21504100
2017-08-22,IWM,122.23236083984375,136.2899932861328,136.4499969482422,135.13999938964844,135.25999450683594,25170600
2017-08-23,IWM,122.03507232666016,136.07000732421875,136.57000732421875,135.2100067138672,135.52999877929688,18381900
2017-08-24,IWM,122.4117431640625,136.49000549316406,136.92999267578125,136.02000427246094,136.63999938964844,15726600
2017-08-25,IWM,122.7614974975586,136.8800048828125,137.30999755859375,136.4199981689453,136.8800048828125,17163000
2017-08-28,IWM,123.28170013427734,137.4600067138672,137.61000061035156,136.77000427246094,137.3699951171875,16333300
2017-08-29,IWM,123.30857849121094,137.49000549316406,137.80999755859375,136.22999572753906,136.49000549316406,20277600
2017-08-30,IWM,124.09780883789062,138.3699951171875,138.50999450683594,137.25,137.36000061035156,15915500
2017-08-31,IWM,125.3174819946289,139.72999572753906,139.94000244140625,138.6699981689453,138.91000366210938,29260600
2017-09-01,IWM,126.0260009765625,140.52000427246094,140.6300048828125,139.72999572753906,139.97999572753906,17412500
2017-09-05,IWM,124.81529235839844,139.1699981689453,140.88999938964844,138.5800018310547,140.6300048828125,21908400
2017-09-06,IWM,125.07536315917969,139.4600067138672,140.0,139.0800018310547,139.74000549316406,18399700
2017-09-07,IWM,124.7614517211914,139.11000061035156,139.69000244140625,138.58999633789062,139.58999633789062,18159800
2017-09-08,IWM,124.86012268066406,139.22000122070312,139.77000427246094,138.6199951171875,138.92999267578125,21870500
2017-09-11,IWM,126.16954040527344,140.67999267578125,140.9199981689453,140.22999572753906,140.38999938964844,22617700
2017-09-12,IWM,126.94082641601562,141.5399932861328,141.69000244140625,140.82000732421875,141.0399932861328,22679600
2017-09-13,IWM,127.31749725341797,141.9600067138672,142.22000122070312,141.32000732421875,141.41000366210938,25052500
2017-09-14,IWM,127.20092010498047,141.8300018310547,142.16000366210938,141.4199981689453,141.77999877929688,18353800
2017-09-15,IWM,127.72111511230469,142.41000366210938,142.47000122070312,141.5500030517578,141.63999938964844,23184000
2017-09-18,IWM,128.591064453125,143.3800048828125,143.80999755859375,142.60000610351562,142.6199951171875,24427400
2017-09-19,IWM,128.591064453125,143.3800048828125,143.69000244140625,143.08999633789062,143.57000732421875,16346300
2017-09-20,IWM,129.0035858154297,143.83999633789062,144.02000427246094,143.25999450683594,143.52999877929688,20244700
2017-09-21,IWM,128.8690948486328,143.69000244140625,144.25999450683594,143.47999572753906,144.02000427246094,17395900
2017-09-22,IWM,129.4160919189453,144.3000030517578,144.6699981689453,143.55999755859375,143.6699981689453,25203000
2017-09-25,IWM,129.59552001953125,144.5,144.94000244140625,143.69000244140625,144.27000427246094,30012800
2017-09-26,IWM,130.00816345214844,144.61000061035156,145.14999389648438,144.17999267578125,144.2899932861328,28238100
2017-09-27,IWM,132.55242919921875,147.44000244140625,147.86000061035156,145.16000366210938,145.6300048828125,66351700
2017-09-28,IWM,132.90301513671875,147.8300018310547,148.05999755859375,146.77999877929688,147.25,29291400
2017-09-29,IWM,133.21771240234375,148.17999267578125,148.42999267578125,147.74000549316406,147.9199981689453,21738700
2017-10-02,IWM,134.85397338867188,150.0,150.0,148.0800018310547,148.30999755859375,29772400
2017-10-03,IWM,135.15060424804688,150.3300018310547,150.3300018310547,149.3300018310547,150.11000061035156,28372800
2017-10-04,IWM,134.71908569335938,149.85000610351562,150.61000061035156,149.38999938964844,150.08999633789062,22024700
2017-10-05,IWM,135.08767700195312,150.25999450683594,150.6300048828125,149.8699951171875,150.2899932861328,22538500
2017-10-06,IWM,134.89889526367188,150.0500030517578,150.33999633789062,149.57000732421875,149.7100067138672,19350800
2017-10-09,IWM,134.34144592285156,149.42999267578125,150.67999267578125,149.17999267578125,150.19000244140625,13981300
2017-10-10,IWM,134.72805786132812,149.86000061035156,150.2899932861328,149.41000366210938,149.92999267578125,21951900
2017-10-11,IWM,134.629150390625,149.75,150.19000244140625,149.4600067138672,149.94000244140625,15137100
2017-10-12,IWM,134.5302276611328,149.63999938964844,150.00999450683594,149.02000427246094,149.4600067138672,17185600
2017-10-13,IWM,134.2875213623047,149.3699951171875,149.99000549316406,149.22999572753906,149.9199981689453,15464400
2017-10-16,IWM,134.170654296875,149.24000549316406,150.35000610351562,149.02999877929688,149.61000061035156,20653100
2017-10-17,IWM,133.78407287597656,148.80999755859375,149.77000427246094,148.5,149.27000427246094,18046800
2017-10-18,IWM,134.42239379882812,149.52000427246094,149.91000366210938,149.0800018310547,149.5,20541700
2017-10-19,IWM,134.2156524658203,149.2899932861328,149.3300018310547,148.1699981689453,148.77000427246094,17164900
2017-10-20,IWM,134.83592224121094,149.97999572753906,150.41000366210938,149.86000061035156,150.30999755859375,25224500
2017-10-23,IWM,133.82908630371094,148.86000061035156,150.14999389648438,148.6999969482422,150.14999389648438,14676400
2017-10-24,IWM,134.1077117919922,149.1699981689453,149.77999877929688,149.0399932861328,149.38999938964844,17527700
2017-10-25,IWM,133.46041870117188,148.4499969482422,149.0,147.22000122070312,148.94000244140625,27235300
2017-10-26,IWM,133.73916625976562,148.75999450683594,149.33999633789062,148.50999450683594,148.94000244140625,15205900
2017-10-27,IWM,134.66513061523438,149.7899932861328,149.91000366210938,148.3000030517578,148.8800048828125,32744100
2017-10-30,IWM,133.24465942382812,148.2100067138672,149.4499969482422,147.38999938964844,148.8800048828125,30524800
2017-10-31,IWM,134.18861389160156,149.25999450683594,149.8300018310547,148.63999938964844,148.7899932861328,22449400
2017-11-01,IWM,133.29861450195312,148.27000427246094,150.52999877929688,147.44000244140625,150.5,31585500
2017-11-02,IWM,133.6941680908203,148.7100067138672,149.22999572753906,147.72000122070312,148.24000549316406,28176600
2017-11-03,IWM,133.6042938232422,148.61000061035156,148.9600067138672,148.05999755859375,148.47999572753906,22312700
2017-11-06,IWM,133.75709533691406,148.77999877929688,149.3800048828125,148.38999938964844,148.75,15576800
2017-11-07,IWM,132.15687561035156,147.0,148.85000610351562,146.5399932861328,148.8000030517578,29549300
2017-11-08,IWM,132.33668518066406,147.1999969482422,147.4499969482422,145.83999633789062,146.66000366210938,30682500
2017-11-09,IWM,131.86917114257812,146.67999267578125,147.38999938964844,145.27999877929688,146.27000427246094,40144400
2017-11-10,IWM,131.77029418945312,146.57000732421875,147.10000610351562,146.35000610351562,146.7100067138672,17823700
2017-11-13,IWM,131.80621337890625,146.61000061035156,146.82000732421875,145.5,145.92999267578125,14680000
2017-11-14,IWM,131.44662475585938,146.2100067138672,146.49000549316406,145.58999633789062,146.05999755859375,19682200
2017-11-15,IWM,130.92520141601562,145.6300048828125,146.2100067138672,144.5,145.35000610351562,23925200
2017-11-16,IWM,132.84909057617188,147.77000427246094,148.39999389648438,146.19000244140625,146.2100067138672,25889000
2017-11-17,IWM,133.46041870117188,148.4499969482422,149.02999877929688,147.1699981689453,147.25,25816700
2017-11-20,IWM,134.43133544921875,149.52999877929688,149.5800018310547,148.3300018310547,148.75999450683594,22793000
2017-11-21,IWM,135.83389282226562,151.08999633789062,151.2899932861328,150.05999755859375,150.1999969482422,29392300
2017-11-22,IWM,135.654052734375,150.88999938964844,151.77000427246094,150.86000061035156,151.27999877929688,14136600
2017-11-24,IWM,135.70797729492188,150.9499969482422,151.3699951171875,150.77000427246094,151.2100067138672,6816300
2017-11-27,IWM,135.29444885253906,150.49000549316406,151.6199951171875,150.44000244140625,151.3000030517578,18416900
2017-11-28,IWM,137.4251708984375,152.86000061035156,152.97000122070312,150.66000366210938,151.02000427246094,35898300
2017-11-29,IWM,137.88363647460938,153.3699951171875,154.2100067138672,152.9499969482422,153.33999633789062,38234200
2017-11-30,IWM,138.13536071777344,153.64999389648438,154.5500030517578,153.27999877929688,154.10000610351562,32230700
2017-12-01,IWM,137.56898498535156,153.02000427246094,153.7100067138672,148.75,153.02000427246094,62734800
2017-12-04,IWM,137.05654907226562,152.4499969482422,155.41000366210938,152.3000030517578,154.89999389648438,36366800
2017-12-05,IWM,135.68997192382812,150.92999267578125,152.9600067138672,150.9199981689453,151.39999389648438,29667200
2017-12-06,IWM,135.05172729492188,150.22000122070312,151.19000244140625,149.9499969482422,150.3699951171875,21273800
2017-12-07,IWM,135.9956817626953,151.27000427246094,151.88999938964844,150.02000427246094,151.30999755859375,29675200
2017-12-08,IWM,136.1215057373047,151.41000366210938,152.27999877929688,151.27999877929688,152.14999389648438,20832400
2017-12-11,IWM,136.06759643554688,151.35000610351562,152.1300048828125,151.02000427246094,151.42999267578125,26654100
2017-12-12,IWM,135.6450958251953,150.8800048828125,151.92999267578125,150.82000732421875,151.6999969482422,25854800
2017-12-13,IWM,136.4541473388672,151.77999877929688,152.7100067138672,150.80999755859375,150.80999755859375,30082600
2017-12-14,IWM,134.94381713867188,150.10000610351562,152.1999969482422,149.63999938964844,151.85000610351562,32882600
2017-12-15,IWM,136.8677215576172,152.24000549316406,153.25,150.5800018310547,151.0500030517578,42851600
2017-12-18,IWM,138.71969604492188,154.3000030517578,154.72000122070312,153.4600067138672,153.6699981689453,22714300
2017-12-19,IWM,137.62294006347656,153.0800018310547,154.77000427246094,152.82000732421875,154.75,24313600
2017-12-20,IWM,137.8926239013672,153.3800048828125,153.94000244140625,152.83999633789062,153.75,19042800
2017-12-21,IWM,138.49635314941406,153.47000122070312,154.02000427246094,153.0800018310547,153.24000549316406,16772600
2017-12-22,IWM,138.2436981201172,153.19000244140625,153.38999938964844,152.8000030517578,153.3800048828125,13599400
2017-12-26,IWM,138.32492065429688,153.27999877929688,153.42999267578125,152.89999389648438,153.0,11949600
2017-12-27,IWM,138.1895294189453,153.1300048828125,153.9499969482422,152.80999755859375,153.2100067138672,15949900
2017-12-28,IWM,138.73097229003906,153.72999572753906,153.75,153.00999450683594,153.24000549316406,10167300
2017-12-29,IWM,137.58493041992188,152.4600067138672,154.14999389648438,152.38999938964844,154.14999389648438,21006500
2018-01-02,IWM,138.88441467285156,153.89999389648438,153.97000122070312,152.4600067138672,153.1999969482422,20489600
2018-01-03,IWM,139.02880859375,154.05999755859375,154.4600067138672,153.52000427246094,153.8699951171875,21836600
2018-01-04,IWM,139.3988037109375,154.47000122070312,155.14999389648438,154.02000427246094,154.97000122070312,14207100
2018-01-05,IWM,139.68753051757812,154.7899932861328,154.97999572753906,153.94000244140625,154.8800048828125,19883900
2018-01-08,IWM,139.90408325195312,155.02999877929688,155.27000427246094,153.5,154.72999572753906,18457300
2018-01-09,IWM,139.71463012695312,154.82000732421875,155.5,154.72999572753906,155.24000549316406,16571300
2018-01-10,IWM,139.73268127441406,154.83999633789062,155.1699981689453,153.9199981689453,154.47000122070312,18516800
2018-01-11,IWM,142.13319396972656,157.5,157.66000366210938,154.97999572753906,155.07000732421875,26522400
2018-01-12,IWM,142.72874450683594,158.16000366210938,158.86000061035156,157.47000122070312,157.67999267578125,24089800
2018-01-16,IWM,140.90582275390625,156.13999938964844,159.41000366210938,155.8000030517578,158.86000061035156,27704700
2018-01-17,IWM,142.24142456054688,157.6199951171875,157.94000244140625,156.27999877929688,156.8000030517578,18571600
2018-01-18,IWM,141.26683044433594,156.5399932861328,157.5,156.38999938964844,157.22000122070312,17903600
2018-01-19,IWM,143.12583923339844,158.60000610351562,158.69000244140625,156.5500030517578,156.72999572753906,31040900
2018-01-22,IWM,143.8928985595703,159.4499969482422,159.4499969482422,158.30999755859375,158.39999389648438,12702400
2018-01-23,IWM,144.3531494140625,159.9600067138672,160.3000030517578,158.6699981689453,159.24000549316406,16904600
2018-01-24,IWM,143.45974731445312,158.97000122070312,160.6300048828125,158.39999389648438,160.36000061035156,20340900
2018-01-25,IWM,143.51388549804688,159.02999877929688,159.9199981689453,158.2100067138672,159.63999938964844,20290900
2018-01-26,IWM,144.02825927734375,159.60000610351562,159.69000244140625,158.77000427246094,159.52999877929688,16120300
2018-01-29,IWM,143.21609497070312,158.6999969482422,159.86000061035156,158.6199951171875,159.05999755859375,18293300
2018-01-30,IWM,141.84434509277344,157.17999267578125,158.22000122070312,156.72999572753906,157.66000366210938,24533800
2018-01-31,IWM,141.10438537597656,156.36000061035156,158.4199981689453,155.9199981689453,157.74000549316406,27468900
2018-02-01,IWM,141.5465545654297,156.85000610351562,157.2100067138672,155.52999877929688,155.72999572753906,21413000
2018-02-02,IWM,138.82125854492188,153.8300018310547,156.14999389648438,153.50999450683594,156.1300048828125,33314100
2018-02-05,IWM,133.48785400390625,147.9199981689453,153.7899932861328,147.86000061035156,152.6699981689453,52622200
2018-02-06,IWM,135.08517456054688,149.69000244140625,150.3699951171875,144.24000549316406,145.52999877929688,69232400
2018-02-07,IWM,135.2205352783203,149.83999633789062,150.7899932861328,148.61000061035156,149.61000061035156,37101000
2018-02-08,IWM,131.2498321533203,145.44000244140625,150.0,145.44000244140625,149.99000549316406,44704500
2018-02-09,IWM,132.45004272460938,146.77000427246094,147.94000244140625,142.5,146.75999450683594,53315300
2018-02-12,IWM,133.70440673828125,148.16000366210938,148.9199981689453,145.47999572753906,146.9199981689453,36213900
2018-02-13,IWM,133.99325561523438,148.47999572753906,148.7899932861328,146.89999389648438,147.3800048828125,25021200
2018-02-14,IWM,136.40269470214844,151.14999389648438,151.52000427246094,147.17999267578125,147.6300048828125,36286900
2018-02-15,IWM,137.89170837402344,152.8000030517578,152.8699951171875,150.55999755859375,152.22000122070312,23773600
2018-02-16,IWM,138.37904357910156,153.33999633789062,154.2899932861328,152.5399932861328,152.61000061035156,27973900
2018-02-20,IWM,137.24197387695312,152.0800018310547,153.77000427246094,151.6699981689453,152.5500030517578,24046200
2018-02-21,IWM,137.3863525390625,152.24000549316406,154.80999755859375,152.00999450683594,152.4199981689453,26735500
2018-02-22,IWM,137.1697998046875,152.0,154.02999877929688,151.91000366210938,152.80999755859375,16340000
2018-02-23,IWM,138.9565887451172,153.97999572753906,154.02000427246094,152.14999389648438,152.97999572753906,18065200
2018-02-26,IWM,139.86807250976562,154.99000549316406,155.25999450683594,153.47000122070312,154.52999877929688,15267700
2018-02-27,IWM,137.8556365966797,152.75999450683594,155.8800048828125,152.75,155.17999267578125,18125500
2018-02-28,IWM,135.68077087402344,150.35000610351562,153.60000610351562,150.30999755859375,153.13999938964844,29951800
2018-03-01,IWM,135.31980895996094,149.9499969482422,151.57000732421875,148.3800048828125,150.0500030517578,38943200
2018-03-02,IWM,137.48562622070312,152.35000610351562,152.75,148.39999389648438,148.7100067138672,31842300
2018-03-05,IWM,138.71298217773438,153.7100067138672,154.25999450683594,151.47000122070312,151.82000732421875,19603700
2018-03-06,IWM,140.2109832763672,155.3699951171875,155.38999938964844,152.8000030517578,154.42999267578125,17304000
2018-03-07,IWM,141.44735717773438,156.74000549316406,156.92999267578125,154.22000122070312,154.4600067138672,22684600
2018-03-08,IWM,141.1585235595703,156.4199981689453,157.47000122070312,155.5,156.89999389648438,23391300
2018-03-09,IWM,143.4145965576172,158.9199981689453,159.0,156.8699951171875,157.30999755859375,24927200
2018-03-12,IWM,143.6672821044922,159.1999969482422,159.64999389648438,158.49000549316406,159.25,15310100
2018-03-13,IWM,142.99948120117188,158.4600067138672,160.3000030517578,158.13999938964844,160.0,17757200
2018-03-14,IWM,142.3226318359375,157.7100067138672,159.38999938964844,157.41000366210938,159.22000122070312,18097500
2018-03-15,IWM,141.60975646972656,156.9199981689453,158.13999938964844,156.3699951171875,158.10000610351562,14172100
2018-03-16,IWM,142.4039306640625,157.8000030517578,158.27000427246094,156.75,156.97999572753906,36000300
2018-03-19,IWM,141.0321807861328,156.27999877929688,157.2100067138672,154.4499969482422,157.1699981689453,25663000
2018-03-20,IWM,140.99609375,156.24000549316406,157.02000427246094,155.77000427246094,156.6699981689453,11418500
2018-03-21,IWM,141.8173065185547,157.14999389648438,158.25999450683594,156.1999969482422,156.32000732421875,22213500
2018-03-22,IWM,138.70761108398438,153.35000610351562,156.6199951171875,153.30999755859375,155.66000366210938,29774800
2018-03-23,IWM,135.7227020263672,150.0500030517578,153.94000244140625,150.0,153.55999755859375,35744100
2018-03-26,IWM,138.68948364257812,153.3300018310547,153.3800048828125,150.42999267578125,152.08999633789062,28442400
2018-03-27,IWM,136.00308227539062,150.36000061035156,153.6999969482422,149.7100067138672,153.66000366210938,32820600
2018-03-28,IWM,135.9578399658203,150.30999755859375,151.35000610351562,149.38999938964844,150.74000549316406,26510900
2018-03-29,IWM,137.3327178955078,151.8300018310547,153.10000610351562,150.75,151.0800018310547,22617700
2018-04-02,IWM,133.98599243164062,148.1300048828125,152.07000732421875,147.17999267578125,151.52000427246094,35040700
2018-04-03,IWM,135.903564453125,150.25,150.60000610351562,148.3000030517578,149.02000427246094,29857800
2018-04-04,IWM,137.63121032714844,152.16000366210938,152.5800018310547,148.27000427246094,148.5,29619700
2018-04-05,IWM,138.7709197998047,153.4199981689453,153.61000061035156,152.32000732421875,153.0399932861328,17301600
2018-04-06,IWM,136.00308227539062,150.36000061035156,153.39999389648438,149.14999389648438,152.3699951171875,25762700
2018-04-09,IWM,136.16586303710938,150.5399932861328,152.60000610351562,150.4199981689453,151.39999389648438,18997000
2018-04-10,IWM,138.73471069335938,153.3800048828125,153.9499969482422,151.6699981689453,152.13999938964844,23420000
2018-04-11,IWM,139.0332489013672,153.7100067138672,154.30999755859375,152.6300048828125,152.77999877929688,14884600
2018-04-12,IWM,139.98292541503906,154.75999450683594,155.41000366210938,153.92999267578125,154.42999267578125,14413200
2018-04-13,IWM,139.25025939941406,153.9499969482422,155.3300018310547,153.50999450683594,155.2899932861328,19813600
2018-04-16,IWM,140.53469848632812,155.3699951171875,155.82000732421875,154.11000061035156,154.83999633789062,18846900
2018-04-17,IWM,142.0632781982422,157.05999755859375,157.49000549316406,155.9600067138672,156.2100067138672,18624200
2018-04-18,IWM,142.44320678710938,157.47999572753906,158.3800048828125,157.16000366210938,157.52000427246094,16974200
2018-04-19,IWM,141.45729064941406,156.38999938964844,157.5399932861328,155.8800048828125,157.13999938964844,16174500
2018-04-20,IWM,140.69757080078125,155.5500030517578,156.72000122070312,155.14999389648438,156.0500030517578,21480600
2018-04-23,IWM,140.489501953125,155.32000732421875,156.2899932861328,154.57000732421875,155.77999877929688,13268200
2018-04-24,IWM,139.68443298339844,154.42999267578125,156.6300048828125,153.19000244140625,155.89999389648438,24859700
2018-04-25,IWM,139.4763946533203,154.1999969482422,154.8000030517578,152.9600067138672,154.36000061035156,21981400
2018-04-26,IWM,140.11863708496094,154.91000366210938,155.41000366210938,153.94000244140625,154.4199981689453,14862900
2018-04-27,IWM,139.9196319580078,154.69000244140625,155.3699951171875,153.77999877929688,154.8800048828125,17734300
2018-04-30,IWM,138.68048095703125,153.32000732421875,155.64999389648438,153.2899932861328,155.02000427246094,15624600
2018-05-01,IWM,139.3588409423828,154.07000732421875,154.2899932861328,151.7100067138672,153.00999450683594,24977500
2018-05-02,IWM,139.88345336914062,154.64999389648438,155.77999877929688,153.67999267578125,153.77999877929688,16786800
2018-05-03,IWM,139.12362670898438,153.80999755859375,154.5,152.16000366210938,154.11000061035156,20985900
2018-05-04,IWM,140.86032104492188,155.72999572753906,156.5,152.8000030517578,153.25999450683594,17927900
2018-05-07,IWM,142.0542755126953,157.0500030517578,157.86000061035156,156.10000610351562,156.19000244140625,16303500
2018-05-08,IWM,142.75978088378906,157.8300018310547,157.8300018310547,156.75,156.9199981689453,17281200
2018-05-09,IWM,143.5286407470703,158.67999267578125,159.10000610351562,157.3800048828125,158.00999450683594,15758500
2018-05-10,IWM,144.29747009277344,159.52999877929688,160.1699981689453,158.75999450683594,158.89999389648438,15828700
2018-05-11,IWM,144.57789611816406,159.83999633789062,160.1300048828125,159.0399932861328,159.5500030517578,14413600
2018-05-14,IWM,144.026123046875,159.22999572753906,160.69000244140625,159.0500030517578,160.02000427246094,15028500
2018-05-15,IWM,144.05328369140625,159.25999450683594,159.58999633789062,158.1699981689453,158.7100067138672,17544900
2018-05-16,IWM,145.55474853515625,160.9199981689453,161.32000732421875,159.47000122070312,159.49000549316406,21004400
2018-05-17,IWM,146.22413635253906,161.66000366210938,162.0,160.75,161.0,18639700
2018-05-18,IWM,146.41403198242188,161.8699951171875,162.32000732421875,161.5500030517578,161.9499969482422,17579800
2018-05-21,IWM,147.38192749023438,162.94000244140625,163.24000549316406,162.36000061035156,162.3699951171875,15667300
2018-05-22,IWM,146.31451416015625,161.75999450683594,163.3300018310547,161.6300048828125,163.25999450683594,13212000
2018-05-23,IWM,146.50454711914062,161.97000122070312,162.27999877929688,161.1300048828125,161.3300018310547,14235700
2018-05-24,IWM,146.5587921142578,162.02999877929688,162.35000610351562,160.6199951171875,161.9199981689453,12785000
2018-05-25,IWM,146.2965087890625,161.74000549316406,162.16000366210938,161.47000122070312,161.75,11150200
2018-05-29,IWM,146.09751892089844,161.52000427246094,162.22999572753906,160.11000061035156,160.8800048828125,20986900
2018-05-30,IWM,148.41305541992188,164.0800018310547,164.38999938964844,162.36000061035156,162.36000061035156,25169000
2018-05-31,IWM,147.22811889648438,162.77000427246094,164.3800048828125,162.33999633789062,164.0800018310547,28573700
2018-06-01,IWM,148.1959228515625,163.83999633789062,164.3800048828125,163.27999877929688,163.8300018310547,21108200
2018-06-04,IWM,148.98289489746094,164.7100067138672,164.7100067138672,163.32000732421875,164.32000732421875,14836000
2018-06-05,IWM,149.9054718017578,165.72999572753906,165.77000427246094,164.33999633789062,164.5500030517578,13283600
2018-06-06,IWM,150.99095153808594,166.92999267578125,166.92999267578125,165.5800018310547,165.7100067138672,16661300
2018-06-07,IWM,150.16783142089844,166.02000427246094,167.22999572753906,165.22999572753906,167.11000061035156,17571900
2018-06-08,IWM,150.6200714111328,166.52000427246094,166.61000061035156,165.75999450683594,166.05999755859375,17569800
2018-06-11,IWM,150.84617614746094,166.77000427246094,167.11000061035156,166.2899932861328,166.63999938964844,15923000
2018-06-12,IWM,151.5336151123047,167.52999877929688,167.94000244140625,166.72999572753906,166.9199981689453,16166700
2018-06-13,IWM,150.93661499023438,166.8699951171875,167.8699951171875,166.6199951171875,167.77000427246094,19853700
2018-06-14,IWM,151.74168395996094,167.75999450683594,167.83999633789062,166.61000061035156,167.49000549316406,19248100
2018-06-15,IWM,151.78692626953125,167.80999755859375,167.8699951171875,166.52999877929688,167.24000549316406,24922600
2018-06-18,IWM,152.5014190673828,168.60000610351562,168.61000061035156,166.72999572753906,166.97000122070312,18616500
2018-06-19,IWM,152.510498046875,168.61000061035156,168.77000427246094,166.5399932861328,167.5500030517578,24605900
2018-06-20,IWM,153.74063110351562,169.97000122070312,170.1999969482422,168.9499969482422,169.4499969482422,19216900
2018-06-21,IWM,152.30245971679688,168.3800048828125,170.0800018310547,167.77000427246094,169.97999572753906,26946200
2018-06-22,IWM,151.79591369628906,167.82000732421875,169.1999969482422,167.30999755859375,169.00999450683594,33638200
2018-06-25,IWM,149.31756591796875,165.0800018310547,167.3699951171875,164.13999938964844,167.24000549316406,37005100
2018-06-26,IWM,150.18588256835938,166.0399932861328,166.66000366210938,164.85000610351562,165.22999572753906,20464000
2018-06-27,IWM,147.77992248535156,163.3800048828125,166.50999450683594,163.30999755859375,166.2100067138672,27511800
2018-06-28,IWM,148.23216247558594,163.8800048828125,164.22000122070312,162.25999450683594,163.22999572753906,26759100
2018-06-29,IWM,148.1326141357422,163.77000427246094,165.0500030517578,163.61000061035156,164.30999755859375,24146500
2018-07-02,IWM,149.15476989746094,164.89999389648438,164.9600067138672,162.47999572753906,162.75999450683594,24283600
2018-07-03,IWM,149.74932861328125,164.9600067138672,165.6999969482422,164.6999969482422,164.75,13561300
2018-07-05,IWM,151.45596313476562,166.83999633789062,166.8699951171875,164.8300018310547,165.86000061035156,18640500
2018-07-06,IWM,152.73602294921875,168.25,168.44000244140625,166.52000427246094,166.97000122070312,19597500
2018-07-09,IWM,153.6982421875,169.30999755859375,169.3300018310547,168.38999938964844,169.00999450683594,16565200
2018-07-10,IWM,152.99920654296875,168.5399932861328,169.8699951171875,167.57000732421875,169.5800018310547,18790700
2018-07-11,IWM,151.70111083984375,167.11000061035156,168.61000061035156,167.0500030517578,167.6199951171875,23912600
2018-07-12,IWM,152.43643188476562,167.9199981689453,168.25,166.63999938964844,168.07000732421875,19617600
2018-07-13,IWM,151.9824981689453,167.4199981689453,168.72999572753906,167.4199981689453,167.85000610351562,15409100
2018-07-16,IWM,151.39247131347656,166.77000427246094,168.02999877929688,165.9600067138672,167.75999450683594,15946900
2018-07-17,IWM,152.064208984375,167.50999450683594,168.0,166.58999633789062,166.75,15134700
2018-07-18,IWM,152.4908905029297,167.97999572753906,168.05999755859375,166.57000732421875,167.36000061035156,13780000
2018-07-19,IWM,153.5711212158203,169.1699981689453,169.25,167.25999450683594,167.77000427246094,18398300
2018-07-20,IWM,152.94479370117188,168.47999572753906,169.30999755859375,168.35000610351562,168.8000030517578,17570700
2018-07-23,IWM,153.13546752929688,168.69000244140625,169.14999389648438,167.80999755859375,168.3000030517578,12335000
2018-07-24,IWM,151.5013885498047,166.88999938964844,169.75999450683594,166.22000122070312,169.4499969482422,25831300
2018-07-25,IWM,152.0551300048828,167.5,167.5,166.13999938964844,166.94000244140625,18401200
2018-07-26,IWM,152.8721466064453,168.39999389648438,169.3699951171875,167.50999450683594,167.66000366210938,20944200
2018-07-27,IWM,150.0216522216797,165.25999450683594,168.72000122070312,164.7899932861328,168.5,28777100
2018-07-30,IWM,149.0594024658203,164.1999969482422,166.02000427246094,164.07000732421875,165.25,20093700
2018-07-31,IWM,150.57540893554688,165.8699951171875,166.6199951171875,164.38999938964844,164.52999877929688,23567300
2018-08-01,IWM,150.4755859375,165.75999450683594,166.24000549316406,164.5,165.6999969482422,17942600
2018-08-02,IWM,151.57400512695312,166.97000122070312,167.2100067138672,164.94000244140625,164.9600067138672,18292200
2018-08-03,IWM,151.0474853515625,166.38999938964844,167.67999267578125,165.61000061035156,167.14999389648438,21734900
2018-08-06,IWM,151.8917694091797,167.32000732421875,167.50999450683594,165.89999389648438,166.27000427246094,16288800
2018-08-07,IWM,152.2548370361328,167.72000122070312,168.49000549316406,167.60000610351562,167.88999938964844,15045700
2018-08-08,IWM,152.11865234375,167.57000732421875,167.99000549316406,166.49000549316406,167.72000122070312,14789500
2018-08-09,IWM,152.509033203125,168.0,168.7100067138672,167.5500030517578,167.64999389648438,10437800
2018-08-10,IWM,152.08233642578125,167.52999877929688,168.6699981689453,166.9600067138672,167.0500030517578,20521900
2018-08-13,IWM,151.1927490234375,166.5500030517578,168.0500030517578,165.8800048828125,167.74000549316406,20517200
2018-08-14,IWM,152.69061279296875,168.1999969482422,168.60000610351562,166.88999938964844,166.91000366210938,17683100
2018-08-15,IWM,150.77513122558594,166.08999633789062,167.82000732421875,165.14999389648438,167.6999969482422,27479900
2018-08-16,IWM,152.17315673828125,167.6300048828125,168.1699981689453,166.69000244140625,166.86000061035156,15484700
2018-08-17,IWM,152.82679748535156,168.35000610351562,168.47000122070312,166.92999267578125,167.47000122070312,15106700
2018-08-20,IWM,153.25343322753906,168.82000732421875,169.17999267578125,167.8300018310547,168.80999755859375,12547300
2018-08-21,IWM,155.01449584960938,170.75999450683594,171.36000061035156,169.1199951171875,169.13999938964844,20661200
2018-08-22,IWM,155.3958282470703,171.17999267578125,171.49000549316406,170.4199981689453,170.58999633789062,14329200
2018-08-23,IWM,154.92381286621094,170.66000366210938,171.52000427246094,170.17999267578125,171.08999633789062,12945800
2018-08-24,IWM,155.7679901123047,171.58999633789062,171.77999877929688,171.02000427246094,171.14999389648438,11894300
2018-08-27,IWM,155.99496459960938,171.83999633789062,172.94000244140625,171.6199951171875,172.11000061035156,15880400
2018-08-28,IWM,156.1401824951172,172.0,172.47999572753906,171.10000610351562,172.16000366210938,13170300
2018-08-29,IWM,156.5940704345703,172.5,172.77000427246094,171.4600067138672,172.02000427246094,13157900
2018-08-30,IWM,156.46701049804688,172.36000061035156,173.22999572753906,171.82000732421875,172.1699981689453,14199600
2018-08-31,IWM,157.066162109375,173.02000427246094,173.38999938964844,171.9499969482422,171.9600067138672,12240500
2018-09-04,IWM,156.36715698242188,172.25,173.1199951171875,171.1199951171875,172.7899932861328,17923500
2018-09-05,IWM,155.94956970214844,171.7899932861328,172.22999572753906,170.36000061035156,172.17999267578125,15166100
2018-09-06,IWM,154.89649963378906,170.6300048828125,172.47999572753906,170.4199981689453,172.1699981689453,16647700
2018-09-07,IWM,154.8148193359375,170.5399932861328,171.4499969482422,169.66000366210938,170.2100067138672,17248000
2018-09-10,IWM,155.00550842285156,170.75,171.67999267578125,170.38999938964844,171.25,11067100
2018-09-11,IWM,155.2596435546875,171.02999877929688,171.60000610351562,170.0,170.60000610351562,14078400
2018-09-12,IWM,154.8874053955078,170.6199951171875,171.08999633789062,169.3300018310547,170.7899932861328,21572300
2018-09-13,IWM,154.92381286621094,170.66000366210938,171.5399932861328,170.25999450683594,171.27999877929688,14570500
2018-09-14,IWM,155.57737731933594,171.3800048828125,171.92999267578125,170.39999389648438,170.77000427246094,15734900
2018-09-17,IWM,153.92520141601562,169.55999755859375,171.5399932861328,169.35000610351562,171.4199981689453,20023200
2018-09-18,IWM,154.56968688964844,170.27000427246094,170.7100067138672,169.6300048828125,169.8000030517578,13018000
2018-09-19,IWM,154.00686645507812,169.64999389648438,171.07000732421875,169.07000732421875,170.27999877929688,17593500
2018-09-20,IWM,155.43215942382812,171.22000122070312,171.3000030517578,169.80999755859375,170.3699951171875,16918700
2018-09-21,IWM,154.68771362304688,170.39999389648438,171.82000732421875,170.22000122070312,171.75,32539000
2018-09-24,IWM,154.1157989501953,169.77000427246094,170.5,168.75999450683594,170.25999450683594,15786700
2018-09-25,IWM,154.3518524169922,170.02999877929688,170.52000427246094,169.85000610351562,170.0500030517578,13758500
2018-09-26,IWM,152.9410400390625,168.02999877929688,170.02999877929688,167.77999877929688,169.92999267578125,17787200
2018-09-27,IWM,152.9501495361328,168.0399932861328,168.6999969482422,167.75999450683594,168.3699951171875,14471900
2018-09-28,IWM,153.4143829345703,168.5500030517578,169.0,167.4499969482422,167.4499969482422,22740300
2018-10-01,IWM,151.39366149902344,166.3300018310547,169.32000732421875,165.77000427246094,169.2899932861328,27893100
2018-10-02,IWM,149.75534057617188,164.52999877929688,166.52999877929688,164.17999267578125,166.17999267578125,28440300
2018-10-03,IWM,151.06602478027344,165.97000122070312,166.72999572753906,164.50999450683594,165.17999267578125,26027200
2018-10-04,IWM,148.9452667236328,163.63999938964844,165.64999389648438,163.1300048828125,165.44000244140625,29463000
2018-10-05,IWM,147.5981903076172,162.16000366210938,164.16000366210938,160.66000366210938,163.75,31240100
2018-10-08,IWM,147.28868103027344,161.82000732421875,162.39999389648438,160.5500030517578,161.77000427246094,21330700
2018-10-09,IWM,146.7152557373047,161.19000244140625,162.74000549316406,160.97999572753906,161.6199951171875,20620400
2018-10-10,IWM,142.5010223388672,156.55999755859375,160.99000549316406,156.36000061035156,160.82000732421875,46921800
2018-10-11,IWM,139.77952575683594,153.57000732421875,157.32000732421875,153.50999450683594,155.80999755859375,68877400
2018-10-12,IWM,139.80685424804688,153.60000610351562,155.75999450683594,151.88999938964844,155.55999755859375,53492600
2018-10-15,IWM,140.3256378173828,154.1699981689453,155.2899932861328,152.5399932861328,153.36000061035156,32747600
2018-10-16,IWM,144.3942413330078,158.63999938964844,158.86000061035156,154.0399932861328,155.27999877929688,35569100
2018-10-17,IWM,143.77532958984375,157.9600067138672,158.22000122070312,155.88999938964844,158.17999267578125,24140100
2018-10-18,IWM,141.08108520507812,155.0,157.6300048828125,154.3699951171875,157.41000366210938,31042700
2018-10-19,IWM,139.58836364746094,153.36000061035156,156.36000061035156,152.74000549316406,155.47000122070312,34214200
2018-10-22,IWM,139.2880401611328,153.02999877929688,154.4499969482422,152.52000427246094,153.9199981689453,28218300
2018-10-23,IWM,138.04107666015625,151.66000366210938,152.88999938964844,148.9199981689453,150.92999267578125,37228100
2018-10-24,IWM,132.84378051757812,145.9499969482422,151.97999572753906,145.82000732421875,151.42999267578125,40412400
2018-10-25,IWM,135.72007751464844,149.11000061035156,149.82000732421875,146.41000366210938,146.72999572753906,32311300
2018-10-26,IWM,134.2364044189453,147.47999572753906,149.4199981689453,144.6999969482422,147.5399932861328,36986100
2018-10-29,IWM,133.49917602539062,146.6699981689453,150.6300048828125,145.07000732421875,149.1300048828125,33031300
2018-10-30,IWM,136.2843780517578,149.72999572753906,149.88999938964844,146.55999755859375,146.85000610351562,29017200
2018-10-31,IWM,136.5574493408203,150.02999877929688,151.86000061035156,150.02999877929688,151.25999450683594,36785400
2018-11-01,IWM,139.7067413330078,153.49000549316406,153.77000427246094,150.80999755859375,150.88999938964844,28496400
2018-11-02,IWM,140.17091369628906,154.0,154.88999938964844,152.44000244140625,154.05999755859375,26671600
2018-11-05,IWM,140.06170654296875,153.8800048828125,154.66000366210938,152.35000610351562,154.0399932861328,16940900
2018-11-06,IWM,140.75344848632812,154.63999938964844,155.11000061035156,153.52000427246094,153.64999389648438,15572900
2018-11-07,IWM,143.2747344970703,157.41000366210938,157.41000366210938,154.8000030517578,155.36000061035156,22127800
2018-11-08,IWM,142.8924102783203,156.99000549316406,157.89999389648438,156.33999633789062,156.61000061035156,14987700
2018-11-09,IWM,140.2437286376953,154.0800018310547,156.02999877929688,152.9499969482422,156.0,20654400
2018-11-12,IWM,137.4675750732422,151.02999877929688,154.1699981689453,150.83999633789062,154.02000427246094,21886800
2018-11-13,IWM,137.03074645996094,150.5500030517578,153.08999633789062,150.2899932861328,151.60000610351562,18468500
2018-11-14,IWM,136.02947998046875,149.4499969482422,152.4600067138672,148.47999572753906,151.82000732421875,24549100
2018-11-15,IWM,137.96824645996094,151.5800018310547,151.8000030517578,148.1300048828125,148.49000549316406,24482000
2018-11-16,IWM,138.29591369628906,151.94000244140625,152.2899932861328,150.05999755859375,150.61000061035156,29323500
2018-11-19,IWM,135.4925079345703,148.86000061035156,152.02999877929688,148.3699951171875,151.67999267578125,21540900
2018-11-20,IWM,132.88021850585938,145.99000549316406,148.42999267578125,145.58999633789062,147.25,25907000
2018-11-21,IWM,134.7370147705078,148.02999877929688,149.3699951171875,146.52999877929688,146.77999877929688,17902300
2018-11-23,IWM,134.60958862304688,147.88999938964844,149.3000030517578,146.80999755859375,146.82000732421875,11134800
2018-11-26,IWM,136.357177734375,149.80999755859375,150.39999389648438,148.74000549316406,149.32000732421875,15346400
2018-11-27,IWM,135.22853088378906,148.57000732421875,149.72999572753906,148.2899932861328,149.17999267578125,14461800
2018-11-28,IWM,138.5689697265625,152.24000549316406,152.3699951171875,147.6999969482422,149.1999969482422,26125900
2018-11-29,IWM,138.19578552246094,151.8300018310547,152.74000549316406,150.44000244140625,151.61000061035156,15134500
2018-11-30,IWM,138.91481018066406,152.6199951171875,152.86000061035156,151.0800018310547,151.4600067138672,20304700
2018-12-03,IWM,140.2437286376953,154.0800018310547,154.47999572753906,152.02000427246094,154.38999938964844,23379800
2018-12-04,IWM,134.27281188964844,147.52000427246094,154.1300048828125,147.13999938964844,153.75,41077900
2018-12-06,IWM,133.98155212402344,147.1999969482422,147.1999969482422,143.42999267578125,145.4499969482422,37581200
2018-12-07,IWM,131.08714294433594,144.02000427246094,148.25999450683594,143.27000427246094,147.13999938964844,28525100
2018-12-10,IWM,130.70486450195312,143.60000610351562,144.72000122070312,141.4499969482422,144.27000427246094,30776600
2018-12-11,IWM,130.56826782226562,143.4499969482422,146.19000244140625,142.38999938964844,145.67999267578125,29229300
2018-12-12,IWM,131.81524658203125,144.82000732421875,146.75999450683594,144.75999450683594,144.8800048828125,27894800
2018-12-13,IWM,129.94935607910156,142.77000427246094,145.69000244140625,142.5399932861328,145.24000549316406,23205400
2018-12-14,IWM,127.98336791992188,140.61000061035156,143.22999572753906,140.10000610351562,141.72999572753906,24037200
2018-12-17,IWM,125.13310241699219,137.02000427246094,140.8800048828125,136.16000366210938,139.6699981689453,36468500
2018-12-18,IWM,124.97782135009766,136.85000610351562,139.17999267578125,136.2899932861328,138.25999450683594,42277200
2018-12-19,IWM,122.37508392333984,134.0,138.67999267578125,133.25,136.8000030517578,47676600
2018-12-20,IWM,120.3568115234375,131.7899932861328,134.41000366210938,130.22999572753906,133.6300048828125,57908100
2018-12-21,IWM,117.23348999023438,128.3699951171875,132.9499969482422,127.9800033569336,132.3800048828125,59404800
2018-12-24,IWM,114.95950317382812,125.87999725341797,128.47000122070312,125.83999633789062,127.7300033569336,28575700
2018-12-26,IWM,120.48464965820312,131.92999267578125,132.10000610351562,125.80999755859375,126.27999877929688,40182700
2018-12-27,IWM,120.98692321777344,132.47999572753906,132.47999572753906,127.87000274658203,130.27000427246094,39527900
2018-12-28,IWM,121.33399200439453,132.86000061035156,135.00999450683594,131.5399932861328,132.47999572753906,35994400
2018-12-31,IWM,122.2837142944336,133.89999389648438,134.0500030517578,131.8000030517578,133.72000122070312,29173400
2019-01-02,IWM,122.97783660888672,134.66000366210938,135.1699981689453,131.5399932861328,132.1699981689453,27295100
2019-01-03,IWM,120.77689361572266,132.25,134.63999938964844,131.64999389648438,133.91000366210938,29294600
2019-01-04,IWM,125.28837585449219,137.19000244140625,137.60000610351562,133.7100067138672,133.9199981689453,35355300
2019-01-07,IWM,127.48019409179688,139.58999633789062,140.3699951171875,136.74000549316406,137.25999450683594,30477900
2019-01-08,IWM,129.43443298339844,141.72999572753906,141.7899932861328,139.38999938964844,140.8000030517578,27320900
2019-01-09,IWM,130.5029296875,142.89999389648438,143.38999938964844,141.6199951171875,142.22000122070312,25764600
2019-01-10,IWM,131.17874145507812,143.63999938964844,143.72000122070312,141.35000610351562,142.05999755859375,22896800
2019-01-11,IWM,131.2152862548828,143.67999267578125,143.99000549316406,142.67999267578125,143.00999450683594,22428400
2019-01-14,IWM,129.90939331054688,142.25,143.44000244140625,142.08999633789062,142.82000732421875,29185000
2019-01-15,IWM,131.00523376464844,143.4499969482422,143.64999389648438,142.08999633789062,142.64999389648438,25678900
2019-01-16,IWM,131.98248291015625,144.52000427246094,145.25,143.6699981689453,143.67999267578125,20827300
2019-01-17,IWM,133.17881774902344,145.8300018310547,146.3300018310547,143.97000122070312,143.99000549316406,19273400
2019-01-18,IWM,134.5487060546875,147.3300018310547,147.9199981689453,146.0,146.60000610351562,28306700
2019-01-22,IWM,132.42080688476562,145.0,146.75999450683594,144.0500030517578,146.4600067138672,27741100
2019-01-23,IWM,132.0554962158203,144.60000610351562,146.17999267578125,143.4600067138672,145.32000732421875,20621300
2019-01-24,IWM,132.85006713867188,145.47000122070312,145.75999450683594,144.3300018310547,144.42999267578125,16976300
2019-01-25,IWM,134.5577850341797,147.33999633789062,147.63999938964844,146.42999267578125,146.6199951171875,22266900
2019-01-28,IWM,133.8363494873047,146.5500030517578,146.91000366210938,145.3699951171875,145.9600067138672,22784700
2019-01-29,IWM,133.5166473388672,146.1999969482422,146.82000732421875,145.8800048828125,146.7100067138672,12084800
2019-01-30,IWM,134.9779052734375,147.8000030517578,148.33999633789062,145.67999267578125,146.97999572753906,25516900
2019-01-31,IWM,136.12855529785156,149.05999755859375,149.3000030517578,147.52999877929688,147.61000061035156,27252900
2019-02-01,IWM,136.23812866210938,149.17999267578125,149.67999267578125,148.5800018310547,149.35000610351562,17057900
2019-02-04,IWM,137.86375427246094,150.9600067138672,150.97000122070312,148.8800048828125,149.41000366210938,21301700
2019-02-05,IWM,138.00987243652344,151.1199951171875,151.60000610351562,150.24000549316406,151.00999450683594,18295900
2019-02-06,IWM,137.8363494873047,150.92999267578125,151.3699951171875,150.10000610351562,151.0399932861328,13720600
2019-02-07,IWM,136.70396423339844,149.69000244140625,150.6999969482422,148.38999938964844,149.9199981689453,22850800
2019-02-08,IWM,136.85006713867188,149.85000610351562,149.89999389648438,148.5,149.05999755859375,13463000
2019-02-11,IWM,137.99159240722656,151.10000610351562,151.14999389648438,149.6300048828125,150.2899932861328,16374800
2019-02-12,IWM,139.71766662597656,152.99000549316406,153.19000244140625,151.8800048828125,151.9199981689453,20779900
2019-02-13,IWM,140.11038208007812,153.4199981689453,153.75999450683594,152.6999969482422,153.4199981689453,15534500
2019-02-14,IWM,140.4300079345703,153.77000427246094,154.3699951171875,152.39999389648438,152.5800018310547,18251000
2019-02-15,IWM,142.6674041748047,156.22000122070312,156.24000549316406,154.27000427246094,154.77999877929688,27240200
2019-02-19,IWM,143.06008911132812,156.64999389648438,157.10000610351562,155.5500030517578,155.5500030517578,15856900
2019-02-20,IWM,143.73593139648438,157.38999938964844,157.5800018310547,156.52999877929688,156.66000366210938,18317400
2019-02-21,IWM,143.18797302246094,156.7899932861328,157.3699951171875,156.05999755859375,157.1300048828125,17497000
2019-02-22,IWM,144.43002319335938,158.14999389648438,158.27000427246094,157.10000610351562,157.27000427246094,20411800
2019-02-25,IWM,144.46649169921875,158.19000244140625,159.5,158.08999633789062,159.0800018310547,17957100
2019-02-26,IWM,143.4711151123047,157.10000610351562,158.19000244140625,156.88999938964844,158.00999450683594,21497300
2019-02-27,IWM,143.67201232910156,157.32000732421875,157.44000244140625,156.1199951171875,156.49000549316406,18194900
2019-02-28,IWM,143.17889404296875,156.77999877929688,157.47999572753906,156.3699951171875,157.08999633789062,18155300
2019-03-01,IWM,144.51223754882812,158.24000549316406,158.33999633789062,156.75,157.9499969482422,19247100
2019-03-04,IWM,143.2062225341797,156.80999755859375,158.77999877929688,155.58999633789062,158.5399932861328,23301800
2019-03-05,IWM,142.53955078125,156.0800018310547,156.9499969482422,155.9600067138672,156.94000244140625,16798200
2019-03-06,IWM,139.7450408935547,153.02000427246094,156.0800018310547,152.8800048828125,156.02000427246094,29604600
2019-03-07,IWM,138.5212860107422,151.67999267578125,153.13999938964844,151.3699951171875,153.02000427246094,26822500
2019-03-08,IWM,138.4847869873047,151.63999938964844,151.75999450683594,150.61000061035156,150.83999633789062,20466800
2019-03-11,IWM,140.9049072265625,154.2899932861328,154.30999755859375,151.89999389648438,152.11000061035156,20854500
2019-03-12,IWM,140.97793579101562,154.3699951171875,154.97999572753906,153.8000030517578,154.39999389648438,18966800
2019-03-13,IWM,141.53501892089844,154.97999572753906,155.72999572753906,154.75,154.9199981689453,24109100
2019-03-14,IWM,140.95962524414062,154.35000610351562,155.02000427246094,154.1999969482422,154.89999389648438,14217500
2019-03-15,IWM,141.33407592773438,154.75999450683594,155.8699951171875,154.3300018310547,154.52999877929688,22025900
2019-03-18,IWM,142.23817443847656,155.75,156.4499969482422,154.47999572753906,155.05999755859375,24510200
2019-03-19,IWM,141.51675415039062,154.9600067138672,156.52999877929688,154.57000732421875,156.47999572753906,18633100
2019-03-20,IWM,140.3373260498047,153.25999450683594,155.4199981689453,152.41000366210938,154.5399932861328,29463200
2019-03-21,IWM,142.1778564453125,155.27000427246094,156.05999755859375,152.72999572753906,152.72999572753906,31845000
2019-03-22,IWM,137.00421142578125,149.6199951171875,154.5399932861328,149.57000732421875,154.1999969482422,40663000
2019-03-25,IWM,137.60862731933594,150.27999877929688,151.32000732421875,148.41000366210938,149.47999572753906,26454700
2019-03-26,IWM,139.05538940429688,151.86000061035156,152.82000732421875,150.7899932861328,151.47000122070312,21308600
2019-03-27,IWM,138.5151824951172,151.27000427246094,152.2100067138672,149.47999572753906,151.7100067138672,23477100
2019-03-28,IWM,139.75125122070312,152.6199951171875,152.92999267578125,150.92999267578125,151.7899932861328,19473300
2019-03-29,IWM,140.181640625,153.08999633789062,153.97000122070312,152.10000610351562,153.67999267578125,28298900
2019-04-01,IWM,141.7108612060547,154.75999450683594,154.9199981689453,153.72000122070312,154.2899932861328,20075200
2019-04-02,IWM,141.3445587158203,154.36000061035156,154.8800048828125,153.50999450683594,154.8699951171875,18253500
2019-04-03,IWM,142.07713317871094,155.16000366210938,156.14999389648438,154.72999572753906,155.74000549316406,19554700
2019-04-04,IWM,142.77305603027344,155.9199981689453,156.00999450683594,154.83999633789062,155.27999877929688,15909500
2019-04-05,IWM,144.10995483398438,157.3800048828125,157.47000122070312,156.19000244140625,156.3000030517578,21379000
2019-04-08,IWM,143.871826171875,157.1199951171875,157.5,156.07000732421875,156.85000610351562,14202400
2019-04-09,IWM,142.11373901367188,155.1999969482422,156.6999969482422,154.91000366210938,156.4600067138672,18534200
2019-04-10,IWM,144.0458984375,157.30999755859375,157.36000061035156,155.3300018310547,155.47999572753906,18938800
2019-04-11,IWM,143.86265563964844,157.11000061035156,157.67999267578125,156.80999755859375,157.52000427246094,12218700
2019-04-12,IWM,144.38461303710938,157.67999267578125,158.16000366210938,157.11000061035156,158.1300048828125,14120300
2019-04-15,IWM,143.91770935058594,157.1699981689453,158.10000610351562,156.5,157.9499969482422,10964000
2019-04-16,IWM,144.2565155029297,157.5399932861328,157.89999389648438,156.97999572753906,157.7100067138672,16782900
2019-04-17,IWM,142.93788146972656,156.10000610351562,158.11000061035156,155.1999969482422,158.08999633789062,17108500
2019-04-18,IWM,142.5166015625,155.63999938964844,156.27999877929688,154.66000366210938,156.11000061035156,23276300
2019-04-22,IWM,142.14122009277344,155.22999572753906,155.80999755859375,154.52000427246094,155.30999755859375,15596800
2019-04-23,IWM,144.28396606445312,157.57000732421875,158.0500030517578,155.36000061035156,155.3699951171875,23396100
2019-04-24,IWM,144.73260498046875,158.05999755859375,158.69000244140625,157.3699951171875,157.6199951171875,18053100
2019-04-25,IWM,143.53305053710938,156.75,157.47000122070312,155.47000122070312,157.3300018310547,19365100
2019-04-26,IWM,144.92491149902344,158.27000427246094,158.49000549316406,156.39999389648438,156.9600067138672,16999100
2019-04-29,IWM,145.620849609375,159.02999877929688,159.61000061035156,158.49000549316406,158.6199951171875,13698900
2019-04-30,IWM,144.94322204589844,158.2899932861328,159.19000244140625,156.9600067138672,159.14999389648438,24127500
2019-05-01,IWM,143.56967163085938,156.7899932861328,158.72999572753906,156.7100067138672,158.6699981689453,17734300
2019-05-02,IWM,144.23812866210938,157.52000427246094,158.14999389648438,155.67999267578125,156.63999938964844,22715700
2019-05-03,IWM,146.99435424804688,160.52999877929688,160.63999938964844,158.19000244140625,158.30999755859375,20178800
2019-05-06,IWM,147.1591796875,160.7100067138672,161.11000061035156,158.00999450683594,158.17999267578125,21262100
2019-05-07,IWM,144.24729919433594,157.52999877929688,159.8699951171875,156.25,159.30999755859375,25434500
2019-05-08,IWM,143.54225158691406,156.75999450683594,158.08999633789062,156.64999389648438,157.25999450683594,16113700
2019-05-09,IWM,143.02029418945312,156.19000244140625,156.64999389648438,153.74000549316406,155.52000427246094,25259900
2019-05-10,IWM,143.41404724121094,156.6199951171875,156.8300018310547,153.6699981689453,155.58999633789062,26544700
2019-05-13,IWM,138.84478759765625,151.6300048828125,154.02000427246094,151.16000366210938,153.69000244140625,26936500
2019-05-14,IWM,140.59373474121094,153.5399932861328,154.1699981689453,151.6999969482422,151.9600067138672,15519200
2019-05-15,IWM,141.05157470703125,154.0399932861328,154.41000366210938,152.07000732421875,152.39999389648438,18410600
2019-05-16,IWM,141.9306182861328,155.0,156.17999267578125,154.44000244140625,154.50999450683594,13772100
2019-05-17,IWM,139.9527587890625,152.83999633789062,155.27000427246094,152.66000366210938,153.82000732421875,21534000
2019-05-20,IWM,138.98214721679688,151.77999877929688,152.82000732421875,151.41000366210938,151.92999267578125,18689800
2019-05-21,IWM,140.85012817382812,153.82000732421875,154.0399932861328,152.5800018310547,152.6300048828125,11659100
2019-05-22,IWM,139.66888427734375,152.52999877929688,153.58999633789062,152.0,153.22000122070312,13922600
2019-05-23,IWM,136.793701171875,149.38999938964844,151.05999755859375,148.5800018310547,151.05999755859375,26379400
2019-05-24,IWM,138.07559204101562,150.7899932861328,151.08999633789062,149.7899932861328,150.3800048828125,16093100
2019-05-28,IWM,136.976806640625,149.58999633789062,151.64999389648438,149.5800018310547,151.00999450683594,14042200
2019-05-29,IWM,135.83221435546875,148.33999633789062,148.92999267578125,147.36000061035156,148.83999633789062,22622300
2019-05-30,IWM,135.45675659179688,147.92999267578125,149.5800018310547,147.0399932861328,148.75,17739100
2019-05-31,IWM,133.56129455566406,145.86000061035156,146.83999633789062,145.32000732421875,146.19000244140625,25411300
2019-06-03,IWM,134.02830505371094,146.3699951171875,147.2100067138672,145.3300018310547,146.1300048828125,26554500
2019-06-04,IWM,137.4987030029297,150.16000366210938,150.2899932861328,146.4199981689453,147.9199981689453,21217600
2019-06-05,IWM,137.5261688232422,150.19000244140625,150.88999938964844,148.61000061035156,150.75999450683594,18184100
2019-06-06,IWM,137.16908264160156,149.8000030517578,150.52000427246094,148.30999755859375,150.1199951171875,20772500
2019-06-07,IWM,138.13973999023438,150.86000061035156,151.50999450683594,150.02000427246094,150.35000610351562,17107500
2019-06-10,IWM,138.95465087890625,151.75,153.13999938964844,151.4499969482422,151.4499969482422,18912300
2019-06-11,IWM,138.5426025390625,151.3000030517578,153.22999572753906,150.5800018310547,152.8699951171875,15373000
2019-06-12,IWM,138.69825744628906,151.47000122070312,151.77999877929688,150.6199951171875,151.17999267578125,11957600
2019-06-13,IWM,140.1634063720703,153.07000732421875,153.17999267578125,151.8699951171875,152.30999755859375,14839400
2019-06-14,IWM,138.93630981445312,151.72999572753906,152.94000244140625,151.72000122070312,152.8800048828125,16154800
2019-06-17,IWM,139.89476013183594,152.24000549316406,152.89999389648438,151.6699981689453,151.8699951171875,12509300
2019-06-18,IWM,141.52125549316406,154.00999450683594,155.14999389648438,152.25999450683594,153.27000427246094,22100800
2019-06-19,IWM,142.026611328125,154.55999755859375,154.6999969482422,153.39999389648438,154.19000244140625,15625000
2019-06-20,IWM,142.6974334716797,155.2899932861328,156.22000122070312,154.44000244140625,156.0500030517578,17595700
2019-06-21,IWM,141.4661102294922,153.9499969482422,155.1699981689453,153.61000061035156,155.1300048828125,19854400
2019-06-24,IWM,139.7477569580078,152.0800018310547,154.41000366210938,152.0,154.36000061035156,24002600
2019-06-25,IWM,138.8931121826172,151.14999389648438,152.5,151.0,152.30999755859375,17462200
2019-06-26,IWM,138.57154846191406,150.8000030517578,152.22000122070312,150.75999450683594,151.6999969482422,15726900
2019-06-27,IWM,141.17210388183594,153.6300048828125,153.77000427246094,151.24000549316406,151.24000549316406,22278400
2019-06-28,IWM,142.89039611816406,155.5,156.02000427246094,153.94000244140625,153.9499969482422,35089900
2019-07-01,IWM,143.44175720214844,156.10000610351562,158.02999877929688,155.22000122070312,157.5399932861328,22850500
2019-07-02,IWM,142.56875610351562,155.14999389648438,156.1199951171875,154.25999450683594,156.02000427246094,19024600
2019-07-03,IWM,143.58877563476562,156.25999450683594,156.33999633789062,155.1699981689453,155.60000610351562,9115100
2019-07-05,IWM,143.9747314453125,156.67999267578125,156.74000549316406,154.86000061035156,155.49000549316406,14156700
2019-07-08,IWM,142.60556030273438,155.19000244140625,156.47999572753906,154.88999938964844,156.2100067138672,9735700
2019-07-09,IWM,142.79852294921875,155.39999389648438,155.42999267578125,154.47999572753906,154.5399932861328,12381600
2019-07-10,IWM,143.04664611816406,155.6699981689453,156.55999755859375,154.85000610351562,156.1999969482422,17325400
2019-07-11,IWM,142.3482666015625,154.91000366210938,155.94000244140625,154.22000122070312,155.88999938964844,14260800
2019-07-12,IWM,143.45095825195312,156.11000061035156,156.6699981689453,154.8800048828125,155.13999938964844,16678000
2019-07-15,IWM,142.6974334716797,155.2899932861328,156.58999633789062,154.85000610351562,156.55999755859375,12194300
2019-07-16,IWM,142.65147399902344,155.24000549316406,156.1999969482422,154.6699981689453,155.1300048828125,15152700
2019-07-17,IWM,141.63156127929688,154.1300048828125,155.33999633789062,153.72999572753906,155.24000549316406,14155100
2019-07-18,IWM,142.16448974609375,154.7100067138672,155.00999450683594,153.72999572753906,154.0800018310547,15705500
2019-07-19,IWM,141.34666442871094,153.82000732421875,155.42999267578125,153.82000732421875,154.94000244140625,17182600
2019-07-22,IWM,141.21800231933594,153.67999267578125,154.6999969482422,153.39999389648438,154.24000549316406,14474600
2019-07-23,IWM,142.1552734375,154.6999969482422,154.72000122070312,153.5399932861328,154.27999877929688,15493200
2019-07-24,IWM,144.5077362060547,157.25999450683594,157.4499969482422,154.1199951171875,154.2899932861328,23823100
2019-07-25,IWM,142.76174926757812,155.36000061035156,157.24000549316406,155.08999633789062,157.17999267578125,17902500
2019-07-26,IWM,144.45252990722656,157.1999969482422,157.4199981689453,155.5,155.5800018310547,14260300
2019-07-29,IWM,143.4877166748047,156.14999389648438,157.36000061035156,155.60000610351562,157.19000244140625,13192200
2019-07-30,IWM,145.0406494140625,157.83999633789062,157.83999633789062,154.7100067138672,155.05999755859375,1200
2019-07-31,IWM,143.86448669433594,156.55999755859375,159.22999572753906,155.5500030517578,157.77999877929688,40445900
2019-08-01,IWM,141.778564453125,154.2899932861328,158.1699981689453,153.58999633789062,156.8800048828125,38070200
2019-08-02,IWM,140.2071990966797,152.5800018310547,153.75,151.27999877929688,153.35000610351562,30148300
2019-08-05,IWM,135.9985809326172,148.0,149.9199981689453,146.2100067138672,149.77999877929688,39221500
2019-08-06,IWM,137.24832153320312,149.36000061035156,149.6999969482422,147.3800048828125,148.89999389648438,24283300
2019-08-07,IWM,137.21153259277344,149.32000732421875,149.7100067138672,146.69000244140625,147.9199981689453,23952100
2019-08-08,IWM,140.17041015625,152.5399932861328,152.6300048828125,149.99000549316406,150.14999389648438,19415600
2019-08-09,IWM,138.4061279296875,150.6199951171875,152.14999389648438,150.02999877929688,152.08999633789062,19313200
2019-08-12,IWM,136.6142578125,148.6699981689453,150.1199951171875,148.3300018310547,149.80999755859375,15963000
2019-08-13,IWM,138.08450317382812,150.27000427246094,151.7899932861328,147.6699981689453,148.33999633789062,21912600
2019-08-14,IWM,134.22511291503906,146.07000732421875,147.97999572753906,145.72000122070312,147.9499969482422,28235800
2019-08-15,IWM,133.69212341308594,145.49000549316406,146.6699981689453,144.7899932861328,146.6199951171875,24202400
2019-08-16,IWM,136.57752990722656,148.6300048828125,148.91000366210938,146.11000061035156,146.13999938964844,22783400
2019-08-19,IWM,137.95587158203125,150.1300048828125,150.88999938964844,149.9499969482422,150.32000732421875,17023400
2019-08-20,IWM,137.0553741455078,149.14999389648438,150.00999450683594,148.99000549316406,149.9199981689453,13324100
2019-08-21,IWM,138.1855926513672,150.3800048828125,150.64999389648438,149.7899932861328,150.6199951171875,13446100
2019-08-22,IWM,137.86398315429688,150.02999877929688,151.0800018310547,149.13999938964844,150.6699981689453,12979100
2019-08-23,IWM,133.63699340820312,145.42999267578125,150.11000061035156,144.92999267578125,149.22000122070312,36974600
2019-08-26,IWM,135.1072540283203,147.02999877929688,147.0500030517578,145.7100067138672,146.8000030517578,19167100
2019-08-27,IWM,133.1040496826172,144.85000610351562,148.02000427246094,144.67999267578125,147.9600067138672,24546200
2019-08-28,IWM,134.65696716308594,146.5399932861328,147.38999938964844,144.25,144.55999755859375,20115500
2019-08-29,IWM,137.01858520507812,149.11000061035156,149.2899932861328,147.9600067138672,148.14999389648438,18786300
2019-08-30,IWM,136.77047729492188,148.83999633789062,149.97000122070312,148.0399932861328,149.88999938964844,18727100
2019-09-03,IWM,134.76724243164062,146.66000366210938,148.32000732421875,146.0,147.4499969482422,20688000
2019-09-04,IWM,135.85153198242188,147.83999633789062,148.36000061035156,147.17999267578125,148.00999450683594,13107500
2019-09-05,IWM,138.3785400390625,150.58999633789062,151.91000366210938,149.3699951171875,149.85000610351562,25666700
2019-09-06,IWM,137.74449157714844,149.89999389648438,151.22999572753906,149.8300018310547,150.6999969482422,14645900
2019-09-09,IWM,139.591552734375,151.91000366210938,152.24000549316406,150.05999755859375,150.57000732421875,25780100
2019-09-10,IWM,141.3742218017578,153.85000610351562,153.9499969482422,150.88999938964844,151.67999267578125,29576200
2019-09-11,IWM,144.2687530517578,157.0,157.16000366210938,153.55999755859375,154.52000427246094,42970500
2019-09-12,IWM,144.30552673339844,157.0399932861328,157.89999389648438,155.57000732421875,157.17999267578125,38648300
2019-09-13,IWM,144.5536651611328,157.30999755859375,158.9199981689453,157.1300048828125,157.85000610351562,31042800
2019-09-16,IWM,145.0958251953125,157.89999389648438,158.75,156.6999969482422,156.97000122070312,23242600
2019-09-17,IWM,144.7190704345703,157.49000549316406,157.57000732421875,156.4499969482422,157.36000061035156,22986700
2019-09-18,IWM,143.8276824951172,156.52000427246094,157.5,155.07000732421875,157.47999572753906,19735700
2019-09-19,IWM,143.1293487548828,155.75999450683594,157.82000732421875,155.52999877929688,156.8000030517578,21531600
2019-09-20,IWM,142.82606506347656,155.42999267578125,156.64999389648438,154.4499969482422,155.63999938964844,22707200
2019-09-23,IWM,142.71580505371094,155.30999755859375,155.9499969482422,154.55999755859375,154.86000061035156,14944600
2019-09-24,IWM,140.56173706054688,152.42999267578125,155.2899932861328,151.83999633789062,155.14999389648438,27576700
2019-09-25,IWM,142.10165405273438,154.10000610351562,154.36000061035156,151.8000030517578,152.27999877929688,21917500
2019-09-26,IWM,140.5155792236328,152.3800048828125,153.9199981689453,151.9499969482422,153.9199981689453,20641600
2019-09-27,IWM,139.39056396484375,151.16000366210938,153.22000122070312,150.5,152.82000732421875,20181900
2019-09-30,IWM,139.55657958984375,151.33999633789062,152.25999450683594,150.7899932861328,151.3699951171875,16905400
2019-10-01,IWM,136.81781005859375,148.3699951171875,153.35000610351562,148.0500030517578,152.11000061035156,34093500
2019-10-02,IWM,135.78501892089844,147.25,147.6300048828125,145.86000061035156,147.6300048828125,24894600
2019-10-03,IWM,136.2368927001953,147.74000549316406,147.94000244140625,144.92999267578125,146.69000244140625,25362800
2019-10-04,IWM,137.5278778076172,149.13999938964844,149.25,147.1199951171875,147.99000549316406,18640400
2019-10-07,IWM,137.28810119628906,148.8800048828125,150.07000732421875,148.1199951171875,148.77999877929688,15762800
2019-10-08,IWM,135.05654907226562,146.4600067138672,147.92999267578125,146.11000061035156,147.4199981689453,18110600
2019-10-09,IWM,135.6743621826172,147.1300048828125,147.69000244140625,146.63999938964844,147.5399932861328,10929500
2019-10-10,IWM,136.21841430664062,147.72000122070312,148.5,147.10000610351562,147.33999633789062,16349000
2019-10-11,IWM,138.52378845214844,150.22000122070312,151.9600067138672,147.69000244140625,149.7899932861328,29236300
2019-10-14,IWM,138.0166015625,149.6699981689453,150.14999389648438,149.10000610351562,149.91000366210938,10692600
2019-10-15,IWM,139.60269165039062,151.38999938964844,152.1300048828125,149.7899932861328,150.1699981689453,16801200
2019-10-16,IWM,139.75022888183594,151.5500030517578,152.27000427246094,151.13999938964844,151.2100067138672,13119100
2019-10-17,IWM,141.40084838867188,153.33999633789062,153.50999450683594,152.0500030517578,152.2899932861328,13175800
2019-10-18,IWM,140.72767639160156,152.61000061035156,153.5,151.4499969482422,152.92999267578125,14490200
2019-10-21,IWM,142.0463409423828,154.0399932861328,154.97999572753906,153.91000366210938,154.1699981689453,17450300
2019-10-22,IWM,142.20314025878906,154.2100067138672,155.0500030517578,153.74000549316406,154.1999969482422,12471800
2019-10-23,IWM,142.37826538085938,154.39999389648438,154.75,153.5500030517578,154.33999633789062,8728000
2019-10-24,IWM,142.1754608154297,154.17999267578125,155.05999755859375,153.47000122070312,154.9499969482422,9091400
2019-10-25,IWM,142.9315948486328,155.0,155.52999877929688,153.89999389648438,153.91000366210938,10531500
2019-10-28,IWM,144.16729736328125,156.33999633789062,156.97999572753906,155.00999450683594,155.66000366210938,15392400
2019-10-29,IWM,144.63754272460938,156.85000610351562,157.33999633789062,155.86000061035156,156.00999450683594,11978300
2019-10-30,IWM,144.1580352783203,156.3300018310547,156.80999755859375,155.27999877929688,156.7899932861328,14451500
2019-10-31,IWM,143.34658813476562,155.4499969482422,156.10000610351562,154.24000549316406,156.10000610351562,17344200
2019-11-01,IWM,145.79017639160156,158.10000610351562,158.19000244140625,156.0500030517578,156.39999389648438,18421600
2019-11-04,IWM,146.5740509033203,158.9499969482422,159.6999969482422,158.47000122070312,159.39999389648438,16182000
2019-11-05,IWM,146.75848388671875,159.14999389648438,160.4600067138672,158.97000122070312,159.39999389648438,13760200
2019-11-06,IWM,145.9100799560547,158.22999572753906,158.99000549316406,157.80999755859375,158.99000549316406,16025500
2019-11-07,IWM,146.29742431640625,158.64999389648438,160.1699981689453,158.1699981689453,159.74000549316406,13448900
2019-11-08,IWM,146.69395446777344,159.0800018310547,159.27000427246094,157.9499969482422,158.27999877929688,11967400
2019-11-11,IWM,146.4173126220703,158.77999877929688,158.89999389648438,157.8800048828125,158.02999877929688,10508700
2019-11-12,IWM,146.46336364746094,158.8300018310547,159.8800048828125,158.49000549316406,158.92999267578125,14316900
2019-11-13,IWM,145.83633422851562,158.14999389648438,158.5,157.19000244140625,157.74000549316406,14514400
2019-11-14,IWM,145.79017639160156,158.10000610351562,158.91000366210938,157.7899932861328,157.92999267578125,13054000
2019-11-15,IWM,146.54637145996094,158.9199981689453,159.2899932861328,158.35000610351562,159.22999572753906,13119200
2019-11-18,IWM,146.1775360107422,158.52000427246094,158.74000549316406,157.94000244140625,158.72000122070312,10759500
2019-11-19,IWM,146.72157287597656,159.11000061035156,159.6999969482422,158.30999755859375,159.11000061035156,15203700
2019-11-20,IWM,146.16831970214844,158.50999450683594,159.60000610351562,157.25999450683594,158.5500030517578,21314300
2019-11-21,IWM,145.4490203857422,157.72999572753906,158.88999938964844,157.22999572753906,158.82000732421875,15388300
2019-11-22,IWM,145.90089416503906,158.22000122070312,158.5399932861328,157.35000610351562,158.30999755859375,13482400
2019-11-25,IWM,148.9993133544922,161.5800018310547,161.8300018310547,158.88999938964844,159.02999877929688,24753000
2019-11-26,IWM,149.10072326660156,161.69000244140625,162.5399932861328,161.2899932861328,161.75,15496700
2019-11-27,IWM,150.15196228027344,162.8300018310547,162.92999267578125,162.0800018310547,162.3800048828125,13202500
2019-11-29,IWM,149.17445373535156,161.77000427246094,162.7899932861328,161.6699981689453,162.41000366210938,9988200
2019-12-02,IWM,147.71751403808594,160.19000244140625,162.2100067138672,159.91000366210938,162.14999389648438,17190900
2019-12-03,IWM,147.2471923828125,159.67999267578125,159.75999450683594,158.10000610351562,158.82000732421875,14884400
2019-12-04,IWM,148.26156616210938,160.77999877929688,161.22000122070312,160.3000030517578,160.5,10833200
2019-12-05,IWM,148.4091339111328,160.94000244140625,161.64999389648438,160.4499969482422,161.47000122070312,11470700
2019-12-06,IWM,150.14271545410156,162.82000732421875,163.41000366210938,162.5,162.58999633789062,16486200
2019-12-09,IWM,149.8568115234375,162.50999450683594,163.16000366210938,162.38999938964844,162.75,13476700
2019-12-10,IWM,149.94908142089844,162.61000061035156,162.9600067138672,161.94000244140625,162.41000366210938,13704400
2019-12-11,IWM,149.90301513671875,162.55999755859375,163.0800018310547,161.9499969482422,162.8800048828125,19612200
2019-12-12,IWM,151.1939697265625,163.9600067138672,165.10000610351562,162.25,162.75,24857000
2019-12-13,IWM,150.61302185058594,163.3300018310547,164.80999755859375,162.5500030517578,163.72999572753906,23279600
2019-12-16,IWM,151.6746063232422,163.8800048828125,164.85000610351562,163.74000549316406,164.05999755859375,20115300
2019-12-17,IWM,152.43350219726562,164.6999969482422,164.6999969482422,163.6999969482422,164.13999938964844,12980000
2019-12-18,IWM,152.72967529296875,165.02000427246094,165.27999877929688,164.32000732421875,165.05999755859375,15379300
2019-12-19,IWM,153.38681030273438,165.72999572753906,165.72999572753906,164.8800048828125,165.27999877929688,11919800
2019-12-20,IWM,153.60891723632812,165.97000122070312,166.41000366210938,165.72000122070312,166.14999389648438,25449500
2019-12-23,IWM,153.91441345214844,166.3000030517578,166.36000061035156,165.36000061035156,166.24000549316406,13372100
2019-12-24,IWM,154.26605224609375,166.67999267578125,166.6999969482422,166.0399932861328,166.4499969482422,4334500
2019-12-26,IWM,154.26605224609375,166.67999267578125,166.97999572753906,166.36000061035156,166.8300018310547,9371200
2019-12-27,IWM,153.50714111328125,165.86000061035156,167.1199951171875,165.42999267578125,167.1199951171875,12261800
2019-12-30,IWM,153.11839294433594,165.44000244140625,166.2100067138672,164.57000732421875,165.97999572753906,14912700
2019-12-31,IWM,153.3312530517578,165.6699981689453,166.35000610351562,164.7100067138672,165.0800018310547,17362400
2020-01-02,IWM,153.43307495117188,165.77999877929688,166.75,164.22999572753906,166.74000549316406,18297500
2020-01-03,IWM,152.83148193359375,165.1300048828125,165.41000366210938,163.6999969482422,163.74000549316406,19295600
2020-01-06,IWM,153.03515625,165.35000610351562,165.5399932861328,163.5399932861328,163.85000610351562,17150900
2020-01-07,IWM,152.52606201171875,164.8000030517578,165.33999633789062,164.2100067138672,164.85000610351562,11817900
2020-01-08,IWM,152.99807739257812,165.30999755859375,166.02999877929688,164.72000122070312,164.82000732421875,13832400
2020-01-09,IWM,153.1832275390625,165.50999450683594,166.4499969482422,165.25999450683594,166.1199951171875,11895400
2020-01-10,IWM,152.60935974121094,164.88999938964844,165.69000244140625,164.1999969482422,165.5500030517578,15353000
2020-01-13,IWM,153.59971618652344,165.9600067138672,166.0399932861328,164.07000732421875,164.94000244140625,17271100
2020-01-14,IWM,154.16427612304688,166.57000732421875,167.58999633789062,164.97999572753906,165.13999938964844,18323000
2020-01-15,IWM,154.90467834472656,167.3699951171875,167.9499969482422,166.13999938964844,166.14999389648438,15437200
2020-01-16,IWM,156.9037628173828,169.52999877929688,169.8699951171875,168.42999267578125,168.58999633789062,19976200
2020-01-17,IWM,156.4780731201172,169.07000732421875,170.55999755859375,168.6699981689453,170.27999877929688,18306400
2020-01-21,IWM,155.18231201171875,167.6699981689453,168.99000549316406,167.27000427246094,168.36000061035156,17935100
2020-01-22,IWM,155.08045959472656,167.55999755859375,168.6199951171875,167.17999267578125,168.19000244140625,14916300
2020-01-23,IWM,154.9786834716797,167.4499969482422,167.97000122070312,165.4499969482422,167.10000610351562,15954300
2020-01-24,IWM,153.0721435546875,165.38999938964844,168.00999450683594,164.22999572753906,168.00999450683594,20491400
2020-01-27,IWM,151.3321533203125,163.50999450683594,164.49000549316406,162.4199981689453,162.85000610351562,18539000
2020-01-28,IWM,152.5908966064453,164.8699951171875,165.39999389648438,163.49000549316406,164.5,16690400
2020-01-29,IWM,151.7208709716797,163.92999267578125,165.55999755859375,163.89999389648438,165.10000610351562,14944400
2020-01-30,IWM,151.7208709716797,163.92999267578125,164.13999938964844,161.92999267578125,162.83999633789062,21889700
2020-01-31,IWM,148.57408142089844,160.52999877929688,163.9199981689453,160.02999877929688,163.32000732421875,30439000
2020-02-03,IWM,150.23077392578125,162.32000732421875,162.92999267578125,161.49000549316406,161.60000610351562,17373200
2020-02-04,IWM,152.498291015625,164.77000427246094,165.30999755859375,164.16000366210938,164.30999755859375,15994200
2020-02-05,IWM,154.84910583496094,167.30999755859375,167.52999877929688,165.69000244140625,166.47999572753906,17807000
2020-02-06,IWM,154.49746704101562,166.92999267578125,168.14999389648438,166.75999450683594,167.88999938964844,14768900
2020-02-07,IWM,152.60011291503906,164.8800048828125,166.36000061035156,164.39999389648438,166.2899932861328,18029600
2020-02-10,IWM,153.4608154296875,165.80999755859375,165.88999938964844,164.4600067138672,164.55999755859375,11428800
2020-02-11,IWM,154.5252227783203,166.9600067138672,167.9600067138672,166.27000427246094,166.7899932861328,15005600
2020-02-12,IWM,155.58953857421875,168.11000061035156,168.2899932861328,167.27999877929688,168.02000427246094,12123000
2020-02-13,IWM,155.9967803955078,168.5500030517578,168.9499969482422,167.11000061035156,167.22000122070312,12649300
2020-02-14,IWM,155.39517211914062,167.89999389648438,168.77999877929688,167.33999633789062,168.6999969482422,16006200
2020-02-18,IWM,155.0620574951172,167.5399932861328,168.05999755859375,166.42999267578125,167.5,13412100
2020-02-19,IWM,155.8579559326172,168.39999389648438,169.13999938964844,167.52999877929688,168.1699981689453,11084600
2020-02-20,IWM,156.23741149902344,168.80999755859375,169.11000061035156,166.58999633789062,167.89999389648438,20383800
2020-02-21,IWM,154.65481567382812,167.10000610351562,168.6300048828125,166.3300018310547,168.14999389648438,18729900
2020-02-24,IWM,149.99942016601562,162.07000732421875,167.05999755859375,161.10000610351562,161.86000061035156,28239500
2020-02-25,IWM,144.66839599609375,156.30999755859375,162.75999450683594,155.9600067138672,162.52000427246094,45047000
2020-02-26,IWM,142.99317932128906,154.5,158.49000549316406,154.22000122070312,157.0500030517578,39465000
2020-02-27,IWM,137.9583740234375,149.05999755859375,155.00999450683594,148.82000732421875,151.35000610351562,50530300
2020-02-28,IWM,135.431640625,146.3300018310547,149.1300048828125,143.91000366210938,144.85000610351562,72036400
2020-03-02,IWM,139.78164672851562,151.02999877929688,151.22999572753906,145.38999938964844,147.97000122070312,33569300
2020-03-03,IWM,136.9309844970703,147.9499969482422,154.1999969482422,146.30999755859375,151.08999633789062,42941300
2020-03-04,IWM,140.8274688720703,152.16000366210938,152.4499969482422,148.52000427246094,150.27999877929688,36195800
2020-03-05,IWM,136.3479461669922,147.32000732421875,152.47999572753906,145.49000549316406,148.83999633789062,32729400
2020-03-06,IWM,133.6453857421875,144.39999389648438,145.97999572753906,140.99000549316406,142.7100067138672,39688300
2020-03-09,IWM,120.65110778808594,130.36000061035156,136.1699981689453,130.25999450683594,134.1300048828125,56320000
2020-03-10,IWM,124.41793823242188,134.42999267578125,134.8000030517578,128.02000427246094,134.7100067138672,54432700
2020-03-11,IWM,116.50474548339844,125.87999725341797,132.27000427246094,124.16999816894531,130.9199981689453,51354800
2020-03-12,IWM,103.6307373046875,111.97000122070312,119.9000015258789,111.5999984741211,116.7699966430664,70114300
2020-03-13,IWM,110.5721435546875,119.47000122070312,119.95999908447266,109.55000305175781,118.30999755859375,57915100
2020-03-16,IWM,95.9026107788086,103.62000274658203,111.30000305175781,101.43000030517578,108.62000274658203,59095700
2020-03-17,IWM,100.29886627197266,108.37000274658203,110.5,100.61000061035156,104.95999908447266,59344800
2020-03-18,IWM,92.52445983886719,99.97000122070312,106.77999877929688,96.25,103.05000305175781,62296700
2020-03-19,IWM,96.13400268554688,103.87000274658203,106.80000305175781,95.69000244140625,99.66000366210938,62654700
2020-03-20,IWM,93.84794616699219,101.4000015258789,108.76000213623047,100.44999694824219,106.12000274658203,76203700
2020-03-23,IWM,92.45964813232422,99.9000015258789,102.18000030517578,95.91000366210938,101.9000015258789,63534700
2020-03-24,IWM,100.91895294189453,109.04000091552734,109.33000183105469,99.93000030517578,105.37000274658203,73386700
2020-03-25,IWM,102.1732406616211,109.97000122070312,114.0,106.0199966430664,109.4800033569336,56043700
2020-03-26,IWM,108.5282974243164,116.80999755859375,117.5999984741211,111.19999694824219,111.54000091552734,51657600
2020-03-27,IWM,104.57962799072266,112.55999755859375,116.0199966430664,110.87000274658203,112.25,39931500
2020-03-30,IWM,106.8837661743164,115.04000091552734,115.26000213623047,110.80000305175781,113.23999786376953,41552100
2020-03-31,IWM,106.34492492675781,114.45999908447266,116.16999816894531,111.95999908447266,114.5999984741211,52948000
2020-04-01,IWM,99.0979232788086,106.66000366210938,110.37999725341797,105.52999877929688,108.69999694824219,54224200
2020-04-02,IWM,100.03628540039062,107.66999816894531,110.38999938964844,104.56999969482422,105.72000122070312,43774200
2020-04-03,IWM,97.2025375366211,104.62000274658203,108.0,102.5999984741211,106.58999633789062,42189200
2020-04-06,IWM,104.64466094970703,112.62999725341797,113.33999633789062,109.0199966430664,109.08999633789062,48708100
2020-04-07,IWM,104.91409301757812,112.91999816894531,118.63999938964844,112.38999938964844,116.87999725341797,57546100
2020-04-08,IWM,109.69894409179688,118.06999969482422,119.23999786376953,113.29000091552734,114.87999725341797,52822300
2020-04-09,IWM,114.94837188720703,123.72000122070312,124.61000061035156,121.33000183105469,121.91999816894531,69528600
2020-04-13,IWM,111.83587646484375,120.37000274658203,123.51000213623047,119.12000274658203,122.8499984741211,40198200
2020-04-14,IWM,114.1028823852539,122.80999755859375,124.87999725341797,121.30000305175781,123.9000015258789,35089700
2020-04-15,IWM,109.44810485839844,117.80000305175781,119.11000061035156,116.66000366210938,117.86000061035156,34809900
2020-04-16,IWM,108.6211929321289,116.91000366210938,118.41999816894531,114.55999755859375,118.08999633789062,49501300
2020-04-17,IWM,113.40605926513672,122.05999755859375,122.72000122070312,120.05999755859375,121.9000015258789,46250200
2020-04-20,IWM,112.06816864013672,120.62000274658203,122.9000015258789,119.04000091552734,119.58999633789062,36700500
2020-04-21,IWM,109.3923568725586,117.73999786376953,119.23999786376953,116.4800033569336,117.41999816894531,31608900
2020-04-22,IWM,110.72096252441406,119.16999816894531,120.98999786376953,118.7699966430664,120.31999969482422,24333800
2020-04-23,IWM,111.80802154541016,120.33999633789062,122.9000015258789,119.68000030517578,120.11000061035156,38571200
2020-04-24,IWM,113.73123931884766,122.41000366210938,123.31999969482422,120.08999633789062,121.52999877929688,27147500
2020-04-27,IWM,118.23738098144531,127.26000213623047,128.44000244140625,123.86000061035156,123.94999694824219,39021300
2020-04-28,IWM,119.95623779296875,129.11000061035156,131.4600067138672,127.27999877929688,131.1199951171875,47292700
2020-04-29,IWM,125.85604858398438,135.4600067138672,136.85000610351562,131.8800048828125,133.49000549316406,50390500
2020-04-30,IWM,121.07115936279297,130.30999755859375,132.94000244140625,130.13999938964844,131.89999389648438,43727500
2020-05-01,IWM,116.26768493652344,125.13999938964844,127.45999908447266,123.29000091552734,127.1500015258789,43352000
2020-05-04,IWM,116.76942443847656,125.68000030517578,125.9000015258789,122.25,123.5999984741211,28498200
2020-05-05,IWM,117.67063903808594,126.6500015258789,129.9199981689453,126.0999984741211,128.07000732421875,31209400
2020-05-06,IWM,116.80657958984375,125.72000122070312,128.1999969482422,125.0,127.48999786376953,29836800
2020-05-07,IWM,118.40465545654297,127.44000244140625,128.5,126.55000305175781,127.38999938964844,27493000
2020-05-08,IWM,122.97581481933594,132.36000061035156,132.75,129.19000244140625,130.16000366210938,32122900
2020-05-11,IWM,122.36260223388672,131.6999969482422,132.9499969482422,129.3300018310547,130.41000366210938,33983200
2020-05-12,IWM,117.96795654296875,126.97000122070312,132.2899932861328,126.83999633789062,132.25999450683594,44275300
2020-05-13,IWM,114.01927947998047,122.72000122070312,126.08000183105469,120.41000366210938,125.6500015258789,58719300
2020-05-14,IWM,114.39093017578125,123.12000274658203,123.2699966430664,117.18000030517578,119.97000122070312,55904300
2020-05-15,IWM,116.21196746826172,125.08000183105469,125.52999877929688,121.45999908447266,122.01000213623047,40236600
2020-05-18,IWM,123.27310180664062,132.67999267578125,133.38999938964844,130.8300018310547,131.4499969482422,46981100
2020-05-19,IWM,120.83888244628906,130.05999755859375,133.4499969482422,130.05999755859375,132.22000122070312,30270000
2020-05-20,IWM,124.49952697753906,134.0,134.97999572753906,132.3800048828125,132.72999572753906,35901300
2020-05-21,IWM,124.72250366210938,134.24000549316406,135.05999755859375,132.5800018310547,134.0500030517578,32716500
2020-05-22,IWM,125.32643127441406,134.88999938964844,135.0500030517578,133.02000427246094,134.6699981689453,24035200
2020-05-26,IWM,128.94064331054688,138.77999877929688,140.3800048828125,134.99000549316406,140.08999633789062,36971000
2020-05-27,IWM,132.94508361816406,143.08999633789062,143.5,137.3300018310547,141.57000732421875,42682000
2020-05-28,IWM,129.79539489746094,139.6999969482422,144.74000549316406,137.5800018310547,144.74000549316406,42105000
2020-05-29,IWM,129.05210876464844,138.89999389648438,139.27999877929688,136.41000366210938,138.3000030517578,41536400
2020-06-01,IWM,130.287841796875,140.22999572753906,141.6699981689453,138.61000061035156,139.25999450683594,25567500
2020-06-02,IWM,131.36553955078125,141.38999938964844,141.85000610351562,139.55999755859375,141.07000732421875,24666200
2020-06-03,IWM,134.53384399414062,144.8000030517578,146.07000732421875,143.11000061035156,143.6699981689453,36111700
2020-06-04,IWM,134.3386993408203,144.58999633789062,145.60000610351562,143.17999267578125,143.83999633789062,28904700
2020-06-05,IWM,139.5323944091797,150.17999267578125,152.32000732421875,149.5500030517578,150.86000061035156,53513400
2020-06-08,IWM,142.23602294921875,153.08999633789062,153.38999938964844,151.6300048828125,152.35000610351562,33834300
2020-06-09,IWM,139.60671997070312,150.25999450683594,151.77000427246094,149.05999755859375,150.86000061035156,39646000
2020-06-10,IWM,135.81597900390625,146.17999267578125,150.25999450683594,145.89999389648438,150.08999633789062,51774500
2020-06-11,IWM,125.45648956298828,135.02999877929688,141.02999877929688,134.77000427246094,140.14999389648438,72041500
2020-06-12,IWM,128.46676635742188,138.27000427246094,141.02000427246094,134.14999389648438,140.3300018310547,63864900
2020-06-15,IWM,131.43695068359375,140.99000549316406,142.05999755859375,133.27999877929688,133.27999877929688,57354800
2020-06-16,IWM,134.59722900390625,144.3800048828125,146.69000244140625,141.02999877929688,146.69000244140625,48957000
2020-06-17,IWM,132.16409301757812,141.77000427246094,144.99000549316406,141.32000732421875,144.58999633789062,34811400
2020-06-18,IWM,132.11749267578125,141.72000122070312,143.30999755859375,139.80999755859375,140.3699951171875,26974100
2020-06-19,IWM,131.43695068359375,140.99000549316406,144.50999450683594,139.83999633789062,144.4199981689453,50293800
2020-06-22,IWM,132.75135803222656,142.39999389648438,142.55999755859375,138.8300018310547,140.24000549316406,28983200
2020-06-23,IWM,133.3107147216797,143.0,144.66000366210938,142.64999389648438,144.32000732421875,20344200
2020-06-24,IWM,128.985107421875,138.36000061035156,141.60000610351562,136.30999755859375,141.10000610351562,42998700
2020-06-25,IWM,130.9335174560547,140.4499969482422,140.5800018310547,136.2899932861328,137.7100067138672,37191200
2020-06-26,IWM,127.40963745117188,136.6699981689453,139.8300018310547,136.49000549316406,139.47999572753906,39100100
2020-06-29,IWM,131.57675170898438,141.13999938964844,141.99000549316406,137.10000610351562,138.7100067138672,33935200
2020-06-30,IWM,133.478515625,143.17999267578125,143.6199951171875,140.58999633789062,140.6699981689453,32865900
2020-07-01,IWM,132.21070861816406,141.82000732421875,144.50999450683594,141.24000549316406,143.64999389648438,26457500
2020-07-02,IWM,132.75135803222656,142.39999389648438,145.27999877929688,141.88999938964844,144.55999755859375,24022400
2020-07-06,IWM,133.7115936279297,143.42999267578125,145.6999969482422,142.92999267578125,145.32000732421875,19858200
2020-07-07,IWM,131.34368896484375,140.88999938964844,143.44000244140625,140.47999572753906,142.17999267578125,22661000
2020-07-08,IWM,132.32257080078125,141.94000244140625,142.5,139.10000610351562,140.75999450683594,27358900
2020-07-09,IWM,129.64697265625,139.07000732421875,142.35000610351562,137.24000549316406,142.02000427246094,34647800
2020-07-10,IWM,131.7352294921875,141.30999755859375,141.5,138.4600067138672,139.13999938964844,24008200
2020-07-13,IWM,130.06654357910156,139.52000427246094,144.63999938964844,139.38999938964844,142.8000030517578,34235500
2020-07-14,IWM,132.22006225585938,141.8300018310547,141.97999572753906,138.63999938964844,139.42999267578125,28114000
2020-07-15,IWM,137.06768798828125,147.02999877929688,147.77999877929688,144.7899932861328,145.4199981689453,40770100
2020-07-16,IWM,136.25660705566406,146.16000366210938,146.6699981689453,144.8800048828125,146.11000061035156,30530800
2020-07-17,IWM,136.65748596191406,146.58999633789062,147.58999633789062,145.50999450683594,146.67999267578125,20644100
2020-07-20,IWM,136.07017517089844,145.9600067138672,146.85000610351562,145.14999389648438,146.1199951171875,19663300
2020-07-21,IWM,137.99989318847656,148.02999877929688,149.16000366210938,147.1999969482422,147.47000122070312,24503800
2020-07-22,IWM,138.07449340820312,148.11000061035156,148.6699981689453,147.02999877929688,147.08999633789062,24424800
2020-07-23,IWM,138.2143096923828,148.25999450683594,150.1999969482422,146.6999969482422,147.97999572753906,21704900
2020-07-24,IWM,136.18202209472656,146.0800018310547,147.6699981689453,145.55999755859375,147.2899932861328,20015500
2020-07-27,IWM,137.59902954101562,147.60000610351562,147.69000244140625,145.38999938964844,146.19000244140625,13370700
2020-07-28,IWM,136.22865295410156,146.1300048828125,148.0399932861328,146.05999755859375,147.07000732421875,13268000
2020-07-29,IWM,139.23046875,149.35000610351562,149.4499969482422,146.97999572753906,147.0,19864400
2020-07-30,IWM,138.68045043945312,148.75999450683594,149.1199951171875,146.3300018310547,147.13999938964844,23618900
2020-07-31,IWM,137.37530517578125,147.36000061035156,148.4199981689453,144.6699981689453,148.13999938964844,29881500
2020-08-03,IWM,139.61268615722656,149.75999450683594,149.97000122070312,147.22000122070312,148.2899932861328,20777100
2020-08-04,IWM,140.57293701171875,150.7899932861328,150.92999267578125,149.0399932861328,149.38999938964844,20285000
2020-08-05,IWM,143.36961364746094,153.7899932861328,153.88999938964844,151.77999877929688,152.2899932861328,18190200
2020-08-06,IWM,143.31370544433594,153.72999572753906,154.44000244140625,152.91000366210938,153.8000030517578,18237700
2020-08-07,IWM,145.5883331298828,156.1699981689453,156.25,153.14999389648438,153.4499969482422,20475200
2020-08-10,IWM,147.09860229492188,157.7899932861328,158.8300018310547,156.64999389648438,156.64999389648438,24000500
2020-08-11,IWM,146.25025939941406,156.8800048828125,159.82000732421875,156.16000366210938,159.27000427246094,30359400
2020-08-12,IWM,146.84689331054688,157.52000427246094,158.88999938964844,156.49000549316406,158.6699981689453,23378300
2020-08-13,IWM,146.5392608642578,157.19000244140625,158.52999877929688,156.64999389648438,156.99000549316406,15799900
2020-08-14,IWM,146.44601440429688,157.08999633789062,157.75999450683594,155.8699951171875,156.27999877929688,13360900
2020-08-17,IWM,147.2010955810547,157.89999389648438,158.02999877929688,156.74000549316406,157.5,9744200
2020-08-18,IWM,145.79345703125,156.38999938964844,157.85000610351562,155.7100067138672,157.85000610351562,14670400
2020-08-19,IWM,145.8027801513672,156.39999389648438,158.0399932861328,156.19000244140625,156.92999267578125,14337300
2020-08-20,IWM,145.2061309814453,155.75999450683594,156.49000549316406,154.5399932861328,154.8000030517578,15413000
2020-08-21,IWM,144.1340789794922,154.61000061035156,155.72000122070312,153.60000610351562,155.14999389648438,20685100
2020-08-24,IWM,145.6443328857422,156.22999572753906,156.27000427246094,154.3300018310547,155.86000061035156,13707100
2020-08-25,IWM,145.8027801513672,156.39999389648438,156.82000732421875,154.7899932861328,156.80999755859375,16269700
2020-08-26,IWM,144.88916015625,155.4199981689453,156.77000427246094,155.17999267578125,156.5,13772700
2020-08-27,IWM,145.24346923828125,155.8000030517578,157.0,154.6300048828125,156.1199951171875,17508400
2020-08-28,IWM,146.47396850585938,157.1199951171875,157.1999969482422,155.72999572753906,156.60000610351562,12371400
2020-08-31,IWM,144.89849853515625,155.42999267578125,157.3699951171875,155.3000030517578,157.19000244140625,17051500
2020-09-01,IWM,146.5579376220703,157.2100067138672,157.30999755859375,154.4499969482422,155.22000122070312,15638800
2020-09-02,IWM,147.7231903076172,158.4600067138672,158.97999572753906,156.17999267578125,157.9600067138672,16763400
2020-09-03,IWM,143.3603057861328,153.77999877929688,158.2899932861328,152.9600067138672,158.1199951171875,32117600
2020-09-04,IWM,142.44668579101562,152.8000030517578,155.88999938964844,149.2899932861328,155.7100067138672,30618800
2020-09-08,IWM,139.70590209960938,149.86000061035156,152.47999572753906,149.0,151.17999267578125,26447800
2020-09-09,IWM,141.82212829589844,152.1300048828125,152.77999877929688,150.57000732421875,151.42999267578125,20160800
2020-09-10,IWM,139.97621154785156,150.14999389648438,153.8800048828125,150.05999755859375,152.8300018310547,23005500
2020-09-11,IWM,139.0440216064453,149.14999389648438,151.0500030517578,147.67999267578125,150.9199981689453,20851000
2020-09-14,IWM,142.70774841308594,153.0800018310547,153.42999267578125,150.3699951171875,150.58999633789062,21991300
2020-09-15,IWM,142.97808837890625,153.3699951171875,154.6999969482422,152.86000061035156,154.3800048828125,16175500
2020-09-16,IWM,144.32986450195312,154.82000732421875,156.85000610351562,153.83999633789062,154.11000061035156,22178400
2020-09-17,IWM,143.27642822265625,153.69000244140625,154.39999389648438,151.75,152.6199951171875,20002900
2020-09-18,IWM,142.9034881591797,153.2899932861328,155.2899932861328,151.13999938964844,153.97999572753906,38352800
2020-09-21,IWM,137.89736938476562,147.9199981689453,150.25999450683594,146.3300018310547,149.82000732421875,40652500
2020-09-22,IWM,138.9601287841797,149.05999755859375,149.3000030517578,146.55999755859375,148.64999389648438,19385800
2020-09-23,IWM,134.8201141357422,144.07000732421875,149.42999267578125,143.97999572753906,148.41000366210938,33403400
2020-09-24,IWM,134.8201141357422,144.07000732421875,146.52999877929688,142.08999633789062,144.0399932861328,31723700
2020-09-25,IWM,137.00994873046875,146.41000366210938,146.85000610351562,143.35000610351562,143.44000244140625,20689300
2020-09-28,IWM,140.3881378173828,150.02000427246094,150.44000244140625,146.39999389648438,148.3699951171875,17600900
2020-09-29,IWM,139.75180053710938,149.33999633789062,150.27999877929688,148.0,149.85000610351562,18683800
2020-09-30,IWM,140.17291259765625,149.7899932861328,151.97000122070312,148.49000549316406,149.89999389648438,29073700
2020-10-01,IWM,142.40943908691406,152.17999267578125,152.1999969482422,149.49000549316406,150.80999755859375,25872000
2020-10-02,IWM,143.03646850585938,152.85000610351562,153.5800018310547,148.99000549316406,149.41000366210938,29452000
2020-10-05,IWM,146.9855194091797,157.07000732421875,157.30999755859375,154.47999572753906,154.49000549316406,18553600
2020-10-06,IWM,146.56442260742188,156.6199951171875,161.00999450683594,156.33999633789062,158.5,36348000
2020-10-07,IWM,149.7648162841797,160.0399932861328,160.55999755859375,158.4600067138672,158.58999633789062,27049700
2020-10-08,IWM,151.46798706054688,161.86000061035156,162.27999877929688,160.5800018310547,161.72000122070312,37278600
2020-10-09,IWM,152.25404357910156,162.6999969482422,163.7100067138672,161.80999755859375,163.35000610351562,25038100
2020-10-12,IWM,153.27401733398438,163.7899932861328,164.24000549316406,162.60000610351562,163.39999389648438,20336200
2020-10-13,IWM,152.25404357910156,162.6999969482422,163.22000122070312,161.47999572753906,162.52000427246094,20106500
2020-10-14,IWM,150.7473907470703,161.08999633789062,163.91000366210938,160.94000244140625,163.00999450683594,19024900
2020-10-15,IWM,152.3008270263672,162.75,163.17999267578125,158.80999755859375,159.2899932861328,22865100
2020-10-16,IWM,151.926513671875,162.35000610351562,163.6999969482422,162.30999755859375,163.2100067138672,17637900
2020-10-19,IWM,150.111083984375,160.41000366210938,164.02999877929688,160.02999877929688,162.8800048828125,18360600
2020-10-20,IWM,150.4385986328125,160.75999450683594,162.4499969482422,160.33999633789062,161.55999755859375,18927700
2020-10-21,IWM,149.14720153808594,159.3800048828125,161.3699951171875,159.2899932861328,160.8699951171875,17504100
2020-10-22,IWM,151.7206573486328,162.1300048828125,162.19000244140625,159.17999267578125,160.13999938964844,20673900
2020-10-23,IWM,152.6002655029297,163.07000732421875,163.3300018310547,161.25,163.07000732421875,20889800
2020-10-26,IWM,149.3062744140625,159.5500030517578,161.3699951171875,157.3800048828125,160.9199981689453,26509900
2020-10-27,IWM,148.02420043945312,158.17999267578125,160.05999755859375,157.94000244140625,159.4499969482422,20523000
2020-10-28,IWM,143.46693420410156,153.30999755859375,155.44000244140625,153.0399932861328,154.66000366210938,32338700
2020-10-29,IWM,145.17941284179688,155.13999938964844,155.7899932861328,151.6699981689453,152.77000427246094,27203200
2020-10-30,IWM,143.26104736328125,153.08999633789062,155.27999877929688,151.38999938964844,154.32000732421875,31764500
2020-11-02,IWM,145.8157501220703,155.82000732421875,155.88999938964844,153.6699981689453,154.77000427246094,25252100
2020-11-03,IWM,149.9519805908203,160.24000549316406,161.22999572753906,158.05999755859375,158.42999267578125,30257400
2020-11-04,IWM,150.12045288085938,160.4199981689453,162.35000610351562,157.7100067138672,157.75,45226300
2020-11-05,IWM,154.3221435546875,164.91000366210938,165.5800018310547,161.91000366210938,162.00999450683594,31911000
2020-11-06,IWM,153.11495971679688,163.6199951171875,165.7100067138672,163.3000030517578,165.6199951171875,24930400
2020-11-09,IWM,158.66421508789062,169.5500030517578,178.10000610351562,169.3300018310547,176.9499969482422,55052700
2020-11-10,IWM,161.6120147705078,172.6999969482422,173.3300018310547,169.75,171.1999969482422,35492200
2020-11-11,IWM,161.54647827148438,172.6300048828125,173.47999572753906,170.86000061035156,173.33999633789062,23972600
2020-11-12,IWM,159.06661987304688,169.97999572753906,172.63999938964844,168.33999633789062,171.39999389648438,33986800
2020-11-13,IWM,162.36062622070312,173.5,174.1300048828125,171.30999755859375,171.35000610351562,25440400
2020-11-16,IWM,166.2254638671875,177.6300048828125,177.77999877929688,175.39999389648438,176.49000549316406,31812300
2020-11-17,IWM,167.00218200683594,178.4600067138672,178.8000030517578,174.27999877929688,176.0399932861328,26154500
2020-11-18,IWM,164.66273498535156,175.9600067138672,179.72000122070312,175.86000061035156,178.94000244140625,24377800
2020-11-19,IWM,165.926025390625,177.30999755859375,177.58999633789062,175.07000732421875,175.64999389648438,20187600
2020-11-20,IWM,166.10385131835938,177.5,177.94000244140625,175.8300018310547,176.6699981689453,24898800
2020-11-23,IWM,169.21066284179688,180.82000732421875,181.99000549316406,178.72999572753906,179.25,24816000
2020-11-24,IWM,172.39236450195312,184.22000122070312,185.44000244140625,182.36000061035156,183.38999938964844,34945400
2020-11-25,IWM,171.8028106689453,183.58999633789062,184.30999755859375,181.88999938964844,183.5,21082700
2020-11-27,IWM,172.53274536132812,184.3699951171875,184.49000549316406,183.22000122070312,183.72000122070312,10384400
2020-11-30,IWM,169.39785766601562,181.02000427246094,184.32000732421875,180.32000732421875,183.82000732421875,25481600
2020-12-01,IWM,170.96995544433594,182.6999969482422,184.22000122070312,181.02000427246094,183.60000610351562,30265000
2020-12-02,IWM,171.14776611328125,182.88999938964844,183.47999572753906,180.75999450683594,181.9499969482422,20142800
2020-12-03,IWM,172.1116485595703,183.9199981689453,185.17999267578125,182.94000244140625,183.33999633789062,19603600
2020-12-04,IWM,176.11679077148438,188.1999969482422,188.4499969482422,183.9199981689453,185.02000427246094,24415700
2020-12-07,IWM,176.28529357910156,188.3800048828125,188.9499969482422,187.44000244140625,188.22999572753906,14671500
2020-12-08,IWM,178.5499267578125,190.8000030517578,190.97999572753906,187.0800018310547,187.1199951171875,20165600
2020-12-09,IWM,177.24916076660156,189.41000366210938,192.80999755859375,187.89999389648438,192.02000427246094,29507600
2020-12-10,IWM,178.96170043945312,191.24000549316406,191.64999389648438,187.30999755859375,187.75999450683594,21245300
2020-12-11,IWM,178.08200073242188,190.3000030517578,191.72000122070312,188.3000030517578,189.99000549316406,30865000
2020-12-14,IWM,178.2904052734375,189.92999267578125,193.1199951171875,189.8800048828125,191.9600067138672,32237700
2020-12-15,IWM,182.74932861328125,194.67999267578125,194.89999389648438,190.72999572753906,191.75999450683594,26807000
2020-12-16,IWM,182.09225463867188,193.97999572753906,195.2100067138672,192.9600067138672,195.1300048828125,25494600
2020-12-17,IWM,184.26063537597656,196.2899932861328,196.3800048828125,194.05999755859375,194.72999572753906,23834200
2020-12-18,IWM,183.3688507080078,195.33999633789062,197.8300018310547,194.8000030517578,196.61000061035156,37033400
2020-12-21,IWM,183.27499389648438,195.24000549316406,195.77999877929688,191.47999572753906,191.89999389648438,30873000
2020-12-22,IWM,185.3589630126953,197.4600067138672,197.72000122070312,195.38999938964844,195.99000549316406,21919700
2020-12-23,IWM,186.93597412109375,199.13999938964844,199.64999389648438,197.89999389648438,198.57000732421875,18392000
2020-12-24,IWM,186.81393432617188,199.00999450683594,199.94000244140625,198.05999755859375,199.92999267578125,8904900
2020-12-28,IWM,186.11932373046875,198.27000427246094,201.17999267578125,198.1300048828125,201.16000366210938,27168400
2020-12-29,IWM,182.51463317871094,194.42999267578125,199.0,193.44000244140625,198.63999938964844,33901300
2020-12-30,IWM,184.37330627441406,196.41000366210938,197.47999572753906,195.02999877929688,195.0500030517578,20595700
2020-12-31,IWM,184.0447540283203,196.05999755859375,196.83999633789062,194.6199951171875,196.6199951171875,24747700
2021-01-04,IWM,181.6416473388672,193.5,197.88999938964844,190.94000244140625,197.5399932861328,33664200
2021-01-05,IWM,184.44837951660156,196.49000549316406,197.6199951171875,193.07000732421875,193.08999633789062,27442900
2021-01-06,IWM,191.99566650390625,204.52999877929688,206.77999877929688,199.16000366210938,199.47999572753906,52952200
2021-01-07,IWM,195.41259765625,208.1699981689453,208.52000427246094,205.6999969482422,205.7100067138672,24031400
2021-01-08,IWM,194.9901580810547,207.72000122070312,209.77000427246094,204.66000366210938,209.32000732421875,29017000
2021-01-11,IWM,194.82119750976562,207.5399932861328,208.1199951171875,204.8300018310547,205.08999633789062,20945100
2021-01-12,IWM,198.31321716308594,211.25999450683594,211.38999938964844,208.49000549316406,208.52000427246094,24892200
2021-01-13,IWM,196.89578247070312,209.75,211.72999572753906,209.19000244140625,211.42999267578125,22782200
2021-01-14,IWM,200.82899475097656,213.94000244140625,215.0,211.1300048828125,211.24000549316406,33913700
2021-01-15,IWM,197.83450317382812,210.75,213.9600067138672,208.25999450683594,210.80999755859375,41043500
2021-01-19,IWM,200.3690185546875,213.4499969482422,213.61000061035156,211.72000122070312,213.33999633789062,19744300
2021-01-20,IWM,201.2513885498047,214.38999938964844,215.97999572753906,213.07000732421875,214.36000061035156,25474200
2021-01-21,IWM,199.50540161132812,212.52999877929688,215.16000366210938,211.9499969482422,214.97000122070312,21180500
2021-01-22,IWM,201.82400512695312,215.0,215.3300018310547,209.5500030517578,210.49000549316406,24800200
2021-01-25,IWM,201.62689208984375,214.7899932861328,217.91000366210938,211.60000610351562,214.92999267578125,33985000
2021-01-26,IWM,200.22821044921875,213.3000030517578,216.69000244140625,212.77000427246094,216.3000030517578,23969800
2021-01-27,IWM,196.557861328125,209.38999938964844,212.99000549316406,207.2899932861328,209.5,45830300
2021-01-28,IWM,195.92889404296875,208.72000122070312,212.3699951171875,207.6300048828125,210.83999633789062,32202500
2021-01-29,IWM,192.9625244140625,205.55999755859375,210.99000549316406,204.83999633789062,209.72999572753906,40591900
2021-02-01,IWM,197.7030792236328,210.61000061035156,211.57000732421875,205.75999450683594,208.1699981689453,26375100
2021-02-02,IWM,200.51918029785156,213.61000061035156,214.0500030517578,210.88999938964844,213.14999389648438,22773100
2021-02-03,IWM,201.1199951171875,214.25,214.74000549316406,211.58999633789062,213.6999969482422,23923200
2021-02-04,IWM,205.22218322753906,218.6199951171875,218.8300018310547,215.0800018310547,215.08999633789062,25400800
2021-02-05,IWM,208.0664825439453,221.64999389648438,221.83999633789062,218.77000427246094,220.94000244140625,23338800
2021-02-08,IWM,213.37960815429688,227.30999755859375,227.3300018310547,223.39999389648438,223.7899932861328,20831500
2021-02-09,IWM,214.384033203125,228.3800048828125,229.6199951171875,226.30999755859375,227.1300048828125,19510900
2021-02-10,IWM,212.9759521484375,226.8800048828125,230.32000732421875,224.9499969482422,229.9199981689453,27955400
2021-02-11,IWM,212.73193359375,226.6199951171875,229.0,223.4199981689453,228.13999938964844,25847600
2021-02-12,IWM,213.33267211914062,227.25999450683594,227.74000549316406,224.63999938964844,225.92999267578125,17440200
2021-02-16,IWM,211.99032592773438,225.8300018310547,229.6300048828125,224.7899932861328,229.47000122070312,22999500
2021-02-17,IWM,210.3288116455078,224.05999755859375,224.74000549316406,220.9600067138672,223.61000061035156,25042300
2021-02-18,IWM,207.0714569091797,220.58999633789062,222.89999389648438,219.38999938964844,222.33999633789062,24501500
2021-02-19,IWM,211.38958740234375,225.19000244140625,226.3000030517578,222.1699981689453,222.4600067138672,31238200
2021-02-22,IWM,210.01904296875,223.72999572753906,226.38999938964844,222.97999572753906,223.50999450683594,23272100
2021-02-23,IWM,208.1697235107422,221.75999450683594,222.97999572753906,215.55999755859375,220.9600067138672,38646800
2021-02-24,IWM,213.088623046875,227.0,227.4499969482422,221.7100067138672,222.6199951171875,27584900
2021-02-25,IWM,205.21278381347656,218.61000061035156,227.58999633789062,218.00999450683594,226.7899932861328,49961400
2021-02-26,IWM,204.93116760253906,218.30999755859375,222.22999572753906,214.80999755859375,219.52000427246094,47734200
2021-03-01,IWM,212.2156219482422,226.07000732421875,226.7100067138672,222.94000244140625,223.47999572753906,26161000
2021-03-02,IWM,208.13221740722656,221.72000122070312,225.9600067138672,221.5500030517578,225.7899932861328,26895400
2021-03-03,IWM,205.87930297851562,219.32000732421875,224.25999450683594,219.2100067138672,222.4199981689453,33407600
2021-03-04,IWM,200.12496948242188,213.19000244140625,220.69000244140625,209.42999267578125,218.50999450683594,59126500
2021-03-05,IWM,204.36795043945312,217.7100067138672,218.14999389648438,207.2100067138672,216.88999938964844,53204300
2021-03-08,IWM,205.33482360839844,218.74000549316406,222.27000427246094,217.6699981689453,219.36000061035156,40619700
2021-03-09,IWM,209.65292358398438,223.33999633789062,224.99000549316406,220.9199981689453,222.41000366210938,32247300
2021-03-10,IWM,213.29513549804688,227.22000122070312,228.97000122070312,225.1999969482422,225.60000610351562,36812000
2021-03-11,IWM,217.98870849609375,232.22000122070312,232.27999877929688,228.7899932861328,229.5500030517578,25256700
2021-03-12,IWM,219.2747802734375,233.58999633789062,234.14999389648438,231.3699951171875,231.99000549316406,23732200
2021-03-15,IWM,220.05389404296875,234.4199981689453,234.52999877929688,231.91000366210938,233.33999633789062,21497400
2021-03-16,IWM,216.37413024902344,230.5,234.08999633789062,229.1199951171875,234.02000427246094,24675000
2021-03-17,IWM,218.07322692871094,232.30999755859375,232.82000732421875,227.36000061035156,228.97000122070312,29422600
2021-03-18,IWM,211.4365234375,225.24000549316406,232.92999267578125,224.61000061035156,230.8000030517578,35637200
2021-03-19,IWM,213.0322723388672,226.94000244140625,228.60000610351562,222.9499969482422,224.57000732421875,40855600
2021-03-22,IWM,211.4271240234375,225.22999572753906,228.10000610351562,224.10000610351562,227.67999267578125,26128400
2021-03-23,IWM,203.75778198242188,217.05999755859375,223.86000061035156,216.02999877929688,223.16000366210938,43660700
2021-03-24,IWM,199.04544067382812,212.0399932861328,221.3300018310547,212.0399932861328,219.86000061035156,47270200
2021-03-25,IWM,203.7647705078125,216.66000366210938,217.52000427246094,208.02999877929688,209.33999633789062,59244600
2021-03-26,IWM,207.4796600341797,220.61000061035156,220.67999267578125,215.9600067138672,218.9600067138672,34452600
2021-03-29,IWM,201.63925170898438,214.39999389648438,220.92999267578125,214.0800018310547,219.00999450683594,38078800
2021-03-30,IWM,205.034423828125,218.00999450683594,218.67999267578125,213.13999938964844,214.38999938964844,36205400
2021-03-31,IWM,207.79002380371094,220.94000244140625,222.39999389648438,219.1199951171875,219.1699981689453,34800100
2021-04-01,IWM,210.4233856201172,223.74000549316406,223.89999389648438,222.02000427246094,222.39999389648438,29799200
2021-04-05,IWM,211.58018493652344,224.97000122070312,226.5399932861328,223.57000732421875,226.39999389648438,27826600
2021-04-06,IWM,210.95947265625,224.30999755859375,226.69000244140625,223.83999633789062,225.0,24907800
2021-04-07,IWM,207.55487060546875,220.69000244140625,224.3699951171875,219.94000244140625,224.22999572753906,26233700
2021-04-08,IWM,209.31362915039062,222.55999755859375,222.82000732421875,219.38999938964844,221.83999633789062,23989400
2021-04-09,IWM,209.34181213378906,222.58999633789062,223.08999633789062,221.24000549316406,222.49000549316406,23267400
2021-04-12,IWM,208.52359008789062,221.72000122070312,222.92999267578125,220.39999389648438,222.72000122070312,20533900
2021-04-13,IWM,207.9781036376953,221.13999938964844,222.57000732421875,218.8300018310547,221.47999572753906,24608400
2021-04-14,IWM,210.02842712402344,223.32000732421875,226.0,221.8000030517578,221.8699951171875,27362000
2021-04-15,IWM,210.9406280517578,224.2899932861328,225.1199951171875,222.25999450683594,225.08999633789062,20587300
2021-04-16,IWM,211.27923583984375,224.64999389648438,225.67999267578125,223.00999450683594,225.39999389648438,23943000
2021-04-19,IWM,208.53297424316406,221.72999572753906,224.66000366210938,219.94000244140625,223.7100067138672,25285900
2021-04-20,IWM,204.26324462890625,217.19000244140625,221.6199951171875,215.24000549316406,220.77000427246094,35570800
2021-04-21,IWM,209.25717163085938,222.5,222.6199951171875,215.5,217.02000427246094,31147800
2021-04-22,IWM,208.39195251464844,221.5800018310547,225.3300018310547,220.77999877929688,223.25999450683594,31943700
2021-04-23,IWM,212.3231658935547,225.75999450683594,226.64999389648438,222.02000427246094,222.82000732421875,27999500
2021-04-26,IWM,214.53326416015625,228.11000061035156,228.69000244140625,226.75,227.0,19069200
2021-04-27,IWM,214.85304260253906,228.4499969482422,229.38999938964844,227.50999450683594,228.7100067138672,19648100
2021-04-28,IWM,215.21983337402344,228.83999633789062,229.49000549316406,227.10000610351562,228.0800018310547,16222700
2021-04-29,IWM,214.4204559326172,227.99000549316406,230.9499969482422,225.7899932861328,230.85000610351562,25500300
2021-04-30,IWM,211.50491333007812,224.88999938964844,227.8000030517578,224.13999938964844,225.72000122070312,27006000
2021-05-03,IWM,212.5394287109375,225.99000549316406,227.41000366210938,224.9199981689453,227.2100067138672,18693400
2021-05-04,IWM,210.00015258789062,223.2899932861328,226.13999938964844,220.9600067138672,224.60000610351562,26892700
2021-05-05,IWM,209.1631317138672,222.39999389648438,224.5399932861328,221.36000061035156,224.27999877929688,25139500
2021-05-06,IWM,209.34181213378906,222.58999633789062,222.80999755859375,218.63999938964844,222.64999389648438,27647300
2021-05-07,IWM,211.97515869140625,225.38999938964844,225.92999267578125,222.16000366210938,222.66000366210938,26172700
2021-05-10,IWM,206.5862274169922,219.66000366210938,225.6699981689453,219.58999633789062,225.22999572753906,28109100
2021-05-11,IWM,205.92788696289062,218.9600067138672,220.38999938964844,214.4199981689453,214.9199981689453,39519500
2021-05-12,IWM,199.24105834960938,211.85000610351562,218.77000427246094,211.5399932861328,217.10000610351562,42113400
2021-05-13,IWM,202.908935546875,215.75,217.44000244140625,211.8000030517578,213.30999755859375,37739900
2021-05-14,IWM,207.8652801513672,221.02000427246094,221.41000366210938,215.67999267578125,217.94000244140625,25070400
2021-05-17,IWM,208.14739990234375,221.32000732421875,221.38999938964844,217.89999389648438,219.77999877929688,20048500
2021-05-18,IWM,206.56741333007812,219.63999938964844,223.24000549316406,219.47000122070312,221.38999938964844,24564500
2021-05-19,IWM,204.97799682617188,217.9499969482422,218.16000366210938,214.0500030517578,216.02999877929688,31202800
2021-05-20,IWM,206.34165954589844,219.39999389648438,219.8699951171875,216.3300018310547,218.27000427246094,24932800
2021-05-21,IWM,206.8777618408203,219.97000122070312,222.3699951171875,219.35000610351562,221.3300018310547,24213700
2021-05-24,IWM,208.22262573242188,221.39999389648438,222.4499969482422,220.0,221.17999267578125,18324200
2021-05-25,IWM,206.2100372314453,219.25999450683594,223.7100067138672,219.19000244140625,222.22999572753906,20514900
2021-05-26,IWM,210.0565948486328,223.35000610351562,223.69000244140625,220.1199951171875,220.1300048828125,20388200
2021-05-27,IWM,212.21969604492188,225.64999389648438,226.36000061035156,224.17999267578125,225.0399932861328,21225700
2021-05-28,IWM,212.07861328125,225.5,227.17999267578125,225.0500030517578,227.0800018310547,20668400
2021-06-01,IWM,214.48623657226562,228.05999755859375,228.55999755859375,225.9600067138672,227.4600067138672,23081500
2021-06-02,IWM,214.74017333984375,228.3300018310547,228.9199981689453,226.8300018310547,228.91000366210938,18927500
2021-06-03,IWM,212.94386291503906,226.4199981689453,227.6199951171875,224.0399932861328,226.82000732421875,24811500
2021-06-04,IWM,213.8655548095703,227.39999389648438,228.05999755859375,226.2100067138672,227.55999755859375,19395800
2021-06-07,IWM,216.73402404785156,230.4499969482422,230.77999877929688,227.25,227.88999938964844,24049900
2021-06-08,IWM,219.02879333496094,232.88999938964844,233.47999572753906,229.97999572753906,231.2100067138672,27770300
2021-06-09,IWM,217.57102966308594,231.33999633789062,233.63999938964844,230.97999572753906,233.5399932861328,18700600
2021-06-10,IWM,215.95758056640625,229.27999877929688,232.17999267578125,228.7100067138672,231.67999267578125,29069000
2021-06-11,IWM,218.23692321777344,231.6999969482422,231.8000030517578,230.07000732421875,230.3000030517578,16707200
2021-06-14,IWM,217.59645080566406,231.02000427246094,233.35000610351562,230.13999938964844,232.30999755859375,19182800
2021-06-15,IWM,216.97483825683594,230.36000061035156,231.47000122070312,228.47999572753906,231.1199951171875,17039900
2021-06-16,IWM,216.51329040527344,229.8699951171875,230.67999267578125,227.63999938964844,229.6999969482422,24527000
2021-06-17,IWM,214.08319091796875,227.2899932861328,230.1999969482422,224.52000427246094,229.24000549316406,48292500
2021-06-18,IWM,209.22305297851562,222.1300048828125,225.74000549316406,221.1300048828125,223.6999969482422,54023700
2021-06-21,IWM,213.69703674316406,226.8800048828125,227.5,223.27999877929688,224.0500030517578,26736400
2021-06-22,IWM,214.6671600341797,227.91000366210938,228.41000366210938,224.72000122070312,226.27000427246094,21188500
2021-06-23,IWM,215.37359619140625,228.66000366210938,229.9600067138672,227.99000549316406,227.99000549316406,22387500
2021-06-24,IWM,218.4159393310547,231.88999938964844,231.91000366210938,228.72000122070312,230.1199951171875,21732500
2021-06-25,IWM,218.7832794189453,232.27999877929688,233.41000366210938,231.75,232.2899932861328,27619000
2021-06-28,IWM,217.0501708984375,230.44000244140625,232.58999633789062,228.77000427246094,232.24000549316406,25006000
2021-06-29,IWM,216.01406860351562,229.33999633789062,231.72999572753906,228.77000427246094,231.22999572753906,18844300
2021-06-30,IWM,216.04234313964844,229.3699951171875,230.32000732421875,227.75999450683594,228.64999389648438,26039000
2021-07-01,IWM,217.94496154785156,231.38999938964844,231.85000610351562,229.7100067138672,230.80999755859375,18089100
2021-07-02,IWM,215.872802734375,229.19000244140625,232.0800018310547,228.55999755859375,232.0,21029700
2021-07-06,IWM,212.7362823486328,225.86000061035156,229.4600067138672,223.8699951171875,229.36000061035156,27771300
2021-07-07,IWM,210.75833129882812,223.75999450683594,226.6699981689453,221.8000030517578,225.5399932861328,28521500
2021-07-08,IWM,208.81797790527344,221.6999969482422,224.0800018310547,217.85000610351562,219.30999755859375,42297900
2021-07-09,IWM,213.22607421875,226.3800048828125,226.4499969482422,223.33999633789062,224.16000366210938,23976400
2021-07-12,IWM,213.40504455566406,226.57000732421875,226.88999938964844,224.5500030517578,225.55999755859375,16831000
2021-07-13,IWM,209.3831329345703,222.3000030517578,225.74000549316406,222.22000122070312,225.22999572753906,25357500
2021-07-14,IWM,206.15245056152344,218.8699951171875,224.36000061035156,218.5500030517578,223.7100067138672,30594100
2021-07-15,IWM,204.98451232910156,217.6300048828125,219.05999755859375,214.94000244140625,217.8300018310547,45477000
2021-07-16,IWM,202.460205078125,214.9499969482422,219.8800048828125,214.47000122070312,219.8300018310547,36620200
2021-07-19,IWM,199.4272918701172,211.72999572753906,214.4499969482422,209.0500030517578,210.6300048828125,58571000
2021-07-20,IWM,205.6155242919922,218.3000030517578,219.27000427246094,211.25999450683594,212.1999969482422,40794600
2021-07-21,IWM,209.15708923339844,222.05999755859375,222.22000122070312,219.36000061035156,219.4499969482422,28278700
2021-07-22,IWM,205.8321990966797,218.52999877929688,221.92999267578125,217.5800018310547,221.47000122070312,32879000
2021-07-23,IWM,206.79295349121094,219.5500030517578,219.9499969482422,216.91000366210938,219.8699951171875,23660300
2021-07-26,IWM,207.39573669433594,220.19000244140625,222.0500030517578,219.14999389648438,220.38999938964844,22194200
2021-07-27,IWM,204.9750518798828,217.6199951171875,219.0800018310547,215.3800048828125,219.00999450683594,35063600
2021-07-28,IWM,207.98916625976562,220.82000732421875,222.58999633789062,217.39999389648438,219.0,33043700
2021-07-29,IWM,209.59036254882812,222.52000427246094,224.44000244140625,222.13999938964844,222.7899932861328,22634800
2021-07-30,IWM,208.20578002929688,221.0500030517578,224.0500030517578,220.27999877929688,221.64999389648438,28473000
2021-08-02,IWM,207.16966247558594,219.9499969482422,224.5500030517578,219.63999938964844,222.47000122070312,24192600
2021-08-03,IWM,208.02684020996094,220.86000061035156,221.1199951171875,217.10000610351562,220.6199951171875,27798600
2021-08-04,IWM,205.4365997314453,218.11000061035156,221.1999969482422,217.88999938964844,219.10000610351562,25588500
2021-08-05,IWM,209.12884521484375,222.02999877929688,222.44000244140625,218.67999267578125,219.08999633789062,23915200
2021-08-06,IWM,210.40982055664062,223.38999938964844,225.2100067138672,222.13999938964844,223.75,24429200
2021-08-09,IWM,209.2512969970703,222.16000366210938,223.19000244140625,221.2100067138672,222.9199981689453,17225600
2021-08-10,IWM,209.6657257080078,222.60000610351562,223.22000122070312,221.19000244140625,222.63999938964844,22681600
2021-08-11,IWM,210.6923828125,223.69000244140625,223.72999572753906,220.47000122070312,223.02000427246094,25691300
2021-08-12,IWM,210.1931915283203,223.16000366210938,223.83999633789062,221.7100067138672,223.75999450683594,23269500
2021-08-13,IWM,208.28115844726562,221.1300048828125,223.3000030517578,220.6999969482422,222.97999572753906,20813700
2021-08-16,IWM,206.3408660888672,219.07000732421875,220.25999450683594,217.64999389648438,219.77000427246094,24074400
2021-08-17,IWM,203.82595825195312,216.39999389648438,217.44000244140625,213.75,216.66000366210938,35161500
2021-08-18,IWM,202.0457763671875,214.50999450683594,218.0399932861328,214.3699951171875,216.10000610351562,29102300
2021-08-19,IWM,199.62515258789062,211.94000244140625,214.07000732421875,210.67999267578125,212.42999267578125,38119900
2021-08-20,IWM,202.9971160888672,215.52000427246094,216.02000427246094,211.4199981689453,212.10000610351562,31759500
2021-08-23,IWM,206.8588409423828,219.6199951171875,219.94000244140625,217.44000244140625,217.47999572753906,25778800
2021-08-24,IWM,208.8933563232422,221.77999877929688,221.9199981689453,219.69000244140625,220.32000732421875,18677900
2021-08-25,IWM,209.6280517578125,222.55999755859375,223.97000122070312,220.85000610351562,221.77000427246094,21548000
2021-08-26,IWM,207.4051971435547,220.1999969482422,223.16000366210938,219.74000549316406,222.13999938964844,22380300
2021-08-27,IWM,213.2543487548828,226.41000366210938,227.02999877929688,220.57000732421875,220.64999389648438,33998500
2021-08-30,IWM,212.3783721923828,225.47999572753906,227.35000610351562,224.97999572753906,227.25,20733300
2021-08-31,IWM,212.7928009033203,225.9199981689453,226.61000061035156,224.3300018310547,225.24000549316406,20839800
2021-09-01,IWM,214.22445678710938,227.44000244140625,228.24000549316406,224.8699951171875,226.8300018310547,20451500
2021-09-02,IWM,215.71267700195312,229.02000427246094,229.83999633789062,227.60000610351562,228.3300018310547,22810100
2021-09-03,IWM,214.7143096923828,227.9600067138672,228.97000122070312,227.19000244140625,228.25,18213100
2021-09-07,IWM,213.23553466796875,226.38999938964844,229.0,226.25,227.72000122070312,19153400
2021-09-08,IWM,210.90899658203125,223.9199981689453,225.97000122070312,222.6300048828125,225.61000061035156,25241500
2021-09-09,IWM,210.80540466308594,223.80999755859375,226.2899932861328,222.9600067138672,223.5399932861328,27180500
2021-09-10,IWM,208.74266052246094,221.6199951171875,225.2899932861328,221.52000427246094,225.16000366210938,24366100
2021-09-13,IWM,209.92947387695312,222.8800048828125,223.3800048828125,220.25,223.2100067138672,34693100
2021-09-14,IWM,207.25445556640625,220.0399932861328,223.77000427246094,219.07000732421875,223.75,30312600
2021-09-15,IWM,209.12884521484375,222.02999877929688,222.74000549316406,219.4600067138672,220.02000427246094,27572000
2021-09-16,IWM,209.27952575683594,222.19000244140625,223.33999633789062,220.25999450683594,222.25999450683594,22369000
2021-09-17,IWM,209.55267333984375,222.47999572753906,223.02999877929688,220.63999938964844,221.6199951171875,39957600
2021-09-20,IWM,204.57009887695312,217.19000244140625,218.99000549316406,214.22000122070312,217.4499969482422,44958500
2021-09-21,IWM,204.88088989257812,217.52000427246094,219.2899932861328,215.82000732421875,218.77000427246094,26711200
2021-09-22,IWM,208.06446838378906,220.89999389648438,222.5500030517578,218.8699951171875,218.8800048828125,32100300
2021-09-23,IWM,211.74728393554688,224.80999755859375,225.64999389648438,221.55999755859375,222.17999267578125,31057800
2021-09-24,IWM,210.72604370117188,223.0500030517578,224.36000061035156,221.83999633789062,223.02000427246094,28866000
2021-09-27,IWM,213.92874145507812,226.44000244140625,227.67999267578125,223.52999877929688,223.6199951171875,29743200
2021-09-28,IWM,209.06326293945312,221.2899932861328,225.60000610351562,220.85000610351562,225.41000366210938,39938200
2021-09-29,IWM,208.6192626953125,220.82000732421875,222.66000366210938,220.1699981689453,222.27000427246094,23628900
2021-09-30,IWM,206.66363525390625,218.75,222.61000061035156,218.60000610351562,222.1199951171875,33153600
2021-10-01,IWM,209.9985809326172,222.27999877929688,223.5,217.74000549316406,219.9499969482422,32647000
2021-10-04,IWM,208.09022521972656,220.25999450683594,222.32000732421875,218.92999267578125,222.13999938964844,32580200
2021-10-05,IWM,208.8081817626953,221.02000427246094,223.05999755859375,219.8800048828125,220.9600067138672,20407600
2021-10-06,IWM,207.72174072265625,219.8699951171875,220.1999969482422,216.75999450683594,218.75999450683594,32893300
2021-10-07,IWM,210.92442321777344,223.25999450683594,224.9499969482422,221.3699951171875,221.52999877929688,24289300
2021-10-08,IWM,209.3372802734375,221.5800018310547,224.11000061035156,221.5,223.38999938964844,17989600
2021-10-11,IWM,208.13743591308594,220.30999755859375,223.5500030517578,220.25,221.8300018310547,15929800
2021-10-12,IWM,209.2805633544922,221.52000427246094,222.47000122070312,220.36000061035156,220.85000610351562,18800600
2021-10-13,IWM,210.27255249023438,222.57000732421875,222.6999969482422,219.8300018310547,221.88999938964844,19676200
2021-10-14,IWM,213.39024353027344,225.8699951171875,226.0,224.32000732421875,224.75,18160000
2021-10-15,IWM,212.71945190429688,225.16000366210938,228.41000366210938,225.05999755859375,227.97999572753906,27555300
2021-10-18,IWM,212.59664916992188,225.02999877929688,225.67999267578125,223.72999572753906,223.8800048828125,19082600
2021-10-19,IWM,213.39024353027344,225.8699951171875,226.8800048828125,224.61000061035156,225.97999572753906,15498400
2021-10-20,IWM,214.8073272705078,227.3699951171875,227.97999572753906,225.1199951171875,225.97000122070312,18130500
2021-10-21,IWM,215.35531616210938,227.9499969482422,229.00999450683594,226.6199951171875,227.19000244140625,17851600
2021-10-22,IWM,214.8451385498047,227.41000366210938,228.38999938964844,225.69000244140625,227.8000030517578,16887000
2021-10-25,IWM,216.88577270507812,229.57000732421875,229.97999572753906,227.27999877929688,227.7899932861328,16387100
2021-10-26,IWM,215.25137329101562,227.83999633789062,230.72000122070312,227.8000030517578,230.02999877929688,25290200
2021-10-27,IWM,211.2928924560547,223.64999389648438,227.4600067138672,223.5,227.17999267578125,27088500
2021-10-28,IWM,215.50643920898438,228.11000061035156,228.25999450683594,224.77000427246094,224.8000030517578,22890600
2021-10-29,IWM,215.4497833251953,228.0500030517578,228.8300018310547,226.9600067138672,227.8000030517578,20777700
2021-11-01,IWM,221.03323364257812,233.9600067138672,234.17999267578125,228.88999938964844,229.25,35500800
2021-11-02,IWM,221.49615478515625,234.4499969482422,234.85000610351562,232.64999389648438,234.3800048828125,24949700
2021-11-03,IWM,225.4546661376953,238.63999938964844,239.80999755859375,233.9199981689453,234.14999389648438,47648500
2021-11-04,IWM,225.36965942382812,238.5500030517578,240.94000244140625,237.55999755859375,239.47999572753906,26514000
2021-11-05,IWM,228.4495086669922,241.80999755859375,243.39999389648438,240.1999969482422,241.1699981689453,42041700
2021-11-08,IWM,229.1580810546875,242.55999755859375,244.4600067138672,241.92999267578125,243.74000549316406,31324500
2021-11-09,IWM,227.82598876953125,241.14999389648438,242.52999877929688,239.5399932861328,242.0,29895900
2021-11-10,IWM,224.23593139648438,237.35000610351562,241.55999755859375,236.30999755859375,240.0800018310547,32471600
2021-11-11,IWM,226.04039001464844,239.25999450683594,240.3800048828125,237.66000366210938,238.30999755859375,17987500
2021-11-12,IWM,226.26715087890625,239.5,240.2100067138672,238.74000549316406,239.9199981689453,20526700
2021-11-15,IWM,225.36965942382812,238.5500030517578,240.75999450683594,237.5500030517578,240.57000732421875,27390000
2021-11-16,IWM,225.78533935546875,238.99000549316406,239.3699951171875,236.9499969482422,237.75999450683594,21925200
2021-11-17,IWM,222.82826232910156,235.86000061035156,238.1300048828125,235.1300048828125,238.05999755859375,26527800
2021-11-18,IWM,221.88351440429688,234.86000061035156,237.07000732421875,233.0500030517578,236.9199981689453,30637300
2021-11-19,IWM,219.86175537109375,232.72000122070312,234.4199981689453,232.38999938964844,233.27000427246094,33994000
2021-11-22,IWM,218.9264373779297,231.72999572753906,235.74000549316406,231.6199951171875,234.22000122070312,31042100
2021-11-23,IWM,218.54855346679688,231.3300018310547,233.0,228.6199951171875,231.38999938964844,33843800
2021-11-24,IWM,218.78472900390625,231.5800018310547,231.99000549316406,228.5399932861328,229.38999938964844,24099300
2021-11-26,IWM,210.53709411621094,222.85000610351562,226.1699981689453,219.63999938964844,224.9600067138672,62595400
2021-11-29,IWM,210.4048614501953,222.7100067138672,226.75,221.24000549316406,226.22000122070312,45982400
2021-11-30,IWM,206.11566162109375,218.1699981689453,221.86000061035156,215.8800048828125,220.66000366210938,64908400
2021-12-01,IWM,201.47694396972656,213.25999450683594,224.2100067138672,213.14999389648438,223.1699981689453,69120100
2021-12-02,IWM,207.09820556640625,219.2100067138672,219.94000244140625,213.82000732421875,214.3699951171875,64315700
2021-12-03,IWM,202.84683227539062,214.7100067138672,220.3800048828125,212.7100067138672,220.2899932861328,64425200
2021-12-06,IWM,206.91873168945312,219.02000427246094,220.69000244140625,213.7100067138672,216.5399932861328,43878300
2021-12-07,IWM,211.7180633544922,224.10000610351562,226.0399932861328,221.97999572753906,222.13999938964844,44679200
2021-12-08,IWM,213.1635284423828,225.6300048828125,226.5399932861328,223.05999755859375,224.60000610351562,36546400
2021-12-09,IWM,208.33583068847656,220.52000427246094,225.80999755859375,220.47999572753906,223.9499969482422,34830300
2021-12-10,IWM,207.759521484375,219.91000366210938,222.85000610351562,218.32000732421875,222.1999969482422,32924600
2021-12-13,IWM,204.72335815429688,216.0399932861328,219.0500030517578,214.75,218.38999938964844,33478400
2021-12-14,IWM,202.96080017089844,214.17999267578125,217.52000427246094,213.30999755859375,214.5800018310547,36543500
2021-12-15,IWM,206.1826934814453,217.5800018310547,218.16000366210938,211.0800018310547,214.2100067138672,51261000
2021-12-16,IWM,202.01315307617188,213.17999267578125,219.89999389648438,212.25,219.4499969482422,52743800
2021-12-17,IWM,203.8705291748047,215.13999938964844,217.35000610351562,210.3000030517578,212.1999969482422,62620900
2021-12-20,IWM,201.00869750976562,212.1199951171875,212.94000244140625,208.75999450683594,212.08999633789062,49993000
2021-12-21,IWM,206.75125122070312,218.17999267578125,218.38999938964844,212.05999755859375,214.1999969482422,38545300
2021-12-22,IWM,208.7412567138672,220.27999877929688,220.35000610351562,217.1300048828125,217.8699951171875,32442000
2021-12-23,IWM,210.40907287597656,222.0399932861328,222.8000030517578,220.33999633789062,221.0500030517578,22125400
2021-12-27,IWM,212.3800811767578,224.1199951171875,224.24000549316406,220.60000610351562,222.33999633789062,24196700
2021-12-28,IWM,211.0818634033203,222.75,225.72999572753906,222.35000610351562,223.7899932861328,23120300
2021-12-29,IWM,211.3092803955078,222.99000549316406,223.49000549316406,221.25999450683594,222.72000122070312,19444400
2021-12-30,IWM,211.25244140625,222.92999267578125,225.42999267578125,222.6999969482422,222.94000244140625,23607700
2021-12-31,IWM,210.79757690429688,222.4499969482422,224.1199951171875,222.38999938964844,222.49000549316406,23997400
2022-01-03,IWM,213.5172576904297,225.32000732421875,226.69000244140625,222.72999572753906,223.7100067138672,30618800
2022-01-04,IWM,213.19505310058594,224.97999572753906,227.1300048828125,223.3800048828125,226.0,22013100
2022-01-05,IWM,205.97422790527344,217.36000061035156,225.91000366210938,217.32000732421875,224.8699951171875,40582100
2022-01-06,IWM,207.1492462158203,218.60000610351562,220.4199981689453,215.82000732421875,217.82000732421875,39105900
2022-01-07,IWM,204.75177001953125,216.07000732421875,220.3800048828125,215.92999267578125,218.60000610351562,31583900
2022-01-10,IWM,204.0410614013672,215.32000732421875,215.38999938964844,211.11000061035156,214.77000427246094,45778100
2022-01-11,IWM,206.21115112304688,217.61000061035156,217.8300018310547,212.9600067138672,215.47999572753906,35209900
2022-01-12,IWM,204.6759796142578,215.99000549316406,219.3800048828125,214.63999938964844,218.52000427246094,35284500
2022-01-13,IWM,202.79969787597656,214.00999450683594,218.19000244140625,213.3800048828125,216.80999755859375,34489600
2022-01-14,IWM,203.08396911621094,214.30999755859375,214.39999389648438,210.5800018310547,211.99000549316406,42020900
2022-01-18,IWM,196.9434356689453,207.8300018310547,212.44000244140625,207.52999877929688,212.1999969482422,49434400
2022-01-19,IWM,193.740478515625,204.4499969482422,209.4600067138672,204.3800048828125,208.80999755859375,46209100
2022-01-20,IWM,190.23428344726562,200.75,208.99000549316406,200.3300018310547,205.3800048828125,50466000
2022-01-21,IWM,186.67127990722656,196.99000549316406,203.02000427246094,196.99000549316406,199.75999450683594,85821000
2022-01-24,IWM,190.9734344482422,201.52999877929688,202.38999938964844,191.22999572753906,194.07000732421875,85782000
2022-01-25,IWM,188.42430114746094,198.83999633789062,201.6999969482422,194.55999755859375,198.47999572753906,61088500
2022-01-26,IWM,185.7046661376953,195.97000122070312,203.5500030517578,193.72000122070312,201.77999877929688,71471700
2022-01-27,IWM,181.48777770996094,191.52000427246094,199.61000061035156,190.60000610351562,197.6300048828125,59829000
2022-01-28,IWM,185.02236938476562,195.25,195.30999755859375,188.08999633789062,191.6999969482422,65870000
2022-01-31,IWM,190.69863891601562,201.24000549316406,201.24000549316406,193.85000610351562,194.38999938964844,53393800
2022-02-01,IWM,192.7075958251953,203.36000061035156,203.57000732421875,197.97000122070312,201.66000366210938,43429400
2022-02-02,IWM,190.7933807373047,201.33999633789062,203.89999389648438,199.2899932861328,203.6199951171875,42777800
2022-02-03,IWM,187.1829833984375,197.52999877929688,201.24000549316406,197.0500030517578,198.83999633789062,39629400
2022-02-04,IWM,187.9884033203125,198.3800048828125,200.10000610351562,194.9199981689453,197.0399932861328,34291100
2022-02-07,IWM,188.9171142578125,199.36000061035156,201.16000366210938,197.99000549316406,198.42999267578125,33242600
2022-02-08,IWM,192.13900756835938,202.75999450683594,203.1199951171875,199.36000061035156,199.47000122070312,28341900
2022-02-09,IWM,195.78732299804688,206.61000061035156,206.64999389648438,204.3000030517578,204.57000732421875,27329300
2022-02-10,IWM,192.7833709716797,203.44000244140625,209.0500030517578,202.1199951171875,202.89999389648438,44788100
2022-02-11,IWM,190.83128356933594,201.3800048828125,206.05999755859375,199.69000244140625,203.64999389648438,41516600
2022-02-14,IWM,190.1679229736328,200.67999267578125,203.52999877929688,199.24000549316406,201.6300048828125,32262700
2022-02-15,IWM,195.26612854003906,206.05999755859375,206.30999755859375,202.6300048828125,202.77999877929688,25847500
2022-02-16,IWM,195.67361450195312,206.49000549316406,207.27000427246094,204.0800018310547,205.3000030517578,30104800
2022-02-17,IWM,190.66067504882812,201.1999969482422,205.02999877929688,200.77999877929688,204.5500030517578,27140200
2022-02-18,IWM,189.02133178710938,199.47000122070312,202.72000122070312,198.75999450683594,201.02999877929688,36255400
2022-02-22,IWM,186.35853576660156,196.66000366210938,200.4499969482422,195.35000610351562,198.47999572753906,31847100
2022-02-23,IWM,182.87130737304688,192.97999572753906,198.89999389648438,192.5500030517578,198.24000549316406,31491500
2022-02-24,IWM,187.6662139892578,198.0399932861328,198.47999572753906,187.9199981689453,188.32000732421875,52221100
2022-02-25,IWM,191.8926239013672,202.5,202.6199951171875,197.0,198.69000244140625,33656200
2022-02-28,IWM,192.669677734375,203.32000732421875,204.60000610351562,200.4600067138672,200.47000122070312,34975900
2022-03-01,IWM,189.04029846191406,199.49000549316406,203.7899932861328,197.8000030517578,202.66000366210938,40638900
2022-03-02,IWM,193.54148864746094,204.24000549316406,205.3000030517578,200.69000244140625,200.83999633789062,29978600
2022-03-03,IWM,191.24826049804688,201.82000732421875,205.11000061035156,200.2899932861328,205.08999633789062,30142700
2022-03-04,IWM,188.2537841796875,198.66000366210938,200.86000061035156,196.97999572753906,199.6999969482422,31610400
2022-03-07,IWM,183.57254028320312,193.72000122070312,199.58999633789062,193.67999267578125,199.22000122070312,39279800
2022-03-08,IWM,184.58648681640625,194.7899932861328,199.57000732421875,193.4600067138672,194.33999633789062,45715800
2022-03-09,IWM,189.7888946533203,200.27999877929688,201.0,197.6199951171875,198.22000122070312,29048000
2022-03-10,IWM,189.44776916503906,199.9199981689453,200.0399932861328,196.55999755859375,197.41000366210938,25661000
2022-03-11,IWM,186.42486572265625,196.72999572753906,201.75999450683594,196.44000244140625,200.77999877929688,24990000
2022-03-14,IWM,182.6154327392578,192.7100067138672,197.44000244140625,191.8800048828125,197.24000549316406,34969500
2022-03-15,IWM,185.524658203125,195.77999877929688,195.7899932861328,192.8800048828125,193.4600067138672,25464300
2022-03-16,IWM,191.3619384765625,201.94000244140625,201.94000244140625,196.14999389648438,197.5399932861328,31869700
2022-03-17,IWM,194.36587524414062,205.11000061035156,205.2100067138672,200.3000030517578,200.77000427246094,25783100
2022-03-18,IWM,196.41273498535156,207.27000427246094,207.4499969482422,204.0,204.2100067138672,37092200
2022-03-21,IWM,194.67860412597656,205.44000244140625,208.17999267578125,203.94000244140625,207.1999969482422,26747500
2022-03-22,IWM,196.63072204589844,207.5,208.7899932861328,205.8000030517578,206.30999755859375,24699900
2022-03-23,IWM,193.2192840576172,203.89999389648438,207.1999969482422,203.75,206.14999389648438,19775000
2022-03-24,IWM,195.44105529785156,205.83999633789062,205.89999389648438,202.72999572753906,204.3800048828125,19781200
2022-03-25,IWM,195.7069091796875,206.1199951171875,206.6199951171875,204.44000244140625,206.08999633789062,19430400
2022-03-28,IWM,195.7733612060547,206.19000244140625,206.2100067138672,203.02999877929688,205.60000610351562,18999100
2022-03-29,IWM,201.01451110839844,211.7100067138672,212.25,207.8800048828125,208.0,29550600
2022-03-30,IWM,196.97923278808594,207.4600067138672,211.74000549316406,206.61000061035156,211.3699951171875,26251500
2022-03-31,IWM,194.89987182617188,205.27000427246094,208.91000366210938,205.14999389648438,207.1300048828125,26771600
2022-04-01,IWM,197.08367919921875,207.57000732421875,207.72000122070312,205.00999450683594,206.17999267578125,25948500
2022-04-04,IWM,197.40647888183594,207.91000366210938,208.42999267578125,205.8800048828125,207.8699951171875,20333900
2022-04-05,IWM,192.73507690429688,202.99000549316406,209.44000244140625,202.50999450683594,207.9600067138672,26509800
2022-04-06,IWM,190.0005645751953,200.11000061035156,201.8000030517578,198.67999267578125,201.27000427246094,34903900
2022-04-07,IWM,189.38339233398438,199.4600067138672,201.22999572753906,196.67999267578125,200.11000061035156,29291200
2022-04-08,IWM,187.8737030029297,197.8699951171875,200.30999755859375,197.5,199.22000122070312,25249600
2022-04-11,IWM,186.6108856201172,196.5399932861328,199.25,195.8800048828125,197.1199951171875,33702300
2022-04-12,IWM,187.19956970214844,197.16000366210938,201.67999267578125,196.4199981689453,198.6999969482422,33699800
2022-04-13,IWM,190.7601318359375,200.91000366210938,201.4499969482422,197.61000061035156,197.67999267578125,22303600
2022-04-14,IWM,188.90867614746094,198.9600067138672,202.3699951171875,198.8699951171875,201.11000061035156,27107000
2022-04-18,IWM,187.63632202148438,197.6199951171875,199.17999267578125,196.52999877929688,198.4600067138672,22246400
2022-04-19,IWM,191.37728881835938,201.55999755859375,202.24000549316406,197.69000244140625,197.86000061035156,22786700
2022-04-20,IWM,192.10841369628906,202.3300018310547,203.8699951171875,201.86000061035156,203.0500030517578,20516200
2022-04-21,IWM,187.8072509765625,197.8000030517578,204.8000030517578,197.02000427246094,204.22999572753906,31547700
2022-04-22,IWM,182.94589233398438,192.67999267578125,197.3699951171875,192.2899932861328,196.8699951171875,35686900
2022-04-25,IWM,184.0568084716797,193.85000610351562,194.11000061035156,189.2100067138672,190.99000549316406,35556500
2022-04-26,IWM,178.25546264648438,187.74000549316406,192.7100067138672,187.47999572753906,192.32000732421875,40513600
2022-04-27,IWM,177.51486206054688,186.9600067138672,189.77999877929688,186.25999450683594,187.6699981689453,37808000
2022-04-28,IWM,180.8285675048828,190.4499969482422,191.39999389648438,184.7100067138672,189.1699981689453,37405200
2022-04-29,IWM,175.60641479492188,184.9499969482422,191.72999572753906,184.50999450683594,189.58999633789062,41193400
2022-05-02,IWM,177.4484100341797,186.88999938964844,187.82000732421875,182.3800048828125,184.89999389648438,38002100
2022-05-03,IWM,178.9675750732422,188.49000549316406,189.50999450683594,185.67999267578125,186.9199981689453,30246300
2022-05-04,IWM,183.7434844970703,193.52000427246094,193.92999267578125,185.69000244140625,189.0500030517578,38834700
2022-05-05,IWM,176.2900390625,185.6699981689453,191.55999755859375,183.3800048828125,191.52999877929688,41468700
2022-05-06,IWM,173.3561553955078,182.5800018310547,185.4199981689453,180.5500030517578,184.9600067138672,45457900
2022-05-09,IWM,166.06411743164062,174.89999389648438,182.64999389648438,174.10000610351562,179.86000061035156,53682200
2022-05-10,IWM,166.11163330078125,174.9499969482422,178.91000366210938,171.1999969482422,177.57000732421875,53650800
2022-05-11,IWM,161.98138427734375,170.60000610351562,178.19000244140625,170.3000030517578,175.1300048828125,64377800
2022-05-12,IWM,163.8803253173828,172.60000610351562,174.33999633789062,168.89999389648438,169.8300018310547,52967400
2022-05-13,IWM,169.07398986816406,178.07000732421875,179.41000366210938,175.00999450683594,175.0399932861328,36517000
2022-05-16,IWM,168.26693725585938,177.22000122070312,179.44000244140625,176.13999938964844,177.5,28225500
2022-05-17,IWM,173.41311645507812,182.63999938964844,182.83999633789062,178.99000549316406,180.41000366210938,31833700
2022-05-18,IWM,167.33645629882812,176.24000549316406,181.41000366210938,175.10000610351562,180.47000122070312,36093800
2022-05-19,IWM,167.61178588867188,176.52999877929688,178.80999755859375,174.88999938964844,174.88999938964844,33627700
2022-05-20,IWM,167.18453979492188,176.0800018310547,178.97000122070312,171.7899932861328,178.5,42243700
2022-05-23,IWM,169.20692443847656,178.2100067138672,178.9600067138672,175.5,177.8800048828125,24644100
2022-05-24,IWM,166.7002716064453,175.57000732421875,176.92999267578125,172.3300018310547,176.57000732421875,26861800
2022-05-25,IWM,169.7006378173828,178.72999572753906,179.77999877929688,174.80999755859375,174.8800048828125,27950100
2022-05-26,IWM,173.4890899658203,182.72000122070312,183.8000030517578,179.6999969482422,179.85000610351562,25702700
2022-05-27,IWM,178.16053771972656,187.63999938964844,187.64999389648438,183.39999389648438,183.75999450683594,24952100
2022-05-31,IWM,175.94821166992188,185.30999755859375,187.67999267578125,184.08999633789062,186.91000366210938,29794500
2022-06-01,IWM,174.95127868652344,184.25999450683594,186.94000244140625,181.77000427246094,186.27000427246094,28352100
2022-06-02,IWM,179.22393798828125,188.75999450683594,188.75999450683594,184.1699981689453,184.58999633789062,24876000
2022-06-03,IWM,177.60983276367188,187.05999755859375,187.9600067138672,185.7899932861328,187.2899932861328,18972100
2022-06-06,IWM,178.37889099121094,187.8699951171875,189.30999755859375,186.8300018310547,189.2899932861328,24678700
2022-06-07,IWM,181.2558135986328,190.89999389648438,190.94000244140625,185.89999389648438,186.41000366210938,21661600
2022-06-08,IWM,178.454833984375,187.9499969482422,190.6999969482422,187.05999755859375,189.9600067138672,21521700
2022-06-09,IWM,174.75546264648438,183.57000732421875,187.07000732421875,183.52999877929688,186.5500030517578,21697200
2022-06-10,IWM,170.0145721435547,178.58999633789062,181.5500030517578,177.64999389648438,180.50999450683594,37153600
2022-06-13,IWM,162.02743530273438,170.1999969482422,174.9600067138672,169.2899932861328,173.6300048828125,39712700
2022-06-14,IWM,161.24684143066406,169.3800048828125,171.24000549316406,167.74000549316406,170.6699981689453,30282400
2022-06-15,IWM,163.6077423095703,171.86000061035156,174.05999755859375,168.66000366210938,171.2100067138672,32150500
2022-06-16,IWM,156.0299530029297,163.89999389648438,168.4199981689453,162.77999877929688,167.83999633789062,43810600
2022-06-17,IWM,157.24850463867188,165.17999267578125,167.52000427246094,163.6999969482422,164.47999572753906,40327300
2022-06-21,IWM,160.06634521484375,168.13999938964844,170.0800018310547,166.80999755859375,167.97999572753906,34665400
2022-06-22,IWM,159.76173400878906,167.82000732421875,169.25999450683594,165.3699951171875,165.9600067138672,29303500
2022-06-23,IWM,161.67520141601562,169.8300018310547,170.22999572753906,166.5500030517578,168.19000244140625,27089800
2022-06-24,IWM,166.68267822265625,175.08999633789062,175.10000610351562,170.89999389648438,171.22000122070312,37138500
2022-06-27,IWM,167.3014373779297,175.74000549316406,176.99000549316406,174.17999267578125,175.6699981689453,24745400
2022-06-28,IWM,164.15988159179688,172.44000244140625,178.14999389648438,172.35000610351562,176.92999267578125,25909200
2022-06-29,IWM,162.49391174316406,170.69000244140625,172.6999969482422,168.97000122070312,172.5500030517578,21292500
2022-06-30,IWM,161.22779846191406,169.36000061035156,171.30999755859375,166.75999450683594,168.1999969482422,31466300
2022-07-01,IWM,163.17935180664062,171.41000366210938,171.83999633789062,167.66000366210938,169.0500030517578,24598600
2022-07-05,IWM,164.53118896484375,172.8300018310547,172.89999389648438,166.72999572753906,168.67999267578125,25151100
2022-07-06,IWM,163.31265258789062,171.5500030517578,173.7100067138672,169.75,172.4499969482422,25697600
2022-07-07,IWM,167.17770385742188,175.61000061035156,175.97999572753906,172.85000610351562,172.86000061035156,24822500
2022-07-08,IWM,167.1586456298828,175.58999633789062,176.99000549316406,173.64999389648438,175.07000732421875,20547000
2022-07-11,IWM,163.79811096191406,172.05999755859375,174.97000122070312,171.60000610351562,174.25999450683594,22031500
2022-07-12,IWM,163.23648071289062,171.47000122070312,173.36000061035156,170.55999755859375,171.5399932861328,23864200
2022-07-13,IWM,163.09368896484375,171.32000732421875,172.27999877929688,168.7899932861328,169.14999389648438,25535600
2022-07-14,IWM,161.41819763183594,169.55999755859375,170.0,167.02000427246094,168.67999267578125,25102200
2022-07-15,IWM,164.77867126464844,173.08999633789062,173.35000610351562,169.30999755859375,171.5399932861328,34935900
2022-07-18,IWM,164.31219482421875,172.60000610351562,176.2899932861328,172.05999755859375,175.1300048828125,23031500
2022-07-19,IWM,170.10980224609375,178.69000244140625,178.88999938964844,174.66000366210938,174.75,24234600
2022-07-20,IWM,172.77532958984375,181.49000549316406,181.80999755859375,178.39999389648438,178.64999389648438,26049300
2022-07-21,IWM,173.66065979003906,182.4199981689453,182.5,178.85000610351562,180.4499969482422,21709900
2022-07-22,IWM,170.89041137695312,179.50999450683594,183.25,178.0500030517578,182.8800048828125,25116100
2022-07-25,IWM,171.77572631835938,180.44000244140625,180.9199981689453,178.42999267578125,180.0500030517578,19267200
2022-07-26,IWM,170.71905517578125,179.3300018310547,180.2100067138672,178.5399932861328,179.77999877929688,19391200
2022-07-27,IWM,174.60313415527344,183.41000366210938,184.25,180.0,180.47999572753906,21670700
2022-07-28,IWM,177.00213623046875,185.92999267578125,186.13999938964844,181.75999450683594,184.32000732421875,22838500
2022-07-29,IWM,178.25875854492188,187.25,187.72999572753906,185.0399932861328,186.0399932861328,21760600
2022-08-01,IWM,178.19212341308594,187.17999267578125,188.32000732421875,184.22000122070312,185.7899932861328,23905600
2022-08-02,IWM,178.02076721191406,187.0,189.02000427246094,185.47999572753906,186.47000122070312,17492600
2022-08-03,IWM,180.6387176513672,189.75,190.14999389648438,187.63999938964844,188.3000030517578,19157700
2022-08-04,IWM,180.2579345703125,189.35000610351562,190.0399932861328,188.44000244140625,189.83999633789062,14838900
2022-08-05,IWM,181.63832092285156,190.8000030517578,191.02000427246094,187.1699981689453,187.47000122070312,18540300
2022-08-08,IWM,183.5613250732422,192.82000732421875,194.6300048828125,191.88999938964844,192.14999389648438,22188700
2022-08-09,IWM,181.05763244628906,190.19000244140625,192.1699981689453,189.16000366210938,192.0399932861328,18247300
2022-08-10,IWM,186.2268524169922,195.6199951171875,195.9499969482422,193.11000061035156,193.6300048828125,20796400
2022-08-11,IWM,186.92178344726562,196.35000610351562,199.52999877929688,196.0399932861328,197.4199981689453,23727600
2022-08-12,IWM,190.7392578125,200.36000061035156,200.42999267578125,196.5800018310547,197.35000610351562,21726600
2022-08-15,IWM,191.41514587402344,201.07000732421875,201.16000366210938,198.22000122070312,198.8000030517578,17414800
2022-08-16,IWM,191.33900451660156,200.99000549316406,201.99000549316406,199.02999877929688,200.5,18833100
2022-08-17,IWM,188.12127685546875,197.61000061035156,199.3300018310547,196.3800048828125,198.72000122070312,22428000
2022-08-18,IWM,189.36837768554688,198.9199981689453,199.25,196.89999389648438,197.8800048828125,18368100
2022-08-19,IWM,185.3034210205078,194.64999389648438,197.11000061035156,194.07000732421875,196.8300018310547,27416400
2022-08-22,IWM,181.48597717285156,190.63999938964844,192.35000610351562,190.00999450683594,191.99000549316406,22937000
2022-08-23,IWM,181.7810821533203,190.9499969482422,192.92999267578125,190.38999938964844,190.94000244140625,20069800
2022-08-24,IWM,183.17100524902344,192.41000366210938,193.3000030517578,190.16000366210938,190.7899932861328,16038300
2022-08-25,IWM,186.0174102783203,195.39999389648438,195.4499969482422,192.97999572753906,193.3800048828125,14795000
2022-08-26,IWM,179.90567016601562,188.97999572753906,195.44000244140625,188.66000366210938,195.33999633789062,24177200
2022-08-29,IWM,178.2492218017578,187.24000549316406,188.99000549316406,186.52000427246094,186.9499969482422,19753300
2022-08-30,IWM,175.75503540039062,184.6199951171875,188.00999450683594,183.5399932861328,187.82000732421875,22548900
2022-08-31,IWM,174.68882751464844,183.5,185.74000549316406,183.19000244140625,184.94000244140625,22412500
2022-09-01,IWM,172.7848663330078,181.5,181.88999938964844,178.89999389648438,181.77999877929688,30706600
2022-09-02,IWM,171.4425506591797,180.08999633789062,183.9499969482422,179.13999938964844,183.60000610351562,27468200
2022-09-06,IWM,169.74803161621094,178.30999755859375,181.0800018310547,177.5,180.7100067138672,23837100
2022-09-07,IWM,173.4417266845703,182.19000244140625,182.47000122070312,177.92999267578125,177.97000122070312,24781200
2022-09-08,IWM,174.88870239257812,183.7100067138672,183.7899932861328,179.6199951171875,180.69000244140625,25273200
2022-09-09,IWM,178.4015350341797,187.39999389648438,187.6300048828125,185.10000610351562,185.33999633789062,23208800
2022-09-12,IWM,180.5625762939453,189.6699981689453,189.86000061035156,187.97000122070312,188.60000610351562,23134600
2022-09-13,IWM,173.4988555908203,182.25,185.91000366210938,181.5399932861328,184.86000061035156,34144700
2022-09-14,IWM,174.1747589111328,182.9600067138672,183.32000732421875,180.57000732421875,182.57000732421875,25278300
2022-09-15,IWM,172.90859985351562,181.6300048828125,184.69000244140625,180.86000061035156,181.9199981689453,25378700
2022-09-16,IWM,170.3953857421875,178.99000549316406,179.67999267578125,176.91000366210938,179.08999633789062,41155900
2022-09-19,IWM,171.85191345214844,180.52000427246094,180.75,176.9600067138672,177.00999450683594,25412200
2022-09-20,IWM,169.5100555419922,178.05999755859375,178.94000244140625,176.7100067138672,178.77000427246094,22247500
2022-09-21,IWM,166.920654296875,175.33999633789062,181.10000610351562,175.3300018310547,179.3699951171875,29357100
2022-09-22,IWM,163.16030883789062,171.38999938964844,175.5800018310547,170.74000549316406,175.0,33468600
2022-09-23,IWM,159.2762451171875,167.30999755859375,169.19000244140625,165.0,169.0,40336900
2022-09-26,IWM,157.09542846679688,164.1699981689453,168.97000122070312,163.5800018310547,165.47000122070312,30597800
2022-09-27,IWM,157.6313018798828,164.72999572753906,167.6300048828125,163.27999877929688,166.30999755859375,42406600
2022-09-28,IWM,162.61679077148438,169.94000244140625,170.99000549316406,165.07000732421875,165.75999450683594,35186500
2022-09-29,IWM,158.9709930419922,166.1300048828125,167.92999267578125,163.8000030517578,167.77999877929688,31464000
2022-09-30,IWM,157.8131103515625,164.9199981689453,169.52000427246094,164.8699951171875,165.77999877929688,40643800
2022-10-03,IWM,161.9947967529297,169.2899932861328,170.3000030517578,165.25,167.33999633789062,33611600
2022-10-04,IWM,168.41566467285156,176.0,176.0800018310547,172.52999877929688,172.61000061035156,37537300
2022-10-05,IWM,167.17164611816406,174.6999969482422,175.3300018310547,171.4199981689453,173.41000366210938,25281400
2022-10-06,IWM,166.23387145996094,173.72000122070312,176.1699981689453,172.91000366210938,173.85000610351562,22635900
2022-10-07,IWM,161.34408569335938,168.61000061035156,172.47000122070312,167.9199981689453,171.92999267578125,26536100
2022-10-10,IWM,160.44459533691406,167.6699981689453,169.57000732421875,166.58999633789062,169.2899932861328,23386400
2022-10-11,IWM,160.492431640625,167.72000122070312,170.11000061035156,164.8000030517578,166.9600067138672,28009100
2022-10-12,IWM,160.0522918701172,167.25999450683594,168.4600067138672,165.47999572753906,167.89999389648438,26796700
2022-10-13,IWM,164.01385498046875,171.39999389648438,172.1999969482422,162.5,164.0,45376500
2022-10-14,IWM,159.62167358398438,166.80999755859375,173.9199981689453,166.7100067138672,172.74000549316406,29608600
2022-10-17,IWM,164.71241760253906,172.1300048828125,172.6199951171875,170.11000061035156,170.22000122070312,28199200
2022-10-18,IWM,166.6644744873047,174.1699981689453,177.2899932861328,172.69000244140625,175.86000061035156,34523100
2022-10-19,IWM,163.83206176757812,171.2100067138672,173.39999389648438,169.3300018310547,172.49000549316406,27146900
2022-10-20,IWM,161.74598693847656,169.02999877929688,173.5500030517578,168.47000122070312,171.4199981689453,26710700
2022-10-21,IWM,165.25784301757812,172.6999969482422,173.1999969482422,168.19000244140625,169.39999389648438,45402700
2022-10-24,IWM,165.9659881591797,173.44000244140625,174.0,171.0500030517578,173.32000732421875,27284500
2022-10-25,IWM,170.49209594726562,178.1699981689453,178.89999389648438,173.55999755859375,173.57000732421875,33105700
2022-10-26,IWM,171.33419799804688,179.0500030517578,182.3699951171875,178.3300018310547,179.14999389648438,37084700
2022-10-27,IWM,171.3724822998047,179.08999633789062,182.0,178.8699951171875,180.58999633789062,28651800
2022-10-28,IWM,175.26712036132812,183.16000366210938,183.41000366210938,178.74000549316406,179.8300018310547,33221600
2022-10-31,IWM,175.4297637939453,183.3300018310547,184.24000549316406,181.5500030517578,182.27000427246094,25699400
2022-11-01,IWM,175.66900634765625,183.5800018310547,185.60000610351562,182.8800048828125,185.24000549316406,27446700
2022-11-02,IWM,169.84141540527344,177.49000549316406,185.0,177.42999267578125,182.83999633789062,38139600
2022-11-03,IWM,168.70272827148438,176.3000030517578,177.94000244140625,174.11000061035156,175.2899932861328,29093200
2022-11-04,IWM,170.9801483154297,178.67999267578125,179.94000244140625,175.47000122070312,178.9199981689453,25842400
2022-11-07,IWM,171.75526428222656,179.49000549316406,180.58999633789062,177.67999267578125,179.74000549316406,20689900
2022-11-08,IWM,171.8222198486328,179.55999755859375,181.9499969482422,177.36000061035156,180.22999572753906,20265200
2022-11-09,IWM,167.10467529296875,174.6300048828125,178.6699981689453,174.27999877929688,178.0,27277000
2022-11-10,IWM,177.39141845703125,185.3800048828125,185.4499969482422,181.14999389648438,181.85000610351562,38572800
2022-11-11,IWM,178.84591674804688,186.89999389648438,188.83999633789062,185.69000244140625,185.75999450683594,28765400
2022-11-14,IWM,176.84597778320312,184.80999755859375,187.7899932861328,184.6300048828125,185.7899932861328,26499600
2022-11-15,IWM,179.46792602539062,187.5500030517578,189.55999755859375,186.11000061035156,187.83999633789062,26128800
2022-11-16,IWM,176.31011962890625,184.25,186.63999938964844,183.7100067138672,186.60000610351562,24802000
2022-11-17,IWM,174.67379760742188,182.5399932861328,182.9499969482422,180.50999450683594,181.6199951171875,20835700
2022-11-18,IWM,175.80296325683594,183.72000122070312,185.30999755859375,182.57000732421875,184.58999633789062,27269100
2022-11-21,IWM,174.88433837890625,182.75999450683594,183.19000244140625,181.42999267578125,182.77999877929688,19038900
2022-11-22,IWM,176.75030517578125,184.7100067138672,184.94000244140625,182.3300018310547,183.74000549316406,16869700
2022-11-23,IWM,177.20962524414062,185.19000244140625,185.77999877929688,183.5500030517578,184.2899932861328,19758800
2022-11-25,IWM,177.58282470703125,185.5800018310547,186.3699951171875,184.66000366210938,185.08999633789062,13393400
2022-11-28,IWM,174.0039520263672,181.83999633789062,184.9199981689453,181.2899932861328,184.1300048828125,17465600
2022-11-29,IWM,174.51113891601562,182.3699951171875,183.61000061035156,181.9600067138672,181.9600067138672,14020600
2022-11-30,IWM,179.29568481445312,187.3699951171875,187.42999267578125,180.8000030517578,182.6699981689453,28030100
2022-12-01,IWM,178.9033660888672,186.9600067138672,189.24000549316406,186.1300048828125,188.14999389648438,21996400
2022-12-02,IWM,179.94638061523438,188.0500030517578,188.86000061035156,184.3300018310547,184.3699951171875,22574800
2022-12-05,IWM,174.9895782470703,182.8699951171875,187.05999755859375,182.17999267578125,186.86000061035156,25449300
2022-12-06,IWM,172.31028747558594,180.07000732421875,182.97999572753906,179.0800018310547,182.8800048828125,18502100
2022-12-07,IWM,171.80308532714844,179.5399932861328,181.5,179.11000061035156,179.75,17177800
2022-12-08,IWM,173.04705810546875,180.83999633789062,182.6300048828125,179.50999450683594,180.77000427246094,20971400
2022-12-09,IWM,170.9227294921875,178.6199951171875,180.80999755859375,178.55999755859375,179.77000427246094,22046500
2022-12-12,IWM,172.93223571777344,180.72000122070312,181.08999633789062,178.0,178.85000610351562,22765400
2022-12-13,IWM,174.36459350585938,181.3800048828125,186.63999938964844,180.13999938964844,185.72999572753906,38445300
2022-12-14,IWM,173.22061157226562,180.19000244140625,182.91000366210938,178.8300018310547,181.30999755859375,32406900
2022-12-15,IWM,168.88507080078125,175.67999267578125,178.60000610351562,175.0399932861328,178.02999877929688,33546700
2022-12-16,IWM,167.62571716308594,174.3699951171875,175.11000061035156,172.6699981689453,173.8000030517578,38502400
2022-12-19,IWM,165.3570098876953,172.00999450683594,175.0500030517578,171.47000122070312,174.61000061035156,25614000
2022-12-20,IWM,166.23184204101562,172.9199981689453,174.02000427246094,171.17999267578125,171.6699981689453,18050800
2022-12-21,IWM,169.0965576171875,175.89999389648438,176.8000030517578,174.1999969482422,174.4499969482422,22997200
2022-12-22,IWM,166.88551330566406,173.60000610351562,174.49000549316406,170.6699981689453,174.3300018310547,21297600
2022-12-23,IWM,167.64500427246094,174.38999938964844,174.4499969482422,172.33999633789062,173.47999572753906,11647700
2022-12-27,IWM,166.5202178955078,173.22000122070312,174.57000732421875,172.5800018310547,174.36000061035156,13553800
2022-12-28,IWM,163.9342498779297,170.52999877929688,174.10000610351562,170.33999633789062,173.17999267578125,19648000
2022-12-29,IWM,168.0872039794922,174.85000610351562,175.25,171.39999389648438,171.72000122070312,22311300
2022-12-30,IWM,167.61611938476562,174.36000061035156,174.72000122070312,172.61000061035156,173.33999633789062,21275600
2023-01-03,IWM,166.69325256347656,173.39999389648438,177.32000732421875,171.89999389648438,175.92999267578125,22503800
2023-01-04,IWM,168.76971435546875,175.55999755859375,176.6699981689453,174.27999877929688,174.6199951171875,22973500
2023-01-05,IWM,166.96241760253906,173.67999267578125,174.75999450683594,172.38999938964844,174.58999633789062,17032600
2023-01-06,IWM,170.71160888671875,177.5800018310547,178.0399932861328,173.8699951171875,175.3000030517578,21986900
2023-01-09,IWM,170.99996948242188,177.8800048828125,180.1199951171875,177.64999389648438,179.00999450683594,18366500
2023-01-10,IWM,173.5282440185547,180.50999450683594,180.6199951171875,177.3000030517578,177.66000366210938,18751100
2023-01-11,IWM,175.6912384033203,182.75999450683594,182.7899932861328,180.67999267578125,181.25999450683594,18222700
2023-01-12,IWM,178.64251708984375,185.8300018310547,185.9499969482422,181.9199981689453,183.57000732421875,29650800
2023-01-13,IWM,179.8153076171875,187.0500030517578,187.33999633789062,184.3300018310547,184.5,22120000
2023-01-17,IWM,179.59422302246094,186.82000732421875,187.83999633789062,186.24000549316406,187.0,22422600
2023-01-18,IWM,176.69100952148438,183.8000030517578,188.9600067138672,183.6999969482422,187.4499969482422,23507800
2023-01-19,IWM,174.99908447265625,182.0399932861328,183.10000610351562,180.77999877929688,182.72999572753906,24624500
2023-01-20,IWM,177.88304138183594,185.0399932861328,185.14999389648438,181.27000427246094,182.7100067138672,36070300
2023-01-23,IWM,180.08447265625,187.3300018310547,188.1199951171875,184.5800018310547,185.42999267578125,20329900
2023-01-24,IWM,179.69996643066406,186.92999267578125,187.8300018310547,185.8800048828125,186.58999633789062,19263500
2023-01-25,IWM,180.19984436035156,187.4499969482422,187.50999450683594,183.8699951171875,185.41000366210938,18174600
2023-01-26,IWM,181.26690673828125,188.55999755859375,189.85000610351562,186.2899932861328,188.97999572753906,18369100
2023-01-27,IWM,182.24742126464844,189.5800018310547,190.3000030517578,187.7899932861328,187.97999572753906,20019900
2023-01-30,IWM,179.70953369140625,186.94000244140625,189.61000061035156,186.8300018310547,187.83999633789062,18395100
2023-01-31,IWM,184.07394409179688,191.47999572753906,191.5800018310547,187.3800048828125,187.4199981689453,21567900
2023-02-01,IWM,186.96754455566406,194.49000549316406,196.19000244140625,190.1300048828125,191.19000244140625,27007300
2023-02-02,IWM,190.6494140625,198.32000732421875,199.25999450683594,194.35000610351562,196.00999450683594,31020400
2023-02-03,IWM,189.370849609375,196.99000549316406,199.1300048828125,195.6999969482422,196.11000061035156,24981500
2023-02-06,IWM,186.63108825683594,194.13999938964844,196.3800048828125,193.3699951171875,195.64999389648438,18160100
2023-02-07,IWM,188.01539611816406,195.5800018310547,196.10000610351562,191.64999389648438,193.41000366210938,27074100
2023-02-08,IWM,185.26600646972656,192.72000122070312,195.3699951171875,192.1999969482422,194.36000061035156,17933500
2023-02-09,IWM,182.58387756347656,189.92999267578125,195.1199951171875,189.42999267578125,194.22999572753906,20516600
2023-02-10,IWM,182.94920349121094,190.30999755859375,190.6300048828125,188.52999877929688,189.27999877929688,15248700
2023-02-13,IWM,185.15065002441406,192.60000610351562,192.86000061035156,189.30999755859375,190.50999450683594,15754400
2023-02-14,IWM,185.06411743164062,192.50999450683594,193.9499969482422,190.0800018310547,191.27999877929688,21889600
2023-02-15,IWM,186.93870544433594,194.4600067138672,194.5500030517578,190.52999877929688,190.97999572753906,18721200
2023-02-16,IWM,185.15065002441406,192.60000610351562,194.8699951171875,191.25,191.8000030517578,21366300
2023-02-17,IWM,185.66014099121094,193.1300048828125,193.3699951171875,190.97000122070312,191.8800048828125,23892200
2023-02-21,IWM,180.18060302734375,187.42999267578125,191.33999633789062,187.24000549316406,190.75,26004000
2023-02-22,IWM,180.67086791992188,187.94000244140625,189.14999389648438,186.75,187.8300018310547,24651700
2023-02-23,IWM,181.9590301513672,189.27999877929688,190.3000030517578,186.6999969482422,189.35000610351562,21311700
2023-02-24,IWM,180.2575225830078,187.50999450683594,187.77999877929688,185.77999877929688,186.64999389648438,24280700
2023-02-27,IWM,180.89199829101562,188.1699981689453,190.1999969482422,187.60000610351562,189.1300048828125,17562900
2023-02-28,IWM,180.901611328125,188.17999267578125,190.02000427246094,188.07000732421875,188.1199951171875,19542600
2023-03-01,IWM,181.13232421875,188.4199981689453,189.49000549316406,187.19000244140625,188.19000244140625,22532800
2023-03-02,IWM,181.56491088867188,188.8699951171875,189.3000030517578,186.1199951171875,186.86000061035156,18104400
2023-03-03,IWM,184.09320068359375,191.5,191.92999267578125,188.4199981689453,189.6699981689453,22774300
2023-03-06,IWM,181.4014892578125,188.6999969482422,191.74000549316406,187.89999389648438,191.55999755859375,23266700
2023-03-07,IWM,179.29620361328125,186.50999450683594,189.07000732421875,186.22000122070312,188.64999389648438,25865700
2023-03-08,IWM,179.38272094726562,186.60000610351562,187.61000061035156,185.1199951171875,186.7899932861328,22505900
2023-03-09,IWM,174.39344787597656,181.41000366210938,187.27000427246094,181.27999877929688,186.72999572753906,33546900
2023-03-10,IWM,169.36573791503906,176.17999267578125,180.38999938964844,174.25999450683594,180.38999938964844,69274200
2023-03-13,IWM,166.6067352294922,173.30999755859375,176.39999389648438,171.07000732421875,172.52000427246094,74171500
2023-03-14,IWM,169.69261169433594,176.52000427246094,179.25999450683594,174.61000061035156,178.60000610351562,48946200
2023-03-15,IWM,166.8951416015625,173.61000061035156,173.91000366210938,170.3800048828125,171.92999267578125,54405800
2023-03-16,IWM,169.17344665527344,175.97999572753906,177.3800048828125,170.5,171.47000122070312,52392300
2023-03-17,IWM,164.607177734375,171.22999572753906,174.75999450683594,170.86000061035156,174.0399932861328,70239900
2023-03-20,IWM,166.7413330078125,173.4499969482422,175.3699951171875,172.52999877929688,173.0500030517578,46103200
2023-03-21,IWM,169.81759643554688,176.64999389648438,178.17999267578125,175.9600067138672,176.5500030517578,34465900
2023-03-22,IWM,165.00131225585938,171.63999938964844,177.35000610351562,171.52999877929688,176.52000427246094,56098200
2023-03-23,IWM,164.2689971923828,170.25,174.38999938964844,168.7100067138672,172.27999877929688,47720900
2023-03-24,IWM,165.75489807128906,171.7899932861328,172.11000061035156,167.4600067138672,168.75,47519700
2023-03-27,IWM,167.59780883789062,173.6999969482422,174.72999572753906,172.36000061035156,173.83999633789062,33880600
2023-03-28,IWM,167.35659790039062,173.4499969482422,174.50999450683594,172.69000244140625,173.10000610351562,28555100
2023-03-29,IWM,169.2573699951172,175.4199981689453,175.5500030517578,173.57000732421875,175.33999633789062,25564800
2023-03-30,IWM,169.02577209472656,175.17999267578125,177.30999755859375,174.4499969482422,176.8800048828125,26728600
2023-03-31,IWM,172.13265991210938,178.39999389648438,178.63999938964844,176.3699951171875,176.39999389648438,39602900
2023-04-03,IWM,172.2098388671875,178.47999572753906,179.77999877929688,176.49000549316406,178.9499969482422,27609000
2023-04-04,IWM,169.18980407714844,175.35000610351562,179.10000610351562,174.32000732421875,178.9199981689453,33487200
2023-04-05,IWM,167.53025817871094,173.6300048828125,174.8300018310547,172.52999877929688,174.25,28247300
2023-04-06,IWM,167.78109741210938,173.88999938964844,174.4600067138672,172.67999267578125,173.72000122070312,26366300
2023-04-10,IWM,169.5757598876953,175.75,175.8800048828125,173.02999877929688,173.07000732421875,22237800
2023-04-11,IWM,170.91693115234375,177.13999938964844,177.97000122070312,176.1199951171875,176.57000732421875,21876200
2023-04-12,IWM,169.66258239746094,175.83999633789062,178.97999572753906,175.5800018310547,178.82000732421875,27018100
2023-04-13,IWM,171.9107666015625,178.1699981689453,178.69000244140625,175.92999267578125,176.5399932861328,23259900
2023-04-14,IWM,170.30905151367188,176.50999450683594,179.22000122070312,175.33999633789062,178.3300018310547,29600400
2023-04-17,IWM,172.4993438720703,178.77999877929688,178.86000061035156,176.75,176.97000122070312,22177300
2023-04-18,IWM,171.7660675048828,178.02000427246094,179.6300048828125,176.94000244140625,179.58999633789062,22873100
2023-04-19,IWM,171.9879608154297,178.25,178.7899932861328,176.5800018310547,177.0800018310547,19306800
2023-04-20,IWM,171.1002655029297,177.3300018310547,178.42999267578125,176.52000427246094,177.14999389648438,20336300
2023-04-21,IWM,171.32220458984375,177.55999755859375,177.9600067138672,175.86000061035156,177.80999755859375,25972800
2023-04-24,IWM,171.2064208984375,177.44000244140625,178.4499969482422,176.5,177.3800048828125,17781000
2023-04-25,IWM,166.9802703857422,173.05999755859375,175.94000244140625,173.00999450683594,175.6300048828125,28857900
2023-04-26,IWM,165.36895751953125,171.38999938964844,173.39999389648438,171.0,172.22999572753906,30309800
2023-04-27,IWM,167.57850646972656,173.67999267578125,173.86000061035156,170.94000244140625,172.02999877929688,33424100
2023-04-28,IWM,169.04510498046875,175.1999969482422,175.8300018310547,173.17999267578125,173.2899932861328,31911900
2023-05-01,IWM,169.14158630371094,175.3000030517578,177.33999633789062,174.75999450683594,175.0,27420100
2023-05-02,IWM,165.6680450439453,171.6999969482422,174.4499969482422,169.9199981689453,174.39999389648438,40851100
2023-05-03,IWM,166.2759246826172,172.3300018310547,175.6999969482422,172.19000244140625,172.22000122070312,43261400
2023-05-04,IWM,164.41371154785156,170.39999389648438,171.55999755859375,168.77999877929688,171.32000732421875,42382100
2023-05-05,IWM,168.3214111328125,174.4499969482422,175.10000610351562,173.10000610351562,173.2899932861328,35456800
2023-05-08,IWM,167.9355010986328,174.0500030517578,175.5500030517578,173.1300048828125,175.25999450683594,22109900
2023-05-09,IWM,167.4337615966797,173.52999877929688,174.27000427246094,172.16000366210938,172.97999572753906,21465500
2023-05-10,IWM,168.28286743164062,174.41000366210938,176.02000427246094,172.72000122070312,175.9600067138672,27281900
2023-05-11,IWM,166.98992919921875,173.07000732421875,173.77999877929688,172.11000061035156,173.22000122070312,25884600
2023-05-12,IWM,166.6522216796875,172.72000122070312,174.2100067138672,171.64999389648438,173.64999389648438,20406400
2023-05-15,IWM,168.6880645751953,174.8300018310547,175.7100067138672,172.82000732421875,173.30999755859375,24310000
2023-05-16,IWM,166.2276611328125,172.27999877929688,174.80999755859375,172.22999572753906,173.61000061035156,24212900
2023-05-17,IWM,169.9327392578125,176.1199951171875,176.5,172.16000366210938,173.42999267578125,38231600
2023-05-18,IWM,170.96519470214844,177.19000244140625,177.57000732421875,175.02000427246094,175.55999755859375,30446600
2023-05-19,IWM,169.92311096191406,176.11000061035156,178.88999938964844,175.25,178.50999450683594,34316300
2023-05-22,IWM,171.99758911132812,178.25999450683594,179.02000427246094,176.0399932861328,176.6199951171875,28207200
2023-05-23,IWM,171.1870880126953,177.4199981689453,180.52999877929688,177.3800048828125,177.91000366210938,32708900
2023-05-24,IWM,169.37310791015625,175.5399932861328,176.74000549316406,174.6699981689453,176.5500030517578,28744200
2023-05-25,IWM,168.05130004882812,174.1699981689453,175.52999877929688,172.6999969482422,175.25,36202600
2023-05-26,IWM,169.9617156982422,176.14999389648438,176.3800048828125,174.02000427246094,174.3000030517578,29841300
2023-05-30,IWM,169.3345489501953,175.5,177.5500030517578,174.75999450683594,176.7100067138672,25572600
2023-05-31,IWM,167.66534423828125,173.77000427246094,176.00999450683594,172.36000061035156,174.69000244140625,34598800
2023-06-01,IWM,169.47930908203125,175.64999389648438,176.24000549316406,172.92999267578125,173.86000061035156,27800900
2023-06-02,IWM,175.62551879882812,182.02000427246094,182.08999633789062,177.4499969482422,178.00999450683594,50212400
2023-06-05,IWM,173.271240234375,179.5800018310547,181.25999450683594,178.44000244140625,181.25999450683594,34465800
2023-06-06,IWM,177.8350372314453,184.30999755859375,184.9600067138672,178.92999267578125,178.92999267578125,58584500
2023-06-07,IWM,181.1624298095703,187.24000549316406,187.77000427246094,184.9600067138672,184.9600067138672,60685600
2023-06-08,IWM,180.4851531982422,186.5399932861328,187.3800048828125,184.91000366210938,186.75,34185000
2023-06-09,IWM,179.02413940429688,185.02999877929688,186.61000061035156,184.4499969482422,186.32000732421875,30242200
2023-06-12,IWM,179.76919555664062,185.8000030517578,186.67999267578125,184.22000122070312,185.22999572753906,26580500
2023-06-13,IWM,181.8300323486328,187.92999267578125,188.97999572753906,186.27000427246094,186.44000244140625,35758200
2023-06-14,IWM,179.87562561035156,185.91000366210938,189.24000549316406,184.5500030517578,188.32000732421875,37114100
2023-06-15,IWM,181.35595703125,187.44000244140625,187.57000732421875,184.91000366210938,185.0800018310547,36488400
2023-06-16,IWM,179.90463256835938,185.94000244140625,188.5500030517578,185.08999633789062,187.9499969482422,50684500
2023-06-20,IWM,179.12094116210938,185.1300048828125,185.57000732421875,183.75999450683594,185.16000366210938,33269300
2023-06-21,IWM,178.70486450195312,184.6999969482422,185.91000366210938,183.58999633789062,184.44000244140625,30730200
2023-06-22,IWM,177.3793487548828,183.3300018310547,184.25,182.49000549316406,184.1999969482422,27063700
2023-06-23,IWM,174.70896911621094,180.57000732421875,182.41000366210938,180.0500030517578,180.77000427246094,50610100
2023-06-26,IWM,174.88307189941406,180.75,182.74000549316406,180.3699951171875,180.44000244140625,31507900
2023-06-27,IWM,177.4083709716797,183.36000061035156,183.99000549316406,180.39999389648438,181.1999969482422,28818800
2023-06-28,IWM,178.27915954589844,184.25999450683594,184.4199981689453,182.1199951171875,182.99000549316406,23187600
2023-06-29,IWM,180.33035278320312,186.3800048828125,187.0800018310547,184.42999267578125,184.72000122070312,32084100
2023-06-30,IWM,181.19146728515625,187.27000427246094,188.42999267578125,186.91000366210938,188.25999450683594,30287300
2023-07-03,IWM,181.5591278076172,187.64999389648438,188.83999633789062,186.74000549316406,186.91000366210938,14011900
2023-07-05,IWM,179.74981689453125,185.77999877929688,187.2100067138672,185.44000244140625,187.1300048828125,24092100
2023-07-06,IWM,176.84719848632812,182.77999877929688,183.7100067138672,180.72000122070312,183.6300048828125,39080800
2023-07-07,IWM,178.7145538330078,184.7100067138672,186.49000549316406,182.92999267578125,182.97999572753906,31706700
2023-07-10,IWM,181.77197265625,187.8699951171875,188.0500030517578,184.16000366210938,184.5800018310547,29725100
2023-07-11,IWM,183.63934326171875,189.8000030517578,190.0800018310547,187.69000244140625,188.47999572753906,26738800
2023-07-12,IWM,185.64215087890625,191.8699951171875,193.0500030517578,191.3699951171875,192.75999450683594,40127300
2023-07-13,IWM,187.14186096191406,193.4199981689453,193.69000244140625,191.8000030517578,192.50999450683594,23523000
2023-07-14,IWM,185.31317138671875,191.52999877929688,193.49000549316406,190.2899932861328,193.33999633789062,32198600
2023-07-17,IWM,187.296630859375,193.5800018310547,194.36000061035156,191.13999938964844,191.33999633789062,23283700
2023-07-18,IWM,189.6090850830078,195.97000122070312,196.38999938964844,193.49000549316406,193.6999969482422,28489800
2023-07-19,IWM,190.41213989257812,196.8000030517578,197.66000366210938,195.92999267578125,196.6999969482422,23679000
2023-07-20,IWM,188.74795532226562,195.0800018310547,196.94000244140625,194.27000427246094,196.94000244140625,27278100
2023-07-21,IWM,188.14808654785156,194.4600067138672,196.6199951171875,194.08999633789062,196.38999938964844,28982400
2023-07-24,IWM,188.6125030517578,194.94000244140625,196.25999450683594,193.99000549316406,194.55999755859375,16929800
2023-07-25,IWM,188.5931854248047,194.9199981689453,196.2100067138672,194.4199981689453,194.5800018310547,18961100
2023-07-26,IWM,190.08314514160156,196.4600067138672,197.16000366210938,194.7100067138672,194.77000427246094,20377900
2023-07-27,IWM,187.6256103515625,193.9199981689453,197.89999389648438,193.17999267578125,197.6300048828125,31159300
2023-07-28,IWM,190.05413818359375,196.42999267578125,196.9499969482422,195.5,196.02000427246094,21612200
2023-07-31,IWM,192.2601318359375,198.7100067138672,198.75,196.9199981689453,196.92999267578125,24203900
2023-08-01,IWM,191.37965393066406,197.8000030517578,197.94000244140625,195.77999877929688,197.42999267578125,27444300
2023-08-02,IWM,188.7769775390625,195.11000061035156,196.08999633789062,194.08999633789062,195.58999633789062,28079700
2023-08-03,IWM,188.24484252929688,194.55999755859375,195.63999938964844,193.05999755859375,194.3000030517578,24279300
2023-08-04,IWM,187.86749267578125,194.1699981689453,196.30999755859375,193.7100067138672,194.82000732421875,24950400
2023-08-07,IWM,187.9932861328125,194.3000030517578,195.05999755859375,192.67999267578125,194.66000366210938,20185000
2023-08-08,IWM,186.81288146972656,193.0800018310547,193.2899932861328,190.52000427246094,192.13999938964844,25578200
2023-08-09,IWM,185.35186767578125,191.57000732421875,192.8800048828125,190.75,192.8699951171875,22293200
2023-08-10,IWM,184.52947998046875,190.72000122070312,194.1199951171875,189.88999938964844,192.24000549316406,29378800
2023-08-11,IWM,184.7907257080078,190.99000549316406,191.69000244140625,189.74000549316406,189.9199981689453,21789000
2023-08-14,IWM,184.47145080566406,190.66000366210938,190.6999969482422,188.63999938964844,189.94000244140625,20354900
2023-08-15,IWM,182.03323364257812,188.13999938964844,189.63999938964844,188.0399932861328,189.52000427246094,25491300
2023-08-16,IWM,179.80784606933594,185.83999633789062,189.05999755859375,185.80999755859375,187.99000549316406,27018400
2023-08-17,IWM,177.68893432617188,183.64999389648438,186.74000549316406,183.6300048828125,186.33999633789062,26715100
2023-08-18,IWM,178.65647888183594,184.64999389648438,185.25,181.94000244140625,182.2100067138672,33375200
2023-08-21,IWM,178.395263671875,184.3800048828125,185.27999877929688,183.07000732421875,184.6999969482422,22678100
2023-08-22,IWM,177.8631134033203,183.8300018310547,185.5500030517578,183.22000122070312,185.0399932861328,21299200
2023-08-23,IWM,179.75949096679688,185.7899932861328,186.11000061035156,183.42999267578125,184.0,21231100
2023-08-24,IWM,177.27291870117188,183.22000122070312,186.33999633789062,183.1999969482422,185.25,26582300
2023-08-25,IWM,178.027587890625,184.0,185.0,181.61000061035156,184.05999755859375,29340400
2023-08-28,IWM,179.61436462402344,185.63999938964844,186.75,184.82000732421875,184.83999633789062,23002000
2023-08-29,IWM,182.1202850341797,188.22999572753906,188.3699951171875,184.57000732421875,185.5399932861328,22986000
2023-08-30,IWM,182.8072509765625,188.94000244140625,189.61000061035156,187.3300018310547,187.72999572753906,19869900
2023-08-31,IWM,182.48797607421875,188.61000061035156,190.25999450683594,188.52999877929688,189.1999969482422,17953400
2023-09-01,IWM,184.6552734375,190.85000610351562,191.86000061035156,189.85000610351562,190.07000732421875,25094600
2023-09-05,IWM,180.76576232910156,186.8300018310547,189.89999389648438,186.77000427246094,189.64999389648438,27160100
2023-09-06,IWM,180.08848571777344,186.1300048828125,188.08999633789062,185.08999633789062,187.05999755859375,26406200
2023-09-07,IWM,178.3468780517578,184.3300018310547,185.3800048828125,183.58999633789062,185.13999938964844,23894800
2023-09-08,IWM,177.95018005371094,183.9199981689453,184.8300018310547,183.4499969482422,184.55999755859375,19399100
2023-09-11,IWM,178.3759307861328,184.36000061035156,185.72000122070312,184.1999969482422,185.25999450683594,17424700
2023-09-12,IWM,178.20176696777344,184.17999267578125,185.33999633789062,183.74000549316406,184.0399932861328,16826300
2023-09-13,IWM,177.03102111816406,182.97000122070312,184.8800048828125,182.38999938964844,184.5,24415700
2023-09-14,IWM,179.5272979736328,185.5500030517578,186.07000732421875,184.24000549316406,184.52999877929688,27952500
2023-09-15,IWM,177.65023803710938,183.61000061035156,185.07000732421875,182.7899932861328,184.7899932861328,39695500
2023-09-18,IWM,176.46986389160156,182.38999938964844,183.75999450683594,182.3699951171875,183.6999969482422,19287800
2023-09-19,IWM,175.7828826904297,181.67999267578125,183.3000030517578,181.07000732421875,182.49000549316406,24085900
2023-09-20,IWM,174.02197265625,179.86000061035156,183.50999450683594,179.82000732421875,182.39999389648438,27642900
2023-09-21,IWM,171.32254028320312,177.07000732421875,178.75999450683594,177.07000732421875,178.5,31625600
2023-09-22,IWM,170.93551635742188,176.6699981689453,178.3699951171875,176.55999755859375,177.55999755859375,23164700
2023-09-25,IWM,171.6998748779297,177.4600067138672,177.86000061035156,175.5399932861328,175.69000244140625,22416200
2023-09-26,IWM,169.49227905273438,174.36000061035156,177.02000427246094,174.2899932861328,175.5,30476000
2023-09-27,IWM,171.0767822265625,175.99000549316406,176.92999267578125,174.4600067138672,175.4499969482422,37293000
2023-09-28,IWM,172.62237548828125,177.5800018310547,178.57000732421875,175.97000122070312,176.08999633789062,31372400
2023-09-29,IWM,171.80584716796875,176.74000549316406,179.16000366210938,176.14999389648438,178.97000122070312,36689000
2023-10-02,IWM,169.2103729248047,174.07000732421875,176.72999572753906,173.14999389648438,176.3300018310547,42139300
2023-10-03,IWM,166.36216735839844,171.13999938964844,173.5,170.3699951171875,172.9499969482422,42733600
2023-10-04,IWM,166.43994140625,171.22000122070312,171.61000061035156,169.08999633789062,171.00999450683594,42491900
2023-10-05,IWM,166.5663299560547,171.35000610351562,171.89999389648438,169.94000244140625,170.8000030517578,33365100
2023-10-06,IWM,168.1702423095703,173.0,173.88999938964844,169.50999450683594,170.3699951171875,42160900
2023-10-09,IWM,169.142333984375,174.0,174.5500030517578,171.77000427246094,171.83999633789062,26658400
2023-10-10,IWM,171.0573272705078,175.97000122070312,177.0399932861328,174.27999877929688,174.30999755859375,31585000
2023-10-11,IWM,170.76568603515625,175.6699981689453,177.22999572753906,174.3800048828125,176.1199951171875,27427200
2023-10-12,IWM,166.9065399169922,171.6999969482422,175.8800048828125,170.7899932861328,175.8800048828125,38693800
2023-10-13,IWM,165.51644897460938,170.27000427246094,172.6999969482422,169.69000244140625,172.35000610351562,33955600
2023-10-16,IWM,168.18971252441406,173.02000427246094,173.38999938964844,171.02000427246094,171.74000549316406,31140300
2023-10-17,IWM,170.06582641601562,174.9499969482422,176.4199981689453,171.89999389648438,171.94000244140625,39823200
2023-10-18,IWM,166.5663299560547,171.35000610351562,173.66000366210938,171.0,173.63999938964844,38501400
2023-10-19,IWM,163.9125213623047,168.6199951171875,172.14999389648438,168.36000061035156,170.86000061035156,51397300
2023-10-20,IWM,161.7933807373047,166.44000244140625,169.02999877929688,166.42999267578125,168.66000366210938,54421900
2023-10-23,IWM,160.42274475097656,165.02999877929688,167.4600067138672,164.64999389648438,165.66000366210938,45590900
2023-10-24,IWM,161.82257080078125,166.47000122070312,167.6199951171875,165.41000366210938,166.4499969482422,32666300
2023-10-25,IWM,159.1493377685547,163.72000122070312,165.66000366210938,163.39999389648438,165.00999450683594,36832900
2023-10-26,IWM,159.55758666992188,164.13999938964844,165.77000427246094,163.1999969482422,164.14999389648438,50525600
2023-10-27,IWM,157.68148803710938,162.2100067138672,164.8300018310547,161.6699981689453,164.52000427246094,46017100
2023-10-30,IWM,158.55638122558594,163.11000061035156,164.80999755859375,161.94000244140625,163.7899932861328,35156300
2023-10-31,IWM,159.927001953125,164.52000427246094,164.99000549316406,162.8300018310547,163.39999389648438,31533200
2023-11-01,IWM,160.8407440185547,165.4600067138672,165.60000610351562,163.10000610351562,164.4600067138672,44367100
2023-11-02,IWM,165.1276397705078,169.8699951171875,170.0,167.3300018310547,167.75,50458100
2023-11-03,IWM,169.61866760253906,174.49000549316406,175.64999389648438,172.77999877929688,172.8000030517578,57060700
2023-11-06,IWM,167.49951171875,172.30999755859375,174.77999877929688,171.38999938964844,174.49000549316406,35294400
2023-11-07,IWM,166.9065399169922,171.6999969482422,172.50999450683594,170.57000732421875,171.55999755859375,31168900
2023-11-08,IWM,165.1276397705078,169.8699951171875,172.1300048828125,169.3000030517578,171.6999969482422,44938600
2023-11-09,IWM,162.57106018066406,167.24000549316406,171.02999877929688,166.97999572753906,171.02999877929688,38577400
2023-11-10,IWM,164.38885498046875,169.11000061035156,169.7100067138672,166.7899932861328,168.22000122070312,36121300
2023-11-13,IWM,164.44715881347656,169.1699981689453,169.77000427246094,167.52000427246094,168.24000549316406,27610300
2023-11-14,IWM,173.47784423828125,178.4600067138672,178.47000122070312,174.22000122070312,174.22999572753906,77611000
2023-11-15,IWM,173.7791748046875,178.77000427246094,181.75999450683594,178.11000061035156,178.35000610351562,59641400
2023-11-16,IWM,170.9698486328125,175.8800048828125,178.6300048828125,175.16000366210938,178.13999938964844,46616700
2023-11-17,IWM,173.3125457763672,178.2899932861328,178.63999938964844,177.11000061035156,177.4499969482422,43418700
2023-11-20,IWM,174.32351684570312,179.3300018310547,179.64999389648438,177.74000549316406,178.52000427246094,26665100
2023-11-21,IWM,172.07801818847656,177.02000427246094,178.50999450683594,176.91000366210938,178.24000549316406,30457000
2023-11-22,IWM,173.15704345703125,178.1300048828125,179.38999938964844,177.4199981689453,178.17999267578125,28940900
2023-11-24,IWM,174.32351684570312,179.3300018310547,179.72999572753906,177.8000030517578,178.0500030517578,13846900
2023-11-27,IWM,173.74026489257812,178.72999572753906,179.11000061035156,177.22999572753906,178.5,30665800
2023-11-28,IWM,173.0695343017578,178.0399932861328,179.22000122070312,177.1999969482422,178.5500030517578,28350200
2023-11-29,IWM,173.98330688476562,178.97999572753906,181.75,178.6999969482422,179.5500030517578,31590200
2023-11-30,IWM,174.64430236816406,179.66000366210938,180.63999938964844,178.75999450683594,180.0500030517578,32216800
2023-12-01,IWM,179.74774169921875,184.91000366210938,185.17999267578125,178.2100067138672,179.1999969482422,64221300
2023-12-04,IWM,181.6724853515625,186.88999938964844,186.99000549316406,184.02000427246094,184.22999572753906,44862600
2023-12-05,IWM,179.24227905273438,184.38999938964844,186.0500030517578,183.97999572753906,186.0500030517578,36873500
2023-12-06,IWM,178.92147827148438,184.05999755859375,187.9199981689453,183.7899932861328,185.6999969482422,43637900
2023-12-07,IWM,180.21434020996094,185.38999938964844,185.55999755859375,183.38999938964844,184.3300018310547,32662300
2023-12-08,IWM,181.58499145507812,186.8000030517578,187.75,184.86000061035156,185.14999389648438,36087100
2023-12-11,IWM,181.9640655517578,187.19000244140625,187.6199951171875,185.88999938964844,186.67999267578125,29302100
2023-12-12,IWM,181.77940368652344,187.0,187.66000366210938,185.33999633789062,186.97000122070312,32024000
2023-12-13,IWM,187.93267822265625,193.3300018310547,193.63999938964844,185.6699981689453,187.10000610351562,69484800
2023-12-14,IWM,193.16249084472656,198.7100067138672,200.0399932861328,196.47999572753906,196.8699951171875,83649300
2023-12-15,IWM,191.53909301757812,197.0399932861328,199.5500030517578,195.9499969482422,198.9499969482422,74160700
2023-12-18,IWM,191.60714721679688,197.11000061035156,198.77000427246094,196.67999267578125,197.9600067138672,44451100
2023-12-19,IWM,195.3205108642578,200.92999267578125,201.3000030517578,198.02000427246094,198.47999572753906,52156200
2023-12-20,IWM,191.49989318847656,196.27999877929688,202.1699981689453,196.16000366210938,199.86000061035156,62360300
2023-12-21,IWM,194.75852966308594,199.6199951171875,199.82000732421875,197.52000427246094,198.5,38613400
2023-12-22,IWM,196.57322692871094,201.47999572753906,202.80999755859375,200.19000244140625,200.8800048828125,39173800
2023-12-26,IWM,199.12942504882812,204.10000610351562,204.55999755859375,201.69000244140625,202.2100067138672,26879000
2023-12-27,IWM,199.8319091796875,204.82000732421875,205.49000549316406,203.39999389648438,204.44000244140625,35806400
2023-12-28,IWM,199.07089233398438,204.0399932861328,205.1699981689453,203.27999877929688,203.7899932861328,28930100
2023-12-29,IWM,195.8219757080078,200.7100067138672,204.02999877929688,200.7100067138672,203.47999572753906,41496800
2024-01-02,IWM,194.6609649658203,199.52000427246094,201.6199951171875,198.44000244140625,199.39999389648438,44341500
2024-01-03,IWM,189.47052001953125,194.1999969482422,197.6699981689453,193.77999877929688,197.39999389648438,57532500
2024-01-04,IWM,189.09976196289062,193.82000732421875,195.49000549316406,193.69000244140625,194.05999755859375,43114200
2024-01-05,IWM,188.54367065429688,193.25,195.4600067138672,192.2899932861328,192.69000244140625,40964900
2024-01-08,IWM,191.9389190673828,196.72999572753906,196.97000122070312,192.25999450683594,193.2899932861328,31545400
2024-01-09,IWM,190.22177124023438,194.97000122070312,195.77000427246094,193.32000732421875,194.35000610351562,28998700
2024-01-10,IWM,190.3291015625,195.0800018310547,195.3800048828125,193.0800018310547,194.74000549316406,35075200
2024-01-11,IWM,188.83636474609375,193.5500030517578,194.74000549316406,191.3000030517578,194.5,48939200
2024-01-12,IWM,188.52415466308594,193.22999572753906,197.10000610351562,192.63999938964844,195.88999938964844,42992100
2024-01-16,IWM,186.19236755371094,190.83999633789062,193.25999450683594,190.11000061035156,191.72000122070312,42213000
2024-01-17,IWM,184.86546325683594,189.47999572753906,189.92999267578125,187.52999877929688,188.1300048828125,37787700
2024-01-18,IWM,185.95822143554688,190.60000610351562,191.1699981689453,188.2100067138672,190.7100067138672,41760000
2024-01-19,IWM,187.74362182617188,192.42999267578125,192.85000610351562,189.22999572753906,191.2899932861328,63338300
2024-01-22,IWM,191.75355529785156,196.5399932861328,196.82000732421875,194.08999633789062,194.14999389648438,42379500
2024-01-23,IWM,191.19740295410156,195.97000122070312,198.58999633789062,194.97999572753906,198.22000122070312,42471200
2024-01-24,IWM,189.62660217285156,194.36000061035156,198.4600067138672,194.1199951171875,198.3800048828125,41120100
2024-01-25,IWM,191.19740295410156,195.97000122070312,197.66000366210938,194.41000366210938,197.10000610351562,37659500
2024-01-26,IWM,191.20718383789062,195.97999572753906,197.88999938964844,195.3800048828125,196.88999938964844,33478600
2024-01-29,IWM,194.55364990234375,199.41000366210938,199.41000366210938,195.08999633789062,196.16000366210938,29234400
2024-01-30,IWM,192.89503479003906,197.7100067138672,198.92999267578125,197.10000610351562,198.38999938964844,33121200
2024-01-31,IWM,188.1826629638672,192.8800048828125,198.94000244140625,192.7100067138672,197.2100067138672,68126700
2024-02-01,IWM,190.68032836914062,195.44000244140625,195.74000549316406,191.52999877929688,194.30999755859375,59479000
2024-02-02,IWM,189.67543029785156,194.41000366210938,195.5,192.38999938964844,193.24000549316406,52839300
2024-02-05,IWM,187.26556396484375,191.94000244140625,193.11000061035156,190.05999755859375,192.47000122070312,39751900
2024-02-06,IWM,188.9534149169922,193.6699981689453,193.8000030517578,191.02000427246094,191.6999969482422,34689100
2024-02-07,IWM,188.51438903808594,193.22000122070312,194.14999389648438,192.0399932861328,194.07000732421875,31713900
2024-02-08,IWM,191.37303161621094,196.14999389648438,196.3699951171875,192.7100067138672,193.36000061035156,35370800
2024-02-09,IWM,194.4853515625,199.33999633789062,199.5500030517578,196.4499969482422,196.9199981689453,46107100
2024-02-12,IWM,198.0172119140625,202.9600067138672,203.5500030517578,199.83999633789062,199.8699951171875,43291000
2024-02-13,IWM,189.87054443359375,194.61000061035156,197.6300048828125,193.05999755859375,196.22000122070312,86247400
2024-02-14,IWM,194.28048706054688,199.1300048828125,199.7899932861328,196.22999572753906,197.67999267578125,43808000
2024-02-15,IWM,199.46115112304688,204.44000244140625,204.77000427246094,200.72000122070312,200.99000549316406,44931900
2024-02-16,IWM,196.7488555908203,201.66000366210938,203.6999969482422,201.08999633789062,202.1199951171875,48346200
2024-02-20,IWM,194.0365447998047,198.8800048828125,199.72000122070312,198.00999450683594,199.14999389648438,30547500
2024-02-21,IWM,193.11944580078125,197.94000244140625,198.35000610351562,196.38999938964844,197.66000366210938,28669100
2024-02-22,IWM,194.58290100097656,199.44000244140625,200.08999633789062,197.80999755859375,198.64999389648438,38184700
2024-02-23,IWM,195.02197265625,199.88999938964844,201.13999938964844,198.57000732421875,199.60000610351562,37667700
2024-02-26,IWM,196.25123596191406,201.14999389648438,201.63999938964844,199.14999389648438,199.69000244140625,29118200
2024-02-27,IWM,199.03184509277344,204.0,204.22000122070312,202.5399932861328,203.0800018310547,32268600
2024-02-28,IWM,197.39276123046875,202.32000732421875,203.86000061035156,201.8699951171875,202.44000244140625,30143900
2024-02-29,IWM,198.76841735839844,203.72999572753906,206.0399932861328,202.52000427246094,205.17999267578125,40404100
2024-03-01,IWM,200.87583923339844,205.88999938964844,206.3300018310547,203.13999938964844,204.52999877929688,35156900
2024-03-04,IWM,200.6904754638672,205.6999969482422,207.77000427246094,205.4499969482422,207.02999877929688,24785400
2024-03-05,IWM,198.76841735839844,203.72999572753906,205.91000366210938,203.00999450683594,204.3000030517578,34163500
2024-03-06,IWM,200.2513885498047,205.25,206.0800018310547,204.0800018310547,206.02999877929688,34255200
2024-03-07,IWM,201.91976928710938,206.9600067138672,208.10000610351562,206.39999389648438,206.6999969482422,28020200
2024-03-08,IWM,201.79295349121094,206.8300018310547,210.41000366210938,205.8000030517578,208.74000549316406,41447800
2024-03-11,IWM,200.19287109375,205.19000244140625,206.83999633789062,204.75,205.9600067138672,24435800
2024-03-12,IWM,199.91969299316406,204.91000366210938,205.9199981689453,203.38999938964844,205.14999389648438,34958900
2024-03-13,IWM,200.7002410888672,205.7100067138672,206.5800018310547,204.77000427246094,204.8699951171875,25140700
2024-03-14,IWM,197.10983276367188,202.02999877929688,205.27999877929688,200.1699981689453,205.0500030517578,47509100
2024-03-15,IWM,197.48056030273438,202.41000366210938,203.0800018310547,201.1300048828125,201.25,53217000
2024-03-18,IWM,196.34884643554688,201.25,203.17999267578125,200.91000366210938,202.91000366210938,32405100
2024-03-19,IWM,197.17816162109375,202.10000610351562,202.75,199.66000366210938,199.77999877929688,29864100
2024-03-20,IWM,201.0807342529297,206.10000610351562,206.99000549316406,201.11000061035156,201.52000427246094,49609600
2024-03-21,IWM,203.39105224609375,207.94000244140625,208.9499969482422,206.83999633789062,207.0,43067300
2024-03-22,IWM,200.58384704589844,205.07000732421875,208.24000549316406,205.07000732421875,207.85000610351562,28437300
2024-03-25,IWM,201.04354858398438,205.5399932861328,207.00999450683594,205.50999450683594,205.72000122070312,20107800
2024-03-26,IWM,200.68162536621094,205.1699981689453,207.63999938964844,204.99000549316406,207.0500030517578,23434800
2024-03-27,IWM,205.05386352539062,209.63999938964844,209.7100067138672,206.16000366210938,206.8000030517578,35028400
2024-03-28,IWM,205.69944763183594,210.3000030517578,211.8800048828125,209.83999633789062,210.0800018310547,37675100
2024-04-01,IWM,203.76275634765625,208.32000732421875,210.8000030517578,207.9600067138672,210.77000427246094,25684200
2024-04-02,IWM,200.01654052734375,204.49000549316406,205.8800048828125,203.39999389648438,205.75,36632100
2024-04-03,IWM,201.3271942138672,205.8300018310547,206.39999389648438,203.27999877929688,203.3800048828125,27362800
2024-04-04,IWM,199.31227111816406,203.77000427246094,208.5500030517578,203.2100067138672,208.0500030517578,32265200
2024-04-05,IWM,199.97740173339844,204.4499969482422,205.6999969482422,202.8800048828125,203.13999938964844,27569400
2024-04-08,IWM,201.07290649414062,205.57000732421875,206.4199981689453,204.5800018310547,205.97999572753906,21331000
2024-04-09,IWM,201.86517333984375,206.3800048828125,206.97000122070312,204.47000122070312,206.22000122070312,23289100
2024-04-10,IWM,196.53439331054688,200.92999267578125,202.92999267578125,199.5399932861328,201.17999267578125,57130500
2024-04-11,IWM,197.86465454101562,202.2899932861328,202.91000366210938,200.10000610351562,201.97000122070312,37184000
2024-04-12,IWM,194.34341430664062,198.69000244140625,201.91000366210938,197.67999267578125,201.22999572753906,35388700
2024-04-15,IWM,191.4970703125,195.77999877929688,200.22999572753906,194.97999572753906,199.3699951171875,41119300
2024-04-16,IWM,190.7928466796875,195.05999755859375,196.24000549316406,193.36000061035156,194.41000366210938,43267500
2024-04-17,IWM,188.7779083251953,193.0,196.6199951171875,192.99000549316406,196.47000122070312,38589500
2024-04-18,IWM,188.62136840820312,192.83999633789062,195.66000366210938,192.14999389648438,193.6999969482422,40238200
2024-04-19,IWM,188.914794921875,193.13999938964844,194.38999938964844,191.33999633789062,191.94000244140625,42666500
2024-04-22,IWM,191.027587890625,195.3000030517578,196.3000030517578,192.89999389648438,194.2100067138672,31553000
2024-04-23,IWM,194.22604370117188,198.57000732421875,199.32000732421875,195.1300048828125,195.25999450683594,31838300
2024-04-24,IWM,193.35548400878906,197.67999267578125,198.91000366210938,196.4600067138672,198.1699981689453,28791700
2024-04-25,IWM,192.18173217773438,196.47999572753906,196.8300018310547,193.77000427246094,195.44000244140625,31915600
2024-04-26,IWM,194.02061462402344,198.36000061035156,198.88999938964844,196.4199981689453,197.0,24613600
2024-04-29,IWM,195.5856170654297,199.9600067138672,200.41000366210938,198.8800048828125,199.25,20494600
2024-04-30,IWM,191.61444091796875,195.89999389648438,198.64999389648438,195.75,198.11000061035156,30606800
2024-05-01,IWM,192.01548767089844,196.30999755859375,200.32000732421875,195.02999877929688,195.8800048828125,38782100
2024-05-02,IWM,195.5465087890625,199.9199981689453,200.1199951171875,196.5399932861328,198.77999877929688,27201000
2024-05-03,IWM,197.48318481445312,201.89999389648438,204.16000366210938,201.1199951171875,203.41000366210938,30880600
2024-05-06,IWM,200.03610229492188,204.50999450683594,204.77999877929688,203.3800048828125,203.47000122070312,23129800
2024-05-07,IWM,200.4860076904297,204.97000122070312,206.14999389648438,204.5,204.77000427246094,20116900
2024-05-08,IWM,199.32205200195312,203.77999877929688,203.9600067138672,202.55999755859375,202.72000122070312,18349400
2024-05-09,IWM,201.3565673828125,205.86000061035156,205.99000549316406,203.41000366210938,203.97000122070312,22914300
2024-05-10,IWM,199.84046936035156,204.30999755859375,206.6199951171875,203.67999267578125,206.35000610351562,21520200
2024-05-13,IWM,200.2610626220703,204.74000549316406,206.5500030517578,204.60000610351562,206.0800018310547,18585300
2024-05-14,IWM,202.3346710205078,206.86000061035156,207.74000549316406,205.91000366210938,207.1300048828125,33169000
2024-05-15,IWM,204.85824584960938,209.44000244140625,209.77000427246094,207.72000122070312,209.2100067138672,33412300
2024-05-16,IWM,203.38125610351562,207.92999267578125,209.35000610351562,207.92999267578125,208.89999389648438,26731100
2024-05-17,IWM,203.5279998779297,208.0800018310547,208.52000427246094,207.35000610351562,208.00999450683594,35219800
2024-05-20,IWM,203.97792053222656,208.5399932861328,209.47999572753906,207.77999877929688,208.02000427246094,15695900
2024-05-21,IWM,203.78231811523438,208.33999633789062,208.69000244140625,207.58999633789062,207.8300018310547,13466800
2024-05-22,IWM,202.06080627441406,206.5800018310547,208.22000122070312,205.8000030517578,207.52999877929688,20853100
2024-05-23,IWM,198.74497985839844,203.19000244140625,207.6199951171875,202.35000610351562,207.50999450683594,34039800
2024-05-24,IWM,200.94573974609375,205.44000244140625,205.67999267578125,203.9600067138672,204.7899932861328,19946100
2024-05-28,IWM,200.67185974121094,205.16000366210938,207.08999633789062,203.97000122070312,206.97000122070312,18475900
2024-05-29,IWM,197.70816040039062,202.1300048828125,203.00999450683594,201.77999877929688,202.52999877929688,25654800
2024-05-30,IWM,199.58615112304688,204.0500030517578,204.94000244140625,203.0800018310547,203.52000427246094,20428200
2024-05-31,IWM,201.2685089111328,205.77000427246094,206.27999877929688,203.0800018310547,204.9499969482422,25784900
2024-06-03,IWM,200.13389587402344,204.61000061035156,207.55999755859375,203.14999389648438,207.52999877929688,23902900
2024-06-04,IWM,197.55165100097656,201.97000122070312,204.5,201.64999389648438,203.14999389648438,27098900
2024-06-05,IWM,200.57403564453125,205.05999755859375,205.05999755859375,201.7899932861328,203.3000030517578,20707600
2024-06-06,IWM,199.13621520996094,203.58999633789062,204.80999755859375,202.99000549316406,204.17999267578125,17335500
2024-06-07,IWM,196.79849243164062,201.1999969482422,203.1699981689453,200.67999267578125,201.52999877929688,26036000
2024-06-10,IWM,197.47341918945312,201.88999938964844,202.1300048828125,199.00999450683594,199.52000427246094,25075300
2024-06-11,IWM,196.79856872558594,200.63999938964844,201.02000427246094,198.4199981689453,199.63999938964844,23768400
2024-06-12,IWM,199.81959533691406,203.72000122070312,207.27000427246094,203.10000610351562,205.8699951171875,43668700
2024-06-13,IWM,198.07369995117188,201.94000244140625,203.5399932861328,200.50999450683594,203.27000427246094,28021100
2024-06-14,IWM,194.92514038085938,198.72999572753906,200.0399932861328,197.94000244140625,199.55999755859375,33453700
2024-06-17,IWM,196.56317138671875,200.39999389648438,200.9499969482422,197.41000366210938,198.1199951171875,25538100
2024-06-18,IWM,196.90647888183594,200.75,201.69000244140625,200.02999877929688,200.4600067138672,25446900
2024-06-20,IWM,196.07273864746094,199.89999389648438,201.86000061035156,199.22000122070312,200.32000732421875,27999700
2024-06-21,IWM,196.51414489746094,200.35000610351562,200.41000366210938,198.4600067138672,199.92999267578125,37511300
2024-06-24,IWM,197.36746215820312,201.22000122070312,202.69000244140625,200.52999877929688,200.69000244140625,22289600
2024-06-25,IWM,196.72012329101562,200.55999755859375,201.16000366210938,199.82000732421875,201.1300048828125,15925400
2024-06-26,IWM,196.20025634765625,200.02999877929688,200.5800018310547,198.80999755859375,199.3300018310547,19313500
2024-06-27,IWM,198.19140625,202.05999755859375,202.14999389648438,199.9600067138672,200.6300048828125,17432600
2024-06-28,IWM,199.00550842285156,202.88999938964844,204.63999938964844,201.32000732421875,203.8800048828125,35026000
2024-07-01,IWM,197.3380584716797,201.19000244140625,203.82000732421875,200.47999572753906,203.52000427246094,21886200
2024-07-02,IWM,198.01483154296875,201.8800048828125,202.27000427246094,200.89999389648438,201.52000427246094,17219100
2024-07-03,IWM,197.96578979492188,201.8300018310547,203.27999877929688,201.6300048828125,202.25,15167200
2024-07-05,IWM,197.024169921875,200.8699951171875,201.6300048828125,199.8800048828125,201.2100067138672,17282500
2024-07-08,IWM,198.4071502685547,202.27999877929688,203.6999969482422,201.83999633789062,202.50999450683594,20823800
2024-07-09,IWM,197.5440216064453,201.39999389648438,202.52000427246094,200.52999877929688,201.9199981689453,17864200
2024-07-10,IWM,199.476318359375,203.3699951171875,203.58999633789062,201.49000549316406,202.2899932861328,19286100
2024-07-11,IWM,206.6463623046875,210.67999267578125,211.22999572753906,206.94000244140625,207.89999389648438,65443600
2024-07-12,IWM,209.05926513671875,213.13999938964844,214.94000244140625,212.66000366210938,212.9199981689453,50810700
2024-07-15,IWM,213.03170776367188,217.19000244140625,218.24000549316406,214.3000030517578,214.7899932861328,48925300
2024-07-16,IWM,220.2998504638672,224.60000610351562,224.86000061035156,219.02000427246094,219.13999938964844,67945700
2024-07-17,IWM,217.99485778808594,222.25,226.63999938964844,221.66000366210938,222.36000061035156,66092100
2024-07-18,IWM,213.77716064453125,217.9499969482422,224.77999877929688,216.97999572753906,221.41000366210938,53180000
2024-07-19,IWM,212.6884307861328,216.83999633789062,218.64999389648438,215.85000610351562,217.6300048828125,37933500
2024-07-22,IWM,216.07235717773438,220.2899932861328,220.64999389648438,215.3800048828125,217.67999267578125,36185900
2024-07-23,IWM,218.36758422851562,222.6300048828125,223.75,219.0399932861328,219.2100067138672,44884600
2024-07-24,IWM,213.67910766601562,217.85000610351562,223.86000061035156,217.72000122070312,221.07000732421875,42443000
2024-07-25,IWM,216.3470001220703,220.57000732421875,224.02000427246094,218.1999969482422,218.4499969482422,45053100
2024-07-26,IWM,219.92713928222656,224.22000122070312,225.38999938964844,221.6999969482422,223.89999389648438,40822600
2024-07-29,IWM,217.4847869873047,221.72999572753906,225.4199981689453,220.77000427246094,224.7100067138672,33869700
2024-07-30,IWM,218.3087158203125,222.57000732421875,224.4600067138672,221.11000061035156,222.72000122070312,26876800
2024-07-31,IWM,219.57400512695312,223.86000061035156,228.6300048828125,221.97999572753906,223.7100067138672,52387700
2024-08-01,IWM,212.4333953857422,216.5800018310547,224.88999938964844,215.05999755859375,223.77000427246094,71508100
2024-08-02,IWM,204.92005920410156,208.9199981689453,211.19000244140625,206.99000549316406,208.85000610351562,66850200
2024-08-05,IWM,198.32872009277344,202.1999969482422,204.74000549316406,196.6999969482422,197.89999389648438,65683100
2024-08-06,IWM,200.48660278320312,204.39999389648438,207.25,201.1999969482422,203.00999450683594,37072500
2024-08-07,IWM,198.1129150390625,201.97999572753906,207.9600067138672,201.55999755859375,207.85000610351562,30594500
2024-08-08,IWM,202.92892456054688,206.88999938964844,207.0,203.1699981689453,204.4199981689453,26550300
2024-08-09,IWM,202.50717163085938,206.4600067138672,207.1199951171875,204.94000244140625,207.0500030517578,20954500
2024-08-12,IWM,200.68275451660156,204.60000610351562,206.97999572753906,203.82000732421875,206.61000061035156,20357900
2024-08-13,IWM,203.9882354736328,207.97000122070312,208.3800048828125,204.86000061035156,206.08999633789062,25458300
2024-08-14,IWM,202.72291564941406,206.67999267578125,208.75,205.74000549316406,208.6300048828125,25345600
2024-08-15,IWM,207.98031616210938,212.0399932861328,213.10000610351562,209.91000366210938,211.25999450683594,42561600
2024-08-16,IWM,208.5296173095703,212.60000610351562,213.97999572753906,211.27999877929688,211.3699951171875,30427400
2024-08-19,IWM,211.079833984375,215.1999969482422,215.2100067138672,212.82000732421875,212.9600067138672,17246200
2024-08-20,IWM,208.6178741455078,212.69000244140625,214.9499969482422,212.0500030517578,214.88999938964844,21703900
2024-08-21,IWM,211.33485412597656,215.4600067138672,215.66000366210938,212.82000732421875,214.27999877929688,19623100
2024-08-22,IWM,209.47120666503906,213.55999755859375,216.3699951171875,213.1300048828125,215.57000732421875,18084300
2024-08-23,IWM,216.16064453125,220.3800048828125,221.0800018310547,214.7899932861328,215.17999267578125,40003100
2024-08-26,IWM,216.22930908203125,220.4499969482422,222.4499969482422,220.0800018310547,221.92999267578125,24865500
2024-08-27,IWM,214.5520477294922,218.74000549316406,219.3699951171875,217.7100067138672,218.91000366210938,19577900
2024-08-28,IWM,213.10037231445312,217.25999450683594,219.1199951171875,216.27000427246094,217.8699951171875,19685000
2024-08-29,IWM,214.62069702148438,218.80999755859375,220.97999572753906,217.14999389648438,218.77999877929688,24599500
2024-08-30,IWM,215.86639404296875,220.0800018310547,220.5,217.39999389648438,219.7100067138672,23010500
2024-09-03,IWM,209.26524353027344,213.35000610351562,219.3699951171875,212.91000366210938,218.1300048828125,31338500
2024-09-04,IWM,208.91213989257812,212.99000549316406,215.3699951171875,211.6999969482422,212.75999450683594,23706300
2024-09-05,IWM,207.87242126464844,211.92999267578125,214.02999877929688,210.9199981689453,213.5399932861328,23910500
2024-09-06,IWM,203.91957092285156,207.89999389648438,213.19000244140625,207.13999938964844,211.92999267578125,34561300
2024-09-09,IWM,204.48846435546875,208.47999572753906,210.25999450683594,207.52000427246094,208.14999389648438,23584100
2024-09-10,IWM,204.3217315673828,208.30999755859375,208.86000061035156,205.7899932861328,208.72000122070312,23025700
2024-09-11,IWM,204.92005920410156,208.9199981689453,209.25,204.2100067138672,207.47000122070312,27175600
2024-09-12,IWM,207.5585479736328,211.61000061035156,212.77999877929688,208.41000366210938,209.91000366210938,27611700
2024-09-13,IWM,212.67860412597656,216.8300018310547,217.25,213.94000244140625,214.02999877929688,37388100
2024-09-16,IWM,213.4436798095703,217.61000061035156,218.2899932861328,216.13999938964844,217.6300048828125,23289000
2024-09-17,IWM,215.20921325683594,219.41000366210938,221.8000030517578,218.47000122070312,219.5800018310547,35563500
2024-09-18,IWM,215.24844360351562,219.4499969482422,224.94000244140625,218.25,219.22999572753906,54085200
2024-09-19,IWM,219.68190002441406,223.97000122070312,224.67999267578125,221.5,224.66000366210938,35369500
2024-09-20,IWM,217.32786560058594,221.57000732421875,223.4600067138672,221.2899932861328,223.4499969482422,34587500
2024-09-23,IWM,216.53335571289062,220.75999450683594,223.11000061035156,220.02000427246094,222.69000244140625,20157700
2024-09-24,IWM,216.8962860107422,221.1300048828125,221.92999267578125,219.5,221.6300048828125,20939800
2024-09-25,IWM,214.25074768066406,217.69000244140625,220.61000061035156,217.5399932861328,220.32000732421875,23242300
2024-09-26,IWM,215.39244079589844,218.85000610351562,221.1300048828125,218.3800048828125,220.49000549316406,24974700
2024-09-27,IWM,216.84906005859375,220.3300018310547,222.60000610351562,219.52999877929688,220.86000061035156,23959600
2024-09-30,IWM,217.4001922607422,220.88999938964844,221.58999633789062,218.5800018310547,219.4199981689453,21938200
2024-10-01,IWM,214.44760131835938,217.88999938964844,220.33999633789062,216.3000030517578,220.1699981689453,30016000
2024-10-02,IWM,214.15232849121094,217.58999633789062,218.75,216.2100067138672,216.99000549316406,14455400
2024-10-03,IWM,212.71542358398438,216.1300048828125,217.22999572753906,215.0800018310547,216.22999572753906,21353000
2024-10-04,IWM,215.68768310546875,219.14999389648438,219.97999572753906,217.2899932861328,219.2899932861328,27901500
2024-10-07,IWM,213.99485778808594,217.42999267578125,218.66000366210938,215.8699951171875,218.63999938964844,14891800
2024-10-08,IWM,214.14248657226562,217.5800018310547,218.3699951171875,216.6999969482422,217.6300048828125,18118600
2024-10-09,IWM,214.61489868164062,218.05999755859375,219.61000061035156,216.9199981689453,217.52999877929688,18230700
2024-10-10,IWM,213.42404174804688,216.85000610351562,216.8800048828125,214.60000610351562,215.89999389648438,24571400
2024-10-11,IWM,217.76434326171875,221.25999450683594,221.61000061035156,216.7100067138672,216.77000427246094,19950900
2024-10-14,IWM,219.36859130859375,222.88999938964844,223.11000061035156,220.42999267578125,221.4499969482422,19263300
2024-10-15,IWM,219.54576110839844,223.07000732421875,225.5,221.97999572753906,222.57000732421875,25998800
2024-10-16,IWM,223.1577911376953,226.74000549316406,227.1699981689453,224.38999938964844,224.88999938964844,27656700
2024-10-17,IWM,222.54757690429688,226.1199951171875,226.9600067138672,224.91000366210938,226.91000366210938,18003600
2024-10-18,IWM,222.0850067138672,225.64999389648438,227.02999877929688,225.38999938964844,226.66000366210938,20047400
2024-10-21,IWM,218.59109497070312,222.10000610351562,225.69000244140625,221.52999877929688,225.6300048828125,24243800
2024-10-22,IWM,217.76434326171875,221.25999450683594,221.8300018310547,220.3000030517578,221.47000122070312,15813900
2024-10-23,IWM,215.77627563476562,219.24000549316406,220.8000030517578,217.3699951171875,220.02999877929688,23263500
2024-10-24,IWM,216.24867248535156,219.72000122070312,221.0399932861328,218.52999877929688,220.42999267578125,18381900
2024-10-25,IWM,215.43179321289062,218.88999938964844,221.97000122070312,218.52000427246094,221.30999755859375,23807800
2024-10-28,IWM,218.94540405273438,222.4600067138672,222.97000122070312,220.47999572753906,220.7899932861328,19877700
2024-10-29,IWM,218.23678588867188,221.74000549316406,221.89999389648438,219.97000122070312,220.74000549316406,20282200
2024-10-30,IWM,217.9415283203125,221.44000244140625,224.47999572753906,220.89999389648438,221.07000732421875,19754800
2024-10-31,IWM,214.31964111328125,217.75999450683594,221.77000427246094,217.6300048828125,221.22000122070312,24078400
2024-11-01,IWM,215.5203857421875,218.97999572753906,220.97000122070312,218.33999633789062,219.5,21222200
2024-11-04,IWM,216.6128387451172,220.08999633789062,221.74000549316406,217.83999633789062,218.5,20463700
2024-11-05,IWM,220.68743896484375,224.22999572753906,224.2899932861328,219.05999755859375,219.33999633789062,26404600
2024-11-06,IWM,233.47219848632812,237.22000122070312,237.5800018310547,232.75,236.58999633789062,75554600
2024-11-07,IWM,232.64549255371094,236.3800048828125,238.49000549316406,235.39999389648438,236.88999938964844,34970300
2024-11-08,IWM,234.35800170898438,238.1199951171875,238.47000122070312,235.64999389648438,235.92999267578125,26597800
2024-11-11,IWM,237.88140869140625,241.6999969482422,242.38999938964844,239.85000610351562,240.52000427246094,29207700
2024-11-12,IWM,233.70840454101562,237.4600067138672,241.7899932861328,236.55999755859375,239.9600067138672,35314300
2024-11-13,IWM,231.39553833007812,235.11000061035156,239.8800048828125,234.8300018310547,238.9499969482422,25947700
2024-11-14,IWM,228.27561950683594,231.94000244140625,236.42999267578125,231.2100067138672,235.9499969482422,29272100
2024-11-15,IWM,224.87030029296875,228.47999572753906,232.2899932861328,227.80999755859375,232.22000122070312,37930000
2024-11-18,IWM,225.3131866455078,228.92999267578125,230.60000610351562,228.1300048828125,229.22000122070312,29368500
2024-11-19,IWM,226.986328125,230.6300048828125,230.82000732421875,226.39999389648438,226.58999633789062,26009400
2024-11-20,IWM,227.2815704345703,230.92999267578125,230.92999267578125,228.0399932861328,230.22999572753906,24222700
2024-11-21,IWM,230.7361297607422,234.44000244140625,235.57000732421875,231.11000061035156,232.16000366210938,28679400
2024-11-22,IWM,234.99771118164062,238.77000427246094,239.24000549316406,235.3300018310547,235.63999938964844,22693100
2024-11-25,IWM,238.57037353515625,242.39999389648438,244.97999572753906,241.38999938964844,241.49000549316406,33534000
2024-11-26,IWM,236.8184814453125,240.6199951171875,241.61000061035156,239.42999267578125,241.17999267578125,22581400
2024-11-27,IWM,237.1432647705078,240.9499969482422,243.69000244140625,240.44000244140625,242.00999450683594,19472800
2024-11-29,IWM,238.04872131347656,241.8699951171875,243.47999572753906,241.5399932861328,242.3699951171875,16782700
2024-12-02,IWM,237.9306182861328,241.75,242.66000366210938,240.00999450683594,242.24000549316406,25274800
2024-12-03,IWM,236.23780822753906,240.02999877929688,242.13999938964844,239.3699951171875,241.5399932861328,21376700
2024-12-04,IWM,237.08421325683594,240.88999938964844,241.6699981689453,239.2100067138672,240.27999877929688,19903000
2024-12-05,IWM,234.31861877441406,238.0800018310547,240.86000061035156,237.74000549316406,240.52000427246094,20227000
2024-12-06,IWM,235.15518188476562,238.92999267578125,239.88999938964844,238.3800048828125,239.7899932861328,20760900
2024-12-09,IWM,233.97413635253906,237.72999572753906,241.3800048828125,237.64999389648438,240.5500030517578,16684300
2024-12-10,IWM,232.96041870117188,236.6999969482422,238.82000732421875,235.9199981689453,237.5800018310547,19946500
2024-12-11,IWM,234.01351928710938,237.77000427246094,239.2899932861328,236.8300018310547,238.7100067138672,23156900
2024-12-12,IWM,230.9723358154297,234.67999267578125,237.64999389648438,234.35000610351562,237.16000366210938,21454500
2024-12-13,IWM,229.3877716064453,233.07000732421875,234.86000061035156,231.8800048828125,234.3699951171875,23972900
2024-12-16,IWM,230.7361297607422,234.44000244140625,235.6300048828125,232.35000610351562,232.91000366210938,32293500
2024-12-17,IWM,228.0946044921875,231.07000732421875,233.44000244140625,230.5500030517578,232.6699981689453,33064300
2024-12-18,IWM,217.99632263183594,220.83999633789062,233.0800018310547,218.9199981689453,232.24000549316406,52267500
2024-12-19,IWM,217.02894592285156,219.86000061035156,224.42999267578125,219.3300018310547,223.25,51871700
2024-12-20,IWM,219.06240844726562,221.9199981689453,224.66000366210938,218.07000732421875,218.60000610351562,53882200
2024-12-23,IWM,218.5589599609375,221.41000366210938,222.39999389648438,219.3800048828125,221.74000549316406,29606800
2024-12-24,IWM,220.51348876953125,223.38999938964844,223.6300048828125,220.47999572753906,222.02000427246094,13399600
2024-12-26,IWM,222.77398681640625,225.67999267578125,226.13999938964844,221.47000122070312,222.4199981689453,20024800
2024-12-27,IWM,219.5263671875,222.38999938964844,225.44000244140625,220.1999969482422,224.2899932861328,26956000
2024-12-30,IWM,217.83837890625,220.67999267578125,221.80999755859375,217.85000610351562,220.6699981689453,25706100
2024-12-31,IWM,218.11477661132812,220.9600067138672,223.27999877929688,220.14999389648438,222.1199951171875,26208300
2025-01-02,IWM,218.29246520996094,221.13999938964844,224.3699951171875,219.60000610351562,222.92999267578125,29363000
2025-01-03,IWM,221.5400848388672,224.42999267578125,224.82000732421875,221.3800048828125,222.07000732421875,24525300
2025-01-06,IWM,221.6289520263672,224.52000427246094,227.1699981689453,224.13999938964844,225.75999450683594,23541900
2025-01-07,IWM,219.8520965576172,222.72000122070312,226.52000427246094,221.3800048828125,225.5800018310547,28835200
2025-01-08,IWM,218.8551025390625,221.7100067138672,222.30999755859375,219.00999450683594,220.89999389648438,26795900
2025-01-10,IWM,214.03794860839844,216.8300018310547,218.7100067138672,215.30999755859375,218.30999755859375,37379400
2025-01-13,IWM,214.45254516601562,217.25,217.52000427246094,213.97000122070312,214.5,28603800
2025-01-14,IWM,216.89073181152344,219.72000122070312,220.22999572753906,217.22000122070312,219.17999267578125,25447500
2025-01-15,IWM,221.1551055908203,224.0399932861328,225.5800018310547,223.0,225.44000244140625,30124700
2025-01-16,IWM,221.5993194580078,224.49000549316406,225.22999572753906,222.7100067138672,224.14999389648438,21029800
2025-01-17,IWM,222.5568389892578,225.4600067138672,226.97000122070312,224.6699981689453,226.92999267578125,26754900
2025-01-21,IWM,226.8310546875,229.7899932861328,229.88999938964844,226.99000549316406,227.52000427246094,26086300
2025-01-22,IWM,225.35037231445312,228.2899932861328,229.85000610351562,227.8300018310547,229.35000610351562,21307300
2025-01-23,IWM,226.3769989013672,229.3300018310547,229.35000610351562,226.5500030517578,226.92999267578125,20850700
2025-01-24,IWM,225.7452392578125,228.69000244140625,230.22999572753906,228.0399932861328,228.82000732421875,19074500
2025-01-27,IWM,223.58343505859375,226.5,229.6199951171875,225.2100067138672,226.7100067138672,27461700
2025-01-28,IWM,223.83021545410156,226.75,227.55999755859375,225.17999267578125,226.74000549316406,16847400
2025-01-29,IWM,223.31690979003906,226.22999572753906,228.22000122070312,224.5800018310547,226.67999267578125,20280500
2025-01-30,IWM,225.58729553222656,228.52999877929688,230.0500030517578,226.9199981689453,228.52000427246094,25575100
2025-01-31,IWM,223.56369018554688,226.47999572753906,230.32000732421875,225.5399932861328,228.75,35330700
2025-02-03,IWM,220.9478302001953,223.8300018310547,225.5500030517578,220.6699981689453,221.50999450683594,34023300
2025-02-04,IWM,224.00790405273438,226.92999267578125,227.1300048828125,223.2100067138672,223.60000610351562,17985500
2025-02-05,IWM,226.44607543945312,229.39999389648438,229.5,226.88999938964844,228.05999755859375,15197300
2025-02-06,IWM,225.70574951171875,228.64999389648438,230.6999969482422,227.3000030517578,230.50999450683594,18809400
2025-02-07,IWM,223.08987426757812,226.0,229.25,225.5800018310547,228.85000610351562,28914400
2025-02-10,IWM,224.09674072265625,227.02000427246094,227.52000427246094,225.86000061035156,227.3699951171875,14574700
2025-02-11,IWM,222.79373168945312,225.6999969482422,226.4199981689453,224.80999755859375,225.0500030517578,18215700
2025-02-12,IWM,220.74050903320312,223.6199951171875,224.47999572753906,221.7899932861328,222.25999450683594,25572800
2025-02-13,IWM,223.22805786132812,226.13999938964844,226.33999633789062,223.75,225.0399932861328,21419400
2025-02-14,IWM,223.06027221679688,225.97000122070312,227.97999572753906,225.61000061035156,227.27000427246094,13574500
2025-02-18,IWM,224.28428649902344,227.2100067138672,227.6699981689453,225.50999450683594,226.14999389648438,15166500
2025-02-19,IWM,223.5143280029297,226.42999267578125,227.14999389648438,225.0800018310547,225.41000366210938,16194800
2025-02-20,IWM,221.3722686767578,224.25999450683594,226.19000244140625,223.00999450683594,226.00999450683594,18507700
2025-02-21,IWM,214.99546813964844,217.8000030517578,226.36000061035156,217.4600067138672,226.0,45036900
2025-02-24,IWM,213.4456787109375,216.22999572753906,218.7899932861328,215.14999389648438,218.7899932861328,30246200
2025-02-25,IWM,212.63624572753906,215.41000366210938,217.27000427246094,213.49000549316406,216.3699951171875,33665100
2025-02-26,IWM,212.9027557373047,215.67999267578125,218.41000366210938,214.83999633789062,216.05999755859375,25464200
2025-02-27,IWM,209.65512084960938,212.38999938964844,216.49000549316406,212.22000122070312,215.63999938964844,29378500
2025-02-28,IWM,211.88601684570312,214.64999389648438,214.66000366210938,210.9600067138672,211.63999938964844,32015400
2025-03-03,IWM,206.0915985107422,208.77999877929688,215.9600067138672,207.4199981689453,215.39999389648438,36330000
2025-03-04,IWM,203.76199340820312,206.4199981689453,209.77000427246094,203.19000244140625,205.92999267578125,56427100
2025-03-05,IWM,205.78561401367188,208.47000122070312,208.83999633789062,204.82000732421875,206.4499969482422,35778500
2025-03-06,IWM,202.6366729736328,205.27999877929688,208.1199951171875,203.89999389648438,205.77999877929688,39206300
2025-03-07,IWM,203.2980499267578,205.9499969482422,207.11000061035156,201.72999572753906,204.97000122070312,43514000
2025-03-10,IWM,198.1847381591797,200.77000427246094,204.74000549316406,198.75,203.44000244140625,39442800
2025-03-11,IWM,198.16500854492188,200.75,203.22000122070312,198.52999877929688,201.1199951171875,51509700
2025-03-12,IWM,198.51051330566406,201.10000610351562,203.75,199.5500030517578,203.0500030517578,36881700
2025-03-13,IWM,195.5491485595703,198.10000610351562,202.02999877929688,197.0,201.27000427246094,31336900
2025-03-14,IWM,200.27745056152344,202.88999938964844,203.07000732421875,199.33999633789062,200.24000549316406,34089400
2025-03-17,IWM,202.80450439453125,205.4499969482422,206.02000427246094,202.60000610351562,202.7100067138672,26947600
2025-03-18,IWM,201.04347229003906,203.2100067138672,203.9199981689453,202.35000610351562,203.85000610351562,22888000
2025-03-19,IWM,204.16976928710938,206.3699951171875,207.67999267578125,202.89999389648438,203.35000610351562,31595600
2025-03-20,IWM,202.87374877929688,205.05999755859375,207.3000030517578,204.1999969482422,204.32000732421875,25665900
2025-03-21,IWM,201.61727905273438,203.7899932861328,204.4199981689453,201.75999450683594,202.72000122070312,39470200
2025-03-24,IWM,206.63323974609375,208.86000061035156,209.22999572753906,206.69000244140625,206.9600067138672,25774700
2025-03-25,IWM,205.485595703125,207.6999969482422,209.27000427246094,207.08999633789062,208.69000244140625,17836900
2025-03-26,IWM,203.39808654785156,205.58999633789062,208.82000732421875,204.67999267578125,207.9600067138672,19344600
2025-03-27,IWM,202.42852783203125,204.61000061035156,206.35000610351562,203.75999450683594,205.3300018310547,23960000
2025-03-28,IWM,198.31288146972656,200.4499969482422,204.5800018310547,199.3800048828125,204.5399932861328,26656200
2025-03-31,IWM,197.36314392089844,199.49000549316406,200.63999938964844,195.49000549316406,197.47999572753906,32250800
2025-04-01,IWM,197.38290405273438,199.50999450683594,201.22999572753906,196.66000366210938,198.99000549316406,26054100
2025-04-02,IWM,200.49932861328125,202.66000366210938,203.3300018310547,196.5399932861328,196.77999877929688,36603000
2025-04-03,IWM,187.62802124023438,189.64999389648438,195.05999755859375,189.1999969482422,193.11000061035156,60551500
2025-04-04,IWM,179.2582244873047,181.19000244140625,184.0500030517578,176.6699981689453,182.61000061035156,92612800
2025-04-07,IWM,177.63572692871094,179.5500030517578,190.25,171.72999572753906,174.32000732421875,96706200
2025-04-08,IWM,172.95614624023438,174.82000732421875,185.9199981689453,172.33999633789062,185.69000244140625,61090600
2025-04-09,IWM,187.65773010253906,189.67999267578125,192.11000061035156,171.74000549316406,172.72000122070312,123015100
2025-04-10,IWM,179.77267456054688,181.7100067138672,185.47999572753906,176.97999572753906,184.52000427246094,67503000
2025-04-11,IWM,182.39442443847656,184.36000061035156,184.85000610351562,178.5800018310547,181.13999938964844,44954400
2025-04-14,IWM,184.54129028320312,186.52999877929688,187.97000122070312,183.0500030517578,187.80999755859375,35214600
2025-04-15,IWM,184.7688446044922,186.75999450683594,189.0500030517578,185.83999633789062,186.33999633789062,30715500
2025-04-16,IWM,182.99794006347656,184.97000122070312,186.72999572753906,182.55999755859375,185.6999969482422,35063300
2025-04-17,IWM,184.4918212890625,186.47999572753906,187.42999267578125,184.4600067138672,184.99000549316406,42359200
2025-04-21,IWM,180.7917022705078,182.74000549316406,185.2899932861328,180.77000427246094,185.0,26019000
2025-04-22,IWM,185.47128295898438,187.47000122070312,188.10000610351562,184.5500030517578,185.14999389648438,34477100
2025-04-23,IWM,188.22164916992188,190.25,195.50999450683594,189.83999633789062,192.9199981689453,44866100
2025-04-24,IWM,191.99102783203125,194.05999755859375,194.3699951171875,189.88999938964844,190.75999450683594,29820100
2025-04-25,IWM,192.0503692626953,194.1199951171875,194.25999450683594,191.5500030517578,192.72000122070312,25029000
2025-04-28,IWM,192.8616485595703,194.94000244140625,196.14999389648438,192.52999877929688,194.5,22482300
2025-04-29,IWM,193.99937438964844,196.08999633789062,196.86000061035156,193.00999450683594,194.47000122070312,20118200
2025-04-30,IWM,192.78248596191406,194.86000061035156,195.47999572753906,190.72000122070312,193.13999938964844,29046100
2025-05-01,IWM,193.97959899902344,196.07000732421875,197.6699981689453,193.74000549316406,195.7100067138672,33169700
2025-05-02,IWM,198.34255981445312,200.47999572753906,201.2100067138672,198.17999267578125,198.3300018310547,30201800
2025-05-05,IWM,196.81898498535156,198.94000244140625,200.5,198.0800018310547,198.57000732421875,20834200
2025-05-06,IWM,194.67213439941406,196.77000427246094,198.58999633789062,195.63999938964844,196.58999633789062,24642100
2025-05-07,IWM,195.31520080566406,197.4199981689453,198.55999755859375,196.0399932861328,198.10000610351562,23623300
2025-05-08,IWM,199.03509521484375,201.17999267578125,202.74000549316406,198.25999450683594,199.77000427246094,32646300
2025-05-09,IWM,198.6690673828125,200.80999755859375,202.27999877929688,199.9600067138672,201.5399932861328,17203000
2025-05-12,IWM,205.65377807617188,207.8699951171875,209.72999572753906,205.82000732421875,208.83999633789062,38207200
2025-05-13,IWM,206.40567016601562,208.6300048828125,209.61000061035156,207.9600067138672,208.92999267578125,28295800
2025-05-14,IWM,204.57540893554688,206.77999877929688,208.5399932861328,206.52999877929688,208.0399932861328,26316100
2025-05-15,IWM,205.9110107421875,208.1300048828125,208.19000244140625,205.38999938964844,206.5800018310547,21563700
2025-05-16,IWM,207.61268615722656,209.85000610351562,210.1300048828125,207.77999877929688,208.4199981689453,28906400
2025-05-19,IWM,206.74205017089844,208.97000122070312,209.08999633789062,206.25999450683594,206.8000030517578,25859600
2025-05-20,IWM,206.8508758544922,209.0800018310547,209.75999450683594,207.9600067138672,208.66000366210938,22053100
2025-05-21,IWM,201.04347229003906,203.2100067138672,207.61000061035156,202.83999633789062,206.6300048828125,36704400
2025-05-22,IWM,201.0335693359375,203.1999969482422,204.3699951171875,201.52999877929688,202.2899932861328,31831300
2025-05-23,IWM,200.400390625,202.55999755859375,203.25999450683594,199.64999389648438,199.77999877929688,29114600
2025-05-27,IWM,205.485595703125,207.6999969482422,207.75,204.16000366210938,205.63999938964844,31655900
2025-05-28,IWM,203.31895446777344,205.50999450683594,208.02999877929688,205.1999969482422,207.7100067138672,26046700
2025-05-29,IWM,203.9224395751953,206.1199951171875,207.05999755859375,204.47000122070312,206.9499969482422,32749500
2025-05-30,IWM,202.88363647460938,205.07000732421875,206.25,203.5399932861328,205.13999938964844,37768900
2025-06-02,IWM,203.51681518554688,205.7100067138672,205.83999633789062,202.6699981689453,205.32000732421875,30334300
2025-06-03,IWM,206.80140686035156,209.02999877929688,209.61000061035156,205.5500030517578,206.4600067138672,37702200
2025-06-04,IWM,206.21771240234375,208.44000244140625,210.00999450683594,208.13999938964844,209.17999267578125,27225300
2025-06-05,IWM,206.30673217773438,208.52999877929688,209.8300018310547,207.0,208.6999969482422,35728700
2025-06-06,IWM,209.64080810546875,211.89999389648438,212.1300048828125,210.60000610351562,211.5,32144500
2025-06-09,IWM,211.0852508544922,213.36000061035156,214.27999877929688,212.5500030517578,213.8699951171875,33984400
2025-06-10,IWM,212.22299194335938,214.50999450683594,215.42999267578125,213.80999755859375,214.4600067138672,30182200
2025-06-11,IWM,211.3523712158203,213.6300048828125,215.92999267578125,213.3000030517578,215.5800018310547,31113400
2025-06-12,IWM,210.51144409179688,212.77999877929688,213.27000427246094,211.6300048828125,212.1699981689453,25367000
2025-06-13,IWM,206.66290283203125,208.88999938964844,211.44000244140625,208.22000122070312,209.83999633789062,60580000
2025-06-16,IWM,209.0994415283203,210.77000427246094,211.9499969482422,209.63999938964844,210.47999572753906,28974000
2025-06-17,IWM,206.89703369140625,208.5500030517578,210.4499969482422,208.3699951171875,209.05999755859375,32843200
2025-06-18,IWM,207.98831176757812,209.64999389648438,211.38999938964844,207.77999877929688,208.44000244140625,42850500
2025-06-20,IWM,207.5518035888672,209.2100067138672,211.25,208.4600067138672,211.11000061035156,36978100
2025-06-23,IWM,210.0915069580078,211.77000427246094,211.77999877929688,206.80999755859375,208.47999572753906,35516400
2025-06-24,IWM,212.77012634277344,214.47000122070312,214.92999267578125,212.36000061035156,213.2899932861328,31772500
2025-06-25,IWM,210.28993225097656,211.97000122070312,214.72999572753906,211.88999938964844,214.66000366210938,27725600
2025-06-26,IWM,213.7026824951172,215.41000366210938,215.5500030517578,212.6999969482422,212.8300018310547,26261200
2025-06-27,IWM,213.7720947265625,215.47999572753906,217.41000366210938,214.1300048828125,216.0500030517578,47717300
2025-06-30,IWM,214.07965087890625,215.7899932861328,216.7100067138672,215.38999938964844,216.67999267578125,25558000
2025-07-01,IWM,216.2820587158203,218.00999450683594,220.52999877929688,214.14999389648438,214.6199951171875,43864800
2025-07-02,IWM,219.27810668945312,221.02999877929688,221.10000610351562,217.36000061035156,218.3699951171875,35735200
2025-07-03,IWM,221.31187438964844,223.0800018310547,223.3300018310547,221.77000427246094,222.00999450683594,23515700
2025-07-07,IWM,217.98843383789062,219.72999572753906,222.82000732421875,218.41000366210938,221.57000732421875,41551200
2025-07-08,IWM,219.49636840820312,221.25,222.2899932861328,220.3300018310547,220.5800018310547,36339300
2025-07-09,IWM,221.87734985351562,223.64999389648438,223.69000244140625,221.1199951171875,222.57000732421875,32425200
2025-07-10,IWM,223.0182342529297,224.8000030517578,226.0500030517578,222.86000061035156,223.38999938964844,33865900
2025-07-11,IWM,219.94281005859375,221.6999969482422,223.5399932861328,221.57000732421875,223.1699981689453,31579600
2025-07-14,IWM,221.42098999023438,223.19000244140625,223.33999633789062,221.05999755859375,221.3699951171875,24632200
2025-07-15,IWM,217.0856475830078,218.82000732421875,224.22999572753906,218.7899932861328,224.07000732421875,44215400
2025-07-16,IWM,219.26820373535156,221.02000427246094,221.3699951171875,216.91000366210938,220.22000122070312,48199800
2025-07-17,IWM,222.14520263671875,223.9199981689453,224.1999969482422,220.7100067138672,221.0800018310547,43548000
2025-07-18,IWM,220.56781005859375,222.3300018310547,225.36000061035156,221.97999572753906,225.2899932861328,49009900
2025-07-21,IWM,219.67494201660156,221.42999267578125,224.41000366210938,221.25,223.5399932861328,28191400
2025-07-22,IWM,221.50038146972656,223.27000427246094,223.80999755859375,220.66000366210938,221.6199951171875,30873300
2025-07-23,IWM,224.88333129882812,226.67999267578125,226.7100067138672,224.07000732421875,224.82000732421875,37478100
2025-07-24,IWM,221.7781524658203,223.5500030517578,225.85000610351562,223.47999572753906,225.52000427246094,29446700
2025-07-25,IWM,222.60157775878906,224.3800048828125,224.60000610351562,222.5399932861328,224.4199981689453,24555500
2025-07-28,IWM,222.3436279296875,224.1199951171875,225.44000244140625,223.42999267578125,225.32000732421875,24934900
2025-07-29,IWM,220.92495727539062,222.69000244140625,225.69000244140625,222.05999755859375,225.61000061035156,28685900
2025-07-30,IWM,219.80392456054688,221.55999755859375,224.92999267578125,220.1199951171875,223.66000366210938,48924400
2025-07-31,IWM,217.651123046875,219.38999938964844,222.02000427246094,218.8800048828125,220.4600067138672,42913900
2025-08-01,IWM,213.216552734375,214.9199981689453,216.55999755859375,212.33999633789062,216.22000122070312,63854100
2025-08-04,IWM,217.98843383789062,219.72999572753906,219.74000549316406,216.0800018310547,216.5500030517578,34989600
2025-08-05,IWM,219.09954833984375,220.85000610351562,221.25999450683594,218.24000549316406,220.55999755859375,31337100
2025-08-06,IWM,218.8118438720703,220.55999755859375,220.99000549316406,219.3800048828125,220.9499969482422,23142100
2025-08-07,IWM,218.09754943847656,219.83999633789062,222.83999633789062,218.50999450683594,222.75999450683594,37088000
2025-08-08,IWM,218.57374572753906,220.32000732421875,221.57000732421875,219.74000549316406,221.07000732421875,28318100
2025-08-11,IWM,218.52415466308594,220.27000427246094,221.67999267578125,219.80999755859375,220.77000427246094,25212800
2025-08-12,IWM,225.01231384277344,226.80999755859375,226.97999572753906,221.14999389648438,221.85000610351562,43815500
2025-08-13,IWM,229.3873748779297,231.22000122070312,231.4600067138672,227.8300018310547,228.25999450683594,41705800
2025-08-14,IWM,226.43096923828125,228.24000549316406,228.8000030517578,226.1699981689453,228.44000244140625,55945500
2025-08-15,IWM,225.32977294921875,227.1300048828125,228.77999877929688,226.0399932861328,228.63999938964844,33571400
2025-08-18,IWM,226.1531982421875,227.9600067138672,228.4600067138672,226.94000244140625,227.2100067138672,20144100
2025-08-19,IWM,224.41708374023438,226.2100067138672,228.97999572753906,225.69000244140625,228.02000427246094,25000700
2025-08-20,IWM,223.6234130859375,225.41000366210938,226.3800048828125,223.69000244140625,225.92999267578125,29229700
2025-08-21,IWM,224.17897033691406,225.97000122070312,226.32000732421875,223.77999877929688,224.41000366210938,24539400
2025-08-22,IWM,232.96876525878906,234.8300018310547,235.4199981689453,227.17999267578125,227.3699951171875,58205500
2025-08-25,IWM,230.51832580566406,232.36000061035156,234.3000030517578,232.36000061035156,234.13999938964844,28453700
2025-08-26,IWM,232.423095703125,234.27999877929688,234.8699951171875,232.58999633789062,232.8300018310547,25121500
2025-08-27,IWM,234.0699462890625,235.94000244140625,236.1199951171875,233.55999755859375,233.74000549316406,25395400
2025-08-28,IWM,234.34771728515625,236.22000122070312,236.97000122070312,235.35000610351562,236.9600067138672,25011200
2025-08-29,IWM,233.30604553222656,235.1699981689453,237.02000427246094,234.3699951171875,236.74000549316406,29254800
2025-09-02,IWM,232.04611206054688,233.89999389648438,234.39999389648438,231.47000122070312,231.99000549316406,33108600
2025-09-03,IWM,231.81793212890625,233.6699981689453,235.25999450683594,232.4600067138672,233.27000427246094,33252400
2025-09-04,IWM,234.7147979736328,236.58999633789062,236.6699981689453,233.5800018310547,234.22999572753906,30323800
2025-09-05,IWM,235.8854522705078,237.77000427246094,239.67999267578125,234.9499969482422,237.72000122070312,47542500
2025-09-08,IWM,236.3616485595703,238.25,238.55999755859375,236.38999938964844,238.50999450683594,31487700
2025-09-09,IWM,234.97274780273438,236.85000610351562,237.9600067138672,235.4199981689453,237.89999389648438,35395800
2025-09-10,IWM,234.55604553222656,236.42999267578125,238.27000427246094,235.4600067138672,237.30999755859375,33910200
2025-09-11,IWM,238.8914337158203,240.8000030517578,240.92999267578125,236.24000549316406,236.85000610351562,43629800
2025-09-12,IWM,236.45091247558594,238.33999633789062,240.32000732421875,238.1999969482422,240.1999969482422,46097600
2025-09-15,IWM,237.4529266357422,239.35000610351562,240.0399932861328,238.5500030517578,239.22999572753906,33014000
2025-09-16,IWM,237.06192016601562,238.27999877929688,238.92999267578125,236.75999450683594,238.4499969482422,37059300
2025-09-17,IWM,237.66880798339844,238.88999938964844,244.27999877929688,237.02000427246094,238.82000732421875,79955600
2025-09-18,IWM,243.58839416503906,244.83999633789062,245.14999389648438,240.1300048828125,240.8000030517578,49167700
2025-09-19,IWM,241.73788452148438,242.97999572753906,245.57000732421875,242.50999450683594,245.57000732421875,56092000
2025-09-22,IWM,243.14068603515625,244.38999938964844,244.7899932861328,241.11000061035156,242.24000549316406,53572900
2025-09-23,IWM,242.59349060058594,243.83999633789062,247.17999267578125,243.44000244140625,245.00999450683594,41854500
2025-09-24,IWM,240.36495971679688,241.60000610351562,244.61000061035156,241.55999755859375,243.89999389648438,36002200
2025-09-25,IWM,238.06675720214844,239.2899932861328,239.99000549316406,237.5500030517578,238.97999572753906,37209500
2025-09-26,IWM,240.1062774658203,241.33999633789062,241.67999267578125,239.3300018310547,239.6199951171875,28942800
2025-09-29,IWM,240.3848419189453,241.6199951171875,242.92999267578125,240.80999755859375,242.83999633789062,26391500
2025-09-30,IWM,240.72311401367188,241.9600067138672,242.1300048828125,239.39999389648438,241.11000061035156,33447700
2025-10-01,IWM,241.25039672851562,242.49000549316406,243.0399932861328,240.5500030517578,240.57000732421875,28520000
2025-10-02,IWM,242.7725830078125,244.02000427246094,244.08999633789062,241.47000122070312,243.0,28687400
2025-10-03,IWM,244.5733184814453,245.8300018310547,248.08999633789062,245.02999877929688,245.35000610351562,34579600
2025-10-06,IWM,245.54830932617188,246.80999755859375,248.47999572753906,246.07000732421875,247.72999572753906,31507400
2025-10-07,IWM,242.911865234375,244.16000366210938,247.63999938964844,243.19000244140625,247.36000061035156,31766600
2025-10-08,IWM,245.4587860107422,246.72000122070312,246.9600067138672,243.8000030517578,245.27999877929688,25825000
2025-10-09,IWM,243.8769073486328,245.1300048828125,247.25,244.00999450683594,246.30999755859375,26243100
2025-10-10,IWM,236.5744171142578,237.7899932861328,246.88999938964844,237.55999755859375,245.75,70569400
2025-10-13,IWM,243.1605987548828,244.41000366210938,244.6300048828125,241.39999389648438,241.8300018310547,36298600
2025-10-14,IWM,246.63275146484375,247.89999389648438,249.60000610351562,240.36000061035156,241.22999572753906,45320800
2025-10-15,IWM,249.05032348632812,250.3300018310547,252.77000427246094,247.05999755859375,250.36000061035156,45369000
2025-10-16,IWM,243.80726623535156,245.05999755859375,251.25999450683594,244.0,250.97000122070312,52740400
2025-10-17,IWM,242.1656951904297,243.41000366210938,245.16000366210938,241.47000122070312,243.32000732421875,55379500
2025-10-20,IWM,246.89141845703125,248.16000366210938,248.3300018310547,246.13999938964844,246.6199951171875,32545000
2025-10-21,IWM,245.7274169921875,246.99000549316406,248.3699951171875,245.50999450683594,247.42999267578125,26337900
2025-10-22,IWM,242.09605407714844,243.33999633789062,246.86000061035156,240.77000427246094,246.02999877929688,46578400
2025-10-23,IWM,245.16030883789062,246.4199981689453,247.1199951171875,243.67999267578125,244.2899932861328,28591000
2025-10-24,IWM,248.15492248535156,249.42999267578125,251.11000061035156,248.97000122070312,249.8000030517578,26627000
2025-10-27,IWM,249.02047729492188,250.3000030517578,252.2100067138672,249.5,251.77999877929688,31798100
2025-10-28,IWM,247.6873321533203,248.9600067138672,250.89999389648438,248.11000061035156,249.5500030517578,28075900
2025-10-29,IWM,245.57815551757812,246.83999633789062,251.13999938964844,244.69000244140625,248.83999633789062,56235300
2025-10-30,IWM,243.5983428955078,244.85000610351562,248.13999938964844,244.6300048828125,245.27000427246094,44538700
2025-10-31,IWM,244.97128295898438,246.22999572753906,246.7899932861328,243.69000244140625,244.99000549316406,37214700
2025-11-03,IWM,244.18531799316406,245.44000244140625,246.25999450683594,242.49000549316406,246.1699981689453,28887900
2025-11-04,IWM,239.9669952392578,241.1999969482422,244.05999755859375,241.0,241.7899932861328,34468700
2025-11-05,IWM,243.42919921875,244.67999267578125,245.72999572753906,241.63999938964844,241.9600067138672,38229200
2025-11-06,IWM,239.121337890625,240.35000610351562,244.7899932861328,240.0,244.25999450683594,40601200
2025-11-07,IWM,240.37490844726562,241.61000061035156,241.66000366210938,236.27000427246094,238.41000366210938,54978900
2025-11-10,IWM,242.78253173828125,244.02999877929688,245.24000549316406,242.25,245.00999450683594,31238000
2025-11-11,IWM,242.99147033691406,244.24000549316406,244.74000549316406,242.52000427246094,243.3699951171875,27357900
2025-11-12,IWM,242.39451599121094,243.63999938964844,246.3800048828125,243.3300018310547,244.83999633789062,34543200
2025-11-13,IWM,235.57952880859375,236.7899932861328,242.67999267578125,235.83999633789062,241.83999633789062,65710000
2025-11-14,IWM,236.26600646972656,237.47999572753906,238.72999572753906,233.27000427246094,233.33999633789062,58344400
2025-11-17,IWM,231.57012939453125,232.75999450683594,237.83999633789062,231.75999450683594,236.4600067138672,55765900
2025-11-18,IWM,232.27651977539062,233.47000122070312,235.0800018310547,230.9600067138672,231.30999755859375,63092500
2025-11-19,IWM,232.2366943359375,233.42999267578125,236.3699951171875,232.42999267578125,233.8000030517578,57280500
2025-11-20,IWM,227.9387969970703,229.11000061035156,239.10000610351562,228.89999389648438,237.24000549316406,95483000
2025-11-21,IWM,234.3956298828125,235.60000610351562,237.11000061035156,229.5800018310547,229.9600067138672,99504100
2025-11-24,IWM,238.67364501953125,239.89999389648438,240.38999938964844,235.47999572753906,235.9600067138672,36135300
2025-11-25,IWM,243.8769073486328,245.1300048828125,245.5500030517578,240.0399932861328,240.74000549316406,46160800
2025-11-26,IWM,246.0358123779297,247.3000030517578,248.8300018310547,244.77000427246094,245.0500030517578,34636600
2025-11-28,IWM,247.47840881347656,248.75,248.80999755859375,247.07000732421875,248.00999450683594,18911800
2025-12-01,IWM,244.36439514160156,245.6199951171875,247.69000244140625,245.33999633789062,245.57000732421875,36920000
2025-12-02,IWM,243.9167022705078,245.1699981689453,247.3699951171875,245.1199951171875,247.3699951171875,31918500
2025-12-03,IWM,248.35389709472656,249.6300048828125,249.83999633789062,245.47999572753906,245.97000122070312,32846300
2025-12-04,IWM,250.53271484375,251.82000732421875,252.66000366210938,248.5399932861328,248.97000122070312,40245800
2025-12-05,IWM,249.4880828857422,250.77000427246094,252.66000366210938,250.27999877929688,251.49000549316406,36956600
2025-12-08,IWM,249.58755493164062,250.8699951171875,252.77000427246094,250.17999267578125,252.6999969482422,29100000
2025-12-09,IWM,250.1049041748047,251.38999938964844,252.9499969482422,250.10000610351562,250.25,30170100
2025-12-10,IWM,253.50741577148438,254.80999755859375,256.57000732421875,250.5399932861328,250.89999389648438,51105200
2025-12-11,IWM,256.4821472167969,257.79998779296875,258.010009765625,254.32000732421875,254.63999938964844,41345200
2025-12-12,IWM,252.55233764648438,253.85000610351562,258.20001220703125,253.44000244140625,257.95001220703125,57657700
2025-12-15,IWM,250.6421356201172,251.92999267578125,255.69000244140625,251.74000549316406,255.5500030517578,43120100
2025-12-16,IWM,249.4562530517578,249.89999389648438,252.16000366210938,248.47000122070312,250.33999633789062,43115300
2025-12-17,IWM,246.8009796142578,247.24000549316406,252.16000366210938,246.6999969482422,250.3699951171875,38132400
2025-12-18,IWM,248.26837158203125,248.7100067138672,251.36000061035156,248.2100067138672,250.17999267578125,39068000
2025-12-19,IWM,250.34466552734375,250.7899932861328,251.39999389648438,249.05999755859375,249.27999877929688,43610400
2025-12-22,IWM,253.12973022460938,253.5800018310547,255.1199951171875,252.1999969482422,252.27999877929688,40497300
2025-12-23,IWM,251.63238525390625,252.0800018310547,253.22000122070312,251.4600067138672,252.4199981689453,24973500
2025-12-24,IWM,252.2612762451172,252.7100067138672,252.86000061035156,251.1199951171875,251.97000122070312,12103000
2025-12-26,IWM,250.9735565185547,251.4199981689453,252.75,250.39999389648438,252.5800018310547,17429900
2025-12-29,IWM,249.43629455566406,249.8800048828125,251.5,249.35000610351562,250.25999450683594,25218800
2025-12-30,IWM,247.58956909179688,248.02999877929688,250.14999389648438,247.9499969482422,249.97000122070312,22123600
2025-12-31,IWM,245.722900390625,246.16000366210938,248.27999877929688,246.00999450683594,248.17999267578125,35352000
2026-01-02,IWM,248.33824157714844,248.77999877929688,249.08999633789062,245.86000061035156,247.6300048828125,40007700
2026-01-05,IWM,252.28123474121094,252.72999572753906,253.5500030517578,249.57000732421875,249.7899932861328,37428100
2026-01-06,IWM,255.62527465820312,256.0799865722656,256.25,251.52000427246094,252.24000549316406,40677800
2026-01-07,IWM,255.02635192871094,255.47999572753906,256.79998779296875,253.97000122070312,256.3999938964844,33052000
2026-01-08,IWM,257.8113708496094,258.2699890136719,258.92999267578125,254.36000061035156,254.6999969482422,37957000
2026-01-09,IWM,259.7679138183594,260.2300109863281,261.55999755859375,258.0899963378906,259.5799865722656,36301500
2026-01-12,IWM,261.03564453125,261.5,261.6600036621094,258.239990234375,259.2799987792969,28423400
2026-01-13,IWM,260.88592529296875,261.3500061035156,262.8900146484375,260.4599914550781,262.4100036621094,33882400
2026-01-14,IWM,262.72265625,263.19000244140625,263.4599914550781,260.19000244140625,261.1300048828125,37164300
2026-01-15,IWM,265.0385437011719,265.510009765625,267.04998779296875,263.7300109863281,264.05999755859375,33465200
2026-01-16,IWM,265.2881164550781,265.760009765625,267.2200012207031,264.7099914550781,265.8699951171875,33844900
2026-01-20,IWM,262.1137390136719,262.5799865722656,265.0799865722656,261.05999755859375,261.1400146484375,47911500
2026-01-21,IWM,267.3144836425781,267.7900085449219,268.5899963378906,262.9200134277344,264.6400146484375,59952800
2026-01-22,IWM,269.3109436035156,269.7900085449219,271.6000061035156,269.4200134277344,269.8299865722656,35110800
2026-01-23,IWM,264.33978271484375,264.80999755859375,269.04998779296875,264.4599914550781,269.0400085449219,42636700
2026-01-26,IWM,263.5112609863281,263.9800109863281,266.69000244140625,263.489990234375,265.07000732421875,32119300
2026-01-27,IWM,264.25994873046875,264.7300109863281,264.8599853515625,262.6600036621094,264.04998779296875,26975500
2026-01-28,IWM,262.83245849609375,263.29998779296875,266.67999267578125,262.55999755859375,265.9800109863281,37139100
2026-01-29,IWM,262.90234375,263.3699951171875,265.05999755859375,259.4100036621094,264.07000732421875,43922900
2026-01-30,IWM,259.1889343261719,259.6499938964844,262.9800109863281,257.94000244140625,261.07000732421875,59164200
2026-02-02,IWM,261.7144470214844,262.17999267578125,263.7699890136719,258.3500061035156,258.4800109863281,42896200
2026-02-03,IWM,262.3133850097656,262.7799987792969,265.05999755859375,258.54998779296875,263.05999755859375,54588000
2026-02-04,IWM,260.0574035644531,260.5199890136719,264.6499938964844,257.1400146484375,264.1600036621094,48826500
2026-02-05,IWM,255.375732421875,255.8300018310547,261.6199951171875,255.0500030517578,258.5,48279600
2026-02-06,IWM,264.5494079589844,265.0199890136719,265.7200012207031,259.5799865722656,259.739990234375,43354900
2026-02-09,IWM,266.4060974121094,266.8800048828125,267.6700134277344,263.3399963378906,264.8399963378906,29064800
2026-02-10,IWM,265.6873779296875,266.1600036621094,268.5199890136719,265.8800048828125,267.2300109863281,24661700
2026-02-11,IWM,264.47955322265625,264.95001220703125,268.9599914550781,262.1000061035156,268.4700012207031,41829400
2026-02-12,IWM,259.07916259765625,259.5400085449219,267.4599914550781,258.3900146484375,267.0199890136719,47628200
2026-02-13,IWM,262.4930725097656,262.9599914550781,265.1700134277344,258.510009765625,260.6000061035156,45360300
2026-02-17,IWM,262.57293701171875,263.0400085449219,264.3599853515625,259.05999755859375,262.3800048828125,33734800
2026-02-18,IWM,263.521240234375,263.989990234375,266.9100036621094,261.8500061035156,263.0299987792969,36034700
2026-02-19,IWM,264.1301574707031,264.6000061035156,264.6400146484375,261.0799865722656,262.57000732421875,31006000
2026-02-20,IWM,264.14013671875,264.6099853515625,267.3299865722656,262.1400146484375,262.8500061035156,47126600
2026-02-23,IWM,260.0274353027344,260.489990234375,264.3699951171875,258.1000061035156,263.3999938964844,44001100
2026-02-24,IWM,262.8623962402344,263.3299865722656,264.1400146484375,259.8599853515625,260.3999938964844,34884200
2026-02-25,IWM,264.11016845703125,264.5799865722656,265.2799987792969,262.42999267578125,265.25,26012100
2026-02-26,IWM,265.5176696777344,265.989990234375,266.239990234375,262.1199951171875,265.010009765625,41206500
2026-02-27,IWM,260.9458312988281,261.4100036621094,262.760009765625,259.7699890136719,262.1000061035156,40631500
2026-03-02,IWM,263.341552734375,263.80999755859375,264.2799987792969,257.7900085449219,257.80999755859375,53495700
2026-03-03,IWM,258.7796630859375,259.239990234375,261.1199951171875,253.30999755859375,256.79998779296875,59537000
2026-03-04,IWM,261.2951965332031,261.760009765625,262.9599914550781,258.82000732421875,261.20001220703125,37979700
2026-03-05,IWM,256.3040771484375,256.760009765625,260.760009765625,254.16000366210938,258.989990234375,60414600
2026-03-06,IWM,250.4445037841797,250.88999938964844,253.3000030517578,249.94000244140625,251.49000549316406,64192000
2026-03-09,IWM,253.16964721679688,253.6199951171875,254.64999389648438,244.38999938964844,247.58999633789062,65369500
2026-03-10,IWM,252.9101104736328,253.36000061035156,257.6499938964844,252.39999389648438,252.9600067138672,55879100
2026-03-11,IWM,252.40103149414062,252.85000610351562,254.3800048828125,250.5800018310547,252.33999633789062,50418100
2026-03-12,IWM,246.97068786621094,247.41000366210938,249.80999755859375,246.5800018310547,248.94000244140625,61802900
2026-03-13,IWM,246.15213012695312,246.58999633789062,250.61000061035156,245.5399932861328,249.25999450683594,53933300
2026-03-16,IWM,248.47799682617188,248.9199981689453,251.47000122070312,248.30999755859375,249.75999450683594,48755700
2026-03-17,IWM,250.0500030517578,250.0500030517578,251.7100067138672,248.9600067138672,249.8699951171875,40642800
2026-03-18,IWM,246.02000427246094,246.02000427246094,249.22999572753906,245.8800048828125,248.41000366210938,43192600
2026-03-19,IWM,247.6300048828125,247.6300048828125,250.08999633789062,242.52000427246094,243.02999877929688,59219500
2026-03-20,IWM,242.22000122070312,242.22000122070312,247.5,240.3300018310547,246.97000122070312,76749900
2026-03-23,IWM,247.4499969482422,247.4499969482422,251.36000061035156,246.11000061035156,247.1699981689453,78746600
2026-03-24,IWM,248.77999877929688,248.77999877929688,250.16000366210938,244.60000610351562,245.50999450683594,45210800
2026-03-25,IWM,251.82000732421875,251.82000732421875,253.07000732421875,249.52000427246094,251.74000549316406,45671700
2026-03-26,IWM,247.44000244140625,247.44000244140625,251.86000061035156,247.16000366210938,248.88999938964844,46830200
2026-03-27,IWM,243.10000610351562,243.10000610351562,246.74000549316406,242.41000366210938,246.00999450683594,48114400
2026-03-30,IWM,239.61000061035156,239.61000061035156,245.3699951171875,238.69000244140625,245.35000610351562,51290500
2026-03-31,IWM,248.0,248.0,248.9199981689453,242.24000549316406,243.0399932861328,58660800
2026-04-01,IWM,249.55999755859375,249.55999755859375,252.44000244140625,249.11000061035156,249.9199981689453,51295900
2026-04-02,IWM,251.2899932861328,251.2899932861328,252.3699951171875,244.8699951171875,244.94000244140625,30369200
2026-04-06,IWM,252.36000061035156,252.36000061035156,253.0500030517578,250.25,250.99000549316406,22151400
2026-04-07,IWM,252.91000366210938,252.91000366210938,253.47999572753906,249.52000427246094,251.2100067138672,34881900
2026-04-08,IWM,260.4700012207031,260.4700012207031,262.2699890136719,258.4100036621094,261.5199890136719,46680200
2026-04-09,IWM,261.9599914550781,261.9599914550781,262.8999938964844,258.7799987792969,258.7799987792969,26758400
2026-04-10,IWM,261.29998779296875,261.29998779296875,262.75,260.3399963378906,262.3999938964844,22365900
2026-04-13,IWM,265.07000732421875,265.07000732421875,265.3599853515625,260.0199890136719,260.239990234375,23820000
2026-04-14,IWM,268.7200012207031,268.7200012207031,269.4200134277344,266.2799987792969,267.0899963378906,24270400
2026-04-15,IWM,269.3900146484375,269.3900146484375,269.5899963378906,267.5899963378906,268.7799987792969,21670600
2026-04-16,IWM,269.95001220703125,269.95001220703125,270.3500061035156,268.04998779296875,269.45001220703125,30847900
2026-04-17,IWM,275.7799987792969,275.7799987792969,277.6300048828125,273.1199951171875,273.739990234375,46462700
2026-04-20,IWM,277.3500061035156,277.3500061035156,277.6700134277344,274.5299987792969,274.6499938964844,22993900
2026-04-21,IWM,274.510009765625,274.510009765625,279.7900085449219,273.760009765625,278.17999267578125,32235200
2026-04-22,IWM,276.4800109863281,276.4800109863281,278.010009765625,274.8999938964844,277.5899963378906,20274300
2026-04-23,IWM,275.5199890136719,275.5199890136719,277.8699951171875,271.95001220703125,276.7300109863281,32886600
2026-04-24,IWM,276.6499938964844,276.6499938964844,278.1300048828125,274.2300109863281,276.6700134277344,21568600
2026-04-27,IWM,277.1400146484375,277.1400146484375,278.239990234375,276.25,276.82000732421875,23399400
2026-04-28,IWM,273.9100036621094,273.9100036621094,276.9700012207031,272.9200134277344,276.04998779296875,24139400
2026-04-29,IWM,272.0799865722656,272.0799865722656,274.3800048828125,270.3599853515625,273.9200134277344,29428900
2026-04-30,IWM,277.9700012207031,277.9700012207031,278.2200012207031,272.44000244140625,273.1300048828125,29220700
2026-05-01,IWM,279.2799987792969,279.2799987792969,279.80999755859375,276.57000732421875,278.6600036621094,28936700
2026-05-04,IWM,277.8800048828125,277.8800048828125,280.7900085449219,276.1000061035156,278.70001220703125,28632300
2026-05-05,IWM,282.55999755859375,282.55999755859375,282.95001220703125,280.0,280.1300048828125,24863200
2026-05-06,IWM,286.79998779296875,286.79998779296875,287.04998779296875,283.3599853515625,285.3599853515625,23330300
2026-05-07,IWM,282.260009765625,282.260009765625,287.5799865722656,281.1499938964844,287.5299987792969,28350400
2026-05-08,IWM,284.1700134277344,284.1700134277344,284.9700012207031,282.6099853515625,284.0400085449219,22474300
2026-05-11,IWM,285.3299865722656,285.3299865722656,287.04998779296875,284.5899963378906,284.9200134277344,20107200
2026-05-12,IWM,282.489990234375,282.489990234375,284.05999755859375,278.2900085449219,284.0400085449219,23846490
