ticker,date,drop_pts,underlying_open,underlying_high,underlying_low,underlying_close,strike,contract,offset_from_low,opt_open,opt_high,opt_low,opt_close
IWM,2026-01-23,4.58,269.04,269.05,264.46,264.81,265.0,O:IWM260123C00265000,0.54,3.99,3.99,0.01,0.01
IWM,2026-01-23,4.58,269.04,269.05,264.46,264.81,266.0,O:IWM260123C00266000,1.54,3.19,3.19,0.01,0.01
IWM,2026-01-23,4.58,269.04,269.05,264.46,264.81,267.0,O:IWM260123C00267000,2.54,2.35,2.35,0.01,0.01
IWM,2026-01-23,4.58,269.04,269.05,264.46,264.81,268.0,O:IWM260123C00268000,3.54,1.5,1.51,0.01,0.01
IWM,2026-01-23,4.58,269.04,269.05,264.46,264.81,269.0,O:IWM260123C00269000,4.54,0.89,0.94,0.01,0.01
IWM,2026-01-23,4.58,269.04,269.05,264.46,264.81,270.0,O:IWM260123C00270000,5.54,0.49,0.49,0.01,0.01
IWM,2026-01-23,4.58,269.04,269.05,264.46,264.81,271.0,O:IWM260123C00271000,6.54,0.17,0.23,0.01,0.01
IWM,2026-01-23,4.58,269.04,269.05,264.46,264.81,272.0,O:IWM260123C00272000,7.54,0.12,0.12,0.01,0.01
IWM,2026-01-23,4.58,269.04,269.05,264.46,264.81,273.0,O:IWM260123C00273000,8.54,0.05,0.05,0.01,0.01
IWM,2026-01-23,4.58,269.04,269.05,264.46,264.81,274.0,O:IWM260123C00274000,9.54,0.02,0.03,0.01,0.01
IWM,2026-01-23,4.58,269.04,269.05,264.46,264.81,275.0,O:IWM260123C00275000,10.54,0.01,0.02,0.01,0.01
IWM,2026-01-23,4.58,269.04,269.05,264.46,264.81,276.0,O:IWM260123C00276000,11.54,0.01,0.01,0.01,0.01
IWM,2026-01-28,3.42,265.98,266.675,262.56,263.3,263.0,O:IWM260128C00263000,0.44,3.23,3.8,0.26,0.42
IWM,2026-01-28,3.42,265.98,266.675,262.56,263.3,264.0,O:IWM260128C00264000,1.44,2.45,3.0,0.01,0.01
IWM,2026-01-28,3.42,265.98,266.675,262.56,263.3,265.0,O:IWM260128C00265000,2.44,1.74,2.24,0.01,0.01
IWM,2026-01-28,3.42,265.98,266.675,262.56,263.3,266.0,O:IWM260128C00266000,3.44,1.16,1.56,0.01,0.01
IWM,2026-01-28,3.42,265.98,266.675,262.56,263.3,267.0,O:IWM260128C00267000,4.44,0.7,1.02,0.01,0.01
IWM,2026-01-28,3.42,265.98,266.675,262.56,263.3,268.0,O:IWM260128C00268000,5.44,0.39,0.59,0.01,0.01
IWM,2026-01-28,3.42,265.98,266.675,262.56,263.3,269.0,O:IWM260128C00269000,6.44,0.17,0.33,0.01,0.01
IWM,2026-01-28,3.42,265.98,266.675,262.56,263.3,270.0,O:IWM260128C00270000,7.44,0.09,0.16,0.01,0.01
IWM,2026-01-28,3.42,265.98,266.675,262.56,263.3,271.0,O:IWM260128C00271000,8.44,0.06,0.08,0.01,0.01
IWM,2026-01-28,3.42,265.98,266.675,262.56,263.3,272.0,O:IWM260128C00272000,9.44,0.03,0.04,0.01,0.01
IWM,2026-01-28,3.42,265.98,266.675,262.56,263.3,273.0,O:IWM260128C00273000,10.44,0.02,0.03,0.01,0.01
IWM,2026-01-28,3.42,265.98,266.675,262.56,263.3,274.0,O:IWM260128C00274000,11.44,0.02,0.02,0.01,0.01
IWM,2026-01-29,4.66,264.07,265.06,259.41,263.37,260.0,O:IWM260129C00260000,0.59,4.36,5.02,0.72,3.35
IWM,2026-01-29,4.66,264.07,265.06,259.41,263.37,261.0,O:IWM260129C00261000,1.59,2.6,4.07,0.38,2.36
IWM,2026-01-29,4.66,264.07,265.06,259.41,263.37,262.0,O:IWM260129C00262000,2.59,2.52,3.24,0.17,1.31
IWM,2026-01-29,4.66,264.07,265.06,259.41,263.37,263.0,O:IWM260129C00263000,3.59,1.7,2.37,0.07,0.38
IWM,2026-01-29,4.66,264.07,265.06,259.41,263.37,264.0,O:IWM260129C00264000,4.59,0.94,1.64,0.01,0.02
IWM,2026-01-29,4.66,264.07,265.06,259.41,263.37,265.0,O:IWM260129C00265000,5.59,0.51,1.02,0.01,0.01
IWM,2026-01-29,4.66,264.07,265.06,259.41,263.37,266.0,O:IWM260129C00266000,6.59,0.24,0.56,0.01,0.01
IWM,2026-01-29,4.66,264.07,265.06,259.41,263.37,267.0,O:IWM260129C00267000,7.59,0.11,0.27,0.01,0.01
IWM,2026-01-29,4.66,264.07,265.06,259.41,263.37,268.0,O:IWM260129C00268000,8.59,0.05,0.11,0.01,0.01
IWM,2026-01-29,4.66,264.07,265.06,259.41,263.37,269.0,O:IWM260129C00269000,9.59,0.02,0.04,0.01,0.01
IWM,2026-01-29,4.66,264.07,265.06,259.41,263.37,270.0,O:IWM260129C00270000,10.59,0.01,0.02,0.01,0.01
IWM,2026-01-29,4.66,264.07,265.06,259.41,263.37,271.0,O:IWM260129C00271000,11.59,0.01,0.01,0.01,0.01
IWM,2026-01-30,3.13,261.07,262.98,257.94,259.65,258.0,O:IWM260130C00258000,0.06,3.51,4.36,0.74,1.44
IWM,2026-01-30,3.13,261.07,262.98,257.94,259.65,259.0,O:IWM260130C00259000,1.06,2.83,4.1,0.31,0.53
IWM,2026-01-30,3.13,261.07,262.98,257.94,259.65,260.0,O:IWM260130C00260000,2.06,1.87,3.21,0.01,0.02
IWM,2026-01-30,3.13,261.07,262.98,257.94,259.65,261.0,O:IWM260130C00261000,3.06,1.22,2.44,0.01,0.01
IWM,2026-01-30,3.13,261.07,262.98,257.94,259.65,262.0,O:IWM260130C00262000,4.06,0.75,1.75,0.01,0.01
IWM,2026-01-30,3.13,261.07,262.98,257.94,259.65,262.5,O:IWM260130C00262500,4.56,0.56,1.45,0.01,0.01
IWM,2026-01-30,3.13,261.07,262.98,257.94,259.65,263.0,O:IWM260130C00263000,5.06,0.36,1.17,0.01,0.01
IWM,2026-01-30,3.13,261.07,262.98,257.94,259.65,264.0,O:IWM260130C00264000,6.06,0.22,0.69,0.01,0.01
IWM,2026-01-30,3.13,261.07,262.98,257.94,259.65,265.0,O:IWM260130C00265000,7.06,0.16,0.38,0.01,0.01
IWM,2026-01-30,3.13,261.07,262.98,257.94,259.65,266.0,O:IWM260130C00266000,8.06,0.06,0.19,0.01,0.01
IWM,2026-01-30,3.13,261.07,262.98,257.94,259.65,267.0,O:IWM260130C00267000,9.06,0.04,0.09,0.01,0.01
IWM,2026-01-30,3.13,261.07,262.98,257.94,259.65,268.0,O:IWM260130C00268000,10.06,0.02,0.05,0.01,0.01
IWM,2026-01-30,3.13,261.07,262.98,257.94,259.65,269.0,O:IWM260130C00269000,11.06,0.01,0.03,0.01,0.01
IWM,2026-02-03,4.51,263.06,265.0599,258.551,262.78,259.0,O:IWM260203C00259000,0.45,5.31,5.55,0.45,3.71
IWM,2026-02-03,4.51,263.06,265.0599,258.551,262.78,260.0,O:IWM260203C00260000,1.45,3.38,4.99,0.15,3.0
IWM,2026-02-03,4.51,263.06,265.0599,258.551,262.78,261.0,O:IWM260203C00261000,2.45,2.32,3.99,0.04,2.02
IWM,2026-02-03,4.51,263.06,265.0599,258.551,262.78,262.0,O:IWM260203C00262000,3.45,1.52,3.15,0.01,1.0
IWM,2026-02-03,4.51,263.06,265.0599,258.551,262.78,263.0,O:IWM260203C00263000,4.45,0.72,2.26,0.01,0.16
IWM,2026-02-03,4.51,263.06,265.0599,258.551,262.78,264.0,O:IWM260203C00264000,5.45,0.46,1.52,0.01,0.01
IWM,2026-02-03,4.51,263.06,265.0599,258.551,262.78,265.0,O:IWM260203C00265000,6.45,0.24,0.9,0.01,0.01
IWM,2026-02-03,4.51,263.06,265.0599,258.551,262.78,266.0,O:IWM260203C00266000,7.45,0.1,0.47,0.01,0.01
IWM,2026-02-03,4.51,263.06,265.0599,258.551,262.78,267.0,O:IWM260203C00267000,8.45,0.04,0.22,0.01,0.01
IWM,2026-02-03,4.51,263.06,265.0599,258.551,262.78,268.0,O:IWM260203C00268000,9.45,0.02,0.09,0.01,0.01
IWM,2026-02-03,4.51,263.06,265.0599,258.551,262.78,269.0,O:IWM260203C00269000,10.45,0.01,0.06,0.01,0.06
IWM,2026-02-03,4.51,263.06,265.0599,258.551,262.78,270.0,O:IWM260203C00270000,11.45,0.01,0.02,0.01,0.01
IWM,2026-02-04,7.02,264.16,264.65,257.14,260.52,258.0,O:IWM260204C00258000,0.86,6.17,6.17,0.52,2.53
IWM,2026-02-04,7.02,264.16,264.65,257.14,260.52,259.0,O:IWM260204C00259000,1.86,5.26,5.5,0.24,1.65
IWM,2026-02-04,7.02,264.16,264.65,257.14,260.52,260.0,O:IWM260204C00260000,2.86,4.2,4.59,0.1,0.96
IWM,2026-02-04,7.02,264.16,264.65,257.14,260.52,261.0,O:IWM260204C00261000,3.86,3.5,3.8,0.04,0.21
IWM,2026-02-04,7.02,264.16,264.65,257.14,260.52,262.0,O:IWM260204C00262000,4.86,2.75,2.89,0.01,0.01
IWM,2026-02-04,7.02,264.16,264.65,257.14,260.52,263.0,O:IWM260204C00263000,5.86,1.6,2.18,0.01,0.01
IWM,2026-02-04,7.02,264.16,264.65,257.14,260.52,264.0,O:IWM260204C00264000,6.86,1.23,1.5,0.01,0.01
IWM,2026-02-04,7.02,264.16,264.65,257.14,260.52,265.0,O:IWM260204C00265000,7.86,0.6,0.95,0.01,0.01
IWM,2026-02-04,7.02,264.16,264.65,257.14,260.52,266.0,O:IWM260204C00266000,8.86,0.35,0.54,0.01,0.01
IWM,2026-02-04,7.02,264.16,264.65,257.14,260.52,267.0,O:IWM260204C00267000,9.86,0.16,0.28,0.01,0.01
IWM,2026-02-04,7.02,264.16,264.65,257.14,260.52,268.0,O:IWM260204C00268000,10.86,0.07,0.12,0.01,0.01
IWM,2026-02-04,7.02,264.16,264.65,257.14,260.52,269.0,O:IWM260204C00269000,11.86,0.05,0.05,0.01,0.01
IWM,2026-02-05,3.45,258.5,261.62,255.05,255.83,256.0,O:IWM260205C00256000,0.95,3.53,5.21,0.06,0.51
IWM,2026-02-05,3.45,258.5,261.62,255.05,255.83,257.0,O:IWM260205C00257000,1.95,2.95,4.41,0.01,0.02
IWM,2026-02-05,3.45,258.5,261.62,255.05,255.83,258.0,O:IWM260205C00258000,2.95,1.8,3.67,0.01,0.01
IWM,2026-02-05,3.45,258.5,261.62,255.05,255.83,259.0,O:IWM260205C00259000,3.95,1.36,3.1,0.01,0.01
IWM,2026-02-05,3.45,258.5,261.62,255.05,255.83,260.0,O:IWM260205C00260000,4.95,0.83,2.43,0.01,0.01
IWM,2026-02-05,3.45,258.5,261.62,255.05,255.83,261.0,O:IWM260205C00261000,5.95,0.5,1.79,0.01,0.01
IWM,2026-02-05,3.45,258.5,261.62,255.05,255.83,262.0,O:IWM260205C00262000,6.95,0.27,1.22,0.01,0.01
IWM,2026-02-05,3.45,258.5,261.62,255.05,255.83,263.0,O:IWM260205C00263000,7.95,0.11,0.78,0.01,0.01
IWM,2026-02-05,3.45,258.5,261.62,255.05,255.83,264.0,O:IWM260205C00264000,8.95,0.08,0.46,0.01,0.01
IWM,2026-02-05,3.45,258.5,261.62,255.05,255.83,265.0,O:IWM260205C00265000,9.95,0.03,0.25,0.01,0.01
IWM,2026-02-05,3.45,258.5,261.62,255.05,255.83,266.0,O:IWM260205C00266000,10.95,0.04,0.13,0.01,0.01
IWM,2026-02-05,3.45,258.5,261.62,255.05,255.83,267.0,O:IWM260205C00267000,11.95,0.02,0.06,0.01,0.01
IWM,2026-02-11,6.37,268.47,268.96,262.1,264.95,263.0,O:IWM260211C00263000,0.9,5.56,5.91,0.53,2.05
IWM,2026-02-11,6.37,268.47,268.96,262.1,264.95,264.0,O:IWM260211C00264000,1.9,4.55,4.69,0.2,1.03
IWM,2026-02-11,6.37,268.47,268.96,262.1,264.95,265.0,O:IWM260211C00265000,2.9,3.57,4.0,0.04,0.13
IWM,2026-02-11,6.37,268.47,268.96,262.1,264.95,266.0,O:IWM260211C00266000,3.9,2.75,3.11,0.01,0.01
IWM,2026-02-11,6.37,268.47,268.96,262.1,264.95,267.0,O:IWM260211C00267000,4.9,2.0,2.28,0.01,0.01
IWM,2026-02-11,6.37,268.47,268.96,262.1,264.95,268.0,O:IWM260211C00268000,5.9,1.29,1.54,0.01,0.01
IWM,2026-02-11,6.37,268.47,268.96,262.1,264.95,269.0,O:IWM260211C00269000,6.9,0.77,0.93,0.01,0.01
IWM,2026-02-11,6.37,268.47,268.96,262.1,264.95,270.0,O:IWM260211C00270000,7.9,0.5,0.6,0.01,0.01
IWM,2026-02-11,6.37,268.47,268.96,262.1,264.95,271.0,O:IWM260211C00271000,8.9,0.2,0.25,0.01,0.01
IWM,2026-02-11,6.37,268.47,268.96,262.1,264.95,272.0,O:IWM260211C00272000,9.9,0.09,0.12,0.01,0.01
IWM,2026-02-11,6.37,268.47,268.96,262.1,264.95,273.0,O:IWM260211C00273000,10.9,0.04,0.05,0.01,0.01
IWM,2026-02-11,6.37,268.47,268.96,262.1,264.95,274.0,O:IWM260211C00274000,11.9,0.02,0.03,0.01,0.01
IWM,2026-02-12,8.63,267.02,267.46,258.39,259.54,259.0,O:IWM260212C00259000,0.61,8.02,8.02,0.37,0.55
IWM,2026-02-12,8.63,267.02,267.46,258.39,259.54,260.0,O:IWM260212C00260000,1.61,7.01,7.18,0.01,0.02
IWM,2026-02-12,8.63,267.02,267.46,258.39,259.54,261.0,O:IWM260212C00261000,2.61,6.04,6.35,0.01,0.01
IWM,2026-02-12,8.63,267.02,267.46,258.39,259.54,262.0,O:IWM260212C00262000,3.61,5.11,5.25,0.01,0.01
IWM,2026-02-12,8.63,267.02,267.46,258.39,259.54,263.0,O:IWM260212C00263000,4.61,4.1,4.52,0.01,0.01
IWM,2026-02-12,8.63,267.02,267.46,258.39,259.54,264.0,O:IWM260212C00264000,5.61,3.22,3.58,0.01,0.01
IWM,2026-02-12,8.63,267.02,267.46,258.39,259.54,265.0,O:IWM260212C00265000,6.61,2.3,2.7,0.01,0.01
IWM,2026-02-12,8.63,267.02,267.46,258.39,259.54,266.0,O:IWM260212C00266000,7.61,1.5,1.96,0.01,0.01
IWM,2026-02-12,8.63,267.02,267.46,258.39,259.54,267.0,O:IWM260212C00267000,8.61,1.0,1.27,0.01,0.01
IWM,2026-02-12,8.63,267.02,267.46,258.39,259.54,268.0,O:IWM260212C00268000,9.61,0.55,0.76,0.01,0.01
IWM,2026-02-12,8.63,267.02,267.46,258.39,259.54,269.0,O:IWM260212C00269000,10.61,0.27,0.4,0.01,0.01
IWM,2026-02-12,8.63,267.02,267.46,258.39,259.54,270.0,O:IWM260212C00270000,11.61,0.13,0.2,0.01,0.01
IWM,2026-02-17,3.31,262.375,264.36,259.06,263.04,260.0,O:IWM260217C00260000,0.94,2.93,4.31,0.68,2.86
IWM,2026-02-17,3.31,262.375,264.36,259.06,263.04,261.0,O:IWM260217C00261000,1.94,2.33,3.32,0.37,1.91
IWM,2026-02-17,3.31,262.375,264.36,259.06,263.04,262.0,O:IWM260217C00262000,2.94,1.65,2.66,0.17,0.95
IWM,2026-02-17,3.31,262.375,264.36,259.06,263.04,263.0,O:IWM260217C00263000,3.94,1.04,2.0,0.04,0.1
IWM,2026-02-17,3.31,262.375,264.36,259.06,263.04,264.0,O:IWM260217C00264000,4.94,0.63,1.43,0.01,0.01
IWM,2026-02-17,3.31,262.375,264.36,259.06,263.04,265.0,O:IWM260217C00265000,5.94,0.36,0.96,0.01,0.01
IWM,2026-02-17,3.31,262.375,264.36,259.06,263.04,266.0,O:IWM260217C00266000,6.94,0.14,0.59,0.01,0.01
IWM,2026-02-17,3.31,262.375,264.36,259.06,263.04,267.0,O:IWM260217C00267000,7.94,0.13,0.34,0.01,0.01
IWM,2026-02-17,3.31,262.375,264.36,259.06,263.04,268.0,O:IWM260217C00268000,8.94,0.04,0.18,0.01,0.01
IWM,2026-02-17,3.31,262.375,264.36,259.06,263.04,269.0,O:IWM260217C00269000,9.94,0.02,0.12,0.01,0.01
IWM,2026-02-17,3.31,262.375,264.36,259.06,263.04,270.0,O:IWM260217C00270000,10.94,0.03,0.04,0.01,0.01
IWM,2026-02-17,3.31,262.375,264.36,259.06,263.04,271.0,O:IWM260217C00271000,11.94,0.01,0.02,0.01,0.01
IWM,2026-02-23,5.3,263.4,264.37,258.1,260.49,259.0,O:IWM260223C00259000,0.9,5.06,5.06,0.38,1.7
IWM,2026-02-23,5.3,263.4,264.37,258.1,260.49,260.0,O:IWM260223C00260000,1.9,3.62,4.31,0.14,0.72
IWM,2026-02-23,5.3,263.4,264.37,258.1,260.49,261.0,O:IWM260223C00261000,2.9,2.75,3.35,0.01,0.02
IWM,2026-02-23,5.3,263.4,264.37,258.1,260.49,262.0,O:IWM260223C00262000,3.9,1.87,2.73,0.01,0.01
IWM,2026-02-23,5.3,263.4,264.37,258.1,260.49,263.0,O:IWM260223C00263000,4.9,1.52,1.95,0.01,0.01
IWM,2026-02-23,5.3,263.4,264.37,258.1,260.49,264.0,O:IWM260223C00264000,5.9,0.99,1.29,0.01,0.01
IWM,2026-02-23,5.3,263.4,264.37,258.1,260.49,265.0,O:IWM260223C00265000,6.9,0.62,0.77,0.01,0.01
IWM,2026-02-23,5.3,263.4,264.37,258.1,260.49,266.0,O:IWM260223C00266000,7.9,0.29,0.41,0.01,0.01
IWM,2026-02-23,5.3,263.4,264.37,258.1,260.49,267.0,O:IWM260223C00267000,8.9,0.14,0.2,0.01,0.01
IWM,2026-02-23,5.3,263.4,264.37,258.1,260.49,268.0,O:IWM260223C00268000,9.9,0.07,0.09,0.01,0.01
IWM,2026-02-23,5.3,263.4,264.37,258.1,260.49,269.0,O:IWM260223C00269000,10.9,0.03,0.04,0.01,0.01
IWM,2026-02-23,5.3,263.4,264.37,258.1,260.49,270.0,O:IWM260223C00270000,11.9,0.01,0.02,0.01,0.01
IWM,2026-03-03,3.49,256.8,261.12,253.31,259.24,254.0,O:IWM260303C00254000,0.69,3.53,6.84,0.99,5.28
IWM,2026-03-03,3.49,256.8,261.12,253.31,259.24,255.0,O:IWM260303C00255000,1.69,2.5,5.86,0.63,4.73
IWM,2026-03-03,3.49,256.8,261.12,253.31,259.24,256.0,O:IWM260303C00256000,2.69,1.91,5.02,0.38,3.05
IWM,2026-03-03,3.49,256.8,261.12,253.31,259.24,257.0,O:IWM260303C00257000,3.69,1.53,4.02,0.22,2.1
IWM,2026-03-03,3.49,256.8,261.12,253.31,259.24,258.0,O:IWM260303C00258000,4.69,0.96,3.1,0.12,1.09
IWM,2026-03-03,3.49,256.8,261.12,253.31,259.24,259.0,O:IWM260303C00259000,5.69,2.0,2.15,0.06,0.17
IWM,2026-03-03,3.49,256.8,261.12,253.31,259.24,260.0,O:IWM260303C00260000,6.69,0.37,1.3,0.01,0.01
IWM,2026-03-03,3.49,256.8,261.12,253.31,259.24,261.0,O:IWM260303C00261000,7.69,0.21,0.63,0.01,0.01
IWM,2026-03-03,3.49,256.8,261.12,253.31,259.24,262.0,O:IWM260303C00262000,8.69,0.1,0.27,0.01,0.01
IWM,2026-03-03,3.49,256.8,261.12,253.31,259.24,263.0,O:IWM260303C00263000,9.69,0.05,0.1,0.01,0.01
IWM,2026-03-03,3.49,256.8,261.12,253.31,259.24,264.0,O:IWM260303C00264000,10.69,0.02,0.04,0.01,0.01
IWM,2026-03-03,3.49,256.8,261.12,253.31,259.24,265.0,O:IWM260303C00265000,11.69,0.02,0.06,0.01,0.01
IWM,2026-03-05,4.83,258.99,260.755,254.16,256.76,255.0,O:IWM260305C00255000,0.84,4.0,5.76,0.28,1.31
IWM,2026-03-05,4.83,258.99,260.755,254.16,256.76,256.0,O:IWM260305C00256000,1.84,3.19,4.67,0.08,0.34
IWM,2026-03-05,4.83,258.99,260.755,254.16,256.76,257.0,O:IWM260305C00257000,2.84,2.52,3.66,0.01,0.01
IWM,2026-03-05,4.83,258.99,260.755,254.16,256.76,258.0,O:IWM260305C00258000,3.84,2.01,2.99,0.01,0.01
IWM,2026-03-05,4.83,258.99,260.755,254.16,256.76,259.0,O:IWM260305C00259000,4.84,1.4,2.18,0.01,0.01
IWM,2026-03-05,4.83,258.99,260.755,254.16,256.76,260.0,O:IWM260305C00260000,5.84,0.84,1.48,0.01,0.01
IWM,2026-03-05,4.83,258.99,260.755,254.16,256.76,261.0,O:IWM260305C00261000,6.84,0.52,0.9,0.01,0.01
IWM,2026-03-05,4.83,258.99,260.755,254.16,256.76,262.0,O:IWM260305C00262000,7.84,0.24,0.49,0.01,0.01
IWM,2026-03-05,4.83,258.99,260.755,254.16,256.76,263.0,O:IWM260305C00263000,8.84,0.12,0.24,0.01,0.01
IWM,2026-03-05,4.83,258.99,260.755,254.16,256.76,264.0,O:IWM260305C00264000,9.84,0.2,0.2,0.01,0.01
IWM,2026-03-05,4.83,258.99,260.755,254.16,256.76,265.0,O:IWM260305C00265000,10.84,0.03,0.05,0.01,0.01
IWM,2026-03-05,4.83,258.99,260.755,254.16,256.76,266.0,O:IWM260305C00266000,11.84,0.01,0.03,0.01,0.01
IWM,2026-03-09,3.2,247.59,254.65,244.39,253.62,245.0,O:IWM260309C00245000,0.61,3.47,9.45,1.2,9.2
IWM,2026-03-09,3.2,247.59,254.65,244.39,253.62,246.0,O:IWM260309C00246000,1.61,2.91,8.59,0.8,6.69
IWM,2026-03-09,3.2,247.59,254.65,244.39,253.62,247.0,O:IWM260309C00247000,2.61,2.21,7.39,0.51,6.02
IWM,2026-03-09,3.2,247.59,254.65,244.39,253.62,248.0,O:IWM260309C00248000,3.61,1.73,6.28,0.31,4.98
IWM,2026-03-09,3.2,247.59,254.65,244.39,253.62,249.0,O:IWM260309C00249000,4.61,1.26,5.43,0.18,3.71
IWM,2026-03-09,3.2,247.59,254.65,244.39,253.62,250.0,O:IWM260309C00250000,5.61,0.85,4.59,0.05,2.79
IWM,2026-03-09,3.2,247.59,254.65,244.39,253.62,251.0,O:IWM260309C00251000,6.61,0.59,3.6,0.02,1.86
IWM,2026-03-09,3.2,247.59,254.65,244.39,253.62,252.0,O:IWM260309C00252000,7.61,0.46,2.66,0.01,0.87
IWM,2026-03-09,3.2,247.59,254.65,244.39,253.62,253.0,O:IWM260309C00253000,8.61,0.24,1.7,0.01,0.17
IWM,2026-03-09,3.2,247.59,254.65,244.39,253.62,254.0,O:IWM260309C00254000,9.61,0.1,0.92,0.01,0.02
IWM,2026-03-09,3.2,247.59,254.65,244.39,253.62,255.0,O:IWM260309C00255000,10.61,0.1,0.43,0.01,0.01
IWM,2026-03-09,3.2,247.59,254.65,244.39,253.62,256.0,O:IWM260309C00256000,11.61,0.04,0.19,0.01,0.01
IWM,2026-03-13,3.72,249.26,250.61,245.535,246.59,246.0,O:IWM260313C00246000,0.47,3.75,4.8,0.23,0.33
IWM,2026-03-13,3.72,249.26,250.61,245.535,246.59,247.0,O:IWM260313C00247000,1.47,3.03,3.89,0.01,0.01
IWM,2026-03-13,3.72,249.26,250.61,245.535,246.59,248.0,O:IWM260313C00248000,2.47,2.3,3.1,0.01,0.01
IWM,2026-03-13,3.72,249.26,250.61,245.535,246.59,249.0,O:IWM260313C00249000,3.47,1.57,2.35,0.01,0.02
IWM,2026-03-13,3.72,249.26,250.61,245.535,246.59,250.0,O:IWM260313C00250000,4.47,1.13,1.69,0.01,0.01
IWM,2026-03-13,3.72,249.26,250.61,245.535,246.59,251.0,O:IWM260313C00251000,5.47,0.76,1.15,0.01,0.02
IWM,2026-03-13,3.72,249.26,250.61,245.535,246.59,252.0,O:IWM260313C00252000,6.47,0.44,0.75,0.01,0.01
IWM,2026-03-13,3.72,249.26,250.61,245.535,246.59,252.5,O:IWM260313C00252500,6.97,0.44,0.59,0.01,0.01
IWM,2026-03-13,3.72,249.26,250.61,245.535,246.59,253.0,O:IWM260313C00253000,7.47,0.25,0.46,0.01,0.01
IWM,2026-03-13,3.72,249.26,250.61,245.535,246.59,254.0,O:IWM260313C00254000,8.47,0.12,0.26,0.01,0.01
IWM,2026-03-13,3.72,249.26,250.61,245.535,246.59,255.0,O:IWM260313C00255000,9.47,0.08,0.14,0.01,0.01
IWM,2026-03-13,3.72,249.26,250.61,245.535,246.59,256.0,O:IWM260313C00256000,10.47,0.04,0.07,0.01,0.01
IWM,2026-03-13,3.72,249.26,250.61,245.535,246.59,257.0,O:IWM260313C00257000,11.47,0.02,0.03,0.01,0.01
IWM,2026-03-20,6.64,246.97,247.5,240.33,242.22,241.0,O:IWM260320C00241000,0.67,6.15,6.49,0.22,1.67
IWM,2026-03-20,6.64,246.97,247.5,240.33,242.22,242.0,O:IWM260320C00242000,1.67,4.25,5.35,0.04,0.81
IWM,2026-03-20,6.64,246.97,247.5,240.33,242.22,243.0,O:IWM260320C00243000,2.67,4.54,4.57,0.01,0.11
IWM,2026-03-20,6.64,246.97,247.5,240.33,242.22,244.0,O:IWM260320C00244000,3.67,3.72,3.72,0.01,0.01
IWM,2026-03-20,6.64,246.97,247.5,240.33,242.22,245.0,O:IWM260320C00245000,4.67,2.77,2.92,0.01,0.01
IWM,2026-03-20,6.64,246.97,247.5,240.33,242.22,246.0,O:IWM260320C00246000,5.67,2.04,2.18,0.01,0.01
IWM,2026-03-20,6.64,246.97,247.5,240.33,242.22,247.0,O:IWM260320C00247000,6.67,1.4,1.61,0.01,0.01
IWM,2026-03-20,6.64,246.97,247.5,240.33,242.22,248.0,O:IWM260320C00248000,7.67,0.93,1.11,0.01,0.01
IWM,2026-03-20,6.64,246.97,247.5,240.33,242.22,249.0,O:IWM260320C00249000,8.67,0.59,0.72,0.01,0.01
IWM,2026-03-20,6.64,246.97,247.5,240.33,242.22,250.0,O:IWM260320C00250000,9.67,0.39,0.45,0.01,0.01
IWM,2026-03-20,6.64,246.97,247.5,240.33,242.22,251.0,O:IWM260320C00251000,10.67,0.22,0.28,0.01,0.01
IWM,2026-03-20,6.64,246.97,247.5,240.33,242.22,252.0,O:IWM260320C00252000,11.67,0.13,0.16,0.01,0.01
IWM,2026-03-27,3.6,246.01,246.74,242.41,243.1,243.0,O:IWM260327C00243000,0.59,3.62,3.71,0.15,0.16
IWM,2026-03-27,3.6,246.01,246.74,242.41,243.1,244.0,O:IWM260327C00244000,1.59,2.78,2.95,0.03,0.03
IWM,2026-03-27,3.6,246.01,246.74,242.41,243.1,245.0,O:IWM260327C00245000,2.59,2.0,2.26,0.01,0.02
IWM,2026-03-27,3.6,246.01,246.74,242.41,243.1,246.0,O:IWM260327C00246000,3.59,1.58,1.68,0.01,0.01
IWM,2026-03-27,3.6,246.01,246.74,242.41,243.1,247.0,O:IWM260327C00247000,4.59,1.0,1.19,0.01,0.01
IWM,2026-03-27,3.6,246.01,246.74,242.41,243.1,248.0,O:IWM260327C00248000,5.59,0.69,0.79,0.01,0.01
IWM,2026-03-27,3.6,246.01,246.74,242.41,243.1,249.0,O:IWM260327C00249000,6.59,0.4,0.51,0.01,0.02
IWM,2026-03-27,3.6,246.01,246.74,242.41,243.1,250.0,O:IWM260327C00250000,7.59,0.27,0.32,0.01,0.01
IWM,2026-03-27,3.6,246.01,246.74,242.41,243.1,251.0,O:IWM260327C00251000,8.59,0.15,0.2,0.01,0.01
IWM,2026-03-27,3.6,246.01,246.74,242.41,243.1,252.0,O:IWM260327C00252000,9.59,0.09,0.15,0.01,0.01
IWM,2026-03-27,3.6,246.01,246.74,242.41,243.1,253.0,O:IWM260327C00253000,10.59,0.01,0.48,0.01,0.01
IWM,2026-03-27,3.6,246.01,246.74,242.41,243.1,254.0,O:IWM260327C00254000,11.59,0.05,0.05,0.01,0.01
IWM,2026-03-30,6.66,245.35,245.37,238.69,239.61,239.0,O:IWM260330C00239000,0.31,5.06,5.06,0.2,0.2
IWM,2026-03-30,6.66,245.35,245.37,238.69,239.61,240.0,O:IWM260330C00240000,1.31,4.58,4.8,0.01,0.02
IWM,2026-03-30,6.66,245.35,245.37,238.69,239.61,241.0,O:IWM260330C00241000,2.31,4.44,4.44,0.01,0.01
IWM,2026-03-30,6.66,245.35,245.37,238.69,239.61,242.0,O:IWM260330C00242000,3.31,3.7,3.7,0.01,0.01
IWM,2026-03-30,6.66,245.35,245.37,238.69,239.61,243.0,O:IWM260330C00243000,4.31,2.74,2.74,0.01,0.01
IWM,2026-03-30,6.66,245.35,245.37,238.69,239.61,244.0,O:IWM260330C00244000,5.31,2.15,2.15,0.01,0.01
IWM,2026-03-30,6.66,245.35,245.37,238.69,239.61,245.0,O:IWM260330C00245000,6.31,1.62,1.62,0.01,0.01
IWM,2026-03-30,6.66,245.35,245.37,238.69,239.61,246.0,O:IWM260330C00246000,7.31,1.19,1.19,0.01,0.01
IWM,2026-03-30,6.66,245.35,245.37,238.69,239.61,247.0,O:IWM260330C00247000,8.31,0.76,0.76,0.01,0.01
IWM,2026-03-30,6.66,245.35,245.37,238.69,239.61,248.0,O:IWM260330C00248000,9.31,0.46,0.5,0.01,0.01
IWM,2026-03-30,6.66,245.35,245.37,238.69,239.61,249.0,O:IWM260330C00249000,10.31,0.29,0.29,0.01,0.01
IWM,2026-03-30,6.66,245.35,245.37,238.69,239.61,250.0,O:IWM260330C00250000,11.31,0.19,0.22,0.01,0.01
IWM,2026-04-08,3.11,261.52,262.27,258.41,260.47,259.0,O:IWM260408C00259000,0.59,2.65,3.55,0.29,1.23
IWM,2026-04-08,3.11,261.52,262.27,258.41,260.47,260.0,O:IWM260408C00260000,1.59,2.31,2.76,0.06,0.24
IWM,2026-04-08,3.11,261.52,262.27,258.41,260.47,261.0,O:IWM260408C00261000,2.59,1.66,2.0,0.01,0.02
IWM,2026-04-08,3.11,261.52,262.27,258.41,260.47,262.0,O:IWM260408C00262000,3.59,1.26,1.5,0.01,0.01
IWM,2026-04-08,3.11,261.52,262.27,258.41,260.47,263.0,O:IWM260408C00263000,4.59,0.7,0.9,0.01,0.01
IWM,2026-04-08,3.11,261.52,262.27,258.41,260.47,264.0,O:IWM260408C00264000,5.59,0.44,0.54,0.01,0.01
IWM,2026-04-08,3.11,261.52,262.27,258.41,260.47,265.0,O:IWM260408C00265000,6.59,0.22,0.32,0.01,0.01
IWM,2026-04-08,3.11,261.52,262.27,258.41,260.47,266.0,O:IWM260408C00266000,7.59,0.16,0.18,0.01,0.01
IWM,2026-04-08,3.11,261.52,262.27,258.41,260.47,267.0,O:IWM260408C00267000,8.59,0.08,0.1,0.01,0.01
IWM,2026-04-08,3.11,261.52,262.27,258.41,260.47,268.0,O:IWM260408C00268000,9.59,0.05,0.05,0.01,0.01
IWM,2026-04-08,3.11,261.52,262.27,258.41,260.47,269.0,O:IWM260408C00269000,10.59,0.02,0.04,0.01,0.01
IWM,2026-04-08,3.11,261.52,262.27,258.41,260.47,270.0,O:IWM260408C00270000,11.59,0.02,0.02,0.01,0.01
IWM,2026-04-21,4.42,278.175,279.79,273.76,274.51,274.0,O:IWM260421C00274000,0.24,4.2,5.64,0.27,1.86
IWM,2026-04-21,4.42,278.175,279.79,273.76,274.51,275.0,O:IWM260421C00275000,1.24,3.49,4.71,0.03,1.03
IWM,2026-04-21,4.42,278.175,279.79,273.76,274.51,276.0,O:IWM260421C00276000,2.24,2.48,3.81,0.01,0.25
IWM,2026-04-21,4.42,278.175,279.79,273.76,274.51,277.0,O:IWM260421C00277000,3.24,1.74,2.9,0.01,0.04
IWM,2026-04-21,4.42,278.175,279.79,273.76,274.51,278.0,O:IWM260421C00278000,4.24,1.21,2.05,0.01,0.01
IWM,2026-04-21,4.42,278.175,279.79,273.76,274.51,279.0,O:IWM260421C00279000,5.24,0.7,1.29,0.01,0.01
IWM,2026-04-21,4.42,278.175,279.79,273.76,274.51,280.0,O:IWM260421C00280000,6.24,0.36,0.72,0.01,0.01
IWM,2026-04-21,4.42,278.175,279.79,273.76,274.51,281.0,O:IWM260421C00281000,7.24,0.18,0.37,0.01,0.01
IWM,2026-04-21,4.42,278.175,279.79,273.76,274.51,282.0,O:IWM260421C00282000,8.24,0.1,0.18,0.01,0.01
IWM,2026-04-21,4.42,278.175,279.79,273.76,274.51,282.5,O:IWM260421C00282500,8.74,0.04,0.13,0.01,0.01
IWM,2026-04-21,4.42,278.175,279.79,273.76,274.51,283.0,O:IWM260421C00283000,9.24,0.06,0.09,0.01,0.01
IWM,2026-04-21,4.42,278.175,279.79,273.76,274.51,284.0,O:IWM260421C00284000,10.24,0.04,0.05,0.01,0.01
IWM,2026-04-21,4.42,278.175,279.79,273.76,274.51,285.0,O:IWM260421C00285000,11.24,0.03,0.03,0.01,0.01
IWM,2026-04-23,4.78,276.73,277.87,271.95,275.52,272.0,O:IWM260423C00272000,0.05,5.46,5.59,1.01,2.97
IWM,2026-04-23,4.78,276.73,277.87,271.95,275.52,272.5,O:IWM260423C00272500,0.55,3.65,4.33,0.75,2.23
IWM,2026-04-23,4.78,276.73,277.87,271.95,275.52,273.0,O:IWM260423C00273000,1.05,4.43,4.61,0.52,2.13
IWM,2026-04-23,4.78,276.73,277.87,271.95,275.52,274.0,O:IWM260423C00274000,2.05,3.25,3.84,0.22,1.09
IWM,2026-04-23,4.78,276.73,277.87,271.95,275.52,275.0,O:IWM260423C00275000,3.05,2.17,2.9,0.07,0.2
IWM,2026-04-23,4.78,276.73,277.87,271.95,275.52,276.0,O:IWM260423C00276000,4.05,1.68,1.99,0.01,0.01
IWM,2026-04-23,4.78,276.73,277.87,271.95,275.52,277.0,O:IWM260423C00277000,5.05,0.83,1.33,0.01,0.01
IWM,2026-04-23,4.78,276.73,277.87,271.95,275.52,277.5,O:IWM260423C00277500,5.55,0.8,1.05,0.01,0.01
IWM,2026-04-23,4.78,276.73,277.87,271.95,275.52,278.0,O:IWM260423C00278000,6.05,0.41,0.79,0.01,0.01
IWM,2026-04-23,4.78,276.73,277.87,271.95,275.52,279.0,O:IWM260423C00279000,7.05,0.23,0.4,0.01,0.01
IWM,2026-04-23,4.78,276.73,277.87,271.95,275.52,280.0,O:IWM260423C00280000,8.05,0.13,0.17,0.01,0.01
IWM,2026-04-23,4.78,276.73,277.87,271.95,275.52,281.0,O:IWM260423C00281000,9.05,0.07,0.08,0.01,0.01
IWM,2026-04-23,4.78,276.73,277.87,271.95,275.52,282.0,O:IWM260423C00282000,10.05,0.04,0.04,0.01,0.01
IWM,2026-04-23,4.78,276.73,277.87,271.95,275.52,282.5,O:IWM260423C00282500,10.55,0.02,0.02,0.01,0.01
IWM,2026-04-23,4.78,276.73,277.87,271.95,275.52,283.0,O:IWM260423C00283000,11.05,0.01,0.02,0.01,0.01
IWM,2026-04-28,3.13,276.05,276.97,272.915,273.91,273.0,O:IWM260428C00273000,0.08,3.19,3.82,0.42,1.26
IWM,2026-04-28,3.13,276.05,276.97,272.915,273.91,274.0,O:IWM260428C00274000,1.08,2.25,2.85,0.05,0.27
IWM,2026-04-28,3.13,276.05,276.97,272.915,273.91,275.0,O:IWM260428C00275000,2.08,1.68,2.21,0.01,0.01
IWM,2026-04-28,3.13,276.05,276.97,272.915,273.91,276.0,O:IWM260428C00276000,3.08,0.93,1.47,0.01,0.01
IWM,2026-04-28,3.13,276.05,276.97,272.915,273.91,277.0,O:IWM260428C00277000,4.08,0.63,0.86,0.01,0.01
IWM,2026-04-28,3.13,276.05,276.97,272.915,273.91,278.0,O:IWM260428C00278000,5.08,0.26,0.45,0.01,0.03
IWM,2026-04-28,3.13,276.05,276.97,272.915,273.91,279.0,O:IWM260428C00279000,6.08,0.11,0.25,0.01,0.01
IWM,2026-04-28,3.13,276.05,276.97,272.915,273.91,280.0,O:IWM260428C00280000,7.08,0.05,0.09,0.01,0.01
IWM,2026-04-28,3.13,276.05,276.97,272.915,273.91,281.0,O:IWM260428C00281000,8.08,0.03,0.04,0.01,0.01
IWM,2026-04-28,3.13,276.05,276.97,272.915,273.91,282.0,O:IWM260428C00282000,9.08,0.03,0.03,0.01,0.01
IWM,2026-04-28,3.13,276.05,276.97,272.915,273.91,282.5,O:IWM260428C00282500,9.58,0.01,0.01,0.01,0.01
IWM,2026-04-28,3.13,276.05,276.97,272.915,273.91,283.0,O:IWM260428C00283000,10.08,0.01,0.01,0.01,0.01
IWM,2026-04-28,3.13,276.05,276.97,272.915,273.91,284.0,O:IWM260428C00284000,11.08,0.01,0.01,0.01,0.01
IWM,2026-04-29,3.56,273.92,274.38,270.36,272.08,271.0,O:IWM260429C00271000,0.64,3.57,3.57,0.01,0.39
IWM,2026-04-29,3.56,273.92,274.38,270.36,272.08,272.0,O:IWM260429C00272000,1.64,2.5,2.62,0.02,0.02
IWM,2026-04-29,3.56,273.92,274.38,270.36,272.08,273.0,O:IWM260429C00273000,2.64,1.82,1.88,0.01,0.01
IWM,2026-04-29,3.56,273.92,274.38,270.36,272.08,274.0,O:IWM260429C00274000,3.64,1.11,1.35,0.01,0.01
IWM,2026-04-29,3.56,273.92,274.38,270.36,272.08,275.0,O:IWM260429C00275000,4.64,0.7,0.81,0.01,0.01
IWM,2026-04-29,3.56,273.92,274.38,270.36,272.08,276.0,O:IWM260429C00276000,5.64,0.37,0.46,0.01,0.01
IWM,2026-04-29,3.56,273.92,274.38,270.36,272.08,277.0,O:IWM260429C00277000,6.64,0.23,0.23,0.01,0.01
IWM,2026-04-29,3.56,273.92,274.38,270.36,272.08,278.0,O:IWM260429C00278000,7.64,0.1,0.11,0.01,0.01
IWM,2026-04-29,3.56,273.92,274.38,270.36,272.08,279.0,O:IWM260429C00279000,8.64,0.03,0.05,0.01,0.01
IWM,2026-04-29,3.56,273.92,274.38,270.36,272.08,280.0,O:IWM260429C00280000,9.64,0.03,0.03,0.01,0.01
IWM,2026-04-29,3.56,273.92,274.38,270.36,272.08,281.0,O:IWM260429C00281000,10.64,0.03,0.03,0.01,0.01
IWM,2026-04-29,3.56,273.92,274.38,270.36,272.08,282.0,O:IWM260429C00282000,11.64,0.01,0.02,0.01,0.01
IWM,2026-05-07,6.38,287.53,287.58,281.15,282.26,282.0,O:IWM260507C00282000,0.85,5.2,5.2,0.08,0.63
IWM,2026-05-07,6.38,287.53,287.58,281.15,282.26,283.0,O:IWM260507C00283000,1.85,3.98,3.98,0.01,0.02
IWM,2026-05-07,6.38,287.53,287.58,281.15,282.26,284.0,O:IWM260507C00284000,2.85,3.64,3.64,0.01,0.01
IWM,2026-05-07,6.38,287.53,287.58,281.15,282.26,285.0,O:IWM260507C00285000,3.85,2.71,2.71,0.01,0.01
IWM,2026-05-07,6.38,287.53,287.58,281.15,282.26,286.0,O:IWM260507C00286000,4.85,1.88,1.88,0.01,0.01
IWM,2026-05-07,6.38,287.53,287.58,281.15,282.26,287.0,O:IWM260507C00287000,5.85,1.22,1.22,0.01,0.01
IWM,2026-05-07,6.38,287.53,287.58,281.15,282.26,287.5,O:IWM260507C00287500,6.35,0.94,0.94,0.01,0.01
IWM,2026-05-07,6.38,287.53,287.58,281.15,282.26,288.0,O:IWM260507C00288000,6.85,0.64,0.64,0.01,0.01
IWM,2026-05-07,6.38,287.53,287.58,281.15,282.26,289.0,O:IWM260507C00289000,7.85,0.37,0.37,0.01,0.01
IWM,2026-05-07,6.38,287.53,287.58,281.15,282.26,290.0,O:IWM260507C00290000,8.85,0.2,0.2,0.01,0.01
IWM,2026-05-07,6.38,287.53,287.58,281.15,282.26,291.0,O:IWM260507C00291000,9.85,0.09,0.09,0.01,0.01
IWM,2026-05-07,6.38,287.53,287.58,281.15,282.26,292.0,O:IWM260507C00292000,10.85,0.06,0.06,0.01,0.01
IWM,2026-05-07,6.38,287.53,287.58,281.15,282.26,292.5,O:IWM260507C00292500,11.35,0.05,0.05,0.01,0.01
IWM,2026-05-07,6.38,287.53,287.58,281.15,282.26,293.0,O:IWM260507C00293000,11.85,0.02,0.03,0.01,0.01
IWM,2026-05-12,5.76,284.04,284.06,278.28,282.57,279.0,O:IWM260512C00279000,0.72,3.54,3.78,0.28,3.18
IWM,2026-05-12,5.76,284.04,284.06,278.28,282.57,280.0,O:IWM260512C00280000,1.72,4.16,4.16,0.09,2.25
IWM,2026-05-12,5.76,284.04,284.06,278.28,282.57,281.0,O:IWM260512C00281000,2.72,3.2,3.2,0.02,1.33
IWM,2026-05-12,5.76,284.04,284.06,278.28,282.57,282.0,O:IWM260512C00282000,3.72,1.89,1.89,0.01,0.38
IWM,2026-05-12,5.76,284.04,284.06,278.28,282.57,283.0,O:IWM260512C00283000,4.72,1.49,1.49,0.01,0.01
IWM,2026-05-12,5.76,284.04,284.06,278.28,282.57,284.0,O:IWM260512C00284000,5.72,1.29,1.29,0.01,0.01
IWM,2026-05-12,5.76,284.04,284.06,278.28,282.57,285.0,O:IWM260512C00285000,6.72,1.02,1.02,0.01,0.01
IWM,2026-05-12,5.76,284.04,284.06,278.28,282.57,286.0,O:IWM260512C00286000,7.72,0.3,0.46,0.01,0.01
IWM,2026-05-12,5.76,284.04,284.06,278.28,282.57,287.0,O:IWM260512C00287000,8.72,0.15,0.15,0.01,0.01
IWM,2026-05-12,5.76,284.04,284.06,278.28,282.57,287.5,O:IWM260512C00287500,9.22,0.07,0.07,0.01,0.01
IWM,2026-05-12,5.76,284.04,284.06,278.28,282.57,288.0,O:IWM260512C00288000,9.72,0.08,0.08,0.01,0.01
IWM,2026-05-12,5.76,284.04,284.06,278.28,282.57,289.0,O:IWM260512C00289000,10.72,0.12,0.12,0.01,0.01
IWM,2026-05-12,5.76,284.04,284.06,278.28,282.57,290.0,O:IWM260512C00290000,11.72,0.03,0.03,0.01,0.01
QQQ,2026-01-08,5.23,623.03,623.42,617.8,620.47,618.0,O:QQQ260108C00618000,0.2,5.56,5.71,1.1,2.21
QQQ,2026-01-08,5.23,623.03,623.42,617.8,620.47,619.0,O:QQQ260108C00619000,1.2,4.57,4.8,0.55,1.6
QQQ,2026-01-08,5.23,623.03,623.42,617.8,620.47,620.0,O:QQQ260108C00620000,2.2,3.73,3.88,0.19,0.7
QQQ,2026-01-08,5.23,623.03,623.42,617.8,620.47,621.0,O:QQQ260108C00621000,3.2,2.95,3.18,0.01,0.01
QQQ,2026-01-08,5.23,623.03,623.42,617.8,620.47,622.0,O:QQQ260108C00622000,4.2,2.25,2.56,0.01,0.01
QQQ,2026-01-08,5.23,623.03,623.42,617.8,620.47,623.0,O:QQQ260108C00623000,5.2,1.6,1.82,0.01,0.01
QQQ,2026-01-08,5.23,623.03,623.42,617.8,620.47,624.0,O:QQQ260108C00624000,6.2,1.06,1.25,0.01,0.01
QQQ,2026-01-08,5.23,623.03,623.42,617.8,620.47,625.0,O:QQQ260108C00625000,7.2,0.68,0.81,0.01,0.01
QQQ,2026-01-08,5.23,623.03,623.42,617.8,620.47,626.0,O:QQQ260108C00626000,8.2,0.4,0.48,0.01,0.01
QQQ,2026-01-08,5.23,623.03,623.42,617.8,620.47,627.0,O:QQQ260108C00627000,9.2,0.22,0.26,0.01,0.01
QQQ,2026-01-08,5.23,623.03,623.42,617.8,620.47,628.0,O:QQQ260108C00628000,10.2,0.1,0.13,0.01,0.01
QQQ,2026-01-08,5.23,623.03,623.42,617.8,620.47,629.0,O:QQQ260108C00629000,11.2,0.06,0.07,0.01,0.01
QQQ,2026-01-13,3.57,627.27,629.47,623.695,626.24,624.0,O:QQQ260113C00624000,0.3,3.87,5.44,0.38,2.41
QQQ,2026-01-13,3.57,627.27,629.47,623.695,626.24,625.0,O:QQQ260113C00625000,1.3,3.09,4.65,0.08,1.28
QQQ,2026-01-13,3.57,627.27,629.47,623.695,626.24,626.0,O:QQQ260113C00626000,2.3,2.36,3.86,0.01,0.35
QQQ,2026-01-13,3.57,627.27,629.47,623.695,626.24,627.0,O:QQQ260113C00627000,3.3,1.73,3.05,0.01,0.01
QQQ,2026-01-13,3.57,627.27,629.47,623.695,626.24,628.0,O:QQQ260113C00628000,4.3,1.19,2.3,0.01,0.01
QQQ,2026-01-13,3.57,627.27,629.47,623.695,626.24,629.0,O:QQQ260113C00629000,5.3,0.76,1.65,0.01,0.01
QQQ,2026-01-13,3.57,627.27,629.47,623.695,626.24,630.0,O:QQQ260113C00630000,6.3,0.46,1.1,0.01,0.01
QQQ,2026-01-13,3.57,627.27,629.47,623.695,626.24,631.0,O:QQQ260113C00631000,7.3,0.25,0.68,0.01,0.01
QQQ,2026-01-13,3.57,627.27,629.47,623.695,626.24,632.0,O:QQQ260113C00632000,8.3,0.15,0.38,0.01,0.01
QQQ,2026-01-13,3.57,627.27,629.47,623.695,626.24,633.0,O:QQQ260113C00633000,9.3,0.08,0.2,0.01,0.01
QQQ,2026-01-13,3.57,627.27,629.47,623.695,626.24,634.0,O:QQQ260113C00634000,10.3,0.05,0.1,0.01,0.01
QQQ,2026-01-13,3.57,627.27,629.47,623.695,626.24,635.0,O:QQQ260113C00635000,11.3,0.03,0.05,0.01,0.01
QQQ,2026-01-14,7.68,622.24,623.45,614.56,619.55,615.0,O:QQQ260114C00615000,0.44,7.61,8.67,0.86,4.5
QQQ,2026-01-14,7.68,622.24,623.45,614.56,619.55,616.0,O:QQQ260114C00616000,1.44,6.4,7.33,0.48,3.5
QQQ,2026-01-14,7.68,622.24,623.45,614.56,619.55,617.0,O:QQQ260114C00617000,2.44,5.78,6.48,0.24,2.66
QQQ,2026-01-14,7.68,622.24,623.45,614.56,619.55,618.0,O:QQQ260114C00618000,3.44,4.82,5.95,0.09,1.69
QQQ,2026-01-14,7.68,622.24,623.45,614.56,619.55,619.0,O:QQQ260114C00619000,4.44,4.13,5.07,0.04,0.68
QQQ,2026-01-14,7.68,622.24,623.45,614.56,619.55,620.0,O:QQQ260114C00620000,5.44,3.35,4.41,0.01,0.06
QQQ,2026-01-14,7.68,622.24,623.45,614.56,619.55,621.0,O:QQQ260114C00621000,6.44,2.71,3.69,0.01,0.01
QQQ,2026-01-14,7.68,622.24,623.45,614.56,619.55,622.0,O:QQQ260114C00622000,7.44,2.12,3.03,0.01,0.01
QQQ,2026-01-14,7.68,622.24,623.45,614.56,619.55,623.0,O:QQQ260114C00623000,8.44,1.62,2.42,0.01,0.01
QQQ,2026-01-14,7.68,622.24,623.45,614.56,619.55,624.0,O:QQQ260114C00624000,9.44,1.15,1.89,0.01,0.01
QQQ,2026-01-14,7.68,622.24,623.45,614.56,619.55,625.0,O:QQQ260114C00625000,10.44,0.89,1.42,0.01,0.01
QQQ,2026-01-14,7.68,622.24,623.45,614.56,619.55,626.0,O:QQQ260114C00626000,11.44,0.59,1.03,0.01,0.01
QQQ,2026-01-15,5.85,626.6,630.0,620.75,621.78,621.0,O:QQQ260115C00621000,0.25,5.94,6.46,0.35,0.56
QQQ,2026-01-15,5.85,626.6,630.0,620.75,621.78,622.0,O:QQQ260115C00622000,1.25,4.98,5.52,0.02,0.02
QQQ,2026-01-15,5.85,626.6,630.0,620.75,621.78,623.0,O:QQQ260115C00623000,2.25,4.26,4.55,0.01,0.01
QQQ,2026-01-15,5.85,626.6,630.0,620.75,621.78,624.0,O:QQQ260115C00624000,3.25,3.43,3.82,0.01,0.01
QQQ,2026-01-15,5.85,626.6,630.0,620.75,621.78,625.0,O:QQQ260115C00625000,4.25,2.72,3.0,0.01,0.01
QQQ,2026-01-15,5.85,626.6,630.0,620.75,621.78,626.0,O:QQQ260115C00626000,5.25,0.72,2.25,0.01,0.01
QQQ,2026-01-15,5.85,626.6,630.0,620.75,621.78,627.0,O:QQQ260115C00627000,6.25,1.41,1.61,0.01,0.01
QQQ,2026-01-15,5.85,626.6,630.0,620.75,621.78,628.0,O:QQQ260115C00628000,7.25,0.94,1.08,0.01,0.01
QQQ,2026-01-15,5.85,626.6,630.0,620.75,621.78,629.0,O:QQQ260115C00629000,8.25,0.57,0.68,0.01,0.01
QQQ,2026-01-15,5.85,626.6,630.0,620.75,621.78,630.0,O:QQQ260115C00630000,9.25,0.34,0.38,0.01,0.01
QQQ,2026-01-15,5.85,626.6,630.0,620.75,621.78,631.0,O:QQQ260115C00631000,10.25,0.17,0.19,0.01,0.01
QQQ,2026-01-15,5.85,626.6,630.0,620.75,621.78,632.0,O:QQQ260115C00632000,11.25,0.08,0.11,0.01,0.01
QQQ,2026-01-16,6.62,625.5,626.08,618.88,621.26,619.0,O:QQQ260116C00619000,0.12,6.68,7.22,1.52,1.82
QQQ,2026-01-16,6.62,625.5,626.08,618.88,621.26,620.0,O:QQQ260116C00620000,1.12,5.88,6.13,0.8,0.95
QQQ,2026-01-16,6.62,625.5,626.08,618.88,621.26,621.0,O:QQQ260116C00621000,2.12,5.0,5.24,0.06,0.1
QQQ,2026-01-16,6.62,625.5,626.08,618.88,621.26,622.0,O:QQQ260116C00622000,3.12,4.13,4.44,0.01,0.01
QQQ,2026-01-16,6.62,625.5,626.08,618.88,621.26,623.0,O:QQQ260116C00623000,4.12,3.22,3.5,0.01,0.01
QQQ,2026-01-16,6.62,625.5,626.08,618.88,621.26,624.0,O:QQQ260116C00624000,5.12,2.5,2.75,0.01,0.01
QQQ,2026-01-16,6.62,625.5,626.08,618.88,621.26,625.0,O:QQQ260116C00625000,6.12,1.9,2.05,0.01,0.01
QQQ,2026-01-16,6.62,625.5,626.08,618.88,621.26,626.0,O:QQQ260116C00626000,7.12,1.34,1.45,0.01,0.01
QQQ,2026-01-16,6.62,625.5,626.08,618.88,621.26,627.0,O:QQQ260116C00627000,8.12,0.83,1.0,0.01,0.01
QQQ,2026-01-16,6.62,625.5,626.08,618.88,621.26,628.0,O:QQQ260116C00628000,9.12,0.55,0.59,0.01,0.01
QQQ,2026-01-16,6.62,625.5,626.08,618.88,621.26,629.0,O:QQQ260116C00629000,10.12,0.34,0.36,0.01,0.01
QQQ,2026-01-16,6.62,625.5,626.08,618.88,621.26,630.0,O:QQQ260116C00630000,11.12,0.18,0.21,0.01,0.01
QQQ,2026-01-20,3.48,610.53,615.055,607.05,608.06,608.0,O:QQQ260120C00608000,0.95,4.72,7.1,0.17,0.69
QQQ,2026-01-20,3.48,610.53,615.055,607.05,608.06,609.0,O:QQQ260120C00609000,1.95,3.84,6.1,0.02,0.11
QQQ,2026-01-20,3.48,610.53,615.055,607.05,608.06,610.0,O:QQQ260120C00610000,2.95,3.35,5.25,0.01,0.01
QQQ,2026-01-20,3.48,610.53,615.055,607.05,608.06,611.0,O:QQQ260120C00611000,3.95,2.8,4.4,0.01,0.01
QQQ,2026-01-20,3.48,610.53,615.055,607.05,608.06,612.0,O:QQQ260120C00612000,4.95,2.11,3.6,0.01,0.01
QQQ,2026-01-20,3.48,610.53,615.055,607.05,608.06,613.0,O:QQQ260120C00613000,5.95,1.79,2.83,0.01,0.01
QQQ,2026-01-20,3.48,610.53,615.055,607.05,608.06,614.0,O:QQQ260120C00614000,6.95,1.38,2.25,0.01,0.01
QQQ,2026-01-20,3.48,610.53,615.055,607.05,608.06,615.0,O:QQQ260120C00615000,7.95,0.97,1.8,0.01,0.01
QQQ,2026-01-20,3.48,610.53,615.055,607.05,608.06,616.0,O:QQQ260120C00616000,8.95,0.97,1.39,0.01,0.01
QQQ,2026-01-20,3.48,610.53,615.055,607.05,608.06,617.0,O:QQQ260120C00617000,9.95,0.55,1.06,0.01,0.01
QQQ,2026-01-20,3.48,610.53,615.055,607.05,608.06,618.0,O:QQQ260120C00618000,10.95,0.39,0.8,0.01,0.01
QQQ,2026-01-20,3.48,610.53,615.055,607.05,608.06,619.0,O:QQQ260120C00619000,11.95,0.28,0.6,0.01,0.01
QQQ,2026-01-22,4.57,622.35,622.46,617.78,620.76,618.0,O:QQQ260122C00618000,0.22,4.83,4.89,1.22,2.35
QQQ,2026-01-22,4.57,622.35,622.46,617.78,620.76,619.0,O:QQQ260122C00619000,1.22,4.0,4.0,0.59,1.35
QQQ,2026-01-22,4.57,622.35,622.46,617.78,620.76,620.0,O:QQQ260122C00620000,2.22,3.24,3.24,0.22,0.49
QQQ,2026-01-22,4.57,622.35,622.46,617.78,620.76,621.0,O:QQQ260122C00621000,3.22,2.58,2.58,0.02,0.03
QQQ,2026-01-22,4.57,622.35,622.46,617.78,620.76,622.0,O:QQQ260122C00622000,4.22,1.96,1.96,0.01,0.01
QQQ,2026-01-22,4.57,622.35,622.46,617.78,620.76,623.0,O:QQQ260122C00623000,5.22,1.4,1.4,0.01,0.01
QQQ,2026-01-22,4.57,622.35,622.46,617.78,620.76,624.0,O:QQQ260122C00624000,6.22,1.0,1.0,0.01,0.01
QQQ,2026-01-22,4.57,622.35,622.46,617.78,620.76,625.0,O:QQQ260122C00625000,7.22,0.66,0.66,0.01,0.01
QQQ,2026-01-22,4.57,622.35,622.46,617.78,620.76,626.0,O:QQQ260122C00626000,8.22,0.4,0.4,0.01,0.01
QQQ,2026-01-22,4.57,622.35,622.46,617.78,620.76,627.0,O:QQQ260122C00627000,9.22,0.24,0.25,0.01,0.01
QQQ,2026-01-22,4.57,622.35,622.46,617.78,620.76,628.0,O:QQQ260122C00628000,10.22,0.14,0.14,0.01,0.01
QQQ,2026-01-22,4.57,622.35,622.46,617.78,620.76,629.0,O:QQQ260122C00629000,11.22,0.06,0.06,0.01,0.01
QQQ,2026-01-28,3.65,635.46,636.6,631.81,633.22,632.0,O:QQQ260128C00632000,0.19,4.56,5.51,0.25,2.09
QQQ,2026-01-28,3.65,635.46,636.6,631.81,633.22,633.0,O:QQQ260128C00633000,1.19,3.78,4.75,0.12,1.34
QQQ,2026-01-28,3.65,635.46,636.6,631.81,633.22,634.0,O:QQQ260128C00634000,2.19,3.16,4.0,0.08,0.6
QQQ,2026-01-28,3.65,635.46,636.6,631.81,633.22,635.0,O:QQQ260128C00635000,3.19,2.72,3.3,0.02,0.24
QQQ,2026-01-28,3.65,635.46,636.6,631.81,633.22,636.0,O:QQQ260128C00636000,4.19,2.1,2.67,0.01,0.1
QQQ,2026-01-28,3.65,635.46,636.6,631.81,633.22,637.0,O:QQQ260128C00637000,5.19,1.6,2.11,0.01,0.06
QQQ,2026-01-28,3.65,635.46,636.6,631.81,633.22,638.0,O:QQQ260128C00638000,6.19,1.17,1.6,0.01,0.01
QQQ,2026-01-28,3.65,635.46,636.6,631.81,633.22,639.0,O:QQQ260128C00639000,7.19,0.87,1.19,0.01,0.02
QQQ,2026-01-28,3.65,635.46,636.6,631.81,633.22,640.0,O:QQQ260128C00640000,8.19,0.57,0.85,0.01,0.01
QQQ,2026-01-28,3.65,635.46,636.6,631.81,633.22,641.0,O:QQQ260128C00641000,9.19,0.34,0.58,0.01,0.01
QQQ,2026-01-28,3.65,635.46,636.6,631.81,633.22,642.0,O:QQQ260128C00642000,10.19,0.25,0.38,0.01,0.01
QQQ,2026-01-28,3.65,635.46,636.6,631.81,633.22,643.0,O:QQQ260128C00643000,11.19,0.16,0.25,0.01,0.01
QQQ,2026-01-29,14.38,632.65,633.67,618.27,629.43,619.0,O:QQQ260129C00619000,0.73,11.0,11.62,2.25,10.38
QQQ,2026-01-29,14.38,632.65,633.67,618.27,629.43,620.0,O:QQQ260129C00620000,1.73,13.22,13.22,1.8,8.9
QQQ,2026-01-29,14.38,632.65,633.67,618.27,629.43,621.0,O:QQQ260129C00621000,2.73,11.09,11.09,1.44,7.9
QQQ,2026-01-29,14.38,632.65,633.67,618.27,629.43,622.0,O:QQQ260129C00622000,3.73,10.85,10.85,1.11,7.25
QQQ,2026-01-29,14.38,632.65,633.67,618.27,629.43,623.0,O:QQQ260129C00623000,4.73,10.0,10.5,0.87,6.25
QQQ,2026-01-29,14.38,632.65,633.67,618.27,629.43,624.0,O:QQQ260129C00624000,5.73,8.96,8.96,0.67,5.15
QQQ,2026-01-29,14.38,632.65,633.67,618.27,629.43,625.0,O:QQQ260129C00625000,6.73,8.05,8.51,0.51,4.16
QQQ,2026-01-29,14.38,632.65,633.67,618.27,629.43,626.0,O:QQQ260129C00626000,7.73,7.45,7.45,0.39,3.16
QQQ,2026-01-29,14.38,632.65,633.67,618.27,629.43,627.0,O:QQQ260129C00627000,8.73,6.34,6.86,0.27,2.07
QQQ,2026-01-29,14.38,632.65,633.67,618.27,629.43,628.0,O:QQQ260129C00628000,9.73,5.87,5.98,0.17,1.36
QQQ,2026-01-29,14.38,632.65,633.67,618.27,629.43,629.0,O:QQQ260129C00629000,10.73,4.93,4.93,0.06,0.67
QQQ,2026-01-29,14.38,632.65,633.67,618.27,629.43,630.0,O:QQQ260129C00630000,11.73,4.01,4.46,0.03,0.28
QQQ,2026-01-30,6.41,625.71,628.256,619.2975,621.87,620.0,O:QQQ260130C00620000,0.7,6.65,8.5,0.71,1.2
QQQ,2026-01-30,6.41,625.71,628.256,619.2975,621.87,621.0,O:QQQ260130C00621000,1.7,5.97,7.6,0.14,0.36
QQQ,2026-01-30,6.41,625.71,628.256,619.2975,621.87,622.0,O:QQQ260130C00622000,2.7,5.53,6.9,0.01,0.02
QQQ,2026-01-30,6.41,625.71,628.256,619.2975,621.87,623.0,O:QQQ260130C00623000,3.7,4.39,6.0,0.01,0.01
QQQ,2026-01-30,6.41,625.71,628.256,619.2975,621.87,624.0,O:QQQ260130C00624000,4.7,3.96,5.24,0.01,0.01
QQQ,2026-01-30,6.41,625.71,628.256,619.2975,621.87,625.0,O:QQQ260130C00625000,5.7,2.99,4.49,0.01,0.01
QQQ,2026-01-30,6.41,625.71,628.256,619.2975,621.87,626.0,O:QQQ260130C00626000,6.7,2.36,3.75,0.01,0.01
QQQ,2026-01-30,6.41,625.71,628.256,619.2975,621.87,627.0,O:QQQ260130C00627000,7.7,1.9,3.1,0.01,0.01
QQQ,2026-01-30,6.41,625.71,628.256,619.2975,621.87,628.0,O:QQQ260130C00628000,8.7,1.4,2.49,0.01,0.01
QQQ,2026-01-30,6.41,625.71,628.256,619.2975,621.87,629.0,O:QQQ260130C00629000,9.7,1.08,1.95,0.01,0.01
QQQ,2026-01-30,6.41,625.71,628.256,619.2975,621.87,630.0,O:QQQ260130C00630000,10.7,0.74,1.48,0.01,0.01
QQQ,2026-01-30,6.41,625.71,628.256,619.2975,621.87,631.0,O:QQQ260130C00631000,11.7,0.64,1.09,0.01,0.01
QQQ,2026-02-03,17.34,628.3,629.98,610.96,616.52,611.0,O:QQQ260203C00611000,0.04,12.87,12.87,1.46,5.49
QQQ,2026-02-03,17.34,628.3,629.98,610.96,616.52,612.0,O:QQQ260203C00612000,1.04,13.22,13.22,0.94,4.26
QQQ,2026-02-03,17.34,628.3,629.98,610.96,616.52,613.0,O:QQQ260203C00613000,2.04,12.7,12.7,0.58,3.48
QQQ,2026-02-03,17.34,628.3,629.98,610.96,616.52,614.0,O:QQQ260203C00614000,3.04,13.6,13.6,0.35,2.5
QQQ,2026-02-03,17.34,628.3,629.98,610.96,616.52,615.0,O:QQQ260203C00615000,4.04,12.16,12.16,0.2,1.53
QQQ,2026-02-03,17.34,628.3,629.98,610.96,616.52,616.0,O:QQQ260203C00616000,5.04,11.9,11.9,0.12,0.7
QQQ,2026-02-03,17.34,628.3,629.98,610.96,616.52,617.0,O:QQQ260203C00617000,6.04,10.44,10.44,0.06,0.17
QQQ,2026-02-03,17.34,628.3,629.98,610.96,616.52,618.0,O:QQQ260203C00618000,7.04,10.49,10.49,0.01,0.03
QQQ,2026-02-03,17.34,628.3,629.98,610.96,616.52,619.0,O:QQQ260203C00619000,8.04,8.37,8.37,0.01,0.02
QQQ,2026-02-03,17.34,628.3,629.98,610.96,616.52,620.0,O:QQQ260203C00620000,9.04,8.4,8.4,0.01,0.01
QQQ,2026-02-03,17.34,628.3,629.98,610.96,616.52,621.0,O:QQQ260203C00621000,10.04,7.06,7.64,0.01,0.01
QQQ,2026-02-03,17.34,628.3,629.98,610.96,616.52,622.0,O:QQQ260203C00622000,11.04,6.28,6.63,0.01,0.01
QQQ,2026-02-04,14.55,615.02,615.1,600.47,605.75,601.0,O:QQQ260204C00601000,0.53,12.67,13.65,2.35,5.34
QQQ,2026-02-04,14.55,615.02,615.1,600.47,605.75,602.0,O:QQQ260204C00602000,1.53,11.18,12.7,1.87,4.98
QQQ,2026-02-04,14.55,615.02,615.1,600.47,605.75,603.0,O:QQQ260204C00603000,2.53,11.07,12.27,1.34,3.51
QQQ,2026-02-04,14.55,615.02,615.1,600.47,605.75,604.0,O:QQQ260204C00604000,3.53,10.05,11.24,0.9,3.15
QQQ,2026-02-04,14.55,615.02,615.1,600.47,605.75,605.0,O:QQQ260204C00605000,4.53,9.76,9.96,0.59,2.32
QQQ,2026-02-04,14.55,615.02,615.1,600.47,605.75,606.0,O:QQQ260204C00606000,5.53,7.7,8.99,0.34,1.61
QQQ,2026-02-04,14.55,615.02,615.1,600.47,605.75,607.0,O:QQQ260204C00607000,6.53,7.7,8.6,0.19,0.92
QQQ,2026-02-04,14.55,615.02,615.1,600.47,605.75,608.0,O:QQQ260204C00608000,7.53,6.78,7.91,0.08,0.49
QQQ,2026-02-04,14.55,615.02,615.1,600.47,605.75,609.0,O:QQQ260204C00609000,8.53,5.96,6.98,0.04,0.22
QQQ,2026-02-04,14.55,615.02,615.1,600.47,605.75,610.0,O:QQQ260204C00610000,9.53,6.31,6.36,0.02,0.11
QQQ,2026-02-04,14.55,615.02,615.1,600.47,605.75,611.0,O:QQQ260204C00611000,10.53,5.0,5.61,0.01,0.05
QQQ,2026-02-04,14.55,615.02,615.1,600.47,605.75,612.0,O:QQQ260204C00612000,11.53,4.57,4.84,0.01,0.02
QQQ,2026-02-05,5.45,600.21,604.81,594.76,597.03,595.0,O:QQQ260205C00595000,0.24,6.75,10.13,0.98,1.52
QQQ,2026-02-05,5.45,600.21,604.81,594.76,597.03,596.0,O:QQQ260205C00596000,1.24,6.04,9.51,0.45,0.77
QQQ,2026-02-05,5.45,600.21,604.81,594.76,597.03,597.0,O:QQQ260205C00597000,2.24,6.06,9.0,0.21,0.31
QQQ,2026-02-05,5.45,600.21,604.81,594.76,597.03,598.0,O:QQQ260205C00598000,3.24,5.5,8.1,0.09,0.1
QQQ,2026-02-05,5.45,600.21,604.81,594.76,597.03,599.0,O:QQQ260205C00599000,4.24,4.67,7.4,0.02,0.02
QQQ,2026-02-05,5.45,600.21,604.81,594.76,597.03,600.0,O:QQQ260205C00600000,5.24,4.18,6.67,0.01,0.01
QQQ,2026-02-05,5.45,600.21,604.81,594.76,597.03,601.0,O:QQQ260205C00601000,6.24,3.87,6.0,0.01,0.01
QQQ,2026-02-05,5.45,600.21,604.81,594.76,597.03,602.0,O:QQQ260205C00602000,7.24,3.43,5.31,0.01,0.01
QQQ,2026-02-05,5.45,600.21,604.81,594.76,597.03,603.0,O:QQQ260205C00603000,8.24,3.0,4.7,0.01,0.01
QQQ,2026-02-05,5.45,600.21,604.81,594.76,597.03,604.0,O:QQQ260205C00604000,9.24,2.56,4.1,0.01,0.01
QQQ,2026-02-05,5.45,600.21,604.81,594.76,597.03,605.0,O:QQQ260205C00605000,10.24,2.15,3.55,0.01,0.01
QQQ,2026-02-05,5.45,600.21,604.81,594.76,597.03,606.0,O:QQQ260205C00606000,11.24,1.76,3.04,0.01,0.01
QQQ,2026-02-10,4.29,615.305,617.02,611.01,611.47,612.0,O:QQQ260210C00612000,0.99,4.07,5.35,0.05,0.11
QQQ,2026-02-10,4.29,615.305,617.02,611.01,611.47,613.0,O:QQQ260210C00613000,1.99,3.52,4.44,0.01,0.01
QQQ,2026-02-10,4.29,615.305,617.02,611.01,611.47,614.0,O:QQQ260210C00614000,2.99,2.88,3.59,0.01,0.01
QQQ,2026-02-10,4.29,615.305,617.02,611.01,611.47,615.0,O:QQQ260210C00615000,3.99,2.24,2.81,0.01,0.01
QQQ,2026-02-10,4.29,615.305,617.02,611.01,611.47,616.0,O:QQQ260210C00616000,4.99,1.67,2.11,0.01,0.01
QQQ,2026-02-10,4.29,615.305,617.02,611.01,611.47,617.0,O:QQQ260210C00617000,5.99,1.19,1.51,0.01,0.01
QQQ,2026-02-10,4.29,615.305,617.02,611.01,611.47,618.0,O:QQQ260210C00618000,6.99,0.8,1.01,0.01,0.01
QQQ,2026-02-10,4.29,615.305,617.02,611.01,611.47,619.0,O:QQQ260210C00619000,7.99,0.49,0.64,0.01,0.01
QQQ,2026-02-10,4.29,615.305,617.02,611.01,611.47,620.0,O:QQQ260210C00620000,8.99,0.31,0.4,0.01,0.01
QQQ,2026-02-10,4.29,615.305,617.02,611.01,611.47,621.0,O:QQQ260210C00621000,9.99,0.18,0.22,0.01,0.01
QQQ,2026-02-10,4.29,615.305,617.02,611.01,611.47,622.0,O:QQQ260210C00622000,10.99,0.1,0.12,0.01,0.01
QQQ,2026-02-10,4.29,615.305,617.02,611.01,611.47,623.0,O:QQQ260210C00623000,11.99,0.06,0.06,0.01,0.01
QQQ,2026-02-11,8.69,616.38,617.52,607.69,613.11,608.0,O:QQQ260211C00608000,0.31,8.66,9.73,2.2,5.08
QQQ,2026-02-11,8.69,616.38,617.52,607.69,613.11,609.0,O:QQQ260211C00609000,1.31,7.76,8.69,1.73,4.04
QQQ,2026-02-11,8.69,616.38,617.52,607.69,613.11,610.0,O:QQQ260211C00610000,2.31,6.83,7.87,1.32,2.87
QQQ,2026-02-11,8.69,616.38,617.52,607.69,613.11,611.0,O:QQQ260211C00611000,3.31,5.98,6.9,0.97,1.7
QQQ,2026-02-11,8.69,616.38,617.52,607.69,613.11,612.0,O:QQQ260211C00612000,4.31,5.1,6.0,0.62,1.01
QQQ,2026-02-11,8.69,616.38,617.52,607.69,613.11,613.0,O:QQQ260211C00613000,5.31,4.31,5.14,0.24,0.27
QQQ,2026-02-11,8.69,616.38,617.52,607.69,613.11,614.0,O:QQQ260211C00614000,6.31,3.54,4.31,0.01,0.01
QQQ,2026-02-11,8.69,616.38,617.52,607.69,613.11,615.0,O:QQQ260211C00615000,7.31,2.83,3.57,0.01,0.01
QQQ,2026-02-11,8.69,616.38,617.52,607.69,613.11,616.0,O:QQQ260211C00616000,8.31,2.17,2.84,0.01,0.01
QQQ,2026-02-11,8.69,616.38,617.52,607.69,613.11,617.0,O:QQQ260211C00617000,9.31,1.6,2.2,0.01,0.01
QQQ,2026-02-11,8.69,616.38,617.52,607.69,613.11,618.0,O:QQQ260211C00618000,10.31,2.5,2.5,0.01,0.01
QQQ,2026-02-11,8.69,616.38,617.52,607.69,613.11,619.0,O:QQQ260211C00619000,11.31,0.6,1.13,0.01,0.01
QQQ,2026-02-12,15.14,614.71,615.81,599.5699,600.64,600.0,O:QQQ260212C00600000,0.43,15.12,15.53,0.54,1.59
QQQ,2026-02-12,15.14,614.71,615.81,599.5699,600.64,601.0,O:QQQ260212C00601000,1.43,12.24,12.24,0.2,0.66
QQQ,2026-02-12,15.14,614.71,615.81,599.5699,600.64,602.0,O:QQQ260212C00602000,2.43,10.84,11.27,0.06,0.14
QQQ,2026-02-12,15.14,614.71,615.81,599.5699,600.64,603.0,O:QQQ260212C00603000,3.43,12.43,12.43,0.01,0.03
QQQ,2026-02-12,15.14,614.71,615.81,599.5699,600.64,604.0,O:QQQ260212C00604000,4.43,11.38,11.38,0.01,0.01
QQQ,2026-02-12,15.14,614.71,615.81,599.5699,600.64,605.0,O:QQQ260212C00605000,5.43,9.5,10.85,0.01,0.01
QQQ,2026-02-12,15.14,614.71,615.81,599.5699,600.64,606.0,O:QQQ260212C00606000,6.43,9.01,9.3,0.01,0.01
QQQ,2026-02-12,15.14,614.71,615.81,599.5699,600.64,607.0,O:QQQ260212C00607000,7.43,7.96,9.08,0.01,0.01
QQQ,2026-02-12,15.14,614.71,615.81,599.5699,600.64,608.0,O:QQQ260212C00608000,8.43,7.37,7.94,0.01,0.01
QQQ,2026-02-12,15.14,614.71,615.81,599.5699,600.64,609.0,O:QQQ260212C00609000,9.43,6.33,7.02,0.01,0.01
QQQ,2026-02-12,15.14,614.71,615.81,599.5699,600.64,610.0,O:QQQ260212C00610000,10.43,5.64,6.2,0.01,0.01
QQQ,2026-02-12,15.14,614.71,615.81,599.5699,600.64,611.0,O:QQQ260212C00611000,11.43,4.5,5.25,0.01,0.01
QQQ,2026-02-13,4.01,600.43,606.48,596.42,601.92,597.0,O:QQQ260213C00597000,0.58,5.38,9.37,3.35,5.04
QQQ,2026-02-13,4.01,600.43,606.48,596.42,601.92,598.0,O:QQQ260213C00598000,1.58,4.9,8.4,2.35,4.06
QQQ,2026-02-13,4.01,600.43,606.48,596.42,601.92,599.0,O:QQQ260213C00599000,2.58,5.58,7.5,1.5,2.37
QQQ,2026-02-13,4.01,600.43,606.48,596.42,601.92,600.0,O:QQQ260213C00600000,3.58,3.31,6.5,0.82,1.7
QQQ,2026-02-13,4.01,600.43,606.48,596.42,601.92,601.0,O:QQQ260213C00601000,4.58,2.77,5.6,0.29,0.72
QQQ,2026-02-13,4.01,600.43,606.48,596.42,601.92,602.0,O:QQQ260213C00602000,5.58,2.38,4.7,0.04,0.11
QQQ,2026-02-13,4.01,600.43,606.48,596.42,601.92,603.0,O:QQQ260213C00603000,6.58,1.95,3.8,0.01,0.01
QQQ,2026-02-13,4.01,600.43,606.48,596.42,601.92,604.0,O:QQQ260213C00604000,7.58,1.56,3.01,0.01,0.01
QQQ,2026-02-13,4.01,600.43,606.48,596.42,601.92,605.0,O:QQQ260213C00605000,8.58,1.24,2.45,0.01,0.01
QQQ,2026-02-13,4.01,600.43,606.48,596.42,601.92,606.0,O:QQQ260213C00606000,9.58,0.93,1.96,0.01,0.01
QQQ,2026-02-13,4.01,600.43,606.48,596.42,601.92,607.0,O:QQQ260213C00607000,10.58,0.83,1.52,0.01,0.01
QQQ,2026-02-13,4.01,600.43,606.48,596.42,601.92,608.0,O:QQQ260213C00608000,11.58,0.56,1.15,0.01,0.01
QQQ,2026-02-17,5.03,598.375,603.95,593.34,601.3,594.0,O:QQQ260217C00594000,0.66,5.87,9.84,2.24,7.11
QQQ,2026-02-17,5.03,598.375,603.95,593.34,601.3,595.0,O:QQQ260217C00595000,1.66,5.48,8.72,1.77,6.35
QQQ,2026-02-17,5.03,598.375,603.95,593.34,601.3,596.0,O:QQQ260217C00596000,2.66,4.49,7.94,1.38,5.13
QQQ,2026-02-17,5.03,598.375,603.95,593.34,601.3,597.0,O:QQQ260217C00597000,3.66,4.0,6.89,1.06,3.99
QQQ,2026-02-17,5.03,598.375,603.95,593.34,601.3,598.0,O:QQQ260217C00598000,4.66,3.18,6.0,0.77,3.2
QQQ,2026-02-17,5.03,598.375,603.95,593.34,601.3,599.0,O:QQQ260217C00599000,5.66,2.68,4.91,0.58,2.28
QQQ,2026-02-17,5.03,598.375,603.95,593.34,601.3,600.0,O:QQQ260217C00600000,6.66,2.16,4.03,0.42,1.22
QQQ,2026-02-17,5.03,598.375,603.95,593.34,601.3,601.0,O:QQQ260217C00601000,7.66,0.44,3.34,0.13,0.39
QQQ,2026-02-17,5.03,598.375,603.95,593.34,601.3,602.0,O:QQQ260217C00602000,8.66,1.32,2.75,0.02,0.02
QQQ,2026-02-17,5.03,598.375,603.95,593.34,601.3,603.0,O:QQQ260217C00603000,9.66,1.01,2.2,0.01,0.01
QQQ,2026-02-17,5.03,598.375,603.95,593.34,601.3,604.0,O:QQQ260217C00604000,10.66,0.79,1.72,0.01,0.01
QQQ,2026-02-17,5.03,598.375,603.95,593.34,601.3,605.0,O:QQQ260217C00605000,11.66,0.57,1.3,0.01,0.01
QQQ,2026-02-23,7.56,606.605,608.01,599.05,601.41,600.0,O:QQQ260223C00600000,0.95,7.14,8.22,0.42,1.8
QQQ,2026-02-23,7.56,606.605,608.01,599.05,601.41,601.0,O:QQQ260223C00601000,1.95,6.27,7.39,0.08,0.62
QQQ,2026-02-23,7.56,606.605,608.01,599.05,601.41,602.0,O:QQQ260223C00602000,2.95,5.54,6.4,0.01,0.04
QQQ,2026-02-23,7.56,606.605,608.01,599.05,601.41,603.0,O:QQQ260223C00603000,3.95,5.24,5.76,0.01,0.01
QQQ,2026-02-23,7.56,606.605,608.01,599.05,601.41,604.0,O:QQQ260223C00604000,4.95,4.02,4.96,0.01,0.01
QQQ,2026-02-23,7.56,606.605,608.01,599.05,601.41,605.0,O:QQQ260223C00605000,5.95,3.43,4.2,0.01,0.01
QQQ,2026-02-23,7.56,606.605,608.01,599.05,601.41,606.0,O:QQQ260223C00606000,6.95,2.81,3.54,0.01,0.01
QQQ,2026-02-23,7.56,606.605,608.01,599.05,601.41,607.0,O:QQQ260223C00607000,7.95,2.23,2.87,0.01,0.01
QQQ,2026-02-23,7.56,606.605,608.01,599.05,601.41,608.0,O:QQQ260223C00608000,8.95,1.62,2.28,0.01,0.01
QQQ,2026-02-23,7.56,606.605,608.01,599.05,601.41,609.0,O:QQQ260223C00609000,9.95,1.24,1.72,0.01,0.01
QQQ,2026-02-23,7.56,606.605,608.01,599.05,601.41,610.0,O:QQQ260223C00610000,10.95,0.92,1.28,0.01,0.01
QQQ,2026-02-23,7.56,606.605,608.01,599.05,601.41,611.0,O:QQQ260223C00611000,11.95,0.6,0.9,0.01,0.01
QQQ,2026-02-26,11.61,615.59,615.59,603.98,609.24,604.0,O:QQQ260226C00604000,0.02,10.96,10.96,1.67,4.93
QQQ,2026-02-26,11.61,615.59,615.59,603.98,609.24,605.0,O:QQQ260226C00605000,1.02,9.92,10.39,1.08,4.0
QQQ,2026-02-26,11.61,615.59,615.59,603.98,609.24,606.0,O:QQQ260226C00606000,2.02,9.34,9.34,0.69,2.86
QQQ,2026-02-26,11.61,615.59,615.59,603.98,609.24,607.0,O:QQQ260226C00607000,3.02,8.5,8.73,0.4,2.04
QQQ,2026-02-26,11.61,615.59,615.59,603.98,609.24,608.0,O:QQQ260226C00608000,4.02,7.24,7.74,0.22,0.96
QQQ,2026-02-26,11.61,615.59,615.59,603.98,609.24,609.0,O:QQQ260226C00609000,5.02,7.2,7.2,0.09,0.18
QQQ,2026-02-26,11.61,615.59,615.59,603.98,609.24,610.0,O:QQQ260226C00610000,6.02,6.44,6.44,0.01,0.01
QQQ,2026-02-26,11.61,615.59,615.59,603.98,609.24,611.0,O:QQQ260226C00611000,7.02,5.77,5.77,0.01,0.01
QQQ,2026-02-26,11.61,615.59,615.59,603.98,609.24,612.0,O:QQQ260226C00612000,8.02,4.98,4.98,0.01,0.01
QQQ,2026-02-26,11.61,615.59,615.59,603.98,609.24,613.0,O:QQQ260226C00613000,9.02,4.24,4.24,0.01,0.01
QQQ,2026-02-26,11.61,615.59,615.59,603.98,609.24,614.0,O:QQQ260226C00614000,10.02,3.38,3.57,0.01,0.01
QQQ,2026-02-26,11.61,615.59,615.59,603.98,609.24,615.0,O:QQQ260226C00615000,11.02,2.8,2.8,0.01,0.01
QQQ,2026-03-03,4.46,596.33,603.96,591.87,601.58,592.0,O:QQQ260303C00592000,0.13,7.61,11.41,2.55,9.25
QQQ,2026-03-03,4.46,596.33,603.96,591.87,601.58,593.0,O:QQQ260303C00593000,1.13,5.46,10.39,2.09,8.1
QQQ,2026-03-03,4.46,596.33,603.96,591.87,601.58,594.0,O:QQQ260303C00594000,2.13,4.64,9.79,1.65,7.8
QQQ,2026-03-03,4.46,596.33,603.96,591.87,601.58,595.0,O:QQQ260303C00595000,3.13,4.08,8.91,1.28,6.15
QQQ,2026-03-03,4.46,596.33,603.96,591.87,601.58,596.0,O:QQQ260303C00596000,4.13,3.56,7.79,0.98,5.25
QQQ,2026-03-03,4.46,596.33,603.96,591.87,601.58,597.0,O:QQQ260303C00597000,5.13,3.0,6.93,0.75,4.12
QQQ,2026-03-03,4.46,596.33,603.96,591.87,601.58,598.0,O:QQQ260303C00598000,6.13,2.49,6.0,0.56,3.12
QQQ,2026-03-03,4.46,596.33,603.96,591.87,601.58,599.0,O:QQQ260303C00599000,7.13,2.04,5.0,0.42,2.4
QQQ,2026-03-03,4.46,596.33,603.96,591.87,601.58,600.0,O:QQQ260303C00600000,8.13,1.65,4.09,0.32,1.13
QQQ,2026-03-03,4.46,596.33,603.96,591.87,601.58,601.0,O:QQQ260303C00601000,9.13,1.26,3.19,0.24,0.35
QQQ,2026-03-03,4.46,596.33,603.96,591.87,601.58,602.0,O:QQQ260303C00602000,10.13,1.05,2.4,0.03,0.03
QQQ,2026-03-03,4.46,596.33,603.96,591.87,601.58,603.0,O:QQQ260303C00603000,11.13,0.8,1.7,0.01,0.01
QQQ,2026-03-05,5.14,607.4,612.76,602.26,608.91,603.0,O:QQQ260305C00603000,0.74,5.72,9.3,1.05,5.43
QQQ,2026-03-05,5.14,607.4,612.76,602.26,608.91,604.0,O:QQQ260305C00604000,1.74,4.97,8.76,0.63,4.45
QQQ,2026-03-05,5.14,607.4,612.76,602.26,608.91,605.0,O:QQQ260305C00605000,2.74,4.33,8.0,0.36,3.5
QQQ,2026-03-05,5.14,607.4,612.76,602.26,608.91,606.0,O:QQQ260305C00606000,3.74,3.6,7.01,0.17,2.32
QQQ,2026-03-05,5.14,607.4,612.76,602.26,608.91,607.0,O:QQQ260305C00607000,4.74,2.95,6.18,0.07,1.52
QQQ,2026-03-05,5.14,607.4,612.76,602.26,608.91,608.0,O:QQQ260305C00608000,5.74,2.46,5.31,0.04,0.49
QQQ,2026-03-05,5.14,607.4,612.76,602.26,608.91,609.0,O:QQQ260305C00609000,6.74,1.92,4.46,0.02,0.05
QQQ,2026-03-05,5.14,607.4,612.76,602.26,608.91,610.0,O:QQQ260305C00610000,7.74,1.54,3.68,0.01,0.01
QQQ,2026-03-05,5.14,607.4,612.76,602.26,608.91,611.0,O:QQQ260305C00611000,8.74,1.15,2.96,0.01,0.01
QQQ,2026-03-05,5.14,607.4,612.76,602.26,608.91,612.0,O:QQQ260305C00612000,9.74,0.86,2.31,0.01,0.01
QQQ,2026-03-05,5.14,607.4,612.76,602.26,608.91,613.0,O:QQQ260305C00613000,10.74,0.62,1.74,0.01,0.01
QQQ,2026-03-05,5.14,607.4,612.76,602.26,608.91,614.0,O:QQQ260305C00614000,11.74,0.44,1.25,0.01,0.01
QQQ,2026-03-11,3.92,608.95,612.43,605.03,607.69,606.0,O:QQQ260311C00606000,0.97,4.48,6.86,0.81,1.35
QQQ,2026-03-11,3.92,608.95,612.43,605.03,607.69,607.0,O:QQQ260311C00607000,1.97,3.96,6.04,0.22,0.42
QQQ,2026-03-11,3.92,608.95,612.43,605.03,607.69,608.0,O:QQQ260311C00608000,2.97,3.25,5.19,0.02,0.03
QQQ,2026-03-11,3.92,608.95,612.43,605.03,607.69,609.0,O:QQQ260311C00609000,3.97,2.54,4.44,0.01,0.01
QQQ,2026-03-11,3.92,608.95,612.43,605.03,607.69,610.0,O:QQQ260311C00610000,4.97,2.2,3.68,0.01,0.01
QQQ,2026-03-11,3.92,608.95,612.43,605.03,607.69,611.0,O:QQQ260311C00611000,5.97,1.63,3.0,0.01,0.01
QQQ,2026-03-11,3.92,608.95,612.43,605.03,607.69,612.0,O:QQQ260311C00612000,6.97,1.14,2.38,0.01,0.01
QQQ,2026-03-11,3.92,608.95,612.43,605.03,607.69,613.0,O:QQQ260311C00613000,7.97,0.8,1.84,0.01,0.01
QQQ,2026-03-11,3.92,608.95,612.43,605.03,607.69,614.0,O:QQQ260311C00614000,8.97,0.55,1.37,0.01,0.01
QQQ,2026-03-11,3.92,608.95,612.43,605.03,607.69,615.0,O:QQQ260311C00615000,9.97,0.36,0.99,0.01,0.01
QQQ,2026-03-11,3.92,608.95,612.43,605.03,607.69,616.0,O:QQQ260311C00616000,10.97,0.18,0.7,0.01,0.01
QQQ,2026-03-11,3.92,608.95,612.43,605.03,607.69,617.0,O:QQQ260311C00617000,11.97,0.13,0.48,0.01,0.01
QQQ,2026-03-12,5.71,602.76,604.14,597.05,597.26,598.0,O:QQQ260312C00598000,0.95,6.15,6.63,0.01,0.01
QQQ,2026-03-12,5.71,602.76,604.14,597.05,597.26,599.0,O:QQQ260312C00599000,1.95,5.62,5.9,0.01,0.01
QQQ,2026-03-12,5.71,602.76,604.14,597.05,597.26,600.0,O:QQQ260312C00600000,2.95,4.61,5.14,0.01,0.01
QQQ,2026-03-12,5.71,602.76,604.14,597.05,597.26,601.0,O:QQQ260312C00601000,3.95,3.72,4.36,0.01,0.01
QQQ,2026-03-12,5.71,602.76,604.14,597.05,597.26,602.0,O:QQQ260312C00602000,4.95,3.08,3.7,0.01,0.01
QQQ,2026-03-12,5.71,602.76,604.14,597.05,597.26,603.0,O:QQQ260312C00603000,5.95,2.64,3.08,0.01,0.01
QQQ,2026-03-12,5.71,602.76,604.14,597.05,597.26,604.0,O:QQQ260312C00604000,6.95,2.08,2.53,0.01,0.01
QQQ,2026-03-12,5.71,602.76,604.14,597.05,597.26,605.0,O:QQQ260312C00605000,7.95,1.68,2.0,0.01,0.01
QQQ,2026-03-12,5.71,602.76,604.14,597.05,597.26,606.0,O:QQQ260312C00606000,8.95,1.3,1.57,0.01,0.01
QQQ,2026-03-12,5.71,602.76,604.14,597.05,597.26,607.0,O:QQQ260312C00607000,9.95,0.91,1.2,0.01,0.01
QQQ,2026-03-12,5.71,602.76,604.14,597.05,597.26,608.0,O:QQQ260312C00608000,10.95,0.74,0.88,0.01,0.01
QQQ,2026-03-12,5.71,602.76,604.14,597.05,597.26,609.0,O:QQQ260312C00609000,11.95,0.5,0.65,0.01,0.01
QQQ,2026-03-13,7.16,599.73,603.5999,592.57,593.72,593.0,O:QQQ260313C00593000,0.43,7.85,10.86,0.14,0.15
QQQ,2026-03-13,7.16,599.73,603.5999,592.57,593.72,594.0,O:QQQ260313C00594000,1.43,6.64,9.77,0.01,0.01
QQQ,2026-03-13,7.16,599.73,603.5999,592.57,593.72,595.0,O:QQQ260313C00595000,2.43,5.68,8.6,0.01,0.01
QQQ,2026-03-13,7.16,599.73,603.5999,592.57,593.72,596.0,O:QQQ260313C00596000,3.43,5.02,7.8,0.01,0.01
QQQ,2026-03-13,7.16,599.73,603.5999,592.57,593.72,597.0,O:QQQ260313C00597000,4.43,4.28,7.0,0.01,0.01
QQQ,2026-03-13,7.16,599.73,603.5999,592.57,593.72,598.0,O:QQQ260313C00598000,5.43,3.55,6.13,0.01,0.01
QQQ,2026-03-13,7.16,599.73,603.5999,592.57,593.72,599.0,O:QQQ260313C00599000,6.43,3.04,5.3,0.01,0.01
QQQ,2026-03-13,7.16,599.73,603.5999,592.57,593.72,600.0,O:QQQ260313C00600000,7.43,2.3,4.51,0.01,0.01
QQQ,2026-03-13,7.16,599.73,603.5999,592.57,593.72,601.0,O:QQQ260313C00601000,8.43,1.85,3.76,0.01,0.01
QQQ,2026-03-13,7.16,599.73,603.5999,592.57,593.72,602.0,O:QQQ260313C00602000,9.43,1.43,3.03,0.01,0.01
QQQ,2026-03-13,7.16,599.73,603.5999,592.57,593.72,603.0,O:QQQ260313C00603000,10.43,1.05,2.4,0.01,0.01
QQQ,2026-03-13,7.16,599.73,603.5999,592.57,593.72,604.0,O:QQQ260313C00604000,11.43,0.81,1.84,0.01,0.01
QQQ,2026-03-18,6.93,601.49,603.16,594.56,594.9,595.0,O:QQQ260318C00595000,0.44,7.78,8.46,0.09,0.11
QQQ,2026-03-18,6.93,601.49,603.16,594.56,594.9,596.0,O:QQQ260318C00596000,1.44,6.91,7.55,0.01,0.04
QQQ,2026-03-18,6.93,601.49,603.16,594.56,594.9,597.0,O:QQQ260318C00597000,2.44,5.57,6.72,0.01,0.01
QQQ,2026-03-18,6.93,601.49,603.16,594.56,594.9,598.0,O:QQQ260318C00598000,3.44,4.91,5.74,0.01,0.01
QQQ,2026-03-18,6.93,601.49,603.16,594.56,594.9,599.0,O:QQQ260318C00599000,4.44,4.5,5.0,0.01,0.01
QQQ,2026-03-18,6.93,601.49,603.16,594.56,594.9,600.0,O:QQQ260318C00600000,5.44,3.36,4.2,0.01,0.01
QQQ,2026-03-18,6.93,601.49,603.16,594.56,594.9,601.0,O:QQQ260318C00601000,6.44,2.81,3.51,0.01,0.01
QQQ,2026-03-18,6.93,601.49,603.16,594.56,594.9,602.0,O:QQQ260318C00602000,7.44,2.33,2.9,0.01,0.01
QQQ,2026-03-18,6.93,601.49,603.16,594.56,594.9,603.0,O:QQQ260318C00603000,8.44,1.83,2.28,0.01,0.01
QQQ,2026-03-18,6.93,601.49,603.16,594.56,594.9,604.0,O:QQQ260318C00604000,9.44,1.35,1.76,0.01,0.01
QQQ,2026-03-18,6.93,601.49,603.16,594.56,594.9,605.0,O:QQQ260318C00605000,10.44,1.0,1.31,0.01,0.01
QQQ,2026-03-18,6.93,601.49,603.16,594.56,594.9,606.0,O:QQQ260318C00606000,11.44,0.76,0.96,0.01,0.01
QQQ,2026-03-20,12.52,591.06,591.17,578.54,582.06,579.0,O:QQQ260320C00579000,0.46,10.47,10.9,0.71,3.99
QQQ,2026-03-20,12.52,591.06,591.17,578.54,582.06,580.0,O:QQQ260320C00580000,1.46,11.99,11.99,0.36,2.73
QQQ,2026-03-20,12.52,591.06,591.17,578.54,582.06,581.0,O:QQQ260320C00581000,2.46,9.13,9.24,0.11,1.79
QQQ,2026-03-20,12.52,591.06,591.17,578.54,582.06,582.0,O:QQQ260320C00582000,3.46,7.47,8.66,0.03,0.84
QQQ,2026-03-20,12.52,591.06,591.17,578.54,582.06,583.0,O:QQQ260320C00583000,4.46,7.86,7.9,0.01,0.15
QQQ,2026-03-20,12.52,591.06,591.17,578.54,582.06,584.0,O:QQQ260320C00584000,5.46,6.37,7.05,0.01,0.01
QQQ,2026-03-20,12.52,591.06,591.17,578.54,582.06,585.0,O:QQQ260320C00585000,6.46,6.64,6.64,0.01,0.01
QQQ,2026-03-20,12.52,591.06,591.17,578.54,582.06,586.0,O:QQQ260320C00586000,7.46,5.5,5.5,0.01,0.01
QQQ,2026-03-20,12.52,591.06,591.17,578.54,582.06,587.0,O:QQQ260320C00587000,8.46,5.12,5.12,0.01,0.01
QQQ,2026-03-20,12.52,591.06,591.17,578.54,582.06,588.0,O:QQQ260320C00588000,9.46,3.98,3.98,0.01,0.01
QQQ,2026-03-20,12.52,591.06,591.17,578.54,582.06,589.0,O:QQQ260320C00589000,10.46,3.58,3.62,0.01,0.01
QQQ,2026-03-20,12.52,591.06,591.17,578.54,582.06,590.0,O:QQQ260320C00590000,11.46,3.06,3.06,0.01,0.01
QQQ,2026-03-23,4.56,590.52,595.08,585.96,588.0,586.0,O:QQQ260323C00586000,0.04,5.72,9.08,1.45,2.43
QQQ,2026-03-23,4.56,590.52,595.08,585.96,588.0,587.0,O:QQQ260323C00587000,1.04,3.7,8.2,0.45,1.3
QQQ,2026-03-23,4.56,590.52,595.08,585.96,588.0,588.0,O:QQQ260323C00588000,2.04,4.05,7.25,0.1,0.55
QQQ,2026-03-23,4.56,590.52,595.08,585.96,588.0,589.0,O:QQQ260323C00589000,3.04,3.61,6.4,0.01,0.09
QQQ,2026-03-23,4.56,590.52,595.08,585.96,588.0,590.0,O:QQQ260323C00590000,4.04,3.13,5.54,0.01,0.01
QQQ,2026-03-23,4.56,590.52,595.08,585.96,588.0,591.0,O:QQQ260323C00591000,5.04,2.32,4.67,0.01,0.01
QQQ,2026-03-23,4.56,590.52,595.08,585.96,588.0,592.0,O:QQQ260323C00592000,6.04,1.16,3.87,0.01,0.01
QQQ,2026-03-23,4.56,590.52,595.08,585.96,588.0,593.0,O:QQQ260323C00593000,7.04,1.68,3.1,0.01,0.01
QQQ,2026-03-23,4.56,590.52,595.08,585.96,588.0,594.0,O:QQQ260323C00594000,8.04,1.29,2.38,0.01,0.01
QQQ,2026-03-23,4.56,590.52,595.08,585.96,588.0,595.0,O:QQQ260323C00595000,9.04,0.67,1.72,0.01,0.01
QQQ,2026-03-23,4.56,590.52,595.08,585.96,588.0,596.0,O:QQQ260323C00596000,10.04,0.67,1.19,0.01,0.01
QQQ,2026-03-23,4.56,590.52,595.08,585.96,588.0,597.0,O:QQQ260323C00597000,11.04,0.53,0.79,0.01,0.01
QQQ,2026-03-25,3.45,589.14,591.37,585.69,587.82,586.0,O:QQQ260325C00586000,0.31,4.37,5.9,0.97,1.75
QQQ,2026-03-25,3.45,589.14,591.37,585.69,587.82,587.0,O:QQQ260325C00587000,1.31,3.95,5.11,0.39,0.78
QQQ,2026-03-25,3.45,589.14,591.37,585.69,587.82,588.0,O:QQQ260325C00588000,2.31,2.98,4.3,0.13,0.17
QQQ,2026-03-25,3.45,589.14,591.37,585.69,587.82,589.0,O:QQQ260325C00589000,3.31,2.42,3.53,0.03,0.03
QQQ,2026-03-25,3.45,589.14,591.37,585.69,587.82,590.0,O:QQQ260325C00590000,4.31,1.91,2.88,0.01,0.03
QQQ,2026-03-25,3.45,589.14,591.37,585.69,587.82,591.0,O:QQQ260325C00591000,5.31,1.41,2.24,0.01,0.01
QQQ,2026-03-25,3.45,589.14,591.37,585.69,587.82,592.0,O:QQQ260325C00592000,6.31,1.08,1.68,0.01,0.01
QQQ,2026-03-25,3.45,589.14,591.37,585.69,587.82,593.0,O:QQQ260325C00593000,7.31,0.75,1.2,0.01,0.01
QQQ,2026-03-25,3.45,589.14,591.37,585.69,587.82,594.0,O:QQQ260325C00594000,8.31,0.53,0.83,0.01,0.01
QQQ,2026-03-25,3.45,589.14,591.37,585.69,587.82,595.0,O:QQQ260325C00595000,9.31,0.36,0.55,0.01,0.01
QQQ,2026-03-25,3.45,589.14,591.37,585.69,587.82,596.0,O:QQQ260325C00596000,10.31,0.27,0.35,0.01,0.01
QQQ,2026-03-25,3.45,589.14,591.37,585.69,587.82,597.0,O:QQQ260325C00597000,11.31,0.16,0.22,0.01,0.01
QQQ,2026-03-26,9.17,582.6,584.63,573.43,573.79,574.0,O:QQQ260326C00574000,0.57,7.96,10.88,0.12,2.25
QQQ,2026-03-26,9.17,582.6,584.63,573.43,573.79,575.0,O:QQQ260326C00575000,1.57,6.9,9.5,0.04,1.29
QQQ,2026-03-26,9.17,582.6,584.63,573.43,573.79,576.0,O:QQQ260326C00576000,2.57,5.79,8.33,0.02,0.65
QQQ,2026-03-26,9.17,582.6,584.63,573.43,573.79,577.0,O:QQQ260326C00577000,3.57,5.48,7.62,0.01,0.26
QQQ,2026-03-26,9.17,582.6,584.63,573.43,573.79,578.0,O:QQQ260326C00578000,4.57,5.28,6.77,0.01,0.12
QQQ,2026-03-26,9.17,582.6,584.63,573.43,573.79,579.0,O:QQQ260326C00579000,5.57,4.03,5.93,0.01,0.05
QQQ,2026-03-26,9.17,582.6,584.63,573.43,573.79,580.0,O:QQQ260326C00580000,6.57,3.39,5.11,0.01,0.03
QQQ,2026-03-26,9.17,582.6,584.63,573.43,573.79,581.0,O:QQQ260326C00581000,7.57,3.19,4.31,0.01,0.01
QQQ,2026-03-26,9.17,582.6,584.63,573.43,573.79,582.0,O:QQQ260326C00582000,8.57,3.0,3.59,0.01,0.01
QQQ,2026-03-26,9.17,582.6,584.63,573.43,573.79,583.0,O:QQQ260326C00583000,9.57,2.14,2.92,0.01,0.01
QQQ,2026-03-26,9.17,582.6,584.63,573.43,573.79,584.0,O:QQQ260326C00584000,10.57,1.55,2.33,0.01,0.01
QQQ,2026-03-26,9.17,582.6,584.63,573.43,573.79,585.0,O:QQQ260326C00585000,11.57,1.2,1.8,0.01,0.01
QQQ,2026-03-27,9.24,570.81,571.02,561.57,562.58,562.0,O:QQQ260327C00562000,0.43,9.05,9.09,0.4,0.41
QQQ,2026-03-27,9.24,570.81,571.02,561.57,562.58,563.0,O:QQQ260327C00563000,1.43,7.75,7.86,0.15,0.16
QQQ,2026-03-27,9.24,570.81,571.02,561.57,562.58,564.0,O:QQQ260327C00564000,2.43,7.24,7.4,0.07,0.07
QQQ,2026-03-27,9.24,570.81,571.02,561.57,562.58,565.0,O:QQQ260327C00565000,3.43,6.1,6.62,0.04,0.05
QQQ,2026-03-27,9.24,570.81,571.02,561.57,562.58,566.0,O:QQQ260327C00566000,4.43,5.35,5.85,0.02,0.03
QQQ,2026-03-27,9.24,570.81,571.02,561.57,562.58,567.0,O:QQQ260327C00567000,5.43,4.68,4.92,0.01,0.03
QQQ,2026-03-27,9.24,570.81,571.02,561.57,562.58,568.0,O:QQQ260327C00568000,6.43,3.96,4.3,0.01,0.01
QQQ,2026-03-27,9.24,570.81,571.02,561.57,562.58,569.0,O:QQQ260327C00569000,7.43,3.5,3.62,0.01,0.01
QQQ,2026-03-27,9.24,570.81,571.02,561.57,562.58,570.0,O:QQQ260327C00570000,8.43,2.74,3.1,0.01,0.01
QQQ,2026-03-27,9.24,570.81,571.02,561.57,562.58,571.0,O:QQQ260327C00571000,9.43,2.28,2.93,0.01,0.01
QQQ,2026-03-27,9.24,570.81,571.02,561.57,562.58,572.0,O:QQQ260327C00572000,10.43,1.82,2.06,0.01,0.01
QQQ,2026-03-27,9.24,570.81,571.02,561.57,562.58,573.0,O:QQQ260327C00573000,11.43,1.43,1.74,0.01,0.01
QQQ,2026-03-30,11.78,567.38,568.05,555.6,558.28,556.0,O:QQQ260330C00556000,0.4,11.0,11.84,0.39,1.53
QQQ,2026-03-30,11.78,567.38,568.05,555.6,558.28,557.0,O:QQQ260330C00557000,1.4,10.03,11.14,0.13,0.43
QQQ,2026-03-30,11.78,567.38,568.05,555.6,558.28,558.0,O:QQQ260330C00558000,2.4,9.0,10.12,0.05,0.09
QQQ,2026-03-30,11.78,567.38,568.05,555.6,558.28,559.0,O:QQQ260330C00559000,3.4,8.54,9.02,0.03,0.03
QQQ,2026-03-30,11.78,567.38,568.05,555.6,558.28,560.0,O:QQQ260330C00560000,4.4,7.78,8.31,0.01,0.01
QQQ,2026-03-30,11.78,567.38,568.05,555.6,558.28,561.0,O:QQQ260330C00561000,5.4,6.82,7.45,0.01,0.01
QQQ,2026-03-30,11.78,567.38,568.05,555.6,558.28,562.0,O:QQQ260330C00562000,6.4,6.05,6.6,0.01,0.01
QQQ,2026-03-30,11.78,567.38,568.05,555.6,558.28,563.0,O:QQQ260330C00563000,7.4,5.25,5.62,0.01,0.01
QQQ,2026-03-30,11.78,567.38,568.05,555.6,558.28,564.0,O:QQQ260330C00564000,8.4,3.0,4.88,0.01,0.01
QQQ,2026-03-30,11.78,567.38,568.05,555.6,558.28,565.0,O:QQQ260330C00565000,9.4,3.73,4.18,0.01,0.01
QQQ,2026-03-30,11.78,567.38,568.05,555.6,558.28,566.0,O:QQQ260330C00566000,10.4,3.09,3.4,0.01,0.01
QQQ,2026-03-30,11.78,567.38,568.05,555.6,558.28,567.0,O:QQQ260330C00567000,11.4,2.56,2.78,0.01,0.01
QQQ,2026-04-07,7.24,585.64,588.98,578.4001,588.59,579.0,O:QQQ260407C00579000,0.6,7.82,10.29,1.75,10.0
QQQ,2026-04-07,7.24,585.64,588.98,578.4001,588.59,580.0,O:QQQ260407C00580000,1.6,6.72,9.45,1.35,8.84
QQQ,2026-04-07,7.24,585.64,588.98,578.4001,588.59,581.0,O:QQQ260407C00581000,2.6,5.73,8.5,1.02,8.0
QQQ,2026-04-07,7.24,585.64,588.98,578.4001,588.59,582.0,O:QQQ260407C00582000,3.6,5.97,7.3,0.74,7.3
QQQ,2026-04-07,7.24,585.64,588.98,578.4001,588.59,583.0,O:QQQ260407C00583000,4.6,5.16,6.42,0.5,6.07
QQQ,2026-04-07,7.24,585.64,588.98,578.4001,588.59,584.0,O:QQQ260407C00584000,5.6,3.77,5.43,0.24,5.17
QQQ,2026-04-07,7.24,585.64,588.98,578.4001,588.59,585.0,O:QQQ260407C00585000,6.6,3.07,4.52,0.11,4.52
QQQ,2026-04-07,7.24,585.64,588.98,578.4001,588.59,586.0,O:QQQ260407C00586000,7.6,2.6,3.5,0.06,3.16
QQQ,2026-04-07,7.24,585.64,588.98,578.4001,588.59,587.0,O:QQQ260407C00587000,8.6,2.37,4.42,0.04,2.37
QQQ,2026-04-07,7.24,585.64,588.98,578.4001,588.59,588.0,O:QQQ260407C00588000,9.6,1.65,2.38,0.03,1.65
QQQ,2026-04-07,7.24,585.64,588.98,578.4001,588.59,589.0,O:QQQ260407C00589000,10.6,1.3,1.76,0.02,1.03
QQQ,2026-04-07,7.24,585.64,588.98,578.4001,588.59,590.0,O:QQQ260407C00590000,11.6,0.97,1.36,0.02,0.61
QQQ,2026-04-08,6.59,608.71,609.9,602.12,606.09,603.0,O:QQQ260408C00603000,0.88,6.7,7.42,0.62,2.21
QQQ,2026-04-08,6.59,608.71,609.9,602.12,606.09,604.0,O:QQQ260408C00604000,1.88,5.71,6.48,0.24,1.35
QQQ,2026-04-08,6.59,608.71,609.9,602.12,606.09,605.0,O:QQQ260408C00605000,2.88,5.36,5.76,0.08,0.5
QQQ,2026-04-08,6.59,608.71,609.9,602.12,606.09,606.0,O:QQQ260408C00606000,3.88,4.53,4.84,0.04,0.09
QQQ,2026-04-08,6.59,608.71,609.9,602.12,606.09,607.0,O:QQQ260408C00607000,4.88,3.76,4.05,0.01,0.01
QQQ,2026-04-08,6.59,608.71,609.9,602.12,606.09,608.0,O:QQQ260408C00608000,5.88,3.06,4.18,0.01,0.01
QQQ,2026-04-08,6.59,608.71,609.9,602.12,606.09,609.0,O:QQQ260408C00609000,6.88,2.58,2.87,0.01,0.01
QQQ,2026-04-08,6.59,608.71,609.9,602.12,606.09,610.0,O:QQQ260408C00610000,7.88,1.57,2.14,0.01,0.01
QQQ,2026-04-08,6.59,608.71,609.9,602.12,606.09,611.0,O:QQQ260408C00611000,8.88,1.2,1.58,0.01,0.03
QQQ,2026-04-08,6.59,608.71,609.9,602.12,606.09,612.0,O:QQQ260408C00612000,9.88,1.07,1.6,0.01,0.01
QQQ,2026-04-08,6.59,608.71,609.9,602.12,606.09,613.0,O:QQQ260408C00613000,10.88,0.67,0.83,0.01,0.01
QQQ,2026-04-08,6.59,608.71,609.9,602.12,606.09,614.0,O:QQQ260408C00614000,11.88,0.5,0.58,0.01,0.01
QQQ,2026-04-16,3.96,639.21,642.18,635.255,640.47,636.0,O:QQQ260416C00636000,0.75,4.18,6.22,1.68,3.7
QQQ,2026-04-16,3.96,639.21,642.18,635.255,640.47,637.0,O:QQQ260416C00637000,1.75,2.55,5.37,1.14,2.78
QQQ,2026-04-16,3.96,639.21,642.18,635.255,640.47,638.0,O:QQQ260416C00638000,2.75,2.43,4.4,0.66,1.73
QQQ,2026-04-16,3.96,639.21,642.18,635.255,640.47,639.0,O:QQQ260416C00639000,3.75,2.19,3.46,0.33,0.75
QQQ,2026-04-16,3.96,639.21,642.18,635.255,640.47,640.0,O:QQQ260416C00640000,4.75,1.48,2.61,0.11,0.18
QQQ,2026-04-16,3.96,639.21,642.18,635.255,640.47,641.0,O:QQQ260416C00641000,5.75,0.99,1.85,0.01,0.01
QQQ,2026-04-16,3.96,639.21,642.18,635.255,640.47,642.0,O:QQQ260416C00642000,6.75,0.8,1.2,0.01,0.01
QQQ,2026-04-16,3.96,639.21,642.18,635.255,640.47,643.0,O:QQQ260416C00643000,7.75,0.61,0.78,0.01,0.01
QQQ,2026-04-16,3.96,639.21,642.18,635.255,640.47,645.0,O:QQQ260416C00645000,9.75,0.22,0.31,0.01,0.01
QQQ,2026-04-20,5.52,648.04,648.76,642.52,646.79,643.0,O:QQQ260420C00643000,0.48,5.79,5.95,1.43,2.89
QQQ,2026-04-20,5.52,648.04,648.76,642.52,646.79,644.0,O:QQQ260420C00644000,1.48,4.88,5.07,0.99,2.82
QQQ,2026-04-20,5.52,648.04,648.76,642.52,646.79,645.0,O:QQQ260420C00645000,2.48,4.16,4.35,0.65,1.72
QQQ,2026-04-20,5.52,648.04,648.76,642.52,646.79,646.0,O:QQQ260420C00646000,3.48,3.43,3.65,0.28,0.75
QQQ,2026-04-20,5.52,648.04,648.76,642.52,646.79,647.0,O:QQQ260420C00647000,4.48,2.6,3.07,0.05,0.06
QQQ,2026-04-20,5.52,648.04,648.76,642.52,646.79,648.0,O:QQQ260420C00648000,5.48,1.97,2.4,0.01,0.01
QQQ,2026-04-20,5.52,648.04,648.76,642.52,646.79,649.0,O:QQQ260420C00649000,6.48,1.94,1.94,0.01,0.01
QQQ,2026-04-20,5.52,648.04,648.76,642.52,646.79,650.0,O:QQQ260420C00650000,7.48,1.04,1.5,0.01,0.01
QQQ,2026-04-20,5.52,648.04,648.76,642.52,646.79,651.0,O:QQQ260420C00651000,8.48,0.77,1.07,0.01,0.01
QQQ,2026-04-20,5.52,648.04,648.76,642.52,646.79,652.0,O:QQQ260420C00652000,9.48,0.54,0.67,0.01,0.01
QQQ,2026-04-20,5.52,648.04,648.76,642.52,646.79,653.0,O:QQQ260420C00653000,10.48,0.34,0.56,0.01,0.01
QQQ,2026-04-20,5.52,648.04,648.76,642.52,646.79,654.0,O:QQQ260420C00654000,11.48,0.27,0.43,0.01,0.01
QQQ,2026-04-21,6.2,648.41,650.2,642.21,644.33,643.0,O:QQQ260421C00643000,0.79,6.11,7.14,0.66,3.96
QQQ,2026-04-21,6.2,648.41,650.2,642.21,644.33,644.0,O:QQQ260421C00644000,1.79,5.0,6.3,0.22,2.95
QQQ,2026-04-21,6.2,648.41,650.2,642.21,644.33,645.0,O:QQQ260421C00645000,2.79,5.1,5.4,0.05,1.82
QQQ,2026-04-21,6.2,648.41,650.2,642.21,644.33,646.0,O:QQQ260421C00646000,3.79,3.34,4.54,0.02,1.1
QQQ,2026-04-21,6.2,648.41,650.2,642.21,644.33,647.0,O:QQQ260421C00647000,4.79,2.71,3.7,0.01,0.45
QQQ,2026-04-21,6.2,648.41,650.2,642.21,644.33,648.0,O:QQQ260421C00648000,5.79,2.08,2.91,0.01,0.01
QQQ,2026-04-21,6.2,648.41,650.2,642.21,644.33,649.0,O:QQQ260421C00649000,6.79,1.58,2.18,0.01,0.07
QQQ,2026-04-21,6.2,648.41,650.2,642.21,644.33,650.0,O:QQQ260421C00650000,7.79,1.17,1.56,0.01,0.01
QQQ,2026-04-21,6.2,648.41,650.2,642.21,644.33,651.0,O:QQQ260421C00651000,8.79,0.8,1.06,0.01,0.01
QQQ,2026-04-21,6.2,648.41,650.2,642.21,644.33,652.0,O:QQQ260421C00652000,9.79,0.5,0.7,0.01,0.01
QQQ,2026-04-21,6.2,648.41,650.2,642.21,644.33,653.0,O:QQQ260421C00653000,10.79,0.35,0.45,0.01,0.02
QQQ,2026-04-21,6.2,648.41,650.2,642.21,644.33,654.0,O:QQQ260421C00654000,11.79,0.22,0.3,0.01,0.01
QQQ,2026-04-23,8.03,653.55,656.92,645.52,651.42,646.0,O:QQQ260423C00646000,0.48,8.71,10.72,2.22,6.5
QQQ,2026-04-23,8.03,653.55,656.92,645.52,651.42,647.0,O:QQQ260423C00647000,1.48,6.52,9.67,1.71,5.5
QQQ,2026-04-23,8.03,653.55,656.92,645.52,651.42,648.0,O:QQQ260423C00648000,2.48,6.05,8.6,1.3,3.92
QQQ,2026-04-23,8.03,653.55,656.92,645.52,651.42,649.0,O:QQQ260423C00649000,3.48,5.28,7.59,0.95,2.87
QQQ,2026-04-23,8.03,653.55,656.92,645.52,651.42,650.0,O:QQQ260423C00650000,4.48,4.55,6.87,0.6,2.05
QQQ,2026-04-23,8.03,653.55,656.92,645.52,651.42,651.0,O:QQQ260423C00651000,5.48,3.28,5.79,0.2,1.08
QQQ,2026-04-23,8.03,653.55,656.92,645.52,651.42,652.0,O:QQQ260423C00652000,6.48,3.32,5.07,0.06,0.4
QQQ,2026-04-23,8.03,653.55,656.92,645.52,651.42,653.0,O:QQQ260423C00653000,7.48,2.92,4.11,0.02,0.06
QQQ,2026-04-23,8.03,653.55,656.92,645.52,651.42,654.0,O:QQQ260423C00654000,8.48,2.5,3.24,0.01,0.01
QQQ,2026-04-23,8.03,653.55,656.92,645.52,651.42,655.0,O:QQQ260423C00655000,9.48,1.57,2.4,0.01,0.01
QQQ,2026-04-23,8.03,653.55,656.92,645.52,651.42,656.0,O:QQQ260423C00656000,10.48,0.14,2.43,0.01,0.01
QQQ,2026-04-23,8.03,653.55,656.92,645.52,651.42,657.0,O:QQQ260423C00657000,11.48,0.66,1.06,0.01,0.01
QQQ,2026-04-28,3.6,657.41,659.64,653.81,657.55,654.0,O:QQQ260428C00654000,0.19,3.76,6.04,1.34,4.01
QQQ,2026-04-28,3.6,657.41,659.64,653.81,657.55,655.0,O:QQQ260428C00655000,1.19,3.15,5.24,0.84,2.9
QQQ,2026-04-28,3.6,657.41,659.64,653.81,657.55,656.0,O:QQQ260428C00656000,2.19,3.07,4.41,0.51,1.88
QQQ,2026-04-28,3.6,657.41,659.64,653.81,657.55,657.0,O:QQQ260428C00657000,3.19,2.2,3.65,0.28,0.98
QQQ,2026-04-28,3.6,657.41,659.64,653.81,657.55,658.0,O:QQQ260428C00658000,4.19,2.03,2.94,0.06,0.22
QQQ,2026-04-28,3.6,657.41,659.64,653.81,657.55,659.0,O:QQQ260428C00659000,5.19,1.32,2.3,0.01,0.02
QQQ,2026-04-28,3.6,657.41,659.64,653.81,657.55,660.0,O:QQQ260428C00660000,6.19,1.1,1.73,0.01,0.01
QQQ,2026-04-28,3.6,657.41,659.64,653.81,657.55,661.0,O:QQQ260428C00661000,7.19,0.69,1.27,0.01,0.01
QQQ,2026-04-28,3.6,657.41,659.64,653.81,657.55,662.0,O:QQQ260428C00662000,8.19,1.18,1.18,0.01,0.01
QQQ,2026-04-28,3.6,657.41,659.64,653.81,657.55,663.0,O:QQQ260428C00663000,9.19,0.36,0.6,0.01,0.01
QQQ,2026-04-28,3.6,657.41,659.64,653.81,657.55,664.0,O:QQQ260428C00664000,10.19,0.19,0.41,0.01,0.01
QQQ,2026-04-28,3.6,657.41,659.64,653.81,657.55,665.0,O:QQQ260428C00665000,11.19,0.18,0.25,0.01,0.01
QQQ,2026-04-30,7.79,665.35,668.9,657.56,667.74,658.0,O:QQQ260430C00658000,0.44,8.01,10.46,2.27,9.83
QQQ,2026-04-30,7.79,665.35,668.9,657.56,667.74,659.0,O:QQQ260430C00659000,1.44,6.91,9.51,1.8,8.8
QQQ,2026-04-30,7.79,665.35,668.9,657.56,667.74,660.0,O:QQQ260430C00660000,2.44,6.32,8.54,1.39,7.75
QQQ,2026-04-30,7.79,665.35,668.9,657.56,667.74,661.0,O:QQQ260430C00661000,3.44,5.55,7.52,1.07,6.74
QQQ,2026-04-30,7.79,665.35,668.9,657.56,667.74,662.0,O:QQQ260430C00662000,4.44,4.86,6.56,0.8,5.52
QQQ,2026-04-30,7.79,665.35,668.9,657.56,667.74,663.0,O:QQQ260430C00663000,5.44,4.13,5.58,0.6,4.83
QQQ,2026-04-30,7.79,665.35,668.9,657.56,667.74,664.0,O:QQQ260430C00664000,6.44,3.36,4.75,0.44,3.51
QQQ,2026-04-30,7.79,665.35,668.9,657.56,667.74,665.0,O:QQQ260430C00665000,7.44,3.0,3.65,0.33,2.9
QQQ,2026-04-30,7.79,665.35,668.9,657.56,667.74,666.0,O:QQQ260430C00666000,8.44,2.38,2.66,0.23,1.9
QQQ,2026-04-30,7.79,665.35,668.9,657.56,667.74,667.0,O:QQQ260430C00667000,9.44,1.94,1.94,0.15,1.12
QQQ,2026-04-30,7.79,665.35,668.9,657.56,667.74,668.0,O:QQQ260430C00668000,10.44,1.45,1.51,0.11,0.56
QQQ,2026-04-30,7.79,665.35,668.9,657.56,667.74,669.0,O:QQQ260430C00669000,11.44,1.12,1.15,0.08,0.22
QQQ,2026-05-04,5.76,674.66,676.73,668.9,672.88,669.0,O:QQQ260504C00669000,0.1,6.14,7.79,2.0,3.1
QQQ,2026-05-04,5.76,674.66,676.73,668.9,672.88,670.0,O:QQQ260504C00670000,1.1,5.44,6.85,1.47,2.21
QQQ,2026-05-04,5.76,674.66,676.73,668.9,672.88,671.0,O:QQQ260504C00671000,2.1,4.57,5.89,0.96,1.28
QQQ,2026-05-04,5.76,674.66,676.73,668.9,672.88,672.0,O:QQQ260504C00672000,3.1,3.79,4.95,0.25,0.43
QQQ,2026-05-04,5.76,674.66,676.73,668.9,672.88,673.0,O:QQQ260504C00673000,4.1,3.06,4.04,0.02,0.05
QQQ,2026-05-04,5.76,674.66,676.73,668.9,672.88,674.0,O:QQQ260504C00674000,5.1,2.44,3.15,0.01,0.01
QQQ,2026-05-04,5.76,674.66,676.73,668.9,672.88,675.0,O:QQQ260504C00675000,6.1,1.92,2.35,0.01,0.01
QQQ,2026-05-04,5.76,674.66,676.73,668.9,672.88,676.0,O:QQQ260504C00676000,7.1,1.46,1.62,0.01,0.01
QQQ,2026-05-04,5.76,674.66,676.73,668.9,672.88,677.0,O:QQQ260504C00677000,8.1,1.01,1.2,0.01,0.01
QQQ,2026-05-04,5.76,674.66,676.73,668.9,672.88,678.0,O:QQQ260504C00678000,9.1,0.71,0.9,0.01,0.01
QQQ,2026-05-04,5.76,674.66,676.73,668.9,672.88,679.0,O:QQQ260504C00679000,10.1,0.48,0.54,0.01,0.01
QQQ,2026-05-04,5.76,674.66,676.73,668.9,672.88,680.0,O:QQQ260504C00680000,11.1,0.32,0.45,0.01,0.01
QQQ,2026-05-07,4.81,696.58,701.24,691.77,694.94,692.0,O:QQQ260507C00692000,0.23,4.97,9.29,1.14,3.58
QQQ,2026-05-07,4.81,696.58,701.24,691.77,694.94,693.0,O:QQQ260507C00693000,1.23,4.53,8.02,0.55,2.6
QQQ,2026-05-07,4.81,696.58,701.24,691.77,694.94,694.0,O:QQQ260507C00694000,2.23,3.81,7.31,0.22,1.43
QQQ,2026-05-07,4.81,696.58,701.24,691.77,694.94,695.0,O:QQQ260507C00695000,3.23,2.94,6.44,0.07,0.66
QQQ,2026-05-07,4.81,696.58,701.24,691.77,694.94,696.0,O:QQQ260507C00696000,4.23,2.27,5.46,0.01,0.15
QQQ,2026-05-07,4.81,696.58,701.24,691.77,694.94,697.0,O:QQQ260507C00697000,5.23,1.84,4.58,0.01,0.01
QQQ,2026-05-07,4.81,696.58,701.24,691.77,694.94,698.0,O:QQQ260507C00698000,6.23,1.39,3.7,0.01,0.02
QQQ,2026-05-07,4.81,696.58,701.24,691.77,694.94,699.0,O:QQQ260507C00699000,7.23,1.02,2.88,0.01,0.01
QQQ,2026-05-07,4.81,696.58,701.24,691.77,694.94,700.0,O:QQQ260507C00700000,8.23,0.68,2.15,0.01,0.01
QQQ,2026-05-07,4.81,696.58,701.24,691.77,694.94,701.0,O:QQQ260507C00701000,9.23,0.52,1.52,0.01,0.01
QQQ,2026-05-07,4.81,696.58,701.24,691.77,694.94,702.0,O:QQQ260507C00702000,10.23,0.34,1.02,0.01,0.01
QQQ,2026-05-07,4.81,696.58,701.24,691.77,694.94,703.0,O:QQQ260507C00703000,11.23,0.23,0.67,0.01,0.01
QQQ,2026-05-12,11.58,708.22,710.18,696.64,707.24,697.0,O:QQQ260512C00697000,0.36,10.4,11.75,1.33,8.69
QQQ,2026-05-12,11.58,708.22,710.18,696.64,707.24,698.0,O:QQQ260512C00698000,1.36,9.75,11.2,0.92,7.54
QQQ,2026-05-12,11.58,708.22,710.18,696.64,707.24,699.0,O:QQQ260512C00699000,2.36,8.56,11.09,0.62,6.9
QQQ,2026-05-12,11.58,708.22,710.18,696.64,707.24,700.0,O:QQQ260512C00700000,3.36,7.54,10.12,0.4,5.92
QQQ,2026-05-12,11.58,708.22,710.18,696.64,707.24,701.0,O:QQQ260512C00701000,4.36,6.54,9.07,0.26,4.88
QQQ,2026-05-12,11.58,708.22,710.18,696.64,707.24,702.0,O:QQQ260512C00702000,5.36,5.61,8.52,0.17,3.57
QQQ,2026-05-12,11.58,708.22,710.18,696.64,707.24,703.0,O:QQQ260512C00703000,6.36,4.8,7.28,0.11,2.86
QQQ,2026-05-12,11.58,708.22,710.18,696.64,707.24,704.0,O:QQQ260512C00704000,7.36,4.74,6.83,0.07,1.79
QQQ,2026-05-12,11.58,708.22,710.18,696.64,707.24,705.0,O:QQQ260512C00705000,8.36,4.9,5.75,0.05,1.0
QQQ,2026-05-12,11.58,708.22,710.18,696.64,707.24,706.0,O:QQQ260512C00706000,9.36,3.11,5.06,0.04,0.27
QQQ,2026-05-12,11.58,708.22,710.18,696.64,707.24,707.0,O:QQQ260512C00707000,10.36,3.01,4.3,0.01,0.03
QQQ,2026-05-12,11.58,708.22,710.18,696.64,707.24,708.0,O:QQQ260512C00708000,11.36,2.41,3.57,0.01,0.01
QQQ,2026-05-13,5.13,709.96,716.65,704.83,714.71,705.0,O:QQQ260513C00705000,0.17,5.77,11.52,2.65,10.25
QQQ,2026-05-13,5.13,709.96,716.65,704.83,714.71,706.0,O:QQQ260513C00706000,1.17,4.13,10.63,2.18,9.32
QQQ,2026-05-13,5.13,709.96,716.65,704.83,714.71,707.0,O:QQQ260513C00707000,2.17,4.0,9.59,1.74,8.2
QQQ,2026-05-13,5.13,709.96,716.65,704.83,714.71,708.0,O:QQQ260513C00708000,3.17,3.37,8.6,1.38,7.25
QQQ,2026-05-13,5.13,709.96,716.65,704.83,714.71,709.0,O:QQQ260513C00709000,4.17,2.74,7.63,1.05,6.3
QQQ,2026-05-13,5.13,709.96,716.65,704.83,714.71,710.0,O:QQQ260513C00710000,5.17,0.93,6.67,0.8,5.24
QQQ,2026-05-13,5.13,709.96,716.65,704.83,714.71,711.0,O:QQQ260513C00711000,6.17,1.73,5.68,0.61,4.24
QQQ,2026-05-13,5.13,709.96,716.65,704.83,714.71,712.0,O:QQQ260513C00712000,7.17,1.64,4.75,0.45,3.3
QQQ,2026-05-13,5.13,709.96,716.65,704.83,714.71,713.0,O:QQQ260513C00713000,8.17,0.9,3.76,0.33,2.45
QQQ,2026-05-13,5.13,709.96,716.65,704.83,714.71,714.0,O:QQQ260513C00714000,9.17,0.73,2.87,0.25,1.45
QQQ,2026-05-13,5.13,709.96,716.65,704.83,714.71,715.0,O:QQQ260513C00715000,10.17,0.56,2.1,0.1,0.57
QQQ,2026-05-13,5.13,709.96,716.65,704.83,714.71,716.0,O:QQQ260513C00716000,11.17,0.37,1.43,0.03,0.11
SPY,2026-01-13,4.14,695.49,696.09,691.35,693.77,692.0,O:SPY260113C00692000,0.65,3.67,4.25,0.17,1.74
SPY,2026-01-13,4.14,695.49,696.09,691.35,693.77,693.0,O:SPY260113C00693000,1.65,2.83,3.35,0.02,0.7
SPY,2026-01-13,4.14,695.49,696.09,691.35,693.77,694.0,O:SPY260113C00694000,2.65,2.09,2.51,0.01,0.01
SPY,2026-01-13,4.14,695.49,696.09,691.35,693.77,695.0,O:SPY260113C00695000,3.65,1.42,1.75,0.01,0.01
SPY,2026-01-13,4.14,695.49,696.09,691.35,693.77,696.0,O:SPY260113C00696000,4.65,0.9,1.11,0.01,0.01
SPY,2026-01-13,4.14,695.49,696.09,691.35,693.77,697.0,O:SPY260113C00697000,5.65,0.5,0.63,0.01,0.01
SPY,2026-01-13,4.14,695.49,696.09,691.35,693.77,698.0,O:SPY260113C00698000,6.65,0.25,0.33,0.01,0.01
SPY,2026-01-13,4.14,695.49,696.09,691.35,693.77,699.0,O:SPY260113C00699000,7.65,0.11,0.22,0.01,0.01
SPY,2026-01-13,4.14,695.49,696.09,691.35,693.77,700.0,O:SPY260113C00700000,8.65,0.05,0.07,0.01,0.01
SPY,2026-01-13,4.14,695.49,696.09,691.35,693.77,701.0,O:SPY260113C00701000,9.65,0.02,0.05,0.01,0.01
SPY,2026-01-13,4.14,695.49,696.09,691.35,693.77,702.0,O:SPY260113C00702000,10.65,0.01,0.04,0.01,0.01
SPY,2026-01-13,4.14,695.49,696.09,691.35,693.77,703.0,O:SPY260113C00703000,11.65,0.01,0.02,0.01,0.01
SPY,2026-01-14,4.96,691.0,691.72,686.04,690.36,687.0,O:SPY260114C00687000,0.96,4.36,5.19,0.5,2.91
SPY,2026-01-14,4.96,691.0,691.72,686.04,690.36,688.0,O:SPY260114C00688000,1.96,3.88,4.34,0.23,2.05
SPY,2026-01-14,4.96,691.0,691.72,686.04,690.36,689.0,O:SPY260114C00689000,2.96,2.81,3.56,0.1,1.04
SPY,2026-01-14,4.96,691.0,691.72,686.04,690.36,690.0,O:SPY260114C00690000,3.96,2.2,2.87,0.03,0.21
SPY,2026-01-14,4.96,691.0,691.72,686.04,690.36,691.0,O:SPY260114C00691000,4.96,1.72,2.21,0.01,0.01
SPY,2026-01-14,4.96,691.0,691.72,686.04,690.36,692.0,O:SPY260114C00692000,5.96,1.16,1.64,0.01,0.01
SPY,2026-01-14,4.96,691.0,691.72,686.04,690.36,693.0,O:SPY260114C00693000,6.96,0.82,1.16,0.01,0.01
SPY,2026-01-14,4.96,691.0,691.72,686.04,690.36,694.0,O:SPY260114C00694000,7.96,0.47,0.78,0.01,0.01
SPY,2026-01-14,4.96,691.0,691.72,686.04,690.36,695.0,O:SPY260114C00695000,8.96,0.29,0.48,0.01,0.01
SPY,2026-01-14,4.96,691.0,691.72,686.04,690.36,696.0,O:SPY260114C00696000,9.96,0.17,0.28,0.01,0.01
SPY,2026-01-14,4.96,691.0,691.72,686.04,690.36,697.0,O:SPY260114C00697000,10.96,0.1,0.15,0.01,0.01
SPY,2026-01-14,4.96,691.0,691.72,686.04,690.36,698.0,O:SPY260114C00698000,11.96,0.06,0.09,0.01,0.01
SPY,2026-01-15,3.32,694.57,695.45,691.25,692.24,692.0,O:SPY260115C00692000,0.75,3.1,3.54,0.07,0.08
SPY,2026-01-15,3.32,694.57,695.45,691.25,692.24,693.0,O:SPY260115C00693000,1.75,2.24,2.6,0.01,0.01
SPY,2026-01-15,3.32,694.57,695.45,691.25,692.24,694.0,O:SPY260115C00694000,2.75,1.61,1.7,0.01,0.01
SPY,2026-01-15,3.32,694.57,695.45,691.25,692.24,695.0,O:SPY260115C00695000,3.75,0.99,1.06,0.01,0.01
SPY,2026-01-15,3.32,694.57,695.45,691.25,692.24,696.0,O:SPY260115C00696000,4.75,0.61,0.61,0.01,0.01
SPY,2026-01-15,3.32,694.57,695.45,691.25,692.24,697.0,O:SPY260115C00697000,5.75,0.33,0.33,0.01,0.01
SPY,2026-01-15,3.32,694.57,695.45,691.25,692.24,698.0,O:SPY260115C00698000,6.75,0.15,0.16,0.01,0.01
SPY,2026-01-15,3.32,694.57,695.45,691.25,692.24,699.0,O:SPY260115C00699000,7.75,0.09,0.09,0.01,0.01
SPY,2026-01-15,3.32,694.57,695.45,691.25,692.24,700.0,O:SPY260115C00700000,8.75,0.04,0.05,0.01,0.01
SPY,2026-01-15,3.32,694.57,695.45,691.25,692.24,701.0,O:SPY260115C00701000,9.75,0.02,0.02,0.01,0.01
SPY,2026-01-15,3.32,694.57,695.45,691.25,692.24,702.0,O:SPY260115C00702000,10.75,0.02,0.02,0.01,0.01
SPY,2026-01-15,3.32,694.57,695.45,691.25,692.24,703.0,O:SPY260115C00703000,11.75,0.01,0.02,0.01,0.01
SPY,2026-01-16,3.56,693.66,694.25,690.1,691.66,691.0,O:SPY260116C00691000,0.9,3.17,3.59,0.46,0.67
SPY,2026-01-16,3.56,693.66,694.25,690.1,691.66,692.0,O:SPY260116C00692000,1.9,2.4,2.77,0.01,0.01
SPY,2026-01-16,3.56,693.66,694.25,690.1,691.66,693.0,O:SPY260116C00693000,2.9,1.67,2.02,0.01,0.01
SPY,2026-01-16,3.56,693.66,694.25,690.1,691.66,694.0,O:SPY260116C00694000,3.9,1.1,1.35,0.01,0.01
SPY,2026-01-16,3.56,693.66,694.25,690.1,691.66,695.0,O:SPY260116C00695000,4.9,0.7,0.82,0.01,0.01
SPY,2026-01-16,3.56,693.66,694.25,690.1,691.66,696.0,O:SPY260116C00696000,5.9,0.38,0.44,0.01,0.01
SPY,2026-01-16,3.56,693.66,694.25,690.1,691.66,697.0,O:SPY260116C00697000,6.9,0.17,0.21,0.01,0.01
SPY,2026-01-16,3.56,693.66,694.25,690.1,691.66,698.0,O:SPY260116C00698000,7.9,0.09,0.09,0.01,0.01
SPY,2026-01-16,3.56,693.66,694.25,690.1,691.66,699.0,O:SPY260116C00699000,8.9,0.05,0.05,0.01,0.01
SPY,2026-01-16,3.56,693.66,694.25,690.1,691.66,700.0,O:SPY260116C00700000,9.9,0.04,0.05,0.01,0.01
SPY,2026-01-16,3.56,693.66,694.25,690.1,691.66,701.0,O:SPY260116C00701000,10.9,0.02,0.03,0.01,0.01
SPY,2026-01-16,3.56,693.66,694.25,690.1,691.66,702.0,O:SPY260116C00702000,11.9,0.01,0.02,0.01,0.01
SPY,2026-01-20,4.92,681.49,684.77,676.57,677.58,677.0,O:SPY260120C00677000,0.43,6.13,7.68,0.16,1.23
SPY,2026-01-20,4.92,681.49,684.77,676.57,677.58,678.0,O:SPY260120C00678000,1.43,4.76,6.75,0.02,0.3
SPY,2026-01-20,4.92,681.49,684.77,676.57,677.58,679.0,O:SPY260120C00679000,2.43,4.54,5.88,0.01,0.01
SPY,2026-01-20,4.92,681.49,684.77,676.57,677.58,680.0,O:SPY260120C00680000,3.43,3.19,4.99,0.01,0.01
SPY,2026-01-20,4.92,681.49,684.77,676.57,677.58,681.0,O:SPY260120C00681000,4.43,2.79,4.14,0.01,0.01
SPY,2026-01-20,4.92,681.49,684.77,676.57,677.58,682.0,O:SPY260120C00682000,5.43,2.27,3.31,0.01,0.01
SPY,2026-01-20,4.92,681.49,684.77,676.57,677.58,683.0,O:SPY260120C00683000,6.43,1.7,2.55,0.01,0.01
SPY,2026-01-20,4.92,681.49,684.77,676.57,677.58,684.0,O:SPY260120C00684000,7.43,1.37,1.88,0.01,0.01
SPY,2026-01-20,4.92,681.49,684.77,676.57,677.58,685.0,O:SPY260120C00685000,8.43,0.97,1.35,0.01,0.01
SPY,2026-01-20,4.92,681.49,684.77,676.57,677.58,686.0,O:SPY260120C00686000,9.43,0.7,0.98,0.01,0.01
SPY,2026-01-20,4.92,681.49,684.77,676.57,677.58,687.0,O:SPY260120C00687000,10.43,0.51,0.69,0.01,0.01
SPY,2026-01-20,4.92,681.49,684.77,676.57,677.58,688.0,O:SPY260120C00688000,11.43,0.33,0.47,0.01,0.01
SPY,2026-01-28,3.11,697.05,697.84,693.94,695.42,694.0,O:SPY260128C00694000,0.06,3.85,4.42,0.22,1.21
SPY,2026-01-28,3.11,697.05,697.84,693.94,695.42,695.0,O:SPY260128C00695000,1.06,3.08,3.63,0.02,0.87
SPY,2026-01-28,3.11,697.05,697.84,693.94,695.42,696.0,O:SPY260128C00696000,2.06,2.4,2.87,0.01,0.2
SPY,2026-01-28,3.11,697.05,697.84,693.94,695.42,697.0,O:SPY260128C00697000,3.06,1.76,2.2,0.01,0.02
SPY,2026-01-28,3.11,697.05,697.84,693.94,695.42,698.0,O:SPY260128C00698000,4.06,1.28,1.6,0.01,0.01
SPY,2026-01-28,3.11,697.05,697.84,693.94,695.42,699.0,O:SPY260128C00699000,5.06,0.86,1.11,0.01,0.01
SPY,2026-01-28,3.11,697.05,697.84,693.94,695.42,700.0,O:SPY260128C00700000,6.06,0.55,0.73,0.01,0.01
SPY,2026-01-28,3.11,697.05,697.84,693.94,695.42,701.0,O:SPY260128C00701000,7.06,0.34,0.45,0.01,0.01
SPY,2026-01-28,3.11,697.05,697.84,693.94,695.42,702.0,O:SPY260128C00702000,8.06,0.21,0.26,0.01,0.01
SPY,2026-01-28,3.11,697.05,697.84,693.94,695.42,703.0,O:SPY260128C00703000,9.06,0.11,0.15,0.01,0.01
SPY,2026-01-28,3.11,697.05,697.84,693.94,695.42,704.0,O:SPY260128C00704000,10.06,0.06,0.08,0.01,0.01
SPY,2026-01-28,3.11,697.05,697.84,693.94,695.42,705.0,O:SPY260128C00705000,11.06,0.01,0.05,0.01,0.01
SPY,2026-01-29,11.56,696.39,697.06,684.83,694.04,685.0,O:SPY260129C00685000,0.17,11.8,11.8,2.1,8.82
SPY,2026-01-29,11.56,696.39,697.06,684.83,694.04,686.0,O:SPY260129C00686000,1.17,10.9,10.9,1.63,7.72
SPY,2026-01-29,11.56,696.39,697.06,684.83,694.04,687.0,O:SPY260129C00687000,2.17,9.82,9.82,1.26,6.88
SPY,2026-01-29,11.56,696.39,697.06,684.83,694.04,688.0,O:SPY260129C00688000,3.17,8.91,8.91,0.95,5.93
SPY,2026-01-29,11.56,696.39,697.06,684.83,694.04,689.0,O:SPY260129C00689000,4.17,7.56,8.04,0.7,4.93
SPY,2026-01-29,11.56,696.39,697.06,684.83,694.04,690.0,O:SPY260129C00690000,5.17,6.59,7.12,0.51,3.8
SPY,2026-01-29,11.56,696.39,697.06,684.83,694.04,691.0,O:SPY260129C00691000,6.17,5.66,6.33,0.38,2.51
SPY,2026-01-29,11.56,696.39,697.06,684.83,694.04,692.0,O:SPY260129C00692000,7.17,4.82,5.4,0.28,1.88
SPY,2026-01-29,11.56,696.39,697.06,684.83,694.04,693.0,O:SPY260129C00693000,8.17,4.18,4.54,0.18,1.16
SPY,2026-01-29,11.56,696.39,697.06,684.83,694.04,694.0,O:SPY260129C00694000,9.17,3.26,3.78,0.07,0.56
SPY,2026-01-29,11.56,696.39,697.06,684.83,694.04,695.0,O:SPY260129C00695000,10.17,2.61,3.01,0.02,0.22
SPY,2026-01-29,11.56,696.39,697.06,684.83,694.04,696.0,O:SPY260129C00696000,11.17,1.97,2.32,0.01,0.06
SPY,2026-01-30,4.67,691.79,694.21,687.12,691.97,688.0,O:SPY260130C00688000,0.88,4.79,6.38,1.12,3.31
SPY,2026-01-30,4.67,691.79,694.21,687.12,691.97,689.0,O:SPY260130C00689000,1.88,4.03,5.46,0.73,2.35
SPY,2026-01-30,4.67,691.79,694.21,687.12,691.97,690.0,O:SPY260130C00690000,2.88,3.24,4.6,0.45,1.33
SPY,2026-01-30,4.67,691.79,694.21,687.12,691.97,691.0,O:SPY260130C00691000,3.88,2.59,3.78,0.18,0.54
SPY,2026-01-30,4.67,691.79,694.21,687.12,691.97,692.0,O:SPY260130C00692000,4.88,2.07,3.06,0.01,0.05
SPY,2026-01-30,4.67,691.79,694.21,687.12,691.97,693.0,O:SPY260130C00693000,5.88,1.5,2.41,0.01,0.01
SPY,2026-01-30,4.67,691.79,694.21,687.12,691.97,694.0,O:SPY260130C00694000,6.88,1.05,1.82,0.01,0.01
SPY,2026-01-30,4.67,691.79,694.21,687.12,691.97,695.0,O:SPY260130C00695000,7.88,0.88,1.33,0.01,0.01
SPY,2026-01-30,4.67,691.79,694.21,687.12,691.97,696.0,O:SPY260130C00696000,8.88,0.52,0.92,0.01,0.01
SPY,2026-01-30,4.67,691.79,694.21,687.12,691.97,697.0,O:SPY260130C00697000,9.88,0.35,0.61,0.01,0.01
SPY,2026-01-30,4.67,691.79,694.21,687.12,691.97,698.0,O:SPY260130C00698000,10.88,0.27,0.38,0.01,0.01
SPY,2026-01-30,4.67,691.79,694.21,687.12,691.97,699.0,O:SPY260130C00699000,11.88,0.12,0.22,0.01,0.01
SPY,2026-02-03,12.18,696.21,696.96,684.03,689.53,685.0,O:SPY260203C00685000,0.97,11.06,11.31,0.87,4.5
SPY,2026-02-03,12.18,696.21,696.96,684.03,689.53,686.0,O:SPY260203C00686000,1.97,10.75,10.75,0.53,3.5
SPY,2026-02-03,12.18,696.21,696.96,684.03,689.53,687.0,O:SPY260203C00687000,2.97,9.06,9.06,0.31,2.39
SPY,2026-02-03,12.18,696.21,696.96,684.03,689.53,688.0,O:SPY260203C00688000,3.97,8.55,8.74,0.18,3.08
SPY,2026-02-03,12.18,696.21,696.96,684.03,689.53,689.0,O:SPY260203C00689000,4.97,7.5,7.87,0.1,0.7
SPY,2026-02-03,12.18,696.21,696.96,684.03,689.53,690.0,O:SPY260203C00690000,5.97,6.35,6.94,0.05,0.12
SPY,2026-02-03,12.18,696.21,696.96,684.03,689.53,691.0,O:SPY260203C00691000,6.97,5.58,6.09,0.01,0.03
SPY,2026-02-03,12.18,696.21,696.96,684.03,689.53,692.0,O:SPY260203C00692000,7.97,4.54,5.11,0.01,0.01
SPY,2026-02-03,12.18,696.21,696.96,684.03,689.53,693.0,O:SPY260203C00693000,8.97,3.66,4.19,0.01,0.01
SPY,2026-02-03,12.18,696.21,696.96,684.03,689.53,694.0,O:SPY260203C00694000,9.97,2.81,3.34,0.01,0.01
SPY,2026-02-03,12.18,696.21,696.96,684.03,689.53,695.0,O:SPY260203C00695000,10.97,2.0,2.56,0.01,0.01
SPY,2026-02-03,12.18,696.21,696.96,684.03,689.53,696.0,O:SPY260203C00696000,11.97,1.39,1.8,0.01,0.01
SPY,2026-02-04,8.59,690.35,691.45,681.76,686.19,682.0,O:SPY260204C00682000,0.24,8.27,9.7,2.0,5.26
SPY,2026-02-04,8.59,690.35,691.45,681.76,686.19,683.0,O:SPY260204C00683000,1.24,7.74,8.75,1.54,4.77
SPY,2026-02-04,8.59,690.35,691.45,681.76,686.19,684.0,O:SPY260204C00684000,2.24,6.95,7.85,1.15,3.87
SPY,2026-02-04,8.59,690.35,691.45,681.76,686.19,685.0,O:SPY260204C00685000,3.24,5.64,6.94,0.66,2.56
SPY,2026-02-04,8.59,690.35,691.45,681.76,686.19,686.0,O:SPY260204C00686000,4.24,5.24,6.1,0.33,1.95
SPY,2026-02-04,8.59,690.35,691.45,681.76,686.19,687.0,O:SPY260204C00687000,5.24,4.46,5.32,0.12,1.04
SPY,2026-02-04,8.59,690.35,691.45,681.76,686.19,688.0,O:SPY260204C00688000,6.24,3.72,4.52,0.05,0.45
SPY,2026-02-04,8.59,690.35,691.45,681.76,686.19,689.0,O:SPY260204C00689000,7.24,2.98,3.75,0.02,0.13
SPY,2026-02-04,8.59,690.35,691.45,681.76,686.19,690.0,O:SPY260204C00690000,8.24,2.35,3.07,0.01,0.04
SPY,2026-02-04,8.59,690.35,691.45,681.76,686.19,691.0,O:SPY260204C00691000,9.24,1.9,2.43,0.01,0.01
SPY,2026-02-04,8.59,690.35,691.45,681.76,686.19,692.0,O:SPY260204C00692000,10.24,1.4,1.86,0.01,0.01
SPY,2026-02-04,8.59,690.35,691.45,681.76,686.19,693.0,O:SPY260204C00693000,11.24,1.01,1.38,0.01,0.01
SPY,2026-02-05,5.15,680.94,683.69,675.79,677.62,676.0,O:SPY260205C00676000,0.21,5.95,8.15,0.44,1.36
SPY,2026-02-05,5.15,680.94,683.69,675.79,677.62,677.0,O:SPY260205C00677000,1.21,5.08,7.42,0.16,0.6
SPY,2026-02-05,5.15,680.94,683.69,675.79,677.62,678.0,O:SPY260205C00678000,2.21,4.89,6.69,0.06,0.23
SPY,2026-02-05,5.15,680.94,683.69,675.79,677.62,679.0,O:SPY260205C00679000,3.21,4.47,5.95,0.02,0.08
SPY,2026-02-05,5.15,680.94,683.69,675.79,677.62,680.0,O:SPY260205C00680000,4.21,3.84,5.25,0.02,0.02
SPY,2026-02-05,5.15,680.94,683.69,675.79,677.62,681.0,O:SPY260205C00681000,5.21,3.4,4.52,0.01,0.01
SPY,2026-02-05,5.15,680.94,683.69,675.79,677.62,682.0,O:SPY260205C00682000,6.21,2.85,3.9,0.01,0.01
SPY,2026-02-05,5.15,680.94,683.69,675.79,677.62,683.0,O:SPY260205C00683000,7.21,2.36,3.31,0.01,0.01
SPY,2026-02-05,5.15,680.94,683.69,675.79,677.62,684.0,O:SPY260205C00684000,8.21,2.02,2.75,0.01,0.01
SPY,2026-02-05,5.15,680.94,683.69,675.79,677.62,685.0,O:SPY260205C00685000,9.21,1.54,2.26,0.01,0.01
SPY,2026-02-05,5.15,680.94,683.69,675.79,677.62,686.0,O:SPY260205C00686000,10.21,1.29,1.81,0.01,0.01
SPY,2026-02-05,5.15,680.94,683.69,675.79,677.62,687.0,O:SPY260205C00687000,11.21,1.01,1.42,0.01,0.01
SPY,2026-02-10,3.29,694.95,696.54,691.66,692.12,692.0,O:SPY260210C00692000,0.34,3.56,4.74,0.14,0.6
SPY,2026-02-10,3.29,694.95,696.54,691.66,692.12,693.0,O:SPY260210C00693000,1.34,2.68,3.8,0.01,0.01
SPY,2026-02-10,3.29,694.95,696.54,691.66,692.12,694.0,O:SPY260210C00694000,2.34,1.99,2.94,0.01,0.01
SPY,2026-02-10,3.29,694.95,696.54,691.66,692.12,695.0,O:SPY260210C00695000,3.34,1.38,2.16,0.01,0.01
SPY,2026-02-10,3.29,694.95,696.54,691.66,692.12,696.0,O:SPY260210C00696000,4.34,0.91,1.47,0.01,0.01
SPY,2026-02-10,3.29,694.95,696.54,691.66,692.12,697.0,O:SPY260210C00697000,5.34,0.51,0.91,0.01,0.01
SPY,2026-02-10,3.29,694.95,696.54,691.66,692.12,698.0,O:SPY260210C00698000,6.34,0.27,0.49,0.01,0.01
SPY,2026-02-10,3.29,694.95,696.54,691.66,692.12,699.0,O:SPY260210C00699000,7.34,0.14,0.23,0.01,0.01
SPY,2026-02-10,3.29,694.95,696.54,691.66,692.12,700.0,O:SPY260210C00700000,8.34,0.07,0.1,0.01,0.01
SPY,2026-02-10,3.29,694.95,696.54,691.66,692.12,701.0,O:SPY260210C00701000,9.34,0.04,0.05,0.01,0.01
SPY,2026-02-10,3.29,694.95,696.54,691.66,692.12,702.0,O:SPY260210C00702000,10.34,0.05,0.06,0.01,0.01
SPY,2026-02-10,3.29,694.95,696.54,691.66,692.12,703.0,O:SPY260210C00703000,11.34,0.02,0.03,0.01,0.01
SPY,2026-02-11,7.21,696.39,697.14,689.18,691.96,690.0,O:SPY260211C00690000,0.82,6.65,7.3,1.65,2.53
SPY,2026-02-11,7.21,696.39,697.14,689.18,691.96,691.0,O:SPY260211C00691000,1.82,5.71,6.4,0.91,1.34
SPY,2026-02-11,7.21,696.39,697.14,689.18,691.96,692.0,O:SPY260211C00692000,2.82,4.81,5.49,0.16,0.42
SPY,2026-02-11,7.21,696.39,697.14,689.18,691.96,693.0,O:SPY260211C00693000,3.82,3.93,4.55,0.01,0.01
SPY,2026-02-11,7.21,696.39,697.14,689.18,691.96,694.0,O:SPY260211C00694000,4.82,3.14,3.67,0.01,0.02
SPY,2026-02-11,7.21,696.39,697.14,689.18,691.96,695.0,O:SPY260211C00695000,5.82,2.4,2.88,0.01,0.01
SPY,2026-02-11,7.21,696.39,697.14,689.18,691.96,696.0,O:SPY260211C00696000,6.82,1.68,2.14,0.01,0.01
SPY,2026-02-11,7.21,696.39,697.14,689.18,691.96,697.0,O:SPY260211C00697000,7.82,1.11,1.5,0.01,0.01
SPY,2026-02-11,7.21,696.39,697.14,689.18,691.96,698.0,O:SPY260211C00698000,8.82,0.67,0.96,0.01,0.01
SPY,2026-02-11,7.21,696.39,697.14,689.18,691.96,699.0,O:SPY260211C00699000,9.82,0.37,0.56,0.01,0.01
SPY,2026-02-11,7.21,696.39,697.14,689.18,691.96,700.0,O:SPY260211C00700000,10.82,0.19,0.29,0.01,0.01
SPY,2026-02-11,7.21,696.39,697.14,689.18,691.96,701.0,O:SPY260211C00701000,11.82,0.08,0.14,0.01,0.01
SPY,2026-02-12,13.87,694.24,695.35,680.37,681.27,681.0,O:SPY260212C00681000,0.63,13.32,13.61,0.32,0.82
SPY,2026-02-12,13.87,694.24,695.35,680.37,681.27,682.0,O:SPY260212C00682000,1.63,12.96,13.05,0.06,0.19
SPY,2026-02-12,13.87,694.24,695.35,680.37,681.27,683.0,O:SPY260212C00683000,2.63,11.35,12.11,0.01,0.02
SPY,2026-02-12,13.87,694.24,695.35,680.37,681.27,684.0,O:SPY260212C00684000,3.63,10.75,11.26,0.01,0.01
SPY,2026-02-12,13.87,694.24,695.35,680.37,681.27,685.0,O:SPY260212C00685000,4.63,9.63,10.42,0.01,0.01
SPY,2026-02-12,13.87,694.24,695.35,680.37,681.27,686.0,O:SPY260212C00686000,5.63,8.58,9.44,0.01,0.01
SPY,2026-02-12,13.87,694.24,695.35,680.37,681.27,687.0,O:SPY260212C00687000,6.63,7.94,8.24,0.01,0.01
SPY,2026-02-12,13.87,694.24,695.35,680.37,681.27,688.0,O:SPY260212C00688000,7.63,6.55,7.13,0.01,0.01
SPY,2026-02-12,13.87,694.24,695.35,680.37,681.27,689.0,O:SPY260212C00689000,8.63,5.47,6.5,0.01,0.01
SPY,2026-02-12,13.87,694.24,695.35,680.37,681.27,690.0,O:SPY260212C00690000,9.63,4.6,5.6,0.01,0.01
SPY,2026-02-12,13.87,694.24,695.35,680.37,681.27,691.0,O:SPY260212C00691000,10.63,3.83,4.71,0.01,0.01
SPY,2026-02-12,13.87,694.24,695.35,680.37,681.27,692.0,O:SPY260212C00692000,11.63,3.03,3.83,0.01,0.01
SPY,2026-02-13,4.17,681.69,686.28,677.52,681.75,678.0,O:SPY260213C00678000,0.48,5.19,8.25,2.13,3.83
SPY,2026-02-13,4.17,681.69,686.28,677.52,681.75,679.0,O:SPY260213C00679000,1.48,4.42,7.35,1.26,2.66
SPY,2026-02-13,4.17,681.69,686.28,677.52,681.75,680.0,O:SPY260213C00680000,2.48,3.82,6.37,0.64,1.66
SPY,2026-02-13,4.17,681.69,686.28,677.52,681.75,681.0,O:SPY260213C00681000,3.48,3.19,5.42,0.2,0.75
SPY,2026-02-13,4.17,681.69,686.28,677.52,681.75,682.0,O:SPY260213C00682000,4.48,2.63,4.5,0.02,0.09
SPY,2026-02-13,4.17,681.69,686.28,677.52,681.75,683.0,O:SPY260213C00683000,5.48,2.14,3.62,0.01,0.02
SPY,2026-02-13,4.17,681.69,686.28,677.52,681.75,684.0,O:SPY260213C00684000,6.48,1.67,2.78,0.01,0.01
SPY,2026-02-13,4.17,681.69,686.28,677.52,681.75,685.0,O:SPY260213C00685000,7.48,1.34,2.06,0.01,0.01
SPY,2026-02-13,4.17,681.69,686.28,677.52,681.75,686.0,O:SPY260213C00686000,8.48,1.03,1.59,0.01,0.01
SPY,2026-02-13,4.17,681.69,686.28,677.52,681.75,687.0,O:SPY260213C00687000,9.48,0.76,1.2,0.01,0.01
SPY,2026-02-13,4.17,681.69,686.28,677.52,681.75,688.0,O:SPY260213C00688000,10.48,0.58,0.89,0.01,0.01
SPY,2026-02-13,4.17,681.69,686.28,677.52,681.75,689.0,O:SPY260213C00689000,11.48,0.4,0.63,0.01,0.01
SPY,2026-02-17,4.36,680.14,684.94,675.78,682.85,676.0,O:SPY260217C00676000,0.22,5.28,8.86,2.09,6.3
SPY,2026-02-17,4.36,680.14,684.94,675.78,682.85,677.0,O:SPY260217C00677000,1.22,4.84,7.83,1.61,5.43
SPY,2026-02-17,4.36,680.14,684.94,675.78,682.85,678.0,O:SPY260217C00678000,2.22,3.85,6.85,1.22,4.45
SPY,2026-02-17,4.36,680.14,684.94,675.78,682.85,679.0,O:SPY260217C00679000,3.22,3.16,5.95,0.89,3.62
SPY,2026-02-17,4.36,680.14,684.94,675.78,682.85,680.0,O:SPY260217C00680000,4.22,2.72,4.96,0.63,2.68
SPY,2026-02-17,4.36,680.14,684.94,675.78,682.85,681.0,O:SPY260217C00681000,5.22,2.13,3.99,0.43,1.65
SPY,2026-02-17,4.36,680.14,684.94,675.78,682.85,682.0,O:SPY260217C00682000,6.22,1.57,3.05,0.22,0.76
SPY,2026-02-17,4.36,680.14,684.94,675.78,682.85,683.0,O:SPY260217C00683000,7.22,1.27,2.15,0.02,0.04
SPY,2026-02-17,4.36,680.14,684.94,675.78,682.85,684.0,O:SPY260217C00684000,8.22,0.94,1.57,0.01,0.01
SPY,2026-02-17,4.36,680.14,684.94,675.78,682.85,685.0,O:SPY260217C00685000,9.22,0.6,1.15,0.01,0.01
SPY,2026-02-17,4.36,680.14,684.94,675.78,682.85,686.0,O:SPY260217C00686000,10.22,0.41,0.81,0.01,0.01
SPY,2026-02-17,4.36,680.14,684.94,675.78,682.85,687.0,O:SPY260217C00687000,11.22,0.14,0.56,0.01,0.01
SPY,2026-02-23,7.46,687.83,690.0,680.371,682.39,681.0,O:SPY260223C00681000,0.63,7.58,9.16,0.31,1.55
SPY,2026-02-23,7.46,687.83,690.0,680.371,682.39,682.0,O:SPY260223C00682000,1.63,6.3,7.85,0.04,0.74
SPY,2026-02-23,7.46,687.83,690.0,680.371,682.39,683.0,O:SPY260223C00683000,2.63,5.84,7.3,0.01,0.04
SPY,2026-02-23,7.46,687.83,690.0,680.371,682.39,684.0,O:SPY260223C00684000,3.63,4.8,6.36,0.01,0.01
SPY,2026-02-23,7.46,687.83,690.0,680.371,682.39,685.0,O:SPY260223C00685000,4.63,3.8,5.49,0.01,0.01
SPY,2026-02-23,7.46,687.83,690.0,680.371,682.39,686.0,O:SPY260223C00686000,5.63,3.1,4.57,0.01,0.01
SPY,2026-02-23,7.46,687.83,690.0,680.371,682.39,687.0,O:SPY260223C00687000,6.63,2.42,3.81,0.01,0.01
SPY,2026-02-23,7.46,687.83,690.0,680.371,682.39,688.0,O:SPY260223C00688000,7.63,1.84,3.04,0.01,0.01
SPY,2026-02-23,7.46,687.83,690.0,680.371,682.39,689.0,O:SPY260223C00689000,8.63,1.33,2.33,0.01,0.01
SPY,2026-02-23,7.46,687.83,690.0,680.371,682.39,690.0,O:SPY260223C00690000,9.63,0.88,1.7,0.01,0.01
SPY,2026-02-23,7.46,687.83,690.0,680.371,682.39,691.0,O:SPY260223C00691000,10.63,0.56,1.17,0.01,0.01
SPY,2026-02-23,7.46,687.83,690.0,680.371,682.39,692.0,O:SPY260223C00692000,11.63,0.33,0.74,0.01,0.01
SPY,2026-02-26,8.93,693.28,693.3,684.35,689.3,685.0,O:SPY260226C00685000,0.65,8.06,8.21,1.08,3.94
SPY,2026-02-26,8.93,693.28,693.3,684.35,689.3,686.0,O:SPY260226C00686000,1.65,7.0,7.15,0.62,3.06
SPY,2026-02-26,8.93,693.28,693.3,684.35,689.3,687.0,O:SPY260226C00687000,2.65,6.6,6.6,0.32,3.37
SPY,2026-02-26,8.93,693.28,693.3,684.35,689.3,688.0,O:SPY260226C00688000,3.65,5.73,5.73,0.15,1.05
SPY,2026-02-26,8.93,693.28,693.3,684.35,689.3,689.0,O:SPY260226C00689000,4.65,4.89,4.89,0.08,0.17
SPY,2026-02-26,8.93,693.28,693.3,684.35,689.3,690.0,O:SPY260226C00690000,5.65,4.09,4.09,0.01,0.01
SPY,2026-02-26,8.93,693.28,693.3,684.35,689.3,691.0,O:SPY260226C00691000,6.65,3.32,3.33,0.01,0.01
SPY,2026-02-26,8.93,693.28,693.3,684.35,689.3,692.0,O:SPY260226C00692000,7.65,2.63,2.63,0.01,0.01
SPY,2026-02-26,8.93,693.28,693.3,684.35,689.3,693.0,O:SPY260226C00693000,8.65,1.99,2.02,0.01,0.01
SPY,2026-02-26,8.93,693.28,693.3,684.35,689.3,694.0,O:SPY260226C00694000,9.65,1.48,1.48,0.01,0.01
SPY,2026-02-26,8.93,693.28,693.3,684.35,689.3,695.0,O:SPY260226C00695000,10.65,0.98,0.98,0.01,0.01
SPY,2026-02-26,8.93,693.28,693.3,684.35,689.3,696.0,O:SPY260226C00696000,11.65,0.59,0.61,0.01,0.01
SPY,2026-03-03,5.4,675.06,682.61,669.66,680.33,670.0,O:SPY260303C00670000,0.34,6.5,12.5,2.31,10.12
SPY,2026-03-03,5.4,675.06,682.61,669.66,680.33,671.0,O:SPY260303C00671000,1.34,5.71,11.41,1.86,9.12
SPY,2026-03-03,5.4,675.06,682.61,669.66,680.33,672.0,O:SPY260303C00672000,2.34,5.06,10.49,1.47,7.67
SPY,2026-03-03,5.4,675.06,682.61,669.66,680.33,673.0,O:SPY260303C00673000,3.34,4.31,9.0,1.15,6.66
SPY,2026-03-03,5.4,675.06,682.61,669.66,680.33,674.0,O:SPY260303C00674000,4.34,3.68,8.48,0.9,5.52
SPY,2026-03-03,5.4,675.06,682.61,669.66,680.33,675.0,O:SPY260303C00675000,5.34,3.07,7.65,0.69,4.69
SPY,2026-03-03,5.4,675.06,682.61,669.66,680.33,676.0,O:SPY260303C00676000,6.34,2.57,6.66,0.52,3.63
SPY,2026-03-03,5.4,675.06,682.61,669.66,680.33,677.0,O:SPY260303C00677000,7.34,2.1,5.65,0.4,2.7
SPY,2026-03-03,5.4,675.06,682.61,669.66,680.33,678.0,O:SPY260303C00678000,8.34,1.72,4.71,0.3,1.1
SPY,2026-03-03,5.4,675.06,682.61,669.66,680.33,679.0,O:SPY260303C00679000,9.34,1.33,3.77,0.23,0.87
SPY,2026-03-03,5.4,675.06,682.61,669.66,680.33,680.0,O:SPY260303C00680000,10.34,1.0,2.9,0.06,0.12
SPY,2026-03-03,5.4,675.06,682.61,669.66,680.33,681.0,O:SPY260303C00681000,11.34,0.72,2.12,0.01,0.01
SPY,2026-03-05,6.47,682.08,685.53,675.61,681.31,676.0,O:SPY260305C00676000,0.39,6.94,9.63,1.0,4.67
SPY,2026-03-05,6.47,682.08,685.53,675.61,681.31,677.0,O:SPY260305C00677000,1.39,6.16,8.7,0.6,3.75
SPY,2026-03-05,6.47,682.08,685.53,675.61,681.31,678.0,O:SPY260305C00678000,2.39,5.39,7.74,0.34,2.72
SPY,2026-03-05,6.47,682.08,685.53,675.61,681.31,679.0,O:SPY260305C00679000,3.39,4.76,6.72,0.17,1.67
SPY,2026-03-05,6.47,682.08,685.53,675.61,681.31,680.0,O:SPY260305C00680000,4.39,3.8,5.92,0.09,0.76
SPY,2026-03-05,6.47,682.08,685.53,675.61,681.31,681.0,O:SPY260305C00681000,5.39,3.19,5.05,0.05,0.13
SPY,2026-03-05,6.47,682.08,685.53,675.61,681.31,682.0,O:SPY260305C00682000,6.39,2.6,4.23,0.01,0.02
SPY,2026-03-05,6.47,682.08,685.53,675.61,681.31,683.0,O:SPY260305C00683000,7.39,2.05,3.42,0.01,0.02
SPY,2026-03-05,6.47,682.08,685.53,675.61,681.31,684.0,O:SPY260305C00684000,8.39,1.6,2.7,0.01,0.01
SPY,2026-03-05,6.47,682.08,685.53,675.61,681.31,685.0,O:SPY260305C00685000,9.39,1.2,2.05,0.01,0.01
SPY,2026-03-05,6.47,682.08,685.53,675.61,681.31,686.0,O:SPY260305C00686000,10.39,0.85,1.5,0.01,0.01
SPY,2026-03-05,6.47,682.08,685.53,675.61,681.31,687.0,O:SPY260305C00687000,11.39,0.61,1.03,0.01,0.01
SPY,2026-03-06,3.65,673.41,676.11,669.76,672.38,670.0,O:SPY260306C00670000,0.24,5.67,6.46,1.36,2.15
SPY,2026-03-06,3.65,673.41,676.11,669.76,672.38,671.0,O:SPY260306C00671000,1.24,4.98,5.57,0.47,1.11
SPY,2026-03-06,3.65,673.41,676.11,669.76,672.38,672.0,O:SPY260306C00672000,2.24,4.38,4.79,0.05,0.45
SPY,2026-03-06,3.65,673.41,676.11,669.76,672.38,673.0,O:SPY260306C00673000,3.24,3.85,4.03,0.01,0.06
SPY,2026-03-06,3.65,673.41,676.11,669.76,672.38,674.0,O:SPY260306C00674000,4.24,3.23,3.45,0.01,0.01
SPY,2026-03-06,3.65,673.41,676.11,669.76,672.38,675.0,O:SPY260306C00675000,5.24,2.81,2.95,0.01,0.01
SPY,2026-03-06,3.65,673.41,676.11,669.76,672.38,676.0,O:SPY260306C00676000,6.24,2.34,2.5,0.01,0.01
SPY,2026-03-06,3.65,673.41,676.11,669.76,672.38,677.0,O:SPY260306C00677000,7.24,1.9,2.03,0.01,0.01
SPY,2026-03-06,3.65,673.41,676.11,669.76,672.38,678.0,O:SPY260306C00678000,8.24,1.55,1.67,0.01,0.01
SPY,2026-03-06,3.65,673.41,676.11,669.76,672.38,679.0,O:SPY260306C00679000,9.24,1.2,1.33,0.01,0.01
SPY,2026-03-06,3.65,673.41,676.11,669.76,672.38,680.0,O:SPY260306C00680000,10.24,0.99,1.06,0.01,0.01
SPY,2026-03-06,3.65,673.41,676.11,669.76,672.38,681.0,O:SPY260306C00681000,11.24,0.71,0.8,0.01,0.01
SPY,2026-03-09,4.0,666.39,679.92,662.39,678.27,663.0,O:SPY260309C00663000,0.61,5.87,15.63,2.36,15.63
SPY,2026-03-09,4.0,666.39,679.92,662.39,678.27,664.0,O:SPY260309C00664000,1.61,4.98,15.55,1.91,13.22
SPY,2026-03-09,4.0,666.39,679.92,662.39,678.27,665.0,O:SPY260309C00665000,2.61,4.39,14.1,1.51,12.85
SPY,2026-03-09,4.0,666.39,679.92,662.39,678.27,666.0,O:SPY260309C00666000,3.61,3.61,13.6,1.18,11.7
SPY,2026-03-09,4.0,666.39,679.92,662.39,678.27,667.0,O:SPY260309C00667000,4.61,3.17,12.5,0.92,9.84
SPY,2026-03-09,4.0,666.39,679.92,662.39,678.27,668.0,O:SPY260309C00668000,5.61,2.71,11.62,0.69,9.02
SPY,2026-03-09,4.0,666.39,679.92,662.39,678.27,669.0,O:SPY260309C00669000,6.61,2.21,10.55,0.51,7.91
SPY,2026-03-09,4.0,666.39,679.92,662.39,678.27,670.0,O:SPY260309C00670000,7.61,2.3,9.74,0.38,6.97
SPY,2026-03-09,4.0,666.39,679.92,662.39,678.27,671.0,O:SPY260309C00671000,8.61,1.47,8.88,0.28,6.22
SPY,2026-03-09,4.0,666.39,679.92,662.39,678.27,672.0,O:SPY260309C00672000,9.61,1.13,7.83,0.15,4.97
SPY,2026-03-09,4.0,666.39,679.92,662.39,678.27,673.0,O:SPY260309C00673000,10.61,0.89,6.71,0.06,4.09
SPY,2026-03-09,4.0,666.39,679.92,662.39,678.27,674.0,O:SPY260309C00674000,11.61,0.62,5.87,0.02,3.31
SPY,2026-03-11,4.24,677.58,680.08,673.34,676.33,674.0,O:SPY260311C00674000,0.66,4.9,6.33,1.11,2.04
SPY,2026-03-11,4.24,677.58,680.08,673.34,676.33,675.0,O:SPY260311C00675000,1.66,4.3,5.52,0.59,1.1
SPY,2026-03-11,4.24,677.58,680.08,673.34,676.33,676.0,O:SPY260311C00676000,2.66,3.6,4.72,0.14,0.31
SPY,2026-03-11,4.24,677.58,680.08,673.34,676.33,677.0,O:SPY260311C00677000,3.66,2.93,3.97,0.02,0.03
SPY,2026-03-11,4.24,677.58,680.08,673.34,676.33,678.0,O:SPY260311C00678000,4.66,2.28,3.28,0.01,0.01
SPY,2026-03-11,4.24,677.58,680.08,673.34,676.33,679.0,O:SPY260311C00679000,5.66,1.78,2.6,0.01,0.01
SPY,2026-03-11,4.24,677.58,680.08,673.34,676.33,680.0,O:SPY260311C00680000,6.66,1.37,1.98,0.01,0.01
SPY,2026-03-11,4.24,677.58,680.08,673.34,676.33,681.0,O:SPY260311C00681000,7.66,0.98,1.53,0.01,0.01
SPY,2026-03-11,4.24,677.58,680.08,673.34,676.33,682.0,O:SPY260311C00682000,8.66,0.71,1.12,0.01,0.01
SPY,2026-03-11,4.24,677.58,680.08,673.34,676.33,683.0,O:SPY260311C00683000,9.66,0.45,0.79,0.01,0.01
SPY,2026-03-11,4.24,677.58,680.08,673.34,676.33,684.0,O:SPY260311C00684000,10.66,0.28,0.53,0.01,0.01
SPY,2026-03-11,4.24,677.58,680.08,673.34,676.33,685.0,O:SPY260311C00685000,11.66,0.17,0.38,0.01,0.01
SPY,2026-03-12,5.29,671.16,671.65,665.87,666.06,666.0,O:SPY260312C00666000,0.13,6.21,6.24,0.13,0.27
SPY,2026-03-12,5.29,671.16,671.65,665.87,666.06,667.0,O:SPY260312C00667000,1.13,5.4,5.53,0.01,0.01
SPY,2026-03-12,5.29,671.16,671.65,665.87,666.06,668.0,O:SPY260312C00668000,2.13,4.59,4.7,0.01,0.01
SPY,2026-03-12,5.29,671.16,671.65,665.87,666.06,669.0,O:SPY260312C00669000,3.13,3.84,4.0,0.01,0.01
SPY,2026-03-12,5.29,671.16,671.65,665.87,666.06,670.0,O:SPY260312C00670000,4.13,3.21,3.39,0.01,0.01
SPY,2026-03-12,5.29,671.16,671.65,665.87,666.06,671.0,O:SPY260312C00671000,5.13,2.91,2.91,0.01,0.01
SPY,2026-03-12,5.29,671.16,671.65,665.87,666.06,672.0,O:SPY260312C00672000,6.13,2.2,2.22,0.01,0.01
SPY,2026-03-12,5.29,671.16,671.65,665.87,666.06,673.0,O:SPY260312C00673000,7.13,1.7,1.77,0.01,0.01
SPY,2026-03-12,5.29,671.16,671.65,665.87,666.06,674.0,O:SPY260312C00674000,8.13,1.35,1.37,0.01,0.01
SPY,2026-03-12,5.29,671.16,671.65,665.87,666.06,675.0,O:SPY260312C00675000,9.13,1.02,1.85,0.01,0.01
SPY,2026-03-12,5.29,671.16,671.65,665.87,666.06,676.0,O:SPY260312C00676000,10.13,0.76,0.76,0.01,0.01
SPY,2026-03-12,5.29,671.16,671.65,665.87,666.06,677.0,O:SPY260312C00677000,11.13,0.53,0.54,0.01,0.01
SPY,2026-03-13,7.91,669.27,672.335,661.36,662.29,662.0,O:SPY260313C00662000,0.64,7.94,10.4,0.07,0.1
SPY,2026-03-13,7.91,669.27,672.335,661.36,662.29,663.0,O:SPY260313C00663000,1.64,6.93,9.5,0.01,0.01
SPY,2026-03-13,7.91,669.27,672.335,661.36,662.29,664.0,O:SPY260313C00664000,2.64,6.22,8.54,0.01,0.01
SPY,2026-03-13,7.91,669.27,672.335,661.36,662.29,665.0,O:SPY260313C00665000,3.64,5.5,7.68,0.01,0.01
SPY,2026-03-13,7.91,669.27,672.335,661.36,662.29,666.0,O:SPY260313C00666000,4.64,4.56,6.78,0.01,0.01
SPY,2026-03-13,7.91,669.27,672.335,661.36,662.29,667.0,O:SPY260313C00667000,5.64,3.9,5.96,0.01,0.01
SPY,2026-03-13,7.91,669.27,672.335,661.36,662.29,668.0,O:SPY260313C00668000,6.64,3.32,5.15,0.01,0.01
SPY,2026-03-13,7.91,669.27,672.335,661.36,662.29,669.0,O:SPY260313C00669000,7.64,2.69,4.32,0.01,0.01
SPY,2026-03-13,7.91,669.27,672.335,661.36,662.29,670.0,O:SPY260313C00670000,8.64,2.14,3.61,0.01,0.01
SPY,2026-03-13,7.91,669.27,672.335,661.36,662.29,671.0,O:SPY260313C00671000,9.64,1.78,2.93,0.01,0.01
SPY,2026-03-13,7.91,669.27,672.335,661.36,662.29,672.0,O:SPY260313C00672000,10.64,1.31,2.32,0.01,0.01
SPY,2026-03-13,7.91,669.27,672.335,661.36,662.29,673.0,O:SPY260313C00673000,11.64,0.97,1.77,0.01,0.01
SPY,2026-03-18,7.17,668.36,669.72,661.19,661.43,662.0,O:SPY260318C00662000,0.81,7.13,7.8,0.02,0.02
SPY,2026-03-18,7.17,668.36,669.72,661.19,661.43,663.0,O:SPY260318C00663000,1.81,6.74,7.05,0.01,0.01
SPY,2026-03-18,7.17,668.36,669.72,661.19,661.43,664.0,O:SPY260318C00664000,2.81,5.5,6.25,0.01,0.01
SPY,2026-03-18,7.17,668.36,669.72,661.19,661.43,665.0,O:SPY260318C00665000,3.81,5.04,5.39,0.01,0.01
SPY,2026-03-18,7.17,668.36,669.72,661.19,661.43,666.0,O:SPY260318C00666000,4.81,4.31,4.65,0.01,0.01
SPY,2026-03-18,7.17,668.36,669.72,661.19,661.43,667.0,O:SPY260318C00667000,5.81,3.42,3.9,0.01,0.01
SPY,2026-03-18,7.17,668.36,669.72,661.19,661.43,668.0,O:SPY260318C00668000,6.81,2.81,3.23,0.01,0.01
SPY,2026-03-18,7.17,668.36,669.72,661.19,661.43,669.0,O:SPY260318C00669000,7.81,2.23,2.61,0.01,0.01
SPY,2026-03-18,7.17,668.36,669.72,661.19,661.43,670.0,O:SPY260318C00670000,8.81,1.76,2.05,0.01,0.01
SPY,2026-03-18,7.17,668.36,669.72,661.19,661.43,671.0,O:SPY260318C00671000,9.81,1.35,1.61,0.01,0.01
SPY,2026-03-18,7.17,668.36,669.72,661.19,661.43,672.0,O:SPY260318C00672000,10.81,1.0,1.19,0.01,0.01
SPY,2026-03-18,7.17,668.36,669.72,661.19,661.43,673.0,O:SPY260318C00673000,11.81,0.74,0.87,0.01,0.01
SPY,2026-03-20,11.79,656.51,656.69,644.72,648.57,645.0,O:SPY260320C00645000,0.28,10.88,11.53,0.87,4.94
SPY,2026-03-20,11.79,656.51,656.69,644.72,648.57,646.0,O:SPY260320C00646000,1.28,9.0,10.08,0.49,3.84
SPY,2026-03-20,11.79,656.51,656.69,644.72,648.57,647.0,O:SPY260320C00647000,2.28,9.59,9.65,0.23,2.9
SPY,2026-03-20,11.79,656.51,656.69,644.72,648.57,648.0,O:SPY260320C00648000,3.28,8.82,8.82,0.1,1.95
SPY,2026-03-20,11.79,656.51,656.69,644.72,648.57,649.0,O:SPY260320C00649000,4.28,6.9,7.74,0.05,1.05
SPY,2026-03-20,11.79,656.51,656.69,644.72,648.57,650.0,O:SPY260320C00650000,5.28,6.78,7.07,0.04,0.39
SPY,2026-03-20,11.79,656.51,656.69,644.72,648.57,651.0,O:SPY260320C00651000,6.28,6.12,6.12,0.02,0.15
SPY,2026-03-20,11.79,656.51,656.69,644.72,648.57,652.0,O:SPY260320C00652000,7.28,5.08,5.25,0.02,0.07
SPY,2026-03-20,11.79,656.51,656.69,644.72,648.57,653.0,O:SPY260320C00653000,8.28,4.4,4.62,0.01,0.03
SPY,2026-03-20,11.79,656.51,656.69,644.72,648.57,654.0,O:SPY260320C00654000,9.28,3.81,3.95,0.01,0.02
SPY,2026-03-20,11.79,656.51,656.69,644.72,648.57,655.0,O:SPY260320C00655000,10.28,3.22,3.3,0.01,0.01
SPY,2026-03-20,11.79,656.51,656.69,644.72,648.57,656.0,O:SPY260320C00656000,11.28,2.73,2.73,0.01,0.01
SPY,2026-03-23,4.13,658.07,662.615,653.94,655.38,654.0,O:SPY260323C00654000,0.06,5.52,8.79,0.7,1.63
SPY,2026-03-23,4.13,658.07,662.615,653.94,655.38,655.0,O:SPY260323C00655000,1.06,5.04,7.8,0.18,0.64
SPY,2026-03-23,4.13,658.07,662.615,653.94,655.38,656.0,O:SPY260323C00656000,2.06,4.43,6.88,0.05,0.14
SPY,2026-03-23,4.13,658.07,662.615,653.94,655.38,657.0,O:SPY260323C00657000,3.06,3.89,5.96,0.02,0.05
SPY,2026-03-23,4.13,658.07,662.615,653.94,655.38,658.0,O:SPY260323C00658000,4.06,3.29,5.06,0.01,0.02
SPY,2026-03-23,4.13,658.07,662.615,653.94,655.38,659.0,O:SPY260323C00659000,5.06,2.79,4.25,0.01,0.01
SPY,2026-03-23,4.13,658.07,662.615,653.94,655.38,660.0,O:SPY260323C00660000,6.06,2.33,3.41,0.01,0.01
SPY,2026-03-23,4.13,658.07,662.615,653.94,655.38,661.0,O:SPY260323C00661000,7.06,2.02,2.67,0.01,0.01
SPY,2026-03-23,4.13,658.07,662.615,653.94,655.38,662.0,O:SPY260323C00662000,8.06,1.66,2.03,0.01,0.01
SPY,2026-03-23,4.13,658.07,662.615,653.94,655.38,663.0,O:SPY260323C00663000,9.06,1.24,1.49,0.01,0.01
SPY,2026-03-23,4.13,658.07,662.615,653.94,655.38,664.0,O:SPY260323C00664000,10.06,1.03,1.07,0.01,0.01
SPY,2026-03-23,4.13,658.07,662.615,653.94,655.38,665.0,O:SPY260323C00665000,11.06,0.8,0.86,0.01,0.01
SPY,2026-03-25,4.43,658.67,660.89,654.24,656.82,655.0,O:SPY260325C00655000,0.76,4.75,6.45,1.06,1.77
SPY,2026-03-25,4.43,658.67,660.89,654.24,656.82,656.0,O:SPY260325C00656000,1.76,4.01,5.6,0.44,0.73
SPY,2026-03-25,4.43,658.67,660.89,654.24,656.82,657.0,O:SPY260325C00657000,2.76,3.37,4.8,0.1,0.13
SPY,2026-03-25,4.43,658.67,660.89,654.24,656.82,658.0,O:SPY260325C00658000,3.76,2.77,4.01,0.02,0.03
SPY,2026-03-25,4.43,658.67,660.89,654.24,656.82,659.0,O:SPY260325C00659000,4.76,2.19,3.3,0.01,0.03
SPY,2026-03-25,4.43,658.67,660.89,654.24,656.82,660.0,O:SPY260325C00660000,5.76,1.67,2.61,0.01,0.01
SPY,2026-03-25,4.43,658.67,660.89,654.24,656.82,661.0,O:SPY260325C00661000,6.76,1.26,2.02,0.01,0.01
SPY,2026-03-25,4.43,658.67,660.89,654.24,656.82,662.0,O:SPY260325C00662000,7.76,0.92,1.5,0.01,0.01
SPY,2026-03-25,4.43,658.67,660.89,654.24,656.82,663.0,O:SPY260325C00663000,8.76,0.67,1.07,0.01,0.01
SPY,2026-03-25,4.43,658.67,660.89,654.24,656.82,664.0,O:SPY260325C00664000,9.76,0.46,0.74,0.01,0.01
SPY,2026-03-25,4.43,658.67,660.89,654.24,656.82,665.0,O:SPY260325C00665000,10.76,0.33,0.49,0.01,0.01
SPY,2026-03-25,4.43,658.67,660.89,654.24,656.82,666.0,O:SPY260325C00666000,11.76,0.23,0.32,0.01,0.01
SPY,2026-03-26,7.24,652.06,654.85,644.82,645.09,645.0,O:SPY260326C00645000,0.18,7.06,9.82,0.2,3.16
SPY,2026-03-26,7.24,652.06,654.85,644.82,645.09,646.0,O:SPY260326C00646000,1.18,6.16,9.01,0.06,2.3
SPY,2026-03-26,7.24,652.06,654.85,644.82,645.09,647.0,O:SPY260326C00647000,2.18,5.5,7.95,0.04,1.39
SPY,2026-03-26,7.24,652.06,654.85,644.82,645.09,648.0,O:SPY260326C00648000,3.18,4.68,7.13,0.02,0.9
SPY,2026-03-26,7.24,652.06,654.85,644.82,645.09,649.0,O:SPY260326C00649000,4.18,4.0,6.18,0.02,0.43
SPY,2026-03-26,7.24,652.06,654.85,644.82,645.09,650.0,O:SPY260326C00650000,5.18,3.35,5.36,0.01,0.25
SPY,2026-03-26,7.24,652.06,654.85,644.82,645.09,651.0,O:SPY260326C00651000,6.18,2.9,4.53,0.01,0.15
SPY,2026-03-26,7.24,652.06,654.85,644.82,645.09,652.0,O:SPY260326C00652000,7.18,2.31,3.8,0.01,0.09
SPY,2026-03-26,7.24,652.06,654.85,644.82,645.09,653.0,O:SPY260326C00653000,8.18,1.84,3.1,0.01,0.05
SPY,2026-03-26,7.24,652.06,654.85,644.82,645.09,654.0,O:SPY260326C00654000,9.18,1.52,2.48,0.01,0.05
SPY,2026-03-26,7.24,652.06,654.85,644.82,645.09,655.0,O:SPY260326C00655000,10.18,1.11,1.95,0.01,0.03
SPY,2026-03-26,7.24,652.06,654.85,644.82,645.09,656.0,O:SPY260326C00656000,11.18,0.84,1.49,0.01,0.01
SPY,2026-03-27,9.39,642.5,642.66,633.105,634.09,634.0,O:SPY260327C00634000,0.89,8.79,8.91,0.31,0.35
SPY,2026-03-27,9.39,642.5,642.66,633.105,634.09,635.0,O:SPY260327C00635000,1.89,8.04,8.04,0.15,0.17
SPY,2026-03-27,9.39,642.5,642.66,633.105,634.09,636.0,O:SPY260327C00636000,2.89,7.17,7.17,0.09,0.11
SPY,2026-03-27,9.39,642.5,642.66,633.105,634.09,637.0,O:SPY260327C00637000,3.89,6.34,6.4,0.06,0.08
SPY,2026-03-27,9.39,642.5,642.66,633.105,634.09,638.0,O:SPY260327C00638000,4.89,5.59,5.59,0.05,0.05
SPY,2026-03-27,9.39,642.5,642.66,633.105,634.09,639.0,O:SPY260327C00639000,5.89,4.73,4.82,0.04,0.04
SPY,2026-03-27,9.39,642.5,642.66,633.105,634.09,640.0,O:SPY260327C00640000,6.89,4.1,4.14,0.03,0.03
SPY,2026-03-27,9.39,642.5,642.66,633.105,634.09,641.0,O:SPY260327C00641000,7.89,3.35,3.52,0.02,0.02
SPY,2026-03-27,9.39,642.5,642.66,633.105,634.09,642.0,O:SPY260327C00642000,8.89,2.79,2.92,0.01,0.01
SPY,2026-03-27,9.39,642.5,642.66,633.105,634.09,643.0,O:SPY260327C00643000,9.89,2.3,2.42,0.01,0.01
SPY,2026-03-27,9.39,642.5,642.66,633.105,634.09,644.0,O:SPY260327C00644000,10.89,1.8,1.94,0.01,0.01
SPY,2026-03-27,9.39,642.5,642.66,633.105,634.09,645.0,O:SPY260327C00645000,11.89,1.42,1.87,0.01,0.01
SPY,2026-03-30,10.83,640.11,640.37,629.28,631.97,630.0,O:SPY260330C00630000,0.72,10.0,10.59,0.33,1.1
SPY,2026-03-30,10.83,640.11,640.37,629.28,631.97,631.0,O:SPY260330C00631000,1.72,9.03,9.61,0.12,0.35
SPY,2026-03-30,10.83,640.11,640.37,629.28,631.97,632.0,O:SPY260330C00632000,2.72,8.02,8.7,0.06,0.08
SPY,2026-03-30,10.83,640.11,640.37,629.28,631.97,633.0,O:SPY260330C00633000,3.72,7.0,7.77,0.03,0.03
SPY,2026-03-30,10.83,640.11,640.37,629.28,631.97,634.0,O:SPY260330C00634000,4.72,6.76,6.98,0.02,0.02
SPY,2026-03-30,10.83,640.11,640.37,629.28,631.97,635.0,O:SPY260330C00635000,5.72,5.72,6.09,0.01,0.01
SPY,2026-03-30,10.83,640.11,640.37,629.28,631.97,636.0,O:SPY260330C00636000,6.72,5.11,5.27,0.01,0.01
SPY,2026-03-30,10.83,640.11,640.37,629.28,631.97,637.0,O:SPY260330C00637000,7.72,4.3,4.48,0.01,0.01
SPY,2026-03-30,10.83,640.11,640.37,629.28,631.97,638.0,O:SPY260330C00638000,8.72,3.5,3.73,0.01,0.01
SPY,2026-03-30,10.83,640.11,640.37,629.28,631.97,639.0,O:SPY260330C00639000,9.72,2.83,3.1,0.01,0.01
SPY,2026-03-30,10.83,640.11,640.37,629.28,631.97,640.0,O:SPY260330C00640000,10.72,2.37,2.51,0.01,0.01
SPY,2026-03-30,10.83,640.11,640.37,629.28,631.97,641.0,O:SPY260330C00641000,11.72,1.9,1.98,0.01,0.01
SPY,2026-04-07,5.59,656.65,659.61,651.06,659.22,652.0,O:SPY260407C00652000,0.94,6.16,7.8,1.55,7.8
SPY,2026-04-07,5.59,656.65,659.61,651.06,659.22,653.0,O:SPY260407C00653000,1.94,5.29,6.98,1.17,6.76
SPY,2026-04-07,5.59,656.65,659.61,651.06,659.22,654.0,O:SPY260407C00654000,2.94,4.57,5.95,0.77,5.78
SPY,2026-04-07,5.59,656.65,659.61,651.06,659.22,655.0,O:SPY260407C00655000,3.94,3.76,5.04,0.41,5.04
SPY,2026-04-07,5.59,656.65,659.61,651.06,659.22,656.0,O:SPY260407C00656000,4.94,3.07,4.26,0.2,4.03
SPY,2026-04-07,5.59,656.65,659.61,651.06,659.22,657.0,O:SPY260407C00657000,5.94,2.51,3.13,0.1,3.0
SPY,2026-04-07,5.59,656.65,659.61,651.06,659.22,658.0,O:SPY260407C00658000,6.94,2.03,2.29,0.06,2.16
SPY,2026-04-07,5.59,656.65,659.61,651.06,659.22,659.0,O:SPY260407C00659000,7.94,1.55,1.79,0.04,1.42
SPY,2026-04-07,5.59,656.65,659.61,651.06,659.22,660.0,O:SPY260407C00660000,8.94,1.19,1.4,0.02,0.84
SPY,2026-04-07,5.59,656.65,659.61,651.06,659.22,661.0,O:SPY260407C00661000,9.94,0.89,1.06,0.01,0.48
SPY,2026-04-07,5.59,656.65,659.61,651.06,659.22,662.0,O:SPY260407C00662000,10.94,0.67,0.8,0.02,0.29
SPY,2026-04-07,5.59,656.65,659.61,651.06,659.22,663.0,O:SPY260407C00663000,11.94,0.51,0.66,0.02,0.18
SPY,2026-04-08,4.93,676.39,677.08,671.46,676.01,672.0,O:SPY260408C00672000,0.54,5.59,5.8,1.5,3.5
SPY,2026-04-08,4.93,676.39,677.08,671.46,676.01,673.0,O:SPY260408C00673000,1.54,6.27,6.27,0.89,2.49
SPY,2026-04-08,4.93,676.39,677.08,671.46,676.01,674.0,O:SPY260408C00674000,2.54,5.17,5.17,0.42,1.55
SPY,2026-04-08,4.93,676.39,677.08,671.46,676.01,675.0,O:SPY260408C00675000,3.54,3.16,3.37,0.15,0.6
SPY,2026-04-08,4.93,676.39,677.08,671.46,676.01,676.0,O:SPY260408C00676000,4.54,2.39,2.64,0.05,0.08
SPY,2026-04-08,4.93,676.39,677.08,671.46,676.01,677.0,O:SPY260408C00677000,5.54,1.81,2.11,0.01,0.01
SPY,2026-04-08,4.93,676.39,677.08,671.46,676.01,678.0,O:SPY260408C00678000,6.54,1.33,1.94,0.01,0.01
SPY,2026-04-08,4.93,676.39,677.08,671.46,676.01,679.0,O:SPY260408C00679000,7.54,0.99,1.05,0.01,0.01
SPY,2026-04-08,4.93,676.39,677.08,671.46,676.01,680.0,O:SPY260408C00680000,8.54,0.67,1.22,0.01,0.01
SPY,2026-04-08,4.93,676.39,677.08,671.46,676.01,681.0,O:SPY260408C00681000,9.54,0.46,0.53,0.01,0.01
SPY,2026-04-08,4.93,676.39,677.08,671.46,676.01,682.0,O:SPY260408C00682000,10.54,0.31,0.34,0.01,0.01
SPY,2026-04-08,4.93,676.39,677.08,671.46,676.01,683.0,O:SPY260408C00683000,11.54,0.22,0.22,0.01,0.01
SPY,2026-04-21,7.64,710.28,711.275,702.64,704.08,703.0,O:SPY260421C00703000,0.36,7.33,8.33,0.67,3.94
SPY,2026-04-21,7.64,710.28,711.275,702.64,704.08,704.0,O:SPY260421C00704000,1.36,6.19,7.37,0.2,2.83
SPY,2026-04-21,7.64,710.28,711.275,702.64,704.08,705.0,O:SPY260421C00705000,2.36,5.41,6.4,0.06,2.01
SPY,2026-04-21,7.64,710.28,711.275,702.64,704.08,706.0,O:SPY260421C00706000,3.36,4.52,5.44,0.02,0.87
SPY,2026-04-21,7.64,710.28,711.275,702.64,704.08,707.0,O:SPY260421C00707000,4.36,3.7,4.51,0.01,0.37
SPY,2026-04-21,7.64,710.28,711.275,702.64,704.08,708.0,O:SPY260421C00708000,5.36,3.16,3.62,0.01,0.15
SPY,2026-04-21,7.64,710.28,711.275,702.64,704.08,709.0,O:SPY260421C00709000,6.36,2.26,2.78,0.01,0.05
SPY,2026-04-21,7.64,710.28,711.275,702.64,704.08,710.0,O:SPY260421C00710000,7.36,1.63,2.03,0.01,0.02
SPY,2026-04-21,7.64,710.28,711.275,702.64,704.08,711.0,O:SPY260421C00711000,8.36,1.18,1.38,0.01,0.01
SPY,2026-04-21,7.64,710.28,711.275,702.64,704.08,712.0,O:SPY260421C00712000,9.36,0.79,0.89,0.01,0.01
SPY,2026-04-21,7.64,710.28,711.275,702.64,704.08,713.0,O:SPY260421C00713000,10.36,0.5,0.55,0.01,0.01
SPY,2026-04-21,7.64,710.28,711.275,702.64,704.08,714.0,O:SPY260421C00714000,11.36,0.31,0.33,0.01,0.01
SPY,2026-04-23,7.22,709.5,712.3598,702.2803,708.45,703.0,O:SPY260423C00703000,0.72,7.01,9.18,1.93,4.83
SPY,2026-04-23,7.22,709.5,712.3598,702.2803,708.45,704.0,O:SPY260423C00704000,1.72,6.02,8.21,1.47,3.94
SPY,2026-04-23,7.22,709.5,712.3598,702.2803,708.45,705.0,O:SPY260423C00705000,2.72,4.84,7.35,1.06,2.74
SPY,2026-04-23,7.22,709.5,712.3598,702.2803,708.45,706.0,O:SPY260423C00706000,3.72,3.99,6.4,0.74,1.76
SPY,2026-04-23,7.22,709.5,712.3598,702.2803,708.45,707.0,O:SPY260423C00707000,4.72,3.53,5.44,0.5,0.81
SPY,2026-04-23,7.22,709.5,712.3598,702.2803,708.45,708.0,O:SPY260423C00708000,5.72,2.56,4.44,0.23,0.24
SPY,2026-04-23,7.22,709.5,712.3598,702.2803,708.45,709.0,O:SPY260423C00709000,6.72,1.93,3.53,0.03,0.03
SPY,2026-04-23,7.22,709.5,712.3598,702.2803,708.45,710.0,O:SPY260423C00710000,7.72,1.36,2.64,0.01,0.01
SPY,2026-04-23,7.22,709.5,712.3598,702.2803,708.45,711.0,O:SPY260423C00711000,8.72,0.86,1.83,0.01,0.01
SPY,2026-04-23,7.22,709.5,712.3598,702.2803,708.45,712.0,O:SPY260423C00712000,9.72,0.53,1.14,0.01,0.01
SPY,2026-04-23,7.22,709.5,712.3598,702.2803,708.45,713.0,O:SPY260423C00713000,10.72,0.35,0.63,0.01,0.01
SPY,2026-04-23,7.22,709.5,712.3598,702.2803,708.45,714.0,O:SPY260423C00714000,11.72,0.22,0.51,0.01,0.01
SPY,2026-04-30,4.18,714.63,719.79,710.445,718.66,711.0,O:SPY260430C00711000,0.55,4.44,8.58,1.72,8.02
SPY,2026-04-30,4.18,714.63,719.79,710.445,718.66,712.0,O:SPY260430C00712000,1.55,3.67,7.61,1.27,7.03
SPY,2026-04-30,4.18,714.63,719.79,710.445,718.66,713.0,O:SPY260430C00713000,2.55,2.95,6.67,0.91,6.06
SPY,2026-04-30,4.18,714.63,719.79,710.445,718.66,714.0,O:SPY260430C00714000,3.55,2.29,5.7,0.62,5.16
SPY,2026-04-30,4.18,714.63,719.79,710.445,718.66,715.0,O:SPY260430C00715000,4.55,1.77,4.7,0.41,4.2
SPY,2026-04-30,4.18,714.63,719.79,710.445,718.66,716.0,O:SPY260430C00716000,5.55,1.3,3.71,0.26,3.12
SPY,2026-04-30,4.18,714.63,719.79,710.445,718.66,717.0,O:SPY260430C00717000,6.55,0.9,2.78,0.17,2.11
SPY,2026-04-30,4.18,714.63,719.79,710.445,718.66,718.0,O:SPY260430C00718000,7.55,0.58,1.86,0.1,1.22
SPY,2026-04-30,4.18,714.63,719.79,710.445,718.66,719.0,O:SPY260430C00719000,8.55,0.39,1.11,0.06,0.5
SPY,2026-04-30,4.18,714.63,719.79,710.445,718.66,720.0,O:SPY260430C00720000,9.55,0.23,0.6,0.04,0.15
SPY,2026-04-30,4.18,714.63,719.79,710.445,718.66,721.0,O:SPY260430C00721000,10.55,0.13,0.33,0.03,0.05
SPY,2026-04-30,4.18,714.63,719.79,710.445,718.66,722.0,O:SPY260430C00722000,11.55,0.07,0.2,0.02,0.02
SPY,2026-05-04,5.08,720.07,722.12,714.99,718.01,715.0,O:SPY260504C00715000,0.01,5.53,7.16,1.91,2.56
SPY,2026-05-04,5.08,720.07,722.12,714.99,718.01,716.0,O:SPY260504C00716000,1.01,4.45,6.34,1.27,1.48
SPY,2026-05-04,5.08,720.07,722.12,714.99,718.01,717.0,O:SPY260504C00717000,2.01,3.63,5.23,0.41,0.58
SPY,2026-05-04,5.08,720.07,722.12,714.99,718.01,718.0,O:SPY260504C00718000,3.01,2.89,4.23,0.03,0.05
SPY,2026-05-04,5.08,720.07,722.12,714.99,718.01,719.0,O:SPY260504C00719000,4.01,2.21,3.32,0.01,0.01
SPY,2026-05-04,5.08,720.07,722.12,714.99,718.01,720.0,O:SPY260504C00720000,5.01,1.6,2.44,0.01,0.01
SPY,2026-05-04,5.08,720.07,722.12,714.99,718.01,721.0,O:SPY260504C00721000,6.01,1.07,1.64,0.01,0.01
SPY,2026-05-04,5.08,720.07,722.12,714.99,718.01,722.0,O:SPY260504C00722000,7.01,0.66,0.99,0.01,0.01
SPY,2026-05-04,5.08,720.07,722.12,714.99,718.01,723.0,O:SPY260504C00723000,8.01,0.42,0.53,0.01,0.01
SPY,2026-05-04,5.08,720.07,722.12,714.99,718.01,724.0,O:SPY260504C00724000,9.01,0.23,0.29,0.01,0.01
SPY,2026-05-04,5.08,720.07,722.12,714.99,718.01,725.0,O:SPY260504C00725000,10.01,0.14,0.16,0.01,0.01
SPY,2026-05-04,5.08,720.07,722.12,714.99,718.01,726.0,O:SPY260504C00726000,11.01,0.08,0.09,0.01,0.01
SPY,2026-05-07,5.3,735.05,736.13,729.75,731.58,730.0,O:SPY260507C00730000,0.25,5.16,6.2,0.67,2.12
SPY,2026-05-07,5.3,735.05,736.13,729.75,731.58,731.0,O:SPY260507C00731000,1.25,4.37,5.19,0.17,0.91
SPY,2026-05-07,5.3,735.05,736.13,729.75,731.58,732.0,O:SPY260507C00732000,2.25,3.53,4.27,0.02,0.33
SPY,2026-05-07,5.3,735.05,736.13,729.75,731.58,733.0,O:SPY260507C00733000,3.25,2.75,3.37,0.01,0.05
SPY,2026-05-07,5.3,735.05,736.13,729.75,731.58,734.0,O:SPY260507C00734000,4.25,2.01,2.51,0.01,0.02
SPY,2026-05-07,5.3,735.05,736.13,729.75,731.58,735.0,O:SPY260507C00735000,5.25,1.48,1.74,0.01,0.01
SPY,2026-05-07,5.3,735.05,736.13,729.75,731.58,736.0,O:SPY260507C00736000,6.25,0.93,1.1,0.01,0.01
SPY,2026-05-07,5.3,735.05,736.13,729.75,731.58,737.0,O:SPY260507C00737000,7.25,0.7,0.7,0.01,0.01
SPY,2026-05-07,5.3,735.05,736.13,729.75,731.58,738.0,O:SPY260507C00738000,8.25,0.5,0.5,0.01,0.01
SPY,2026-05-07,5.3,735.05,736.13,729.75,731.58,739.0,O:SPY260507C00739000,9.25,0.29,0.29,0.01,0.01
SPY,2026-05-07,5.3,735.05,736.13,729.75,731.58,740.0,O:SPY260507C00740000,10.25,0.17,0.21,0.01,0.01
SPY,2026-05-07,5.3,735.05,736.13,729.75,731.58,741.0,O:SPY260507C00741000,11.25,0.12,0.12,0.01,0.01
SPY,2026-05-12,5.06,736.89,738.84,731.83,738.18,732.0,O:SPY260512C00732000,0.17,5.5,6.37,0.9,5.17
SPY,2026-05-12,5.06,736.89,738.84,731.83,738.18,733.0,O:SPY260512C00733000,1.17,4.47,5.69,0.49,4.4
SPY,2026-05-12,5.06,736.89,738.84,731.83,738.18,734.0,O:SPY260512C00734000,2.17,3.57,4.8,0.24,3.4
SPY,2026-05-12,5.06,736.89,738.84,731.83,738.18,735.0,O:SPY260512C00735000,3.17,2.83,3.79,0.12,2.45
SPY,2026-05-12,5.06,736.89,738.84,731.83,738.18,736.0,O:SPY260512C00736000,4.17,2.09,2.82,0.07,1.3
SPY,2026-05-12,5.06,736.89,738.84,731.83,738.18,737.0,O:SPY260512C00737000,5.17,1.45,1.84,0.04,0.51
SPY,2026-05-12,5.06,736.89,738.84,731.83,738.18,738.0,O:SPY260512C00738000,6.17,0.96,1.03,0.02,0.04
SPY,2026-05-12,5.06,736.89,738.84,731.83,738.18,739.0,O:SPY260512C00739000,7.17,0.58,0.64,0.01,0.02
SPY,2026-05-12,5.06,736.89,738.84,731.83,738.18,740.0,O:SPY260512C00740000,8.17,0.34,0.38,0.01,0.01
SPY,2026-05-12,5.06,736.89,738.84,731.83,738.18,741.0,O:SPY260512C00741000,9.17,0.19,0.21,0.01,0.01
SPY,2026-05-12,5.06,736.89,738.84,731.83,738.18,742.0,O:SPY260512C00742000,10.17,0.09,0.12,0.01,0.01
SPY,2026-05-12,5.06,736.89,738.84,731.83,738.18,743.0,O:SPY260512C00743000,11.17,0.1,0.22,0.01,0.01
SPY,2026-05-13,3.0,738.47,743.91,735.47,742.31,736.0,O:SPY260513C00736000,0.53,2.9,7.79,1.46,6.58
SPY,2026-05-13,3.0,738.47,743.91,735.47,742.31,737.0,O:SPY260513C00737000,1.53,2.12,6.71,1.01,5.72
SPY,2026-05-13,3.0,738.47,743.91,735.47,742.31,738.0,O:SPY260513C00738000,2.53,1.62,5.8,0.68,4.72
SPY,2026-05-13,3.0,738.47,743.91,735.47,742.31,739.0,O:SPY260513C00739000,3.53,1.24,4.9,0.44,3.75
SPY,2026-05-13,3.0,738.47,743.91,735.47,742.31,740.0,O:SPY260513C00740000,4.53,0.7,3.9,0.27,2.77
SPY,2026-05-13,3.0,738.47,743.91,735.47,742.31,741.0,O:SPY260513C00741000,5.53,0.39,2.95,0.16,1.82
SPY,2026-05-13,3.0,738.47,743.91,735.47,742.31,742.0,O:SPY260513C00742000,6.53,0.23,2.03,0.1,0.78
SPY,2026-05-13,3.0,738.47,743.91,735.47,742.31,743.0,O:SPY260513C00743000,7.53,0.14,1.23,0.04,0.1
SPY,2026-05-13,3.0,738.47,743.91,735.47,742.31,744.0,O:SPY260513C00744000,8.53,0.13,0.66,0.01,0.01
SPY,2026-05-13,3.0,738.47,743.91,735.47,742.31,745.0,O:SPY260513C00745000,9.53,0.09,0.33,0.01,0.01
SPY,2026-05-13,3.0,738.47,743.91,735.47,742.31,746.0,O:SPY260513C00746000,10.53,0.05,0.17,0.01,0.01
SPY,2026-05-13,3.0,738.47,743.91,735.47,742.31,747.0,O:SPY260513C00747000,11.53,0.04,0.09,0.01,0.01
