Date,Ticker,Adj Close,Close,High,Low,Open,Volume
2006-05-15,QQQ,34.35356903076172,40.15999984741211,40.34000015258789,39.790000915527344,40.02000045776367,127896500
2006-05-16,QQQ,34.096954345703125,39.86000061035156,40.2599983215332,39.77000045776367,40.16999816894531,132397500
2006-05-17,QQQ,33.635013580322266,39.31999969482422,39.810001373291016,39.22999954223633,39.68000030517578,207897100
2006-05-18,QQQ,33.404056549072266,39.04999923706055,39.65999984741211,39.0,39.4900016784668,139690900
2006-05-19,QQQ,33.660682678222656,39.349998474121094,39.470001220703125,38.75,39.20000076293945,194306300
2006-05-22,QQQ,33.33561325073242,38.970001220703125,39.2400016784668,38.619998931884766,39.0099983215332,169591800
2006-05-23,QQQ,33.01055908203125,38.59000015258789,39.380001068115234,38.56999969482422,39.2599983215332,142243900
2006-05-24,QQQ,33.23297119140625,38.849998474121094,39.040000915527344,38.22999954223633,38.529998779296875,234981600
2006-05-25,QQQ,33.66925048828125,39.36000061035156,39.380001068115234,38.81999969482422,39.11000061035156,123510900
2006-05-26,QQQ,33.78045654296875,39.4900016784668,39.58000183105469,39.22999954223633,39.45000076293945,91319600
2006-05-30,QQQ,33.0533332824707,38.63999938964844,39.33000183105469,38.61000061035156,39.29999923706055,105606200
2006-05-31,QQQ,33.20731735229492,38.81999969482422,39.060001373291016,38.540000915527344,38.709999084472656,137066200
2006-06-01,QQQ,33.99429702758789,39.7400016784668,39.7400016784668,38.84000015258789,38.93000030517578,119357400
2006-06-02,QQQ,33.90874481201172,39.63999938964844,40.0,39.310001373291016,39.959999084472656,128864100
2006-06-05,QQQ,33.17307662963867,38.779998779296875,39.560001373291016,38.779998779296875,39.560001373291016,103190600
2006-06-06,QQQ,33.14743423461914,38.75,38.95000076293945,38.349998474121094,38.849998474121094,127271000
2006-06-07,QQQ,32.89936828613281,38.459999084472656,39.16999816894531,38.45000076293945,38.79999923706055,130754700
2006-06-08,QQQ,32.84804153442383,38.400001525878906,38.560001373291016,37.4900016784668,38.27000045776367,280562200
2006-06-09,QQQ,32.63417434692383,38.150001525878906,38.7400016784668,38.11000061035156,38.560001373291016,144146200
2006-06-12,QQQ,31.992610931396484,37.400001525878906,38.2599983215332,37.38999938964844,38.20000076293945,145607500
2006-06-13,QQQ,31.864309310913086,37.25,37.79999923706055,37.15999984741211,37.4900016784668,207099500
2006-06-14,QQQ,32.18935775756836,37.630001068115234,37.709999084472656,37.20000076293945,37.36000061035156,201876800
2006-06-15,QQQ,33.06188201904297,38.650001525878906,38.790000915527344,37.79999923706055,37.849998474121094,200700400
2006-06-16,QQQ,32.81877899169922,38.34000015258789,38.68000030517578,38.20000076293945,38.54999923706055,120006100
2006-06-19,QQQ,32.55341339111328,38.029998779296875,38.540000915527344,37.90999984741211,38.5,129450100
2006-06-20,QQQ,32.59623336791992,38.08000183105469,38.47999954223633,37.939998626708984,38.09000015258789,102871700
2006-06-21,QQQ,33.109832763671875,38.68000030517578,38.9900016784668,38.130001068115234,38.13999938964844,129548100
2006-06-22,QQQ,32.69038772583008,38.189998626708984,38.68000030517578,37.9900016784668,38.59000015258789,143100500
2006-06-23,QQQ,32.65613555908203,38.150001525878906,38.529998779296875,37.93000030517578,38.15999984741211,88050200
2006-06-26,QQQ,32.741737365722656,38.25,38.38999938964844,38.06999969482422,38.16999816894531,65157700
2006-06-27,QQQ,32.125423431396484,37.529998779296875,38.33000183105469,37.4900016784668,38.27000045776367,128227500
2006-06-28,QQQ,32.365116119384766,37.810001373291016,37.84000015258789,37.380001068115234,37.619998931884766,91576300
2006-06-29,QQQ,33.34949493408203,38.959999084472656,38.959999084472656,37.900001525878906,37.97999954223633,181997200
2006-06-30,QQQ,33.18686294555664,38.77000045776367,39.13999938964844,38.68000030517578,39.119998931884766,82719200
2006-07-03,QQQ,33.38374710083008,39.0,39.0,38.810001373291016,38.88999938964844,21598500
2006-07-05,QQQ,32.65613555908203,38.150001525878906,38.68000030517578,38.09000015258789,38.63999938964844,93724000
2006-07-06,QQQ,32.62190628051758,38.11000061035156,38.47999954223633,38.0099983215332,38.27000045776367,70615200
2006-07-07,QQQ,32.26238250732422,37.689998626708984,38.16999816894531,37.56999969482422,37.900001525878906,108063300
2006-07-10,QQQ,31.97991943359375,37.36000061035156,37.93000030517578,37.16999816894531,37.790000915527344,105109800
2006-07-11,QQQ,32.2195930480957,37.63999938964844,37.7400016784668,37.08000183105469,37.279998779296875,136114200
2006-07-12,QQQ,31.611825942993164,36.93000030517578,37.63999938964844,36.84000015258789,37.560001373291016,154458900
2006-07-13,QQQ,31.081106185913086,36.310001373291016,37.040000915527344,36.310001373291016,36.63999938964844,177745500
2006-07-14,QQQ,30.764402389526367,35.939998626708984,36.380001068115234,35.790000915527344,36.29999923706055,172448500
2006-07-17,QQQ,30.841442108154297,36.029998779296875,36.25,35.869998931884766,35.95000076293945,134311000
2006-07-18,QQQ,30.94416618347168,36.150001525878906,36.33000183105469,35.540000915527344,36.220001220703125,206964900
2006-07-19,QQQ,31.346473693847656,36.619998931884766,36.83000183105469,36.09000015258789,36.119998931884766,192517600
2006-07-20,QQQ,30.884239196777344,36.08000183105469,36.79999923706055,36.040000915527344,36.75,152292100
2006-07-21,QQQ,30.558963775634766,35.70000076293945,35.959999084472656,35.619998931884766,35.880001068115234,119343000
2006-07-24,QQQ,31.166715621948242,36.40999984741211,36.43000030517578,35.79999923706055,35.84000015258789,130269300
2006-07-25,QQQ,31.346473693847656,36.619998931884766,36.7400016784668,36.2400016784668,36.4900016784668,108869600
2006-07-26,QQQ,31.32078742980957,36.59000015258789,36.869998931884766,36.22999954223633,36.5099983215332,107170500
2006-07-27,QQQ,31.1153621673584,36.349998474121094,37.040000915527344,36.25,36.7400016784668,99698700
2006-07-28,QQQ,31.765905380249023,37.11000061035156,37.13999938964844,36.5,36.529998779296875,93556100
2006-07-31,QQQ,31.75736427307129,37.099998474121094,37.31999969482422,36.88999938964844,37.08000183105469,78015300
2006-08-01,QQQ,31.22663116455078,36.47999954223633,36.79999923706055,36.2599983215332,36.77000045776367,98552800
2006-08-02,QQQ,31.57758903503418,36.88999938964844,37.130001068115234,36.61000061035156,36.61000061035156,87370600
2006-08-03,QQQ,31.77448081970215,37.119998931884766,37.34000015258789,36.47999954223633,36.52000045776367,99205600
2006-08-04,QQQ,31.628938674926758,36.95000076293945,37.630001068115234,36.619998931884766,37.45000076293945,123493800
2006-08-07,QQQ,31.423511505126953,36.709999084472656,36.939998626708984,36.529998779296875,36.90999984741211,69634800
2006-08-08,QQQ,31.22663116455078,36.47999954223633,36.900001525878906,36.2599983215332,36.810001373291016,124139900
2006-08-09,QQQ,31.269433975219727,36.529998779296875,37.310001373291016,36.43000030517578,36.9900016784668,145342200
2006-08-10,QQQ,31.49199104309082,36.790000915527344,36.880001068115234,36.310001373291016,36.43000030517578,102481300
2006-08-11,QQQ,31.269433975219727,36.529998779296875,36.689998626708984,36.369998931884766,36.650001525878906,86903200
2006-08-14,QQQ,31.47487449645996,36.77000045776367,37.27000045776367,36.70000076293945,36.84000015258789,109281100
2006-08-15,QQQ,32.270965576171875,37.70000076293945,37.75,37.09000015258789,37.20000076293945,133712100
2006-08-16,QQQ,33.03279113769531,38.59000015258789,38.61000061035156,37.84000015258789,37.97999954223633,135452100
2006-08-17,QQQ,33.15263366699219,38.72999954223633,38.97999954223633,38.439998626708984,38.459999084472656,129492200
2006-08-18,QQQ,33.203983306884766,38.790000915527344,38.83000183105469,38.279998779296875,38.630001068115234,97754500
2006-08-21,QQQ,32.88726043701172,38.41999816894531,38.560001373291016,38.2599983215332,38.5,66668400
2006-08-22,QQQ,32.89582824707031,38.43000030517578,38.810001373291016,38.20000076293945,38.36000061035156,102058600
2006-08-23,QQQ,32.6475830078125,38.13999938964844,38.66999816894531,37.91999816894531,38.459999084472656,96056300
2006-08-24,QQQ,32.741737365722656,38.25,38.349998474121094,37.91999816894531,38.25,78985300
2006-08-25,QQQ,32.80167007446289,38.31999969482422,38.63999938964844,38.060001373291016,38.16999816894531,73572900
2006-08-28,QQQ,33.04989242553711,38.61000061035156,38.790000915527344,38.2400016784668,38.290000915527344,80035000
2006-08-29,QQQ,33.15263366699219,38.72999954223633,38.7599983215332,38.18000030517578,38.58000183105469,104842000
2006-08-30,QQQ,33.30670166015625,38.90999984741211,39.029998779296875,38.599998474121094,38.720001220703125,75687200
2006-08-31,QQQ,33.27244567871094,38.869998931884766,39.029998779296875,38.7599983215332,38.959999084472656,61207200
2006-09-01,QQQ,33.452205657958984,39.08000183105469,39.209999084472656,38.900001525878906,39.08000183105469,69388500
2006-09-05,QQQ,33.77750015258789,39.459999084472656,39.47999954223633,38.849998474121094,39.099998474121094,85582800
2006-09-06,QQQ,33.10126495361328,38.66999816894531,39.189998626708984,38.61000061035156,39.099998474121094,97888600
2006-09-07,QQQ,32.94718933105469,38.4900016784668,38.900001525878906,38.36000061035156,38.54999923706055,115877400
2006-09-08,QQQ,33.14406967163086,38.720001220703125,38.81999969482422,38.459999084472656,38.540000915527344,96627000
2006-09-11,QQQ,33.34949493408203,38.959999084472656,39.150001525878906,38.31999969482422,38.40999984741211,142377500
2006-09-12,QQQ,33.965824127197266,39.68000030517578,39.79999923706055,38.95000076293945,38.95000076293945,124102400
2006-09-13,QQQ,34.19694519042969,39.95000076293945,39.97999954223633,39.630001068115234,39.709999084472656,116054300
2006-09-14,QQQ,34.231178283691406,39.9900016784668,40.220001220703125,39.7599983215332,39.849998474121094,98116000
2006-09-15,QQQ,34.353668212890625,40.11000061035156,40.459999084472656,40.0,40.29999923706055,137825600
2006-09-18,QQQ,34.36222839355469,40.119998931884766,40.400001525878906,39.939998626708984,40.119998931884766,117806700
2006-09-19,QQQ,34.13096237182617,39.849998474121094,40.25,39.52000045776367,40.220001220703125,159060800
2006-09-20,QQQ,34.62774658203125,40.43000030517578,40.540000915527344,40.189998626708984,40.20000076293945,116635500
2006-09-21,QQQ,34.413612365722656,40.18000030517578,40.66999816894531,40.08000183105469,40.529998779296875,121886900
2006-09-22,QQQ,34.14809799194336,39.869998931884766,40.15999984741211,39.70000076293945,40.150001525878906,100996400
2006-09-25,QQQ,34.74765396118164,40.56999969482422,40.65999984741211,39.68000030517578,40.040000915527344,136473400
2006-09-26,QQQ,34.91892623901367,40.77000045776367,40.79999923706055,40.400001525878906,40.52000045776367,113375600
2006-09-27,QQQ,34.8761100769043,40.720001220703125,40.95000076293945,40.5,40.66999816894531,113003800
2006-09-28,QQQ,34.9703254699707,40.83000183105469,40.88999938964844,40.43000030517578,40.77000045776367,85943600
2006-09-29,QQQ,34.81615447998047,40.650001525878906,40.93000030517578,40.619998931884766,40.900001525878906,85438200
2006-10-02,QQQ,34.379329681396484,40.13999938964844,40.70000076293945,40.08000183105469,40.599998474121094,97068800
2006-10-03,QQQ,34.524967193603516,40.310001373291016,40.47999954223633,39.880001068115234,40.02000045776367,116261400
2006-10-04,QQQ,35.37287521362305,41.29999923706055,41.310001373291016,40.13999938964844,40.2400016784668,149209500
2006-10-05,QQQ,35.54417037963867,41.5,41.560001373291016,41.18000030517578,41.29999923706055,91799900
2006-10-06,QQQ,35.46708679199219,41.40999984741211,41.560001373291016,41.2400016784668,41.36000061035156,85450400
2006-10-09,QQQ,35.58698272705078,41.54999923706055,41.7400016784668,41.31999969482422,41.36000061035156,62786100
2006-10-10,QQQ,35.64693832397461,41.619998931884766,41.75,41.310001373291016,41.599998474121094,98181800
2006-10-11,QQQ,35.578433990478516,41.540000915527344,41.83000183105469,41.16999816894531,41.43000030517578,136561300
2006-10-12,QQQ,36.143707275390625,42.20000076293945,42.25,41.70000076293945,41.7599983215332,95260200
2006-10-13,QQQ,36.3407096862793,42.43000030517578,42.52000045776367,42.13999938964844,42.22999954223633,80470200
2006-10-16,QQQ,36.37496566772461,42.470001220703125,42.619998931884766,42.400001525878906,42.43000030517578,62017400
2006-10-17,QQQ,35.972412109375,42.0,42.20000076293945,41.7599983215332,42.16999816894531,146149100
2006-10-18,QQQ,35.80111312866211,41.79999923706055,42.310001373291016,41.650001525878906,42.220001220703125,120366100
2006-10-19,QQQ,35.886775970458984,41.900001525878906,42.11000061035156,41.59000015258789,41.689998626708984,108198400
2006-10-20,QQQ,35.972412109375,42.0,42.08000183105469,41.63999938964844,42.040000915527344,105454300
2006-10-23,QQQ,36.3407096862793,42.43000030517578,42.58000183105469,41.81999969482422,41.91999816894531,126960500
2006-10-24,QQQ,36.09233856201172,42.13999938964844,42.45000076293945,41.91999816894531,42.279998779296875,103541700
2006-10-25,QQQ,36.3407096862793,42.43000030517578,42.52000045776367,42.04999923706055,42.15999984741211,125399500
2006-10-26,QQQ,36.67473220825195,42.81999969482422,42.91999816894531,42.220001220703125,42.58000183105469,130260700
2006-10-27,QQQ,36.152278900146484,42.209999084472656,42.81999969482422,42.08000183105469,42.720001220703125,129375000
2006-10-30,QQQ,36.38352966308594,42.47999954223633,42.650001525878906,42.060001373291016,42.15999984741211,103899900
2006-10-31,QQQ,36.469181060791016,42.58000183105469,42.7599983215332,42.310001373291016,42.560001373291016,135811800
2006-11-01,QQQ,35.972412109375,42.0,42.77000045776367,41.81999969482422,42.72999954223633,148960600
2006-11-02,QQQ,36.00666427612305,42.040000915527344,42.13999938964844,41.7400016784668,41.810001373291016,100216400
2006-11-03,QQQ,35.9124641418457,41.93000030517578,42.189998626708984,41.61000061035156,42.099998474121094,119263300
2006-11-06,QQQ,36.43492126464844,42.540000915527344,42.709999084472656,42.060001373291016,42.06999969482422,101283300
2006-11-07,QQQ,36.68330001831055,42.83000183105469,43.09000015258789,42.470001220703125,42.540000915527344,139706500
2006-11-08,QQQ,36.85458755493164,43.029998779296875,43.20000076293945,42.470001220703125,42.59000015258789,180245700
2006-11-09,QQQ,36.68330001831055,42.83000183105469,43.349998474121094,42.66999816894531,43.2599983215332,124278000
2006-11-10,QQQ,36.85458755493164,43.029998779296875,43.040000915527344,42.66999816894531,42.84000015258789,82419400
2006-11-13,QQQ,37.231449127197266,43.470001220703125,43.540000915527344,43.0,43.04999923706055,89146200
2006-11-14,QQQ,37.62541961669922,43.93000030517578,43.970001220703125,43.2400016784668,43.5,121962800
2006-11-15,QQQ,37.779598236083984,44.11000061035156,44.400001525878906,43.91999816894531,43.9900016784668,116565900
2006-11-16,QQQ,37.94232940673828,44.29999923706055,44.41999816894531,44.02000045776367,44.2599983215332,113513200
2006-11-17,QQQ,37.94232940673828,44.29999923706055,44.29999923706055,43.95000076293945,44.060001373291016,95162500
2006-11-20,QQQ,38.019412994384766,44.38999938964844,44.47999954223633,44.0099983215332,44.15999984741211,107184100
2006-11-21,QQQ,38.07080841064453,44.45000076293945,44.5099983215332,44.25,44.41999816894531,68092200
2006-11-22,QQQ,38.310638427734375,44.72999954223633,44.75,44.2599983215332,44.58000183105469,69852700
2006-11-24,QQQ,38.24209213256836,44.650001525878906,44.86000061035156,44.380001068115234,44.400001525878906,51762900
2006-11-27,QQQ,37.377052307128906,43.63999938964844,44.61000061035156,43.63999938964844,44.5099983215332,159506300
2006-11-28,QQQ,37.48838806152344,43.77000045776367,43.84000015258789,43.34000015258789,43.5099983215332,118268400
2006-11-29,QQQ,37.745330810546875,44.06999969482422,44.18000030517578,43.65999984741211,44.0,139515500
2006-11-30,QQQ,37.71964645385742,44.040000915527344,44.279998779296875,43.790000915527344,44.04999923706055,123457100
2006-12-01,QQQ,37.394187927246094,43.65999984741211,44.349998474121094,43.2599983215332,44.0,144559600
2006-12-04,QQQ,37.90806579589844,44.2599983215332,44.47999954223633,43.790000915527344,43.790000915527344,89782400
2006-12-05,QQQ,38.04508972167969,44.41999816894531,44.54999923706055,44.189998626708984,44.38999938964844,84697500
2006-12-06,QQQ,37.90806579589844,44.2599983215332,44.400001525878906,44.06999969482422,44.279998779296875,78207500
2006-12-07,QQQ,37.428443908691406,43.70000076293945,44.47999954223633,43.70000076293945,44.34000015258789,124936100
2006-12-08,QQQ,37.59971618652344,43.900001525878906,44.2599983215332,43.470001220703125,43.560001373291016,133798700
2006-12-11,QQQ,37.736785888671875,44.060001373291016,44.369998931884766,43.75,43.83000183105469,72931300
2006-12-12,QQQ,37.51408767700195,43.79999923706055,44.130001068115234,43.560001373291016,44.04999923706055,110985900
2006-12-13,QQQ,37.582618713378906,43.880001068115234,44.11000061035156,43.619998931884766,44.099998474121094,79035500
2006-12-14,QQQ,38.002281188964844,44.369998931884766,44.56999969482422,43.939998626708984,43.970001220703125,109104200
2006-12-15,QQQ,38.10004425048828,44.43000030517578,44.7599983215332,44.349998474121094,44.68000030517578,99942300
2006-12-18,QQQ,37.72272491455078,43.9900016784668,44.75,43.79999923706055,44.58000183105469,121588700
2006-12-19,QQQ,37.602684020996094,43.849998474121094,44.060001373291016,43.380001068115234,43.650001525878906,136535200
2006-12-20,QQQ,37.465476989746094,43.689998626708984,44.11000061035156,43.66999816894531,43.900001525878906,67213400
2006-12-21,QQQ,37.19964599609375,43.380001068115234,43.790000915527344,43.209999084472656,43.7400016784668,102952300
2006-12-22,QQQ,36.81375503540039,42.93000030517578,43.40999984741211,42.93000030517578,43.400001525878906,92858600
2006-12-26,QQQ,36.96810531616211,43.11000061035156,43.119998931884766,42.880001068115234,42.93000030517578,50848600
2006-12-27,QQQ,37.15676498413086,43.33000183105469,43.400001525878906,43.099998474121094,43.209999084472656,54129200
2006-12-28,QQQ,36.97666549682617,43.119998931884766,43.380001068115234,43.04999923706055,43.20000076293945,69016000
2006-12-29,QQQ,37.01099395751953,43.15999984741211,43.61000061035156,43.119998931884766,43.189998626708984,75152500
2007-01-03,QQQ,37.07958221435547,43.2400016784668,44.060001373291016,42.52000045776367,43.459999084472656,167689500
2007-01-04,QQQ,37.78276824951172,44.060001373291016,44.209999084472656,43.150001525878906,43.29999923706055,136853500
2007-01-05,QQQ,37.602684020996094,43.849998474121094,43.95000076293945,43.47999954223633,43.95000076293945,138958800
2007-01-08,QQQ,37.62841796875,43.880001068115234,44.119998931884766,43.63999938964844,43.88999938964844,106401600
2007-01-09,QQQ,37.817054748535156,44.099998474121094,44.290000915527344,43.630001068115234,44.0099983215332,121577500
2007-01-10,QQQ,38.26297378540039,44.619998931884766,44.65999984741211,43.81999969482422,43.959999084472656,121070100
2007-01-11,QQQ,38.65741729736328,45.08000183105469,45.2400016784668,44.650001525878906,44.709999084472656,174029800
2007-01-12,QQQ,38.85465621948242,45.310001373291016,45.349998474121094,44.970001220703125,45.02000045776367,104217300
2007-01-16,QQQ,38.828922271728516,45.279998779296875,45.400001525878906,45.130001068115234,45.349998474121094,95690500
2007-01-17,QQQ,38.511653900146484,44.90999984741211,45.290000915527344,44.83000183105469,45.09000015258789,127142600
2007-01-18,QQQ,37.79990005493164,44.08000183105469,44.84000015258789,43.95000076293945,44.790000915527344,189029800
2007-01-19,QQQ,37.877079010009766,44.16999816894531,44.279998779296875,43.90999984741211,43.970001220703125,127544300
2007-01-22,QQQ,37.465476989746094,43.689998626708984,44.22999954223633,43.5099983215332,44.209999084472656,123441700
2007-01-23,QQQ,37.371150970458984,43.58000183105469,43.97999954223633,43.5,43.65999984741211,133103600
2007-01-24,QQQ,37.98855972290039,44.29999923706055,44.31999969482422,43.77000045776367,43.86000061035156,117615300
2007-01-25,QQQ,37.49977493286133,43.72999954223633,44.470001220703125,43.58000183105469,44.36000061035156,158337600
2007-01-26,QQQ,37.362571716308594,43.56999969482422,43.83000183105469,43.290000915527344,43.810001373291016,146284300
2007-01-29,QQQ,37.39686965942383,43.61000061035156,43.90999984741211,43.400001525878906,43.459999084472656,104191500
2007-01-30,QQQ,37.41402816772461,43.630001068115234,43.790000915527344,43.52000045776367,43.68000030517578,69605900
2007-01-31,QQQ,37.79133224487305,44.06999969482422,44.189998626708984,43.33000183105469,43.58000183105469,157772500
2007-02-01,QQQ,37.73130416870117,44.0,44.400001525878906,43.849998474121094,44.27000045776367,147365600
2007-02-02,QQQ,37.86851501464844,44.15999984741211,44.25,43.939998626708984,44.119998931884766,98189200
2007-02-05,QQQ,37.83420944213867,44.119998931884766,44.36000061035156,43.959999084472656,44.13999938964844,96347800
2007-02-06,QQQ,37.78276824951172,44.060001373291016,44.22999954223633,43.63999938964844,44.20000076293945,121110200
2007-02-07,QQQ,38.12578582763672,44.459999084472656,44.650001525878906,44.119998931884766,44.279998779296875,117823800
2007-02-08,QQQ,38.117191314697266,44.45000076293945,44.599998474121094,44.22999954223633,44.400001525878906,89521900
2007-02-09,QQQ,37.62841796875,43.880001068115234,44.720001220703125,43.72999954223633,44.56999969482422,133472000
2007-02-12,QQQ,37.48263931274414,43.709999084472656,43.88999938964844,43.59000015258789,43.869998931884766,126940000
2007-02-13,QQQ,37.61125564575195,43.86000061035156,44.0,43.70000076293945,43.779998779296875,93648000
2007-02-14,QQQ,38.24580383300781,44.599998474121094,44.709999084472656,44.040000915527344,44.040000915527344,133370000
2007-02-15,QQQ,38.46877670288086,44.86000061035156,44.86000061035156,44.54999923706055,44.630001068115234,110452500
2007-02-16,QQQ,38.34016036987305,44.709999084472656,44.83000183105469,44.56999969482422,44.65999984741211,72342200
2007-02-20,QQQ,38.6317024230957,45.04999923706055,45.119998931884766,44.43000030517578,44.63999938964844,93629000
2007-02-21,QQQ,38.75178146362305,45.189998626708984,45.209999084472656,44.83000183105469,44.91999816894531,95864000
2007-02-22,QQQ,38.94898986816406,45.41999816894531,45.54999923706055,45.06999969482422,45.36000061035156,116344400
2007-02-23,QQQ,38.811798095703125,45.2599983215332,45.459999084472656,45.060001373291016,45.41999816894531,113467100
2007-02-26,QQQ,38.623138427734375,45.040000915527344,45.5,44.7599983215332,45.47999954223633,101623700
2007-02-27,QQQ,37.03669738769531,43.189998626708984,44.47999954223633,43.060001373291016,44.369998931884766,317813200
2007-02-28,QQQ,37.15676498413086,43.33000183105469,43.7599983215332,42.93000030517578,43.150001525878906,214978700
2007-03-01,QQQ,36.985260009765625,43.130001068115234,43.540000915527344,42.2400016784668,42.54999923706055,231806500
2007-03-02,QQQ,36.42787551879883,42.47999954223633,43.13999938964844,42.470001220703125,42.779998779296875,183359400
2007-03-05,QQQ,36.144874572753906,42.150001525878906,42.79999923706055,42.060001373291016,42.150001525878906,171885400
2007-03-06,QQQ,36.74516677856445,42.849998474121094,42.9900016784668,42.5,42.529998779296875,155551800
2007-03-07,QQQ,36.5993537902832,42.68000030517578,42.97999954223633,42.650001525878906,42.86000061035156,119979300
2007-03-08,QQQ,36.84804153442383,42.970001220703125,43.2400016784668,42.84000015258789,43.130001068115234,120900700
2007-03-09,QQQ,36.81375503540039,42.93000030517578,43.34000015258789,42.650001525878906,43.33000183105469,128597600
2007-03-12,QQQ,37.05385208129883,43.209999084472656,43.279998779296875,42.83000183105469,42.869998931884766,81310100
2007-03-13,QQQ,36.333526611328125,42.369998931884766,43.2400016784668,42.36000061035156,43.0,171231800
2007-03-14,QQQ,36.86519241333008,42.9900016784668,43.0,42.099998474121094,42.43000030517578,192586700
2007-03-15,QQQ,36.77943801879883,42.88999938964844,43.060001373291016,42.720001220703125,42.900001525878906,111627400
2007-03-16,QQQ,36.75114822387695,42.83000183105469,43.040000915527344,42.61000061035156,42.939998626708984,108328800
2007-03-19,QQQ,37.12867736816406,43.27000045776367,43.38999938964844,42.95000076293945,43.060001373291016,95913200
2007-03-20,QQQ,37.394683837890625,43.58000183105469,43.59000015258789,43.209999084472656,43.2599983215332,78755700
2007-03-21,QQQ,38.11544418334961,44.41999816894531,44.439998626708984,43.349998474121094,43.63999938964844,173333500
2007-03-22,QQQ,37.97818374633789,44.2599983215332,44.45000076293945,44.09000015258789,44.439998626708984,114856300
2007-03-23,QQQ,37.85803985595703,44.119998931884766,44.369998931884766,44.06999969482422,44.2599983215332,68530300
2007-03-26,QQQ,38.012481689453125,44.29999923706055,44.31999969482422,43.630001068115234,44.13999938964844,114237300
2007-03-27,QQQ,37.74649429321289,43.9900016784668,44.2400016784668,43.95000076293945,44.22999954223633,76419200
2007-03-28,QQQ,37.34320831298828,43.52000045776367,44.029998779296875,43.5099983215332,43.79999923706055,142795000
2007-03-29,QQQ,37.38610076904297,43.56999969482422,43.849998474121094,43.099998474121094,43.81999969482422,124407000
2007-03-30,QQQ,37.35179138183594,43.529998779296875,43.869998931884766,43.220001220703125,43.560001373291016,120418700
2007-04-02,QQQ,37.40327453613281,43.59000015258789,43.7599983215332,43.29999923706055,43.66999816894531,89617700
2007-04-03,QQQ,37.89236831665039,44.15999984741211,44.310001373291016,43.790000915527344,43.81999969482422,105814500
2007-04-04,QQQ,38.046817779541016,44.34000015258789,44.380001068115234,44.130001068115234,44.189998626708984,85147200
2007-04-05,QQQ,38.2356071472168,44.560001373291016,44.58000183105469,44.22999954223633,44.290000915527344,54220200
2007-04-09,QQQ,38.141197204589844,44.45000076293945,44.75,44.380001068115234,44.709999084472656,63050200
2007-04-10,QQQ,38.338558197021484,44.68000030517578,44.68000030517578,44.40999984741211,44.439998626708984,76364500
2007-04-11,QQQ,37.935272216796875,44.209999084472656,44.65999984741211,44.06999969482422,44.63999938964844,114012300
2007-04-12,QQQ,38.2356071472168,44.560001373291016,44.619998931884766,43.95000076293945,44.13999938964844,113801300
2007-04-13,QQQ,38.31281661987305,44.650001525878906,44.720001220703125,44.290000915527344,44.56999969482422,94572000
2007-04-16,QQQ,38.66463851928711,45.060001373291016,45.150001525878906,44.83000183105469,44.83000183105469,72803200
2007-04-17,QQQ,38.75044250488281,45.15999984741211,45.20000076293945,44.959999084472656,45.150001525878906,81852300
2007-04-18,QQQ,38.62173080444336,45.0099983215332,45.22999954223633,44.83000183105469,44.93000030517578,82002500
2007-04-19,QQQ,38.741859436035156,45.150001525878906,45.25,44.720001220703125,44.810001373291016,95413000
2007-04-20,QQQ,38.95637893676758,45.400001525878906,45.66999816894531,45.20000076293945,45.52000045776367,122377400
2007-04-23,QQQ,39.01643753051758,45.470001220703125,45.599998474121094,45.34000015258789,45.459999084472656,85303300
2007-04-24,QQQ,39.21378707885742,45.70000076293945,45.83000183105469,45.33000183105469,45.630001068115234,108143700
2007-04-25,QQQ,39.737205505371094,46.310001373291016,46.31999969482422,45.70000076293945,45.849998474121094,106818100
2007-04-26,QQQ,39.94314956665039,46.54999923706055,46.650001525878906,46.33000183105469,46.41999816894531,99308300
2007-04-27,QQQ,39.960323333740234,46.56999969482422,46.70000076293945,46.290000915527344,46.369998931884766,96536500
2007-04-30,QQQ,39.436893463134766,45.959999084472656,46.529998779296875,45.91999816894531,46.4900016784668,93290500
2007-05-01,QQQ,39.40256118774414,45.91999816894531,46.13999938964844,45.65999984741211,45.970001220703125,135044400
2007-05-02,QQQ,39.831607818603516,46.41999816894531,46.58000183105469,46.04999923706055,46.09000015258789,91971600
2007-05-03,QQQ,39.977474212646484,46.59000015258789,46.720001220703125,46.43000030517578,46.5099983215332,98003600
2007-05-04,QQQ,40.01179504394531,46.630001068115234,46.88999938964844,46.41999816894531,46.77000045776367,93591800
2007-05-07,QQQ,40.01179504394531,46.630001068115234,46.779998779296875,46.56999969482422,46.65999984741211,47487900
2007-05-08,QQQ,40.09758377075195,46.72999954223633,46.77000045776367,46.29999923706055,46.470001220703125,95138900
2007-05-09,QQQ,40.183406829833984,46.83000183105469,46.970001220703125,46.459999084472656,46.4900016784668,116021000
2007-05-10,QQQ,39.634239196777344,46.189998626708984,46.779998779296875,46.06999969482422,46.66999816894531,171196300
2007-05-11,QQQ,40.1405143737793,46.779998779296875,46.779998779296875,46.18000030517578,46.2400016784668,104767900
2007-05-14,QQQ,39.86591720581055,46.459999084472656,46.880001068115234,46.189998626708984,46.77000045776367,118899200
2007-05-15,QQQ,39.557029724121094,46.099998474121094,46.70000076293945,45.9900016784668,46.41999816894531,179438500
2007-05-16,QQQ,39.94314956665039,46.54999923706055,46.560001373291016,45.90999984741211,46.20000076293945,144420500
2007-05-17,QQQ,39.75436782836914,46.33000183105469,46.56999969482422,46.290000915527344,46.4900016784668,109869100
2007-05-18,QQQ,40.08042907714844,46.709999084472656,46.709999084472656,46.380001068115234,46.47999954223633,104961700
2007-05-21,QQQ,40.337867736816406,47.0099983215332,47.2400016784668,46.66999816894531,46.7400016784668,112831400
2007-05-22,QQQ,40.372188568115234,47.04999923706055,47.279998779296875,46.869998931884766,47.040000915527344,98029100
2007-05-23,QQQ,40.183406829833984,46.83000183105469,47.369998931884766,46.79999923706055,47.189998626708984,119220600
2007-05-24,QQQ,39.608516693115234,46.15999984741211,47.040000915527344,45.970001220703125,46.86000061035156,206268600
2007-05-25,QQQ,39.857357025146484,46.45000076293945,46.560001373291016,46.18000030517578,46.2599983215332,87143200
2007-05-29,QQQ,40.16624450683594,46.810001373291016,46.86000061035156,46.40999984741211,46.5,99702400
2007-05-30,QQQ,40.49230194091797,47.189998626708984,47.20000076293945,46.349998474121094,46.47999954223633,132036500
2007-05-31,QQQ,40.68109130859375,47.40999984741211,47.52000045776367,47.209999084472656,47.31999969482422,109457700
2007-06-01,QQQ,40.706817626953125,47.439998626708984,47.77000045776367,47.369998931884766,47.58000183105469,125089800
2007-06-04,QQQ,40.826969146728516,47.58000183105469,47.63999938964844,47.2400016784668,47.27000045776367,64782700
2007-06-05,QQQ,40.826969146728516,47.58000183105469,47.58000183105469,47.0,47.45000076293945,151160400
2007-06-06,QQQ,40.389347076416016,47.06999969482422,47.380001068115234,46.959999084472656,47.369998931884766,183166500
2007-06-07,QQQ,39.76295471191406,46.34000015258789,47.209999084472656,46.31999969482422,46.90999984741211,221373300
2007-06-08,QQQ,40.25206756591797,46.90999984741211,46.93000030517578,46.15999984741211,46.31999969482422,177587800
2007-06-11,QQQ,40.17482376098633,46.81999969482422,47.189998626708984,46.7599983215332,46.880001068115234,97100400
2007-06-12,QQQ,39.93457794189453,46.540000915527344,47.040000915527344,46.45000076293945,46.56999969482422,153967700
2007-06-13,QQQ,40.372188568115234,47.04999923706055,47.09000015258789,46.540000915527344,46.7400016784668,147985300
2007-06-14,QQQ,40.63819885253906,47.36000061035156,47.4900016784668,47.09000015258789,47.099998474121094,101531900
2007-06-15,QQQ,41.013458251953125,47.7599983215332,47.869998931884766,47.650001525878906,47.7599983215332,100378400
2007-06-18,QQQ,41.022056579589844,47.77000045776367,47.869998931884766,47.66999816894531,47.849998474121094,75713200
2007-06-19,QQQ,41.013458251953125,47.7599983215332,47.86000061035156,47.5099983215332,47.630001068115234,109621300
2007-06-20,QQQ,40.62704849243164,47.310001373291016,47.91999816894531,47.2400016784668,47.83000183105469,161889500
2007-06-21,QQQ,40.99629211425781,47.7400016784668,47.790000915527344,47.08000183105469,47.290000915527344,143181300
2007-06-22,QQQ,40.6098518371582,47.290000915527344,47.709999084472656,47.13999938964844,47.63999938964844,153328700
2007-06-25,QQQ,40.438114166259766,47.09000015258789,47.58000183105469,46.81999969482422,47.29999923706055,136602600
2007-06-26,QQQ,40.20623779296875,46.81999969482422,47.31999969482422,46.7400016784668,47.310001373291016,128211900
2007-06-27,QQQ,40.82452392578125,47.540000915527344,47.560001373291016,46.70000076293945,46.77000045776367,141196200
2007-06-28,QQQ,40.80735397338867,47.52000045776367,47.849998474121094,47.470001220703125,47.52000045776367,116546300
2007-06-29,QQQ,40.87605285644531,47.599998474121094,47.880001068115234,47.209999084472656,47.779998779296875,124794700
2007-07-02,QQQ,41.24531936645508,48.029998779296875,48.04999923706055,47.68000030517578,47.709999084472656,80863100
2007-07-03,QQQ,41.48575210571289,48.310001373291016,48.31999969482422,48.040000915527344,48.09000015258789,34803300
2007-07-05,QQQ,41.78632354736328,48.65999984741211,48.77000045776367,48.290000915527344,48.34000015258789,73588500
2007-07-06,QQQ,41.95807647705078,48.86000061035156,48.90999984741211,48.5,48.709999084472656,65804300
2007-07-09,QQQ,41.98384094238281,48.88999938964844,48.97999954223633,48.720001220703125,48.900001525878906,66768800
2007-07-10,QQQ,41.63175582885742,48.47999954223633,48.900001525878906,48.43000030517578,48.619998931884766,104383100
2007-07-11,QQQ,41.9151496887207,48.810001373291016,48.810001373291016,48.31999969482422,48.369998931884766,99637600
2007-07-12,QQQ,42.55918502807617,49.560001373291016,49.66999816894531,48.91999816894531,48.970001220703125,107667100
2007-07-13,QQQ,42.85117721557617,49.900001525878906,49.970001220703125,49.56999969482422,49.630001068115234,74232200
2007-07-16,QQQ,42.8082275390625,49.849998474121094,50.08000183105469,49.7599983215332,49.88999938964844,77799500
2007-07-17,QQQ,43.134544372558594,50.22999954223633,50.29999923706055,49.91999816894531,49.959999084472656,124833700
2007-07-18,QQQ,43.08302307128906,50.16999816894531,50.16999816894531,49.63999938964844,49.95000076293945,144915900
2007-07-19,QQQ,43.21183395385742,50.31999969482422,50.65999984741211,50.310001373291016,50.40999984741211,116563800
2007-07-20,QQQ,42.97996139526367,50.04999923706055,50.36000061035156,49.7400016784668,50.290000915527344,163721300
2007-07-23,QQQ,42.99714660644531,50.06999969482422,50.310001373291016,49.91999816894531,50.220001220703125,107464100
2007-07-24,QQQ,42.361663818359375,49.33000183105469,50.099998474121094,49.04999923706055,49.70000076293945,175496200
2007-07-25,QQQ,42.421791076660156,49.400001525878906,49.66999816894531,49.060001373291016,49.58000183105469,170258700
2007-07-26,QQQ,42.06112289428711,48.97999954223633,49.470001220703125,48.04999923706055,49.060001373291016,318522000
2007-07-27,QQQ,41.21097183227539,47.9900016784668,49.119998931884766,47.9900016784668,48.88999938964844,246387600
2007-07-30,QQQ,41.69184875488281,48.54999923706055,48.72999954223633,47.95000076293945,48.220001220703125,166517200
2007-07-31,QQQ,40.81595230102539,47.529998779296875,48.9900016784668,47.43000030517578,48.970001220703125,260224500
2007-08-01,QQQ,41.13368225097656,47.900001525878906,47.93000030517578,46.97999954223633,47.38999938964844,301153900
2007-08-02,QQQ,41.511539459228516,48.34000015258789,48.43000030517578,47.790000915527344,47.93000030517578,177369900
2007-08-03,QQQ,40.721473693847656,47.41999816894531,48.310001373291016,47.150001525878906,48.25,166048400
2007-08-06,QQQ,41.19378662109375,47.970001220703125,48.02000045776367,47.029998779296875,47.470001220703125,190869100
2007-08-07,QQQ,41.48575210571289,48.310001373291016,48.619998931884766,47.47999954223633,47.880001068115234,167109700
2007-08-08,QQQ,41.9409065246582,48.84000015258789,49.060001373291016,48.400001525878906,48.5099983215332,164831200
2007-08-09,QQQ,40.970523834228516,47.709999084472656,48.970001220703125,47.689998626708984,48.189998626708984,242418200
2007-08-10,QQQ,40.60126876831055,47.279998779296875,47.83000183105469,46.630001068115234,47.20000076293945,247006400
2007-08-13,QQQ,40.87605285644531,47.599998474121094,47.880001068115234,47.47999954223633,47.68000030517578,116935100
2007-08-14,QQQ,40.180484771728516,46.790000915527344,47.7400016784668,46.72999954223633,47.70000076293945,153529800
2007-08-15,QQQ,39.41621398925781,45.900001525878906,47.09000015258789,45.810001373291016,46.68000030517578,214854100
2007-08-16,QQQ,39.029747009277344,45.45000076293945,45.90999984741211,44.38999938964844,45.529998779296875,362468700
2007-08-17,QQQ,39.768272399902344,46.310001373291016,46.59000015258789,45.59000015258789,46.310001373291016,223246600
2007-08-20,QQQ,39.95720291137695,46.529998779296875,46.720001220703125,46.08000183105469,46.4900016784668,144715100
2007-08-21,QQQ,40.37797546386719,47.02000045776367,47.130001068115234,46.38999938964844,46.47999954223633,115027200
2007-08-22,QQQ,40.927574157714844,47.65999984741211,47.70000076293945,47.27000045776367,47.380001068115234,115814100
2007-08-23,QQQ,40.81595230102539,47.529998779296875,47.849998474121094,47.22999954223633,47.790000915527344,118663400
2007-08-24,QQQ,41.39131164550781,48.20000076293945,48.22999954223633,47.31999969482422,47.380001068115234,88189200
2007-08-27,QQQ,41.11650085449219,47.880001068115234,48.20000076293945,47.84000015258789,48.060001373291016,72490400
2007-08-28,QQQ,40.13754653930664,46.7400016784668,47.70000076293945,46.709999084472656,47.599998474121094,106024800
2007-08-29,QQQ,41.28825759887695,48.08000183105469,48.119998931884766,47.04999923706055,47.04999923706055,113201000
2007-08-30,QQQ,41.502952575683594,48.33000183105469,48.7400016784668,47.75,47.83000183105469,138930000
2007-08-31,QQQ,41.96664810180664,48.869998931884766,49.060001373291016,48.61000061035156,48.86000061035156,94687200
2007-09-04,QQQ,42.66223907470703,49.68000030517578,50.0,48.90999984741211,48.93000030517578,98480900
2007-09-05,QQQ,42.23286056518555,49.18000030517578,49.650001525878906,48.869998931884766,49.560001373291016,114049300
2007-09-06,QQQ,42.198524475097656,49.13999938964844,49.36000061035156,48.810001373291016,49.22999954223633,99222600
2007-09-07,QQQ,41.41706085205078,48.22999954223633,48.599998474121094,47.95000076293945,48.529998779296875,152438000
2007-09-10,QQQ,41.39131164550781,48.20000076293945,48.75,47.810001373291016,48.619998931884766,125199400
2007-09-11,QQQ,42.0181884765625,48.93000030517578,48.9900016784668,48.43000030517578,48.5099983215332,103064500
2007-09-12,QQQ,42.026763916015625,48.939998626708984,49.369998931884766,48.779998779296875,48.84000015258789,93993400
2007-09-13,QQQ,42.23286056518555,49.18000030517578,49.349998474121094,48.939998626708984,49.290000915527344,80807500
2007-09-14,QQQ,42.26721954345703,49.220001220703125,49.310001373291016,48.72999954223633,48.79999923706055,99801200
2007-09-17,QQQ,41.9151496887207,48.810001373291016,49.099998474121094,48.59000015258789,49.0,84882300
2007-09-18,QQQ,42.97138595581055,50.040000915527344,50.08000183105469,48.83000183105469,49.09000015258789,151452100
2007-09-19,QQQ,43.08302307128906,50.16999816894531,50.59000015258789,49.97999954223633,50.290000915527344,127025800
2007-09-20,QQQ,42.96279525756836,50.029998779296875,50.2599983215332,49.91999816894531,50.060001373291016,109970600
2007-09-21,QQQ,43.2686767578125,50.36000061035156,50.52000045776367,50.0099983215332,50.279998779296875,86829500
2007-09-24,QQQ,43.466278076171875,50.59000015258789,50.959999084472656,50.33000183105469,50.4900016784668,107226800
2007-09-25,QQQ,43.878684997558594,51.06999969482422,51.06999969482422,50.36000061035156,50.41999816894531,101102200
2007-09-26,QQQ,44.093475341796875,51.31999969482422,51.5099983215332,51.119998931884766,51.36000061035156,96124600
2007-09-27,QQQ,44.31688690185547,51.58000183105469,51.650001525878906,51.36000061035156,51.619998931884766,73423200
2007-09-28,QQQ,44.170806884765625,51.40999984741211,51.68000030517578,51.18000030517578,51.540000915527344,75546000
2007-10-01,QQQ,44.67774200439453,52.0,52.15999984741211,51.380001068115234,51.45000076293945,100404100
2007-10-02,QQQ,44.68633270263672,52.0099983215332,52.060001373291016,51.720001220703125,52.040000915527344,71046000
2007-10-03,QQQ,44.37703323364258,51.650001525878906,52.06999969482422,51.5,51.84000015258789,106785000
2007-10-04,QQQ,44.480125427246094,51.77000045776367,51.83000183105469,51.34000015258789,51.75,84129300
2007-10-05,QQQ,45.382266998291016,52.81999969482422,52.900001525878906,52.060001373291016,52.16999816894531,115674700
2007-10-08,QQQ,45.66580581665039,53.150001525878906,53.15999984741211,52.709999084472656,52.79999923706055,63022400
2007-10-09,QQQ,45.86341857910156,53.380001068115234,53.45000076293945,53.029998779296875,53.27000045776367,93965600
2007-10-10,QQQ,45.975101470947266,53.5099983215332,53.56999969482422,53.209999084472656,53.38999938964844,91777500
2007-10-11,QQQ,45.24479675292969,52.65999984741211,53.939998626708984,52.279998779296875,53.790000915527344,239786700
2007-10-12,QQQ,45.99229431152344,53.529998779296875,53.540000915527344,52.79999923706055,52.900001525878906,131676000
2007-10-15,QQQ,45.64002227783203,53.119998931884766,53.709999084472656,52.70000076293945,53.61000061035156,121578700
2007-10-16,QQQ,45.425228118896484,52.869998931884766,53.279998779296875,52.68000030517578,52.790000915527344,193676600
2007-10-17,QQQ,46.00947570800781,53.54999923706055,53.65999984741211,52.68000030517578,53.619998931884766,183985200
2007-10-18,QQQ,46.20707702636719,53.779998779296875,53.88999938964844,53.119998931884766,53.33000183105469,144491200
2007-10-19,QQQ,45.05576705932617,52.439998626708984,53.77000045776367,52.38999938964844,53.77000045776367,245111500
2007-10-22,QQQ,45.597068786621094,53.06999969482422,53.119998931884766,52.02000045776367,52.15999984741211,207052100
2007-10-23,QQQ,46.550758361816406,54.18000030517578,54.209999084472656,53.34000015258789,53.61000061035156,162360600
2007-10-24,QQQ,46.19849395751953,53.77000045776367,53.939998626708984,52.599998474121094,53.7400016784668,298293400
2007-10-25,QQQ,45.57989501953125,53.04999923706055,53.97999954223633,52.75,53.88999938964844,233833100
2007-10-26,QQQ,46.33596420288086,53.93000030517578,54.20000076293945,53.439998626708984,54.08000183105469,146690300
2007-10-29,QQQ,46.524993896484375,54.150001525878906,54.33000183105469,53.84000015258789,54.189998626708984,101896600
2007-10-30,QQQ,46.619510650634766,54.2599983215332,54.560001373291016,53.900001525878906,53.939998626708984,114616600
2007-10-31,QQQ,47.28109359741211,55.029998779296875,55.06999969482422,54.040000915527344,54.470001220703125,148431900
2007-11-01,QQQ,46.396114349365234,54.0,54.77000045776367,53.970001220703125,54.68000030517578,181974200
2007-11-02,QQQ,46.75697708129883,54.41999816894531,54.54999923706055,53.599998474121094,54.41999816894531,217882900
2007-11-05,QQQ,46.45625686645508,54.06999969482422,54.400001525878906,53.59000015258789,53.86000061035156,150588900
2007-11-06,QQQ,46.98035430908203,54.68000030517578,54.689998626708984,53.779998779296875,54.33000183105469,131884700
2007-11-07,QQQ,45.8376350402832,53.349998474121094,54.58000183105469,53.310001373291016,54.220001220703125,197908200
2007-11-08,QQQ,44.44575500488281,51.72999954223633,53.33000183105469,50.79999923706055,53.13999938964844,380626400
2007-11-09,QQQ,42.95936965942383,50.0,51.119998931884766,50.0,50.72999954223633,309414900
2007-11-12,QQQ,41.868202209472656,48.72999954223633,50.2400016784668,48.650001525878906,49.91999816894531,283216000
2007-11-13,QQQ,43.595149993896484,50.7400016784668,50.790000915527344,49.349998474121094,49.38999938964844,255625900
2007-11-14,QQQ,43.03669738769531,50.09000015258789,51.439998626708984,49.900001525878906,51.38999938964844,263284100
2007-11-15,QQQ,42.804710388183594,49.81999969482422,50.540000915527344,49.369998931884766,50.0,251548800
2007-11-16,QQQ,43.19993209838867,50.279998779296875,50.4900016784668,49.34000015258789,50.15999984741211,263623700
2007-11-19,QQQ,42.70159912109375,49.70000076293945,50.45000076293945,49.40999984741211,50.15999984741211,198651100
2007-11-20,QQQ,42.873435974121094,49.900001525878906,50.779998779296875,48.93000030517578,49.959999084472656,300763600
2007-11-21,QQQ,42.366512298583984,49.310001373291016,50.16999816894531,48.849998474121094,49.45000076293945,212225400
2007-11-23,QQQ,42.8218994140625,49.84000015258789,49.970001220703125,49.369998931884766,49.630001068115234,46463300
2007-11-26,QQQ,42.082984924316406,48.97999954223633,50.369998931884766,48.900001525878906,49.970001220703125,150352100
2007-11-27,QQQ,42.92499923706055,49.959999084472656,50.04999923706055,49.099998474121094,49.400001525878906,211369300
2007-11-28,QQQ,44.230953216552734,51.47999954223633,51.70000076293945,50.599998474121094,50.630001068115234,216868100
2007-11-29,QQQ,44.41998291015625,51.70000076293945,51.88999938964844,51.20000076293945,51.279998779296875,172087300
2007-11-30,QQQ,44.084896087646484,51.310001373291016,52.25,50.95000076293945,52.209999084472656,171417400
2007-12-03,QQQ,43.715450286865234,50.880001068115234,51.529998779296875,50.81999969482422,51.09000015258789,108625700
2007-12-04,QQQ,43.53501510620117,50.66999816894531,50.939998626708984,50.380001068115234,50.4900016784668,113374100
2007-12-05,QQQ,44.31688690185547,51.58000183105469,52.0,51.15999984741211,51.20000076293945,137614200
2007-12-06,QQQ,44.95265579223633,52.31999969482422,52.369998931884766,51.61000061035156,51.630001068115234,99724500
2007-12-07,QQQ,44.96127700805664,52.33000183105469,52.540000915527344,52.08000183105469,52.290000915527344,88992300
2007-12-10,QQQ,45.14170455932617,52.540000915527344,52.689998626708984,52.31999969482422,52.459999084472656,75657900
2007-12-11,QQQ,44.093475341796875,51.31999969482422,52.84000015258789,51.209999084472656,52.619998931884766,167064300
2007-12-12,QQQ,44.488731384277344,51.779998779296875,52.43000030517578,50.88999938964844,52.25,162975200
2007-12-13,QQQ,44.24814224243164,51.5,51.630001068115234,50.97999954223633,51.33000183105469,153476200
2007-12-14,QQQ,43.79277801513672,50.970001220703125,51.599998474121094,50.91999816894531,51.09000015258789,128396700
2007-12-17,QQQ,42.727378845214844,49.72999954223633,50.9900016784668,49.709999084472656,50.779998779296875,134377000
2007-12-18,QQQ,42.86484146118164,49.88999938964844,50.27000045776367,49.18000030517578,50.2400016784668,154251700
2007-12-19,QQQ,42.85627365112305,49.880001068115234,50.20000076293945,49.61000061035156,49.88999938964844,137970900
2007-12-20,QQQ,43.732635498046875,50.900001525878906,50.959999084472656,50.20000076293945,50.619998931884766,167341700
2007-12-21,QQQ,44.59529113769531,51.849998474121094,51.900001525878906,51.47999954223633,51.68000030517578,107573500
2007-12-24,QQQ,44.930728912353516,52.2400016784668,52.400001525878906,51.95000076293945,52.0099983215332,34499800
2007-12-26,QQQ,45.15435791015625,52.5,52.630001068115234,52.0,52.130001068115234,58492100
2007-12-27,QQQ,44.612491607666016,51.869998931884766,52.5,51.709999084472656,52.33000183105469,65778900
2007-12-28,QQQ,44.569488525390625,51.81999969482422,52.15999984741211,51.43000030517578,52.040000915527344,67545400
2007-12-31,QQQ,44.053436279296875,51.220001220703125,51.68000030517578,51.209999084472656,51.56999969482422,70135600
2008-01-02,QQQ,43.35679244995117,50.40999984741211,51.470001220703125,50.130001068115234,51.27000045776367,152344100
2008-01-03,QQQ,43.537391662597656,50.619998931884766,50.7599983215332,50.150001525878906,50.40999984741211,114103700
2008-01-04,QQQ,41.62799072265625,48.400001525878906,49.83000183105469,48.209999084472656,49.810001373291016,212617600
2008-01-07,QQQ,41.4301872253418,48.16999816894531,48.599998474121094,47.43000030517578,48.400001525878906,235083600
2008-01-08,QQQ,40.35507583618164,46.91999816894531,48.7599983215332,46.91999816894531,48.27000045776367,261669800
2008-01-09,QQQ,41.215152740478516,47.91999816894531,47.959999084472656,46.459999084472656,47.11000061035156,254011800
2008-01-10,QQQ,41.2753791809082,47.9900016784668,48.40999984741211,47.290000915527344,47.43000030517578,249958500
2008-01-11,QQQ,40.466915130615234,47.04999923706055,47.77000045776367,46.70000076293945,47.72999954223633,211685200
2008-01-14,QQQ,41.17213439941406,47.869998931884766,48.0099983215332,47.310001373291016,47.689998626708984,168048500
2008-01-15,QQQ,40.036865234375,46.54999923706055,47.52000045776367,46.349998474121094,47.369998931884766,241094900
2008-01-16,QQQ,39.606807708740234,46.04999923706055,46.90999984741211,45.459999084472656,46.189998626708984,265625900
2008-01-17,QQQ,39.056365966796875,45.40999984741211,46.58000183105469,45.20000076293945,46.2400016784668,254098800
2008-01-18,QQQ,39.004756927490234,45.349998474121094,46.13999938964844,44.97999954223633,45.63999938964844,273063300
2008-01-22,QQQ,37.998470306396484,44.18000030517578,44.77000045776367,42.72999954223633,42.83000183105469,325732000
2008-01-23,QQQ,37.852237701416016,44.0099983215332,44.150001525878906,41.61000061035156,42.540000915527344,390129000
2008-01-24,QQQ,38.62630844116211,44.90999984741211,44.93000030517578,44.060001373291016,44.189998626708984,250249100
2008-01-25,QQQ,37.835052490234375,43.9900016784668,45.869998931884766,43.939998626708984,45.869998931884766,199299100
2008-01-28,QQQ,38.12748336791992,44.33000183105469,44.439998626708984,43.56999969482422,44.02000045776367,163711200
2008-01-29,QQQ,38.19626235961914,44.40999984741211,44.68000030517578,44.040000915527344,44.560001373291016,138520000
2008-01-30,QQQ,38.161861419677734,44.369998931884766,45.31999969482422,44.18000030517578,44.25,220824400
2008-01-31,QQQ,38.815547943115234,45.130001068115234,45.59000015258789,43.81999969482422,43.869998931884766,246824100
2008-02-01,QQQ,39.211185455322266,45.59000015258789,45.880001068115234,44.880001068115234,45.5,161920300
2008-02-04,QQQ,38.66072082519531,44.95000076293945,45.61000061035156,44.939998626708984,45.58000183105469,100209900
2008-02-05,QQQ,37.5598030090332,43.66999816894531,44.599998474121094,43.63999938964844,44.16999816894531,188990400
2008-02-06,QQQ,36.820133209228516,42.810001373291016,44.16999816894531,42.77000045776367,43.91999816894531,178285000
2008-02-07,QQQ,37.07816696166992,43.11000061035156,43.790000915527344,42.150001525878906,42.33000183105469,286254800
2008-02-08,QQQ,37.49959182739258,43.599998474121094,43.77000045776367,42.939998626708984,43.20000076293945,173781300
2008-02-11,QQQ,37.903846740722656,44.06999969482422,44.220001220703125,43.540000915527344,43.77000045776367,119562300
2008-02-12,QQQ,37.68882751464844,43.81999969482422,44.68000030517578,43.5099983215332,44.34000015258789,145412400
2008-02-13,QQQ,38.51451110839844,44.779998779296875,44.880001068115234,44.15999984741211,44.38999938964844,148685900
2008-02-14,QQQ,37.817840576171875,43.970001220703125,44.849998474121094,43.88999938964844,44.849998474121094,170868900
2008-02-15,QQQ,37.68882751464844,43.81999969482422,43.97999954223633,43.45000076293945,43.72999954223633,100053300
2008-02-19,QQQ,37.62001419067383,43.7400016784668,44.5,43.27000045776367,44.400001525878906,110507600
2008-02-20,QQQ,37.79201889038086,43.939998626708984,44.09000015258789,43.2400016784668,43.2599983215332,137338800
2008-02-21,QQQ,37.430809020996094,43.52000045776367,44.470001220703125,43.34000015258789,44.36000061035156,127857000
2008-02-22,QQQ,37.56841278076172,43.68000030517578,43.689998626708984,42.599998474121094,43.66999816894531,157364700
2008-02-25,QQQ,37.757633209228516,43.900001525878906,44.06999969482422,43.34000015258789,43.630001068115234,121444300
2008-02-26,QQQ,37.903846740722656,44.06999969482422,44.47999954223633,43.369998931884766,43.650001525878906,148375900
2008-02-27,QQQ,38.09306335449219,44.290000915527344,44.459999084472656,43.66999816894531,43.77000045776367,125682600
2008-02-28,QQQ,37.946842193603516,44.119998931884766,44.529998779296875,43.95000076293945,44.119998931884766,129196700
2008-02-29,QQQ,36.9405517578125,42.95000076293945,43.77000045776367,42.849998474121094,43.650001525878906,188724500
2008-03-03,QQQ,36.69972229003906,42.66999816894531,42.9900016784668,42.2400016784668,42.91999816894531,132963800
2008-03-04,QQQ,36.90616226196289,42.90999984741211,43.040000915527344,42.02000045776367,42.400001525878906,183851000
2008-03-05,QQQ,37.08677673339844,43.119998931884766,43.540000915527344,42.75,42.9900016784668,183208300
2008-03-06,QQQ,36.269691467285156,42.16999816894531,43.27000045776367,42.099998474121094,43.09000015258789,152752200
2008-03-07,QQQ,36.183685302734375,42.06999969482422,42.63999938964844,41.380001068115234,41.91999816894531,242552400
2008-03-10,QQQ,35.487022399902344,41.2599983215332,42.13999938964844,41.16999816894531,42.0099983215332,146801900
2008-03-11,QQQ,36.837345123291016,42.83000183105469,42.849998474121094,41.5099983215332,41.86000061035156,196755300
2008-03-12,QQQ,36.73414611816406,42.709999084472656,43.439998626708984,42.599998474121094,43.0,155566100
2008-03-13,QQQ,37.01797103881836,43.040000915527344,43.33000183105469,41.810001373291016,42.22999954223633,208967900
2008-03-14,QQQ,36.338504791259766,42.25,43.380001068115234,41.7400016784668,43.33000183105469,309589800
2008-03-17,QQQ,35.67625045776367,41.47999954223633,42.0099983215332,41.04999923706055,41.290000915527344,193130600
2008-03-18,QQQ,37.26739501953125,43.33000183105469,43.34000015258789,42.11000061035156,42.2400016784668,216300400
2008-03-19,QQQ,36.34709167480469,42.2599983215332,43.599998474121094,42.22999954223633,43.5099983215332,216157200
2008-03-20,QQQ,37.08992004394531,43.09000015258789,43.099998474121094,42.099998474121094,42.349998474121094,128397000
2008-03-24,QQQ,38.37245178222656,44.58000183105469,44.7599983215332,43.279998779296875,43.279998779296875,125018000
2008-03-25,QQQ,38.587650299072266,44.83000183105469,45.06999969482422,44.279998779296875,44.70000076293945,118107500
2008-03-26,QQQ,38.475746154785156,44.70000076293945,44.849998474121094,44.279998779296875,44.66999816894531,124824600
2008-03-27,QQQ,37.623600006103516,43.709999084472656,44.5099983215332,43.709999084472656,44.439998626708984,143868600
2008-03-28,QQQ,37.434234619140625,43.4900016784668,44.34000015258789,43.33000183105469,44.02000045776367,111822300
2008-03-31,QQQ,37.63221740722656,43.720001220703125,44.02000045776367,43.45000076293945,43.650001525878906,113644800
2008-04-01,QQQ,39.241817474365234,45.59000015258789,45.61000061035156,44.40999984741211,44.41999816894531,137494400
2008-04-02,QQQ,39.15574645996094,45.4900016784668,46.02000045776367,45.16999816894531,45.70000076293945,132486800
2008-04-03,QQQ,39.241817474365234,45.59000015258789,45.90999984741211,45.13999938964844,45.290000915527344,140033800
2008-04-04,QQQ,39.47422790527344,45.86000061035156,46.349998474121094,45.400001525878906,45.77000045776367,139261000
2008-04-07,QQQ,39.388160705566406,45.7599983215332,46.40999984741211,45.650001525878906,46.13999938964844,102297100
2008-04-08,QQQ,39.08689880371094,45.40999984741211,45.720001220703125,45.18000030517578,45.40999984741211,97435200
2008-04-09,QQQ,38.647884368896484,44.900001525878906,45.4900016784668,44.630001068115234,45.470001220703125,127182300
2008-04-10,QQQ,39.198768615722656,45.540000915527344,45.84000015258789,44.93000030517578,44.93000030517578,112773800
2008-04-11,QQQ,38.114234924316406,44.279998779296875,45.099998474121094,44.119998931884766,45.02000045776367,120135400
2008-04-14,QQQ,37.94207763671875,44.08000183105469,44.47999954223633,43.95000076293945,44.209999084472656,89274600
2008-04-15,QQQ,37.993736267089844,44.13999938964844,44.349998474121094,43.68000030517578,44.2400016784668,124232300
2008-04-16,QQQ,39.05243682861328,45.369998931884766,45.47999954223633,44.650001525878906,44.689998626708984,134027900
2008-04-17,QQQ,38.96636962890625,45.27000045776367,45.470001220703125,44.97999954223633,45.41999816894531,124953100
2008-04-18,QQQ,40.20586395263672,46.709999084472656,46.93000030517578,46.220001220703125,46.470001220703125,133022500
2008-04-21,QQQ,40.48991012573242,47.040000915527344,47.08000183105469,46.4900016784668,46.619998931884766,83303200
2008-04-22,QQQ,39.887386322021484,46.34000015258789,46.77000045776367,45.93000030517578,46.75,104689600
2008-04-23,QQQ,40.326358795166016,46.849998474121094,47.060001373291016,46.27000045776367,46.68000030517578,131086200
2008-04-24,QQQ,40.68788146972656,47.27000045776367,47.790000915527344,46.38999938964844,46.869998931884766,166509000
2008-04-25,QQQ,40.58458709716797,47.150001525878906,47.349998474121094,46.56999969482422,47.31999969482422,121945400
2008-04-28,QQQ,40.66206359863281,47.2400016784668,47.619998931884766,47.130001068115234,47.2599983215332,71244000
2008-04-29,QQQ,40.971946716308594,47.599998474121094,47.7599983215332,47.060001373291016,47.150001525878906,91270600
2008-04-30,QQQ,40.63624954223633,47.209999084472656,48.060001373291016,47.029998779296875,47.70000076293945,132152700
2008-05-01,QQQ,41.91876220703125,48.70000076293945,48.720001220703125,47.220001220703125,47.22999954223633,143596900
2008-05-02,QQQ,41.97899627685547,48.77000045776367,49.189998626708984,48.34000015258789,49.15999984741211,124990000
2008-05-05,QQQ,41.85851287841797,48.630001068115234,49.029998779296875,48.400001525878906,48.77000045776367,75624700
2008-05-06,QQQ,42.11674118041992,48.93000030517578,49.130001068115234,48.13999938964844,48.4900016784668,139582600
2008-05-07,QQQ,41.350677490234375,48.040000915527344,49.22999954223633,47.869998931884766,48.939998626708984,140008300
2008-05-08,QQQ,41.66053771972656,48.400001525878906,48.70000076293945,48.060001373291016,48.2400016784668,128058700
2008-05-09,QQQ,41.49699401855469,48.209999084472656,48.459999084472656,47.900001525878906,48.040000915527344,97062000
2008-05-12,QQQ,42.25444793701172,49.09000015258789,49.189998626708984,48.20000076293945,48.279998779296875,89606500
2008-05-13,QQQ,42.36635208129883,49.220001220703125,49.33000183105469,48.7599983215332,49.11000061035156,85448100
2008-05-14,QQQ,42.27167510986328,49.11000061035156,49.93000030517578,49.040000915527344,49.40999984741211,143598200
2008-05-15,QQQ,43.011924743652344,49.970001220703125,50.02000045776367,48.97999954223633,49.119998931884766,157248900
2008-05-16,QQQ,43.04634475708008,50.0099983215332,50.11000061035156,49.45000076293945,50.06999969482422,146563200
2008-05-19,QQQ,42.73646926879883,49.650001525878906,50.470001220703125,49.34000015258789,50.04999923706055,140048700
2008-05-20,QQQ,42.40939712524414,49.27000045776367,49.470001220703125,48.88999938964844,49.470001220703125,137163700
2008-05-21,QQQ,41.47117233276367,48.18000030517578,49.599998474121094,48.02000045776367,49.33000183105469,192806700
2008-05-22,QQQ,41.61751174926758,48.349998474121094,48.689998626708984,48.11000061035156,48.29999923706055,153198200
2008-05-23,QQQ,41.48838424682617,48.20000076293945,48.349998474121094,47.81999969482422,48.18000030517578,121698400
2008-05-27,QQQ,42.220035552978516,49.04999923706055,49.11000061035156,48.290000915527344,48.29999923706055,106984300
2008-05-28,QQQ,42.392189025878906,49.25,49.36000061035156,48.75,49.279998779296875,121363000
2008-05-29,QQQ,42.77091979980469,49.689998626708984,49.970001220703125,49.25,49.279998779296875,143993000
2008-05-30,QQQ,43.04634475708008,50.0099983215332,50.2400016784668,49.75,49.880001068115234,94153600
2008-06-02,QQQ,42.52129364013672,49.400001525878906,49.91999816894531,48.959999084472656,49.91999816894531,144359900
2008-06-03,QQQ,42.28889465332031,49.130001068115234,49.900001525878906,48.66999816894531,49.59000015258789,167606900
2008-06-04,QQQ,42.83115768432617,49.7599983215332,50.099998474121094,48.939998626708984,48.97999954223633,174870800
2008-06-05,QQQ,43.511165618896484,50.54999923706055,50.61000061035156,49.70000076293945,49.88999938964844,126653700
2008-06-06,QQQ,42.20281219482422,49.029998779296875,50.209999084472656,49.02000045776367,50.11000061035156,189136000
2008-06-09,QQQ,41.97899627685547,48.77000045776367,49.189998626708984,47.95000076293945,49.130001068115234,208897300
2008-06-10,QQQ,41.78105163574219,48.540000915527344,48.939998626708984,48.15999984741211,48.27000045776367,162798500
2008-06-11,QQQ,40.773948669433594,47.369998931884766,48.52000045776367,47.349998474121094,48.439998626708984,170366900
2008-06-12,QQQ,40.816986083984375,47.41999816894531,48.11000061035156,47.0,47.709999084472656,189913200
2008-06-13,QQQ,41.63471221923828,48.369998931884766,48.470001220703125,47.459999084472656,47.709999084472656,167855000
2008-06-16,QQQ,42.00484848022461,48.79999923706055,49.02000045776367,48.06999969482422,48.119998931884766,136343900
2008-06-17,QQQ,41.78105163574219,48.540000915527344,49.060001373291016,48.470001220703125,48.95000076293945,122932000
2008-06-18,QQQ,41.333465576171875,48.02000045776367,48.45000076293945,47.83000183105469,48.2599983215332,169338100
2008-06-19,QQQ,41.97899627685547,48.77000045776367,49.0099983215332,47.61000061035156,47.93000030517578,221304200
2008-06-20,QQQ,40.8454704284668,47.41999816894531,48.349998474121094,47.209999084472656,48.33000183105469,197434200
2008-06-23,QQQ,40.526771545410156,47.04999923706055,47.7400016784668,46.97999954223633,47.61000061035156,131488800
2008-06-24,QQQ,40.32005310058594,46.810001373291016,47.369998931884766,46.40999984741211,46.83000183105469,178293800
2008-06-25,QQQ,40.974666595458984,47.56999969482422,48.0,46.939998626708984,47.0099983215332,179023400
2008-06-26,QQQ,39.320865631103516,45.650001525878906,46.70000076293945,45.63999938964844,46.689998626708984,190028300
2008-06-27,QQQ,39.320865631103516,45.650001525878906,45.900001525878906,44.970001220703125,45.599998474121094,181351800
2008-06-30,QQQ,38.907440185546875,45.16999816894531,45.83000183105469,45.150001525878906,45.5099983215332,132912400
2008-07-01,QQQ,39.458702087402344,45.810001373291016,45.86000061035156,44.68000030517578,44.810001373291016,245494300
2008-07-02,QQQ,38.511199951171875,44.709999084472656,46.130001068115234,44.63999938964844,45.95000076293945,199576400
2008-07-03,QQQ,38.442283630371094,44.630001068115234,45.08000183105469,44.279998779296875,44.97999954223633,123118300
2008-07-07,QQQ,38.67484664916992,44.900001525878906,45.459999084472656,44.2400016784668,45.040000915527344,181011300
2008-07-08,QQQ,39.59651184082031,45.970001220703125,46.0099983215332,44.77000045776367,44.95000076293945,206151200
2008-07-09,QQQ,38.545658111572266,44.75,46.029998779296875,44.72999954223633,45.959999084472656,168500300
2008-07-10,QQQ,39.00217056274414,45.279998779296875,45.41999816894531,44.380001068115234,44.81999969482422,238811500
2008-07-11,QQQ,38.38200378417969,44.560001373291016,45.27000045776367,43.849998474121094,44.810001373291016,265514700
2008-07-14,QQQ,38.09776306152344,44.22999954223633,45.18000030517578,44.06999969482422,45.13999938964844,177389800
2008-07-15,QQQ,38.106361389160156,44.2400016784668,44.93000030517578,43.29999923706055,44.0099983215332,283891100
2008-07-16,QQQ,39.0538444519043,45.34000015258789,45.380001068115234,43.91999816894531,44.36000061035156,186047800
2008-07-17,QQQ,39.31226348876953,45.63999938964844,45.81999969482422,44.97999954223633,45.61000061035156,197555100
2008-07-18,QQQ,38.40782928466797,44.59000015258789,45.16999816894531,44.59000015258789,45.13999938964844,160661000
2008-07-21,QQQ,38.57149887084961,44.779998779296875,45.189998626708984,44.4900016784668,45.0,128107800
2008-07-22,QQQ,38.57149887084961,44.779998779296875,44.810001373291016,43.86000061035156,44.029998779296875,152524500
2008-07-23,QQQ,39.079689025878906,45.369998931884766,45.88999938964844,44.720001220703125,44.849998474121094,169259100
2008-07-24,QQQ,38.49397659301758,44.689998626708984,45.61000061035156,44.650001525878906,45.58000183105469,145561000
2008-07-25,QQQ,38.99355697631836,45.27000045776367,45.47999954223633,44.7599983215332,44.97999954223633,111616700
2008-07-28,QQQ,38.26140213012695,44.41999816894531,45.52000045776367,44.209999084472656,45.2599983215332,124028500
2008-07-29,QQQ,39.0538444519043,45.34000015258789,45.540000915527344,44.56999969482422,44.61000061035156,142290900
2008-07-30,QQQ,39.25196838378906,45.56999969482422,45.81999969482422,44.880001068115234,45.470001220703125,165679900
2008-07-31,QQQ,39.157230377197266,45.459999084472656,46.150001525878906,45.02000045776367,45.119998931884766,180473100
2008-08-01,QQQ,38.65762710571289,44.880001068115234,45.54999923706055,44.400001525878906,45.5099983215332,180350400
2008-08-04,QQQ,38.2700309753418,44.43000030517578,44.91999816894531,44.29999923706055,44.869998931884766,116298000
2008-08-05,QQQ,39.562068939208984,45.93000030517578,45.970001220703125,44.84000015258789,44.88999938964844,151657400
2008-08-06,QQQ,40.165016174316406,46.630001068115234,46.810001373291016,45.58000183105469,45.95000076293945,133463700
2008-08-07,QQQ,39.85491180419922,46.27000045776367,46.849998474121094,46.08000183105469,46.349998474121094,152805800
2008-08-08,QQQ,40.759334564208984,47.31999969482422,47.439998626708984,46.150001525878906,46.2400016784668,143121500
2008-08-11,QQQ,41.12973403930664,47.75,48.279998779296875,47.13999938964844,47.29999923706055,157290100
2008-08-12,QQQ,41.172786712646484,47.79999923706055,48.15999984741211,47.5099983215332,47.7400016784668,140549300
2008-08-13,QQQ,41.08665466308594,47.70000076293945,48.119998931884766,47.25,47.720001220703125,169652100
2008-08-14,QQQ,41.560386657714844,48.25,48.459999084472656,47.4900016784668,47.540000915527344,158069200
2008-08-15,QQQ,41.48286056518555,48.15999984741211,48.56999969482422,47.959999084472656,48.33000183105469,123115900
2008-08-18,QQQ,41.00053405761719,47.599998474121094,48.310001373291016,47.2599983215332,48.29999923706055,151399100
2008-08-19,QQQ,40.492332458496094,47.0099983215332,47.59000015258789,46.75,47.36000061035156,155410600
2008-08-20,QQQ,40.56119918823242,47.09000015258789,47.560001373291016,46.7400016784668,47.34000015258789,155466700
2008-08-21,QQQ,40.371726989746094,46.869998931884766,47.08000183105469,46.380001068115234,46.7400016784668,118916200
2008-08-22,QQQ,40.90576934814453,47.4900016784668,47.68000030517578,47.08000183105469,47.119998931884766,96515500
2008-08-25,QQQ,40.04441452026367,46.4900016784668,47.209999084472656,46.369998931884766,47.15999984741211,128076500
2008-08-26,QQQ,39.99272155761719,46.43000030517578,46.77000045776367,46.119998931884766,46.52000045776367,107225500
2008-08-27,QQQ,40.25114059448242,46.72999954223633,47.09000015258789,46.290000915527344,46.45000076293945,108489900
2008-08-28,QQQ,40.57844161987305,47.11000061035156,47.279998779296875,46.83000183105469,46.91999816894531,112808600
2008-08-29,QQQ,39.72572708129883,46.119998931884766,47.119998931884766,45.91999816894531,46.61000061035156,133184300
2008-09-02,QQQ,39.23474884033203,45.54999923706055,47.08000183105469,45.34000015258789,46.869998931884766,162277500
2008-09-03,QQQ,38.86434555053711,45.119998931884766,45.63999938964844,44.790000915527344,45.45000076293945,161682900
2008-09-04,QQQ,37.60679244995117,43.65999984741211,44.90999984741211,43.65999984741211,44.86000061035156,219004700
2008-09-05,QQQ,37.425899505615234,43.45000076293945,43.779998779296875,42.810001373291016,43.279998779296875,247977500
2008-09-08,QQQ,37.35698699951172,43.369998931884766,44.220001220703125,42.68000030517578,44.02000045776367,311065100
2008-09-09,QQQ,36.56452941894531,42.45000076293945,43.790000915527344,42.349998474121094,43.349998474121094,214180600
2008-09-10,QQQ,36.86601257324219,42.79999923706055,43.18000030517578,42.45000076293945,42.86000061035156,160658100
2008-09-11,QQQ,37.55508804321289,43.599998474121094,43.689998626708984,42.16999816894531,42.20000076293945,203398200
2008-09-12,QQQ,37.40867614746094,43.43000030517578,43.709999084472656,42.900001525878906,43.22999954223633,172094300
2008-09-15,QQQ,36.24583053588867,42.08000183105469,43.290000915527344,42.029998779296875,42.400001525878906,616772300
2008-09-16,QQQ,36.53007125854492,42.40999984741211,42.84000015258789,41.43000030517578,41.47999954223633,349506500
2008-09-17,QQQ,34.63509750366211,40.209999084472656,42.41999816894531,40.189998626708984,41.869998931884766,340088000
2008-09-18,QQQ,35.80653762817383,41.56999969482422,41.970001220703125,39.5,41.099998474121094,423934000
2008-09-19,QQQ,36.97705078125,42.900001525878906,43.83000183105469,42.099998474121094,43.77000045776367,263394000
2008-09-22,QQQ,35.23594665527344,40.880001068115234,42.84000015258789,40.79999923706055,42.7400016784668,164698200
2008-09-23,QQQ,34.96875,40.56999969482422,41.75,40.439998626708984,41.20000076293945,184011200
2008-09-24,QQQ,35.210079193115234,40.849998474121094,41.2599983215332,40.52000045776367,40.810001373291016,159270800
2008-09-25,QQQ,35.77034378051758,41.5,42.02000045776367,41.029998779296875,41.22999954223633,148586800
2008-09-26,QQQ,35.40833282470703,41.08000183105469,41.4900016784668,40.220001220703125,40.310001373291016,182678600
2008-09-29,QQQ,32.59841537475586,37.81999969482422,40.380001068115234,37.18000030517578,40.2599983215332,307954400
2008-09-30,QQQ,33.53792953491211,38.90999984741211,39.29999923706055,37.599998474121094,37.720001220703125,195436700
2008-10-01,QQQ,33.18452835083008,38.5,38.970001220703125,38.029998779296875,38.84000015258789,174033300
2008-10-02,QQQ,31.6761474609375,36.75,38.25,36.63999938964844,38.25,192124000
2008-10-03,QQQ,31.184844970703125,36.18000030517578,38.18000030517578,36.099998474121094,37.2599983215332,272116100
2008-10-06,QQQ,30.047096252441406,34.86000061035156,35.529998779296875,32.90999984741211,35.2599983215332,394046600
2008-10-07,QQQ,28.1422176361084,32.650001525878906,35.20000076293945,32.27000045776367,35.13999938964844,329365700
2008-10-08,QQQ,27.91809844970703,32.38999938964844,34.119998931884766,31.84000015258789,31.950000762939453,452066500
2008-10-09,QQQ,27.168228149414062,31.520000457763672,33.68000030517578,30.969999313354492,33.150001525878906,352433900
2008-10-10,QQQ,26.995832443237305,31.31999969482422,32.47999954223633,29.3799991607666,30.520000457763672,472339100
2008-10-13,QQQ,30.279821395874023,35.130001068115234,35.25,32.400001525878906,32.86000061035156,276998700
2008-10-14,QQQ,28.969669342041016,33.61000061035156,36.150001525878906,33.189998626708984,36.150001525878906,341595900
2008-10-15,QQQ,26.3752498626709,30.600000381469727,33.349998474121094,30.540000915527344,33.22999954223633,312088500
2008-10-16,QQQ,27.806055068969727,32.2599983215332,32.27000045776367,29.25,30.809999465942383,494783500
2008-10-17,QQQ,27.840539932250977,32.29999923706055,33.650001525878906,31.40999984741211,31.670000076293945,326571300
2008-10-20,QQQ,28.616275787353516,33.20000076293945,33.2599983215332,31.700000762939453,32.7599983215332,232783400
2008-10-21,QQQ,27.133743286132812,31.479999542236328,33.2599983215332,31.479999542236328,32.65999984741211,239932400
2008-10-22,QQQ,26.383869171142578,30.610000610351562,31.600000381469727,29.709999084472656,31.3700008392334,289993600
2008-10-23,QQQ,26.280431747436523,30.489999771118164,31.09000015258789,28.899999618530273,30.489999771118164,377966900
2008-10-24,QQQ,25.43572998046875,29.510000228881836,30.25,28.09000015258789,28.229999542236328,322129500
2008-10-27,QQQ,24.72894287109375,28.690000534057617,30.200000762939453,28.65999984741211,29.170000076293945,239302300
2008-10-28,QQQ,27.461275100708008,31.860000610351562,31.8799991607666,28.850000381469727,29.68000030517578,327239500
2008-10-29,QQQ,27.392332077026367,31.780000686645508,33.08000183105469,31.25,31.90999984741211,341316000
2008-10-30,QQQ,28.30597496032715,32.84000015258789,33.060001373291016,31.979999542236328,32.66999816894531,255292100
2008-10-31,QQQ,28.349075317382812,32.88999938964844,33.43000030517578,32.09000015258789,32.369998931884766,224261000
2008-11-03,QQQ,28.288742065429688,32.81999969482422,33.290000915527344,32.5099983215332,32.810001373291016,128455500
2008-11-04,QQQ,29.090341567993164,33.75,34.0099983215332,32.97999954223633,33.459999084472656,182487600
2008-11-05,QQQ,27.57333755493164,31.989999771118164,33.599998474121094,31.920000076293945,33.529998779296875,183893900
2008-11-06,QQQ,26.34077262878418,30.559999465942383,31.8700008392334,30.399999618530273,31.489999771118164,220677200
2008-11-07,QQQ,26.883790969848633,31.190000534057617,31.479999542236328,30.59000015258789,30.920000076293945,176946200
2008-11-10,QQQ,26.52176856994629,30.770000457763672,31.969999313354492,30.399999618530273,31.969999313354492,142584500
2008-11-11,QQQ,25.944271087646484,30.100000381469727,30.760000228881836,29.719999313354492,30.479999542236328,162869800
2008-11-12,QQQ,24.746179580688477,28.709999084472656,29.799999237060547,28.649999618530273,29.649999618530273,184946400
2008-11-13,QQQ,26.254568099975586,30.459999084472656,30.530000686645508,27.280000686645508,28.610000610351562,317943900
2008-11-14,QQQ,24.978912353515625,28.979999542236328,30.420000076293945,28.8700008392334,29.780000686645508,259407000
2008-11-17,QQQ,24.4531307220459,28.3700008392334,29.229999542236328,28.260000228881836,28.489999771118164,202835200
2008-11-18,QQQ,24.42725944519043,28.34000015258789,28.75,27.389999389648438,28.559999465942383,252661800
2008-11-19,QQQ,23.151596069335938,26.860000610351562,28.780000686645508,26.790000915527344,28.399999618530273,244180600
2008-11-20,QQQ,22.03109359741211,25.559999465942383,27.450000762939453,25.469999313354492,26.530000686645508,342472400
2008-11-21,QQQ,22.987831115722656,26.670000076293945,26.68000030517578,25.049999237060547,26.010000228881836,282746800
2008-11-24,QQQ,24.392789840698242,28.299999237060547,28.639999389648438,26.979999542236328,27.219999313354492,225058200
2008-11-25,QQQ,24.28073501586914,28.170000076293945,28.639999389648438,27.520000457763672,28.610000610351562,202968700
2008-11-26,QQQ,25.297821044921875,29.350000381469727,29.360000610351562,27.809999465942383,27.8799991607666,164912000
2008-11-28,QQQ,25.099571228027344,29.1200008392334,29.190000534057617,28.829999923706055,29.020000457763672,41238200
2008-12-01,QQQ,23.21193504333496,26.93000030517578,28.510000228881836,26.889999389648438,28.5,149161500
2008-12-02,QQQ,23.987672805786133,27.829999923706055,27.889999389648438,26.84000015258789,27.299999237060547,181743000
2008-12-03,QQQ,24.668607711791992,28.6200008392334,28.709999084472656,27.06999969482422,27.1299991607666,230944900
2008-12-04,QQQ,23.97043800354004,27.809999465942383,28.780000686645508,27.31999969482422,28.170000076293945,188868700
2008-12-05,QQQ,24.944427490234375,28.940000534057617,29.06999969482422,26.950000762939453,27.5,212283700
2008-12-08,QQQ,25.927034378051758,30.079999923706055,30.459999084472656,29.440000534057617,29.59000015258789,185782500
2008-12-09,QQQ,25.86669921875,30.010000228881836,30.829999923706055,29.56999969482422,29.68000030517578,178148300
2008-12-10,QQQ,25.780508041381836,29.90999984741211,30.459999084472656,29.6200008392334,30.100000381469727,162335100
2008-12-11,QQQ,25.073719024658203,29.09000015258789,30.270000457763672,28.940000534057617,29.809999465942383,167161400
2008-12-12,QQQ,25.58226203918457,29.68000030517578,29.860000610351562,28.469999313354492,28.690000534057617,158600100
2008-12-15,QQQ,25.134057998657227,29.15999984741211,29.760000228881836,28.739999771118164,29.729999542236328,107887000
2008-12-16,QQQ,26.34077262878418,30.559999465942383,30.65999984741211,29.100000381469727,29.420000076293945,169300100
2008-12-17,QQQ,26.021848678588867,30.190000534057617,30.600000381469727,29.81999969482422,30.25,159813500
2008-12-18,QQQ,25.56502342224121,29.65999984741211,30.399999618530273,29.360000610351562,30.190000534057617,142656400
2008-12-19,QQQ,25.7747802734375,29.860000610351562,30.3700008392334,29.65999984741211,29.93000030517578,118308900
2008-12-22,QQQ,25.21370506286621,29.209999084472656,29.920000076293945,28.739999771118164,29.860000610351562,95379600
2008-12-23,QQQ,25.084226608276367,29.059999465942383,29.6200008392334,28.889999389648438,29.329999923706055,68764800
2008-12-24,QQQ,25.15327262878418,29.139999389648438,29.209999084472656,28.979999542236328,29.200000762939453,27194700
2008-12-26,QQQ,25.144649505615234,29.1299991607666,29.229999542236328,28.969999313354492,29.200000762939453,20937000
2008-12-29,QQQ,24.93748664855957,28.889999389648438,29.239999771118164,28.459999084472656,29.209999084472656,52688300
2008-12-30,QQQ,25.455392837524414,29.489999771118164,29.59000015258789,28.940000534057617,28.969999313354492,77089500
2008-12-31,QQQ,25.67119598388672,29.739999771118164,30.079999923706055,29.450000762939453,29.459999084472656,89189700
2009-01-02,QQQ,26.784704208374023,31.030000686645508,31.1299991607666,29.690000534057617,29.75,107891500
2009-01-05,QQQ,26.776071548461914,31.020000457763672,31.329999923706055,30.59000015258789,30.829999923706055,91751900
2009-01-06,QQQ,27.043663024902344,31.329999923706055,31.6299991607666,31.110000610351562,31.25,136791700
2009-01-07,QQQ,26.275423049926758,30.440000534057617,30.899999618530273,30.190000534057617,30.729999542236328,133879800
2009-01-08,QQQ,26.551651000976562,30.760000228881836,30.799999237060547,30.079999923706055,30.3799991607666,131926600
2009-01-09,QQQ,25.9560489654541,30.06999969482422,30.790000915527344,29.920000076293945,30.770000457763672,117137900
2009-01-12,QQQ,25.481292724609375,29.520000457763672,30.149999618530273,29.200000762939453,30.110000610351562,102726200
2009-01-13,QQQ,25.48992347717285,29.530000686645508,29.979999542236328,29.18000030517578,29.510000228881836,186266700
2009-01-14,QQQ,24.713054656982422,28.6299991607666,29.280000686645508,28.469999313354492,29.190000534057617,136294000
2009-01-15,QQQ,25.118749618530273,29.100000381469727,29.34000015258789,28.06999969482422,28.56999969482422,192567200
2009-01-16,QQQ,25.394973754882812,29.420000076293945,29.600000381469727,28.700000762939453,29.5,175478100
2009-01-20,QQQ,24.13471794128418,27.959999084472656,29.43000030517578,27.959999084472656,29.299999237060547,135105800
2009-01-21,QQQ,25.16190528869629,29.149999618530273,29.190000534057617,28.100000381469727,28.43000030517578,149179600
2009-01-22,QQQ,24.825271606445312,28.760000228881836,29.229999542236328,28.260000228881836,28.520000457763672,200602700
2009-01-23,QQQ,24.946125030517578,28.899999618530273,29.350000381469727,28.139999389648438,28.290000915527344,170164100
2009-01-26,QQQ,25.127389907836914,29.110000610351562,29.59000015258789,28.75,28.940000534057617,140398700
2009-01-27,QQQ,25.30865478515625,29.31999969482422,29.56999969482422,29.1200008392334,29.1200008392334,110591300
2009-01-28,QQQ,26.1977481842041,30.350000381469727,30.649999618530273,29.809999465942383,29.809999465942383,139722800
2009-01-29,QQQ,25.533084869384766,29.579999923706055,30.399999618530273,29.479999542236328,29.979999542236328,130731800
2009-01-30,QQQ,25.084226608276367,29.059999465942383,29.93000030517578,28.940000534057617,29.799999237060547,140334200
2009-02-02,QQQ,25.38633918762207,29.40999984741211,29.610000610351562,28.739999771118164,28.780000686645508,126796100
2009-02-03,QQQ,25.783414840698242,29.8700008392334,30.43000030517578,29.030000686645508,29.469999313354492,120541100
2009-02-04,QQQ,25.81793975830078,29.90999984741211,30.8700008392334,29.790000915527344,29.940000534057617,175780900
2009-02-05,QQQ,26.387636184692383,30.56999969482422,30.770000457763672,29.459999084472656,29.479999542236328,217578900
2009-02-06,QQQ,27.078189849853516,31.3700008392334,31.510000228881836,30.579999923706055,30.68000030517578,164513200
2009-02-09,QQQ,27.190401077270508,31.5,31.670000076293945,31.190000534057617,31.389999389648438,98856900
2009-02-10,QQQ,26.18910789489746,30.34000015258789,31.68000030517578,30.100000381469727,31.299999237060547,232795200
2009-02-11,QQQ,26.06826400756836,30.200000762939453,30.530000686645508,29.729999542236328,30.3799991607666,169117200
2009-02-12,QQQ,26.387636184692383,30.56999969482422,30.610000610351562,29.639999389648438,29.850000381469727,201151400
2009-02-13,QQQ,26.26679229736328,30.43000030517578,30.780000686645508,30.290000915527344,30.479999542236328,145066700
2009-02-17,QQQ,25.222328186035156,29.219999313354492,29.670000076293945,29.059999465942383,29.489999771118164,157783300
2009-02-18,QQQ,25.23961067199707,29.239999771118164,29.670000076293945,28.8700008392334,29.40999984741211,161271900
2009-02-19,QQQ,24.85116195678711,28.790000915527344,29.610000610351562,28.719999313354492,29.420000076293945,155322400
2009-02-20,QQQ,24.920228958129883,28.8700008392334,29.149999618530273,28.389999389648438,28.469999313354492,210752400
2009-02-23,QQQ,24.048410415649414,27.860000610351562,29.049999237060547,27.729999542236328,29.030000686645508,169473500
2009-02-24,QQQ,24.8425235748291,28.780000686645508,28.979999542236328,27.959999084472656,28.010000228881836,181337300
2009-02-25,QQQ,24.678524017333984,28.59000015258789,29.170000076293945,28.139999389648438,28.610000610351562,220224700
2009-02-26,QQQ,23.987979888916016,27.790000915527344,28.950000762939453,27.700000762939453,28.780000686645508,211218500
2009-02-27,QQQ,23.7635440826416,27.530000686645508,27.979999542236328,27.389999389648438,27.5,204492600
2009-03-02,QQQ,22.995309829711914,26.639999389648438,27.510000228881836,26.469999313354492,27.1200008392334,188180400
2009-03-03,QQQ,22.978044509887695,26.6200008392334,27.15999984741211,26.420000076293945,26.860000610351562,158758800
2009-03-04,QQQ,23.590906143188477,27.329999923706055,27.709999084472656,26.920000076293945,27.010000228881836,164911000
2009-03-05,QQQ,22.883094787597656,26.510000228881836,27.239999771118164,26.420000076293945,27.030000686645508,199626900
2009-03-06,QQQ,22.701826095581055,26.299999237060547,26.809999465942383,25.709999084472656,26.649999618530273,218421600
2009-03-09,QQQ,22.21844482421875,25.739999771118164,26.809999465942383,25.6299991607666,26.09000015258789,181098800
2009-03-10,QQQ,23.590906143188477,27.329999923706055,27.389999389648438,26.15999984741211,26.25,175068200
2009-03-11,QQQ,23.953447341918945,27.75,27.989999771118164,27.260000228881836,27.610000610351562,173094900
2009-03-12,QQQ,24.74758529663086,28.670000076293945,28.760000228881836,27.440000534057617,27.729999542236328,184395100
2009-03-13,QQQ,24.808006286621094,28.739999771118164,28.84000015258789,28.31999969482422,28.65999984741211,156783500
2009-03-16,QQQ,24.3936767578125,28.260000228881836,28.979999542236328,28.190000534057617,28.93000030517578,190269800
2009-03-17,QQQ,25.317293167114258,29.329999923706055,29.329999923706055,28.299999237060547,28.399999618530273,169773800
2009-03-18,QQQ,25.636669158935547,29.700000762939453,30.200000762939453,29.079999923706055,29.209999084472656,208033900
2009-03-19,QQQ,25.61940574645996,29.68000030517578,30.1299991607666,29.459999084472656,30.110000610351562,146753400
2009-03-20,QQQ,25.229461669921875,29.18000030517578,30.030000686645508,28.979999542236328,29.690000534057617,149410800
2009-03-23,QQQ,26.716596603393555,30.899999618530273,30.940000534057617,29.200000762939453,29.899999618530273,179499000
2009-03-24,QQQ,26.22376251220703,30.329999923706055,30.8799991607666,30.309999465942383,30.639999389648438,118757600
2009-03-25,QQQ,26.344816207885742,30.469999313354492,31.049999237060547,29.65999984741211,30.59000015258789,190555200
2009-03-26,QQQ,27.15754508972168,31.40999984741211,31.459999084472656,30.420000076293945,30.799999237060547,182459500
2009-03-27,QQQ,26.647432327270508,30.81999969482422,31.18000030517578,30.709999084472656,31.0,156108100
2009-03-30,QQQ,25.990325927734375,30.059999465942383,30.31999969482422,29.6200008392334,30.299999237060547,162919700
2009-03-31,QQQ,26.21512794494629,30.31999969482422,30.950000762939453,30.270000457763672,30.290000915527344,150243800
2009-04-01,QQQ,26.60420036315918,30.770000457763672,30.8799991607666,29.790000915527344,29.940000534057617,137950000
2009-04-02,QQQ,27.46017074584961,31.760000228881836,32.27000045776367,31.229999542236328,31.31999969482422,212272400
2009-04-03,QQQ,27.970291137695312,32.349998474121094,32.400001525878906,31.829999923706055,32.09000015258789,134577300
2009-04-06,QQQ,27.901123046875,32.27000045776367,32.33000183105469,31.649999618530273,31.989999771118164,160413700
2009-04-07,QQQ,27.166200637817383,31.420000076293945,31.920000076293945,31.209999084472656,31.920000076293945,147531200
2009-04-08,QQQ,27.62443733215332,31.950000762939453,32.150001525878906,31.489999771118164,31.729999542236328,126126000
2009-04-09,QQQ,28.480403900146484,32.939998626708984,33.0099983215332,32.43000030517578,32.54999923706055,131871500
2009-04-13,QQQ,28.437183380126953,32.88999938964844,33.06999969482422,32.529998779296875,32.84000015258789,119310500
2009-04-14,QQQ,28.09134292602539,32.4900016784668,32.880001068115234,32.27000045776367,32.689998626708984,124069000
2009-04-15,QQQ,28.01352310180664,32.400001525878906,32.43000030517578,31.850000381469727,32.2599983215332,124808200
2009-04-16,QQQ,28.739810943603516,33.2400016784668,33.43000030517578,32.5099983215332,32.849998474121094,171168000
2009-04-17,QQQ,28.80031967163086,33.310001373291016,33.5,32.93000030517578,33.16999816894531,129835400
2009-04-20,QQQ,27.875185012817383,32.2400016784668,32.81999969482422,32.060001373291016,32.709999084472656,123080500
2009-04-21,QQQ,28.26426124572754,32.689998626708984,32.7400016784668,32.08000183105469,32.119998931884766,145490200
2009-04-22,QQQ,28.350727081298828,32.790000915527344,33.529998779296875,32.38999938964844,32.5,165040500
2009-04-23,QQQ,28.62740707397461,33.11000061035156,33.13999938964844,32.4900016784668,33.0,181666600
2009-04-24,QQQ,29.128870010375977,33.689998626708984,33.93000030517578,33.06999969482422,33.34000015258789,141170000
2009-04-27,QQQ,29.163467407226562,33.72999954223633,34.060001373291016,33.349998474121094,33.41999816894531,120749100
2009-04-28,QQQ,28.947315216064453,33.47999954223633,33.90999984741211,33.36000061035156,33.52000045776367,108968000
2009-04-29,QQQ,29.34502601623535,33.939998626708984,34.400001525878906,33.70000076293945,33.75,141413600
2009-04-30,QQQ,29.638986587524414,34.279998779296875,34.900001525878906,34.040000915527344,34.38999938964844,144120400
2009-05-01,QQQ,29.716819763183594,34.369998931884766,34.540000915527344,34.0099983215332,34.27000045776367,100112000
2009-05-04,QQQ,30.304752349853516,35.04999923706055,35.09000015258789,34.52000045776367,34.68000030517578,119317400
2009-05-05,QQQ,30.278797149658203,35.02000045776367,35.060001373291016,34.630001068115234,34.9900016784668,113569500
2009-05-06,QQQ,30.287471771240234,35.029998779296875,35.34000015258789,34.459999084472656,35.290000915527344,178840500
2009-05-07,QQQ,29.578468322753906,34.209999084472656,35.27000045776367,33.880001068115234,35.27000045776367,216484700
2009-05-08,QQQ,29.595767974853516,34.22999954223633,34.7400016784668,33.880001068115234,34.470001220703125,183507300
2009-05-11,QQQ,29.699522018432617,34.349998474121094,34.720001220703125,33.68000030517578,33.790000915527344,142775900
2009-05-12,QQQ,29.336376190185547,33.93000030517578,34.47999954223633,33.52000045776367,34.41999816894531,147842200
2009-05-13,QQQ,28.549577713012695,33.02000045776367,33.650001525878906,32.959999084472656,33.630001068115234,175548300
2009-05-14,QQQ,28.869489669799805,33.38999938964844,33.70000076293945,33.08000183105469,33.099998474121094,140021700
2009-05-15,QQQ,28.852195739746094,33.369998931884766,33.81999969482422,33.22999954223633,33.34000015258789,121326400
2009-05-18,QQQ,29.604406356811523,34.2400016784668,34.279998779296875,33.38999938964844,33.599998474121094,114333400
2009-05-19,QQQ,29.742769241333008,34.400001525878906,34.7400016784668,33.95000076293945,34.15999984741211,129086400
2009-05-20,QQQ,29.638986587524414,34.279998779296875,35.040000915527344,34.18000030517578,34.529998779296875,131873700
2009-05-21,QQQ,29.09429359436035,33.650001525878906,34.2599983215332,33.310001373291016,34.02000045776367,139253200
2009-05-22,QQQ,28.999181747436523,33.540000915527344,33.970001220703125,33.31999969482422,33.779998779296875,83510600
2009-05-26,QQQ,30.0799560546875,34.790000915527344,34.83000183105469,33.18000030517578,33.25,144857200
2009-05-27,QQQ,29.87244415283203,34.54999923706055,35.189998626708984,34.43000030517578,34.689998626708984,121348800
2009-05-28,QQQ,30.218292236328125,34.95000076293945,35.06999969482422,34.209999084472656,34.7599983215332,118931300
2009-05-29,QQQ,30.590072631835938,35.380001068115234,35.5,34.7599983215332,34.970001220703125,111535700
2009-06-01,QQQ,31.46332550048828,36.38999938964844,36.5,35.61000061035156,35.7599983215332,119126200
2009-06-02,QQQ,31.506563186645508,36.439998626708984,36.790000915527344,36.11000061035156,36.189998626708984,126858600
2009-06-03,QQQ,31.41145896911621,36.33000183105469,36.369998931884766,35.93000030517578,36.33000183105469,93329800
2009-06-04,QQQ,31.76595115661621,36.7400016784668,36.790000915527344,36.34000015258789,36.40999984741211,89280600
2009-06-05,QQQ,31.800546646118164,36.779998779296875,37.08000183105469,36.41999816894531,36.959999084472656,121958800
2009-06-08,QQQ,31.70541000366211,36.66999816894531,36.95000076293945,36.119998931884766,36.54999923706055,89194100
2009-06-09,QQQ,31.947519302368164,36.95000076293945,37.16999816894531,36.66999816894531,36.84000015258789,109187800
2009-06-10,QQQ,31.83513641357422,36.81999969482422,37.16999816894531,36.290000915527344,37.15999984741211,133404700
2009-06-11,QQQ,31.83513641357422,36.81999969482422,37.22999954223633,36.75,36.77000045776367,147909800
2009-06-12,QQQ,31.688129425048828,36.650001525878906,36.720001220703125,36.20000076293945,36.66999816894531,109452500
2009-06-15,QQQ,31.039669036865234,35.900001525878906,36.33000183105469,35.58000183105469,36.29999923706055,112152900
2009-06-16,QQQ,30.7370662689209,35.54999923706055,36.189998626708984,35.52000045776367,36.040000915527344,110550300
2009-06-17,QQQ,31.0310115814209,35.88999938964844,36.209999084472656,35.45000076293945,35.70000076293945,153421800
2009-06-18,QQQ,30.970516204833984,35.81999969482422,36.060001373291016,35.56999969482422,35.83000183105469,126266700
2009-06-19,QQQ,31.302932739257812,36.15999984741211,36.36000061035156,35.90999984741211,36.04999923706055,122044700
2009-06-22,QQQ,30.368000030517578,35.08000183105469,35.88999938964844,35.02000045776367,35.83000183105469,137714900
2009-06-23,QQQ,30.298734664916992,35.0,35.2599983215332,34.77000045776367,35.18000030517578,114903100
2009-06-24,QQQ,30.809492111206055,35.59000015258789,35.869998931884766,35.279998779296875,35.29999923706055,103314600
2009-06-25,QQQ,31.41545295715332,36.290000915527344,36.36000061035156,35.279998779296875,35.36000061035156,112538200
2009-06-26,QQQ,31.48470687866211,36.369998931884766,36.5,36.04999923706055,36.119998931884766,87677300
2009-06-29,QQQ,31.553983688354492,36.45000076293945,36.75,36.119998931884766,36.470001220703125,93817600
2009-06-30,QQQ,31.493377685546875,36.380001068115234,36.72999954223633,36.11000061035156,36.54999923706055,97843000
2009-07-01,QQQ,31.51067543029785,36.400001525878906,36.84000015258789,36.38999938964844,36.560001373291016,85976000
2009-07-02,QQQ,30.818138122558594,35.599998474121094,36.099998474121094,35.5,36.09000015258789,113309800
2009-07-06,QQQ,30.65366554260254,35.40999984741211,35.540000915527344,35.040000915527344,35.380001068115234,107632500
2009-07-07,QQQ,29.89187240600586,34.529998779296875,35.4900016784668,34.5099983215332,35.41999816894531,149773000
2009-07-08,QQQ,30.047706604003906,34.709999084472656,34.869998931884766,34.29999923706055,34.7400016784668,152776400
2009-07-09,QQQ,30.099634170532227,34.77000045776367,35.0099983215332,34.650001525878906,34.84000015258789,97851500
2009-07-10,QQQ,30.2294921875,34.91999816894531,35.13999938964844,34.560001373291016,34.66999816894531,108482000
2009-07-13,QQQ,30.809492111206055,35.59000015258789,35.599998474121094,34.47999954223633,34.95000076293945,127140300
2009-07-14,QQQ,30.922029495239258,35.720001220703125,35.790000915527344,35.400001525878906,35.54999923706055,115631700
2009-07-15,QQQ,31.960838317871094,36.91999816894531,36.93000030517578,36.13999938964844,36.31999969482422,160869700
2009-07-16,QQQ,32.341758728027344,37.36000061035156,37.439998626708984,36.720001220703125,36.75,120142500
2009-07-17,QQQ,32.514888763427734,37.560001373291016,37.56999969482422,37.16999816894531,37.349998474121094,104906500
2009-07-20,QQQ,32.82650375366211,37.91999816894531,38.0,37.61000061035156,37.7599983215332,97168800
2009-07-21,QQQ,33.05156707763672,38.18000030517578,38.18000030517578,37.63999938964844,38.06999969482422,130587600
2009-07-22,QQQ,33.328609466552734,38.5,38.689998626708984,38.130001068115234,38.209999084472656,113808600
2009-07-23,QQQ,34.064430236816406,39.349998474121094,39.4900016784668,38.38999938964844,38.459999084472656,160239300
2009-07-24,QQQ,33.80473327636719,39.04999923706055,39.369998931884766,38.779998779296875,38.93000030517578,109312300
2009-07-27,QQQ,34.064430236816406,39.349998474121094,39.40999984741211,38.869998931884766,39.33000183105469,94718600
2009-07-28,QQQ,33.83070755004883,39.08000183105469,39.59000015258789,38.93000030517578,39.18000030517578,111564300
2009-07-29,QQQ,34.055782318115234,39.34000015258789,39.43000030517578,39.0,39.31999969482422,126538200
2009-07-30,QQQ,34.254886627197266,39.56999969482422,40.18000030517578,39.5099983215332,39.75,108969900
2009-07-31,QQQ,34.15101623535156,39.45000076293945,39.849998474121094,39.40999984741211,39.56999969482422,78208300
2009-08-03,QQQ,34.661766052246094,40.040000915527344,40.060001373291016,39.63999938964844,39.869998931884766,111722800
2009-08-04,QQQ,34.661766052246094,40.040000915527344,40.189998626708984,39.77000045776367,39.849998474121094,100690800
2009-08-05,QQQ,34.39340591430664,39.72999954223633,40.13999938964844,39.459999084472656,40.130001068115234,118093000
2009-08-06,QQQ,34.09041213989258,39.380001068115234,39.93000030517578,39.2400016784668,39.81999969482422,116937500
2009-08-07,QQQ,34.52324295043945,39.880001068115234,40.06999969482422,39.59000015258789,39.91999816894531,107442100
2009-08-10,QQQ,34.28084182739258,39.599998474121094,39.849998474121094,39.34000015258789,39.7400016784668,87163200
2009-08-11,QQQ,33.98652648925781,39.2599983215332,39.5,39.04999923706055,39.470001220703125,91922700
2009-08-12,QQQ,34.51459884643555,39.869998931884766,40.220001220703125,39.20000076293945,39.22999954223633,147240000
2009-08-13,QQQ,34.70503616333008,40.09000015258789,40.15999984741211,39.63999938964844,40.11000061035156,110107000
2009-08-14,QQQ,34.30683517456055,39.630001068115234,39.959999084472656,39.279998779296875,39.869998931884766,124480200
2009-08-17,QQQ,33.311302185058594,38.47999954223633,39.0099983215332,38.459999084472656,38.959999084472656,131797200
2009-08-18,QQQ,33.787418365478516,39.029998779296875,39.11000061035156,38.61000061035156,38.720001220703125,84496200
2009-08-19,QQQ,34.02115249633789,39.29999923706055,39.400001525878906,38.540000915527344,38.56999969482422,88036300
2009-08-20,QQQ,34.41936492919922,39.7599983215332,39.84000015258789,39.20000076293945,39.279998779296875,81473500
2009-08-21,QQQ,34.878170013427734,40.290000915527344,40.36000061035156,39.7400016784668,39.9900016784668,114660200
2009-08-24,QQQ,34.84354019165039,40.25,40.56999969482422,40.099998474121094,40.36000061035156,109904900
2009-08-25,QQQ,34.94742965698242,40.369998931884766,40.7599983215332,40.25,40.34000015258789,92900400
2009-08-26,QQQ,34.8868293762207,40.29999923706055,40.599998474121094,40.08000183105469,40.279998779296875,96407500
2009-08-27,QQQ,34.97340774536133,40.400001525878906,40.470001220703125,39.66999816894531,40.290000915527344,121957800
2009-08-28,QQQ,35.00804138183594,40.439998626708984,41.08000183105469,40.15999984741211,40.900001525878906,114300900
2009-08-31,QQQ,34.653099060058594,40.029998779296875,40.20000076293945,39.790000915527344,40.13999938964844,96415300
2009-09-01,QQQ,34.00383758544922,39.279998779296875,40.59000015258789,39.15999984741211,39.88999938964844,162958900
2009-09-02,QQQ,33.977867126464844,39.25,39.470001220703125,39.040000915527344,39.06999969482422,92757200
2009-09-03,QQQ,34.202938079833984,39.5099983215332,39.56999969482422,39.02000045776367,39.439998626708984,76783100
2009-09-04,QQQ,34.93877410888672,40.36000061035156,40.380001068115234,39.52000045776367,39.58000183105469,74866600
2009-09-08,QQQ,35.26774597167969,40.7400016784668,40.779998779296875,40.459999084472656,40.68000030517578,71024400
2009-09-09,QQQ,35.57072067260742,41.09000015258789,41.290000915527344,40.59000015258789,40.77000045776367,99280800
2009-09-10,QQQ,35.9083366394043,41.47999954223633,41.529998779296875,41.0,41.11000061035156,99289100
2009-09-11,QQQ,35.942955017089844,41.52000045776367,41.619998931884766,41.220001220703125,41.5099983215332,93868400
2009-09-14,QQQ,36.08146667480469,41.68000030517578,41.709999084472656,41.209999084472656,41.25,90435600
2009-09-15,QQQ,36.19401931762695,41.810001373291016,41.95000076293945,41.56999969482422,41.650001525878906,91594600
2009-09-16,QQQ,36.722076416015625,42.41999816894531,42.47999954223633,41.84000015258789,42.0,96888500
2009-09-17,QQQ,36.71341323852539,42.40999984741211,42.65999984741211,42.209999084472656,42.310001373291016,102169600
2009-09-18,QQQ,36.77493667602539,42.439998626708984,42.619998931884766,42.209999084472656,42.540000915527344,87444200
2009-09-21,QQQ,36.88758850097656,42.56999969482422,42.70000076293945,42.15999984741211,42.20000076293945,71351400
2009-09-22,QQQ,36.956912994384766,42.650001525878906,42.83000183105469,42.439998626708984,42.810001373291016,75638400
2009-09-23,QQQ,36.78361129760742,42.45000076293945,43.16999816894531,42.380001068115234,42.83000183105469,143924100
2009-09-24,QQQ,36.45433044433594,42.06999969482422,42.689998626708984,41.77000045776367,42.619998931884766,111016400
2009-09-25,QQQ,36.13371276855469,41.70000076293945,42.09000015258789,41.58000183105469,41.7599983215332,109216000
2009-09-28,QQQ,36.74893569946289,42.40999984741211,42.65999984741211,41.88999938964844,41.93000030517578,84478500
2009-09-29,QQQ,36.58429718017578,42.220001220703125,42.619998931884766,42.029998779296875,42.40999984741211,106686400
2009-09-30,QQQ,36.610286712646484,42.25,42.599998474121094,41.599998474121094,42.38999938964844,173102700
2009-10-01,QQQ,35.52715301513672,41.0,42.130001068115234,41.0,42.099998474121094,140119100
2009-10-02,QQQ,35.423160552978516,40.880001068115234,41.25,40.720001220703125,40.720001220703125,145286400
2009-10-05,QQQ,35.70912170410156,41.209999084472656,41.400001525878906,40.83000183105469,41.09000015258789,97054200
2009-10-06,QQQ,36.3416633605957,41.939998626708984,42.13999938964844,41.41999816894531,41.439998626708984,124628000
2009-10-07,QQQ,36.44565963745117,42.060001373291016,42.08000183105469,41.77000045776367,41.88999938964844,93787600
2009-10-08,QQQ,36.60163879394531,42.2400016784668,42.619998931884766,42.13999938964844,42.310001373291016,107850400
2009-10-09,QQQ,36.80958938598633,42.47999954223633,42.54999923706055,42.060001373291016,42.150001525878906,62828000
2009-10-12,QQQ,36.88758850097656,42.56999969482422,42.869998931884766,42.279998779296875,42.650001525878906,53221900
2009-10-13,QQQ,36.896263122558594,42.58000183105469,42.75,42.369998931884766,42.529998779296875,70939300
2009-10-14,QQQ,37.398834228515625,43.15999984741211,43.209999084472656,42.849998474121094,43.11000061035156,91004900
2009-10-15,QQQ,37.31217575073242,43.060001373291016,43.119998931884766,42.869998931884766,42.93000030517578,85772800
2009-10-16,QQQ,37.06954574584961,42.779998779296875,42.9900016784668,42.47999954223633,42.900001525878906,111859300
2009-10-19,QQQ,37.44215393066406,43.209999084472656,43.27000045776367,42.59000015258789,42.810001373291016,83512000
2009-10-20,QQQ,37.45082473754883,43.220001220703125,43.459999084472656,42.939998626708984,43.459999084472656,89847900
2009-10-21,QQQ,37.381492614746094,43.13999938964844,43.81999969482422,43.060001373291016,43.209999084472656,110397400
2009-10-22,QQQ,37.52879333496094,43.310001373291016,43.4900016784668,42.790000915527344,43.060001373291016,85871800
2009-10-23,QQQ,37.372833251953125,43.130001068115234,43.72999954223633,43.02000045776367,43.72999954223633,117020400
2009-10-26,QQQ,37.25151062011719,42.9900016784668,43.7599983215332,42.790000915527344,43.20000076293945,107068600
2009-10-27,QQQ,36.688289642333984,42.34000015258789,43.11000061035156,42.18000030517578,42.93000030517578,121438200
2009-10-28,QQQ,35.86510467529297,41.38999938964844,42.31999969482422,41.29999923706055,42.189998626708984,143553600
2009-10-29,QQQ,36.47166061401367,42.09000015258789,42.189998626708984,41.540000915527344,41.630001068115234,85207600
2009-10-30,QQQ,35.49248504638672,40.959999084472656,42.150001525878906,40.91999816894531,42.060001373291016,162796500
2009-11-02,QQQ,35.639801025390625,41.130001068115234,41.56999969482422,40.63999938964844,41.0,142456600
2009-11-03,QQQ,35.75244903564453,41.2599983215332,41.31999969482422,40.84000015258789,40.90999984741211,95107000
2009-11-04,QQQ,35.8131217956543,41.33000183105469,41.869998931884766,41.279998779296875,41.529998779296875,107970600
2009-11-05,QQQ,36.696929931640625,42.349998474121094,42.400001525878906,41.779998779296875,41.810001373291016,135204800
2009-11-06,QQQ,36.9135856628418,42.599998474121094,42.650001525878906,42.08000183105469,42.119998931884766,96312300
2009-11-09,QQQ,37.70211410522461,43.5099983215332,43.52000045776367,42.880001068115234,42.93000030517578,101620800
2009-11-10,QQQ,37.79741668701172,43.619998931884766,43.77000045776367,43.400001525878906,43.459999084472656,72846500
2009-11-11,QQQ,38.04005432128906,43.900001525878906,44.13999938964844,43.61000061035156,43.95000076293945,84676200
2009-11-12,QQQ,37.82343673706055,43.650001525878906,44.15999984741211,43.54999923706055,43.93000030517578,92426100
2009-11-13,QQQ,38.13535690307617,44.0099983215332,44.13999938964844,43.630001068115234,43.779998779296875,87959500
2009-11-16,QQQ,38.525299072265625,44.459999084472656,44.650001525878906,44.119998931884766,44.20000076293945,87776100
2009-11-17,QQQ,38.64661407470703,44.599998474121094,44.599998474121094,44.25,44.34000015258789,81884000
2009-11-18,QQQ,38.42998504638672,44.349998474121094,44.4900016784668,44.04999923706055,44.459999084472656,100240800
2009-11-19,QQQ,37.832088470458984,43.65999984741211,44.08000183105469,43.349998474121094,44.04999923706055,114558000
2009-11-20,QQQ,37.6414680480957,43.439998626708984,43.54999923706055,43.279998779296875,43.43000030517578,70912100
2009-11-23,QQQ,38.248016357421875,44.13999938964844,44.400001525878906,43.86000061035156,43.88999938964844,91621500
2009-11-24,QQQ,38.11802673339844,43.9900016784668,44.150001525878906,43.72999954223633,44.119998931884766,60670000
2009-11-25,QQQ,38.28266525268555,44.18000030517578,44.220001220703125,44.0099983215332,44.13999938964844,37630100
2009-11-27,QQQ,37.70211410522461,43.5099983215332,43.83000183105469,42.900001525878906,42.970001220703125,61230000
2009-11-30,QQQ,37.74542999267578,43.560001373291016,43.619998931884766,43.11000061035156,43.40999984741211,84819400
2009-12-01,QQQ,38.13535690307617,44.0099983215332,44.29999923706055,43.880001068115234,43.88999938964844,81817800
2009-12-02,QQQ,38.18735885620117,44.06999969482422,44.4900016784668,43.97999954223633,44.15999984741211,81653600
2009-12-03,QQQ,38.03139114379883,43.88999938964844,44.5,43.880001068115234,44.22999954223633,72460400
2009-12-04,QQQ,38.23067092895508,44.119998931884766,44.72999954223633,43.65999984741211,44.45000076293945,125062600
2009-12-07,QQQ,38.04871368408203,43.90999984741211,44.290000915527344,43.81999969482422,44.09000015258789,67471900
2009-12-08,QQQ,37.81475830078125,43.63999938964844,44.0,43.36000061035156,43.65999984741211,86621400
2009-12-09,QQQ,38.19602966308594,44.08000183105469,44.119998931884766,43.31999969482422,43.599998474121094,78820500
2009-12-10,QQQ,38.38665008544922,44.29999923706055,44.540000915527344,44.2400016784668,44.27000045776367,76722400
2009-12-11,QQQ,38.239349365234375,44.130001068115234,44.59000015258789,43.95000076293945,44.540000915527344,66643700
2009-12-14,QQQ,38.60328674316406,44.54999923706055,44.599998474121094,44.189998626708984,44.43000030517578,47965500
2009-12-15,QQQ,38.38665008544922,44.29999923706055,44.66999816894531,44.16999816894531,44.40999984741211,61171100
2009-12-16,QQQ,38.43865203857422,44.36000061035156,44.70000076293945,44.290000915527344,44.470001220703125,61629700
2009-12-17,QQQ,37.97071838378906,43.81999969482422,44.209999084472656,43.7599983215332,44.15999984741211,90440900
2009-12-18,QQQ,38.58959197998047,44.459999084472656,44.47999954223633,44.0,44.15999984741211,96442600
2009-12-21,QQQ,39.02356719970703,44.959999084472656,45.130001068115234,44.66999816894531,44.689998626708984,82357400
2009-12-22,QQQ,39.257911682128906,45.22999954223633,45.290000915527344,45.029998779296875,45.11000061035156,51569100
2009-12-23,QQQ,39.544349670410156,45.560001373291016,45.56999969482422,45.209999084472656,45.31999969482422,73932200
2009-12-24,QQQ,39.90890121459961,45.97999954223633,45.97999954223633,45.599998474121094,45.61000061035156,31770400
2009-12-28,QQQ,40.1171989440918,46.220001220703125,46.29999923706055,45.939998626708984,46.09000015258789,49381400
2009-12-29,QQQ,39.95228576660156,46.029998779296875,46.25,45.9900016784668,46.22999954223633,32410200
2009-12-30,QQQ,40.07380294799805,46.16999816894531,46.2599983215332,45.959999084472656,45.97999954223633,57612700
2009-12-31,QQQ,39.70927047729492,45.75,46.279998779296875,45.75,46.2599983215332,50079200
2010-01-04,QQQ,40.29078674316406,46.41999816894531,46.4900016784668,46.27000045776367,46.33000183105469,62822800
2010-01-05,QQQ,40.29078674316406,46.41999816894531,46.5,46.15999984741211,46.38999938964844,62935600
2010-01-06,QQQ,40.047752380371094,46.13999938964844,46.54999923706055,46.06999969482422,46.400001525878906,96033000
2010-01-07,QQQ,40.07380294799805,46.16999816894531,46.27000045776367,45.91999816894531,46.209999084472656,77094100
2010-01-08,QQQ,40.40361785888672,46.54999923706055,46.54999923706055,45.93000030517578,46.06999969482422,88886600
2010-01-11,QQQ,40.23871612548828,46.36000061035156,46.63999938964844,46.119998931884766,46.61000061035156,104673400
2010-01-12,QQQ,39.735267639160156,45.779998779296875,46.13999938964844,45.529998779296875,46.08000183105469,90673900
2010-01-13,QQQ,40.23001480102539,46.349998474121094,46.4900016784668,45.61000061035156,45.91999816894531,100661000
2010-01-14,QQQ,40.264766693115234,46.38999938964844,46.52000045776367,46.220001220703125,46.2599983215332,75209000
2010-01-15,QQQ,39.79604721069336,45.849998474121094,46.54999923706055,45.650001525878906,46.470001220703125,126849300
2010-01-19,QQQ,40.4383430480957,46.59000015258789,46.63999938964844,45.95000076293945,45.959999084472656,84388200
2010-01-20,QQQ,39.856788635253906,45.91999816894531,46.599998474121094,45.43000030517578,46.2599983215332,145680000
2010-01-21,QQQ,39.48358917236328,45.4900016784668,46.349998474121094,45.29999923706055,46.04999923706055,204939600
2010-01-22,QQQ,38.32920455932617,44.15999984741211,45.47999954223633,44.040000915527344,45.34000015258789,171098700
2010-01-25,QQQ,38.45939636230469,44.310001373291016,44.599998474121094,44.119998931884766,44.43000030517578,154218700
2010-01-26,QQQ,38.494117736816406,44.349998474121094,44.88999938964844,44.04999923706055,44.2599983215332,140816500
2010-01-27,QQQ,38.79789352416992,44.70000076293945,44.849998474121094,44.0099983215332,44.27000045776367,161632700
2010-01-28,QQQ,37.799747467041016,43.54999923706055,44.43000030517578,43.31999969482422,44.400001525878906,221439800
2010-01-29,QQQ,37.14007568359375,42.790000915527344,44.02000045776367,42.630001068115234,43.90999984741211,212099600
2010-02-01,QQQ,37.548038482666016,43.2599983215332,43.279998779296875,42.880001068115234,42.900001525878906,136827100
2010-02-02,QQQ,37.88655090332031,43.650001525878906,43.779998779296875,43.029998779296875,43.33000183105469,110727700
2010-02-03,QQQ,38.094852447509766,43.88999938964844,43.970001220703125,43.41999816894531,43.439998626708984,93581600
2010-02-04,QQQ,36.992530822753906,42.619998931884766,43.65999984741211,42.619998931884766,43.56999969482422,151652500
2010-02-05,QQQ,37.30500793457031,42.97999954223633,43.02000045776367,42.119998931884766,42.72999954223633,213618600
2010-02-08,QQQ,37.03593063354492,42.66999816894531,43.18000030517578,42.63999938964844,42.90999984741211,94354400
2010-02-09,QQQ,37.417842864990234,43.11000061035156,43.5099983215332,42.7599983215332,43.18000030517578,118956000
2010-02-10,QQQ,37.3397216796875,43.02000045776367,43.310001373291016,42.75,43.11000061035156,94102900
2010-02-11,QQQ,37.90388107299805,43.66999816894531,43.790000915527344,42.7599983215332,43.029998779296875,93050800
2010-02-12,QQQ,37.982025146484375,43.7599983215332,43.880001068115234,43.15999984741211,43.279998779296875,93938500
2010-02-16,QQQ,38.46806335449219,44.31999969482422,44.349998474121094,43.849998474121094,44.08000183105469,83861400
2010-02-17,QQQ,38.68505096435547,44.56999969482422,44.56999969482422,44.2599983215332,44.52000045776367,82691700
2010-02-18,QQQ,38.9280891418457,44.849998474121094,44.93000030517578,44.45000076293945,44.540000915527344,65752600
2010-02-19,QQQ,38.91073989868164,44.83000183105469,45.04999923706055,44.619998931884766,44.72999954223633,80416500
2010-02-22,QQQ,38.8326301574707,44.7400016784668,45.029998779296875,44.560001373291016,45.0099983215332,72055000
2010-02-23,QQQ,38.32920455932617,44.15999984741211,44.7400016784668,43.95000076293945,44.709999084472656,95814400
2010-02-24,QQQ,38.71978759765625,44.61000061035156,44.790000915527344,44.31999969482422,44.38999938964844,86591000
2010-02-25,QQQ,38.71109390258789,44.599998474121094,44.70000076293945,43.83000183105469,44.13999938964844,97961300
2010-02-26,QQQ,38.84995651245117,44.7599983215332,44.86000061035156,44.400001525878906,44.59000015258789,66222400
2010-03-01,QQQ,39.41415023803711,45.40999984741211,45.4900016784668,44.95000076293945,44.959999084472656,77290100
2010-03-02,QQQ,39.53565979003906,45.54999923706055,45.849998474121094,45.45000076293945,45.56999969482422,76368500
2010-03-03,QQQ,39.579063415527344,45.599998474121094,45.81999969482422,45.43000030517578,45.65999984741211,65735500
2010-03-04,QQQ,39.70927047729492,45.75,45.810001373291016,45.400001525878906,45.630001068115234,54470900
2010-03-05,QQQ,40.30815505981445,46.439998626708984,46.540000915527344,45.9900016784668,46.09000015258789,68136300
2010-03-08,QQQ,40.38626480102539,46.529998779296875,46.63999938964844,46.439998626708984,46.459999084472656,58712400
2010-03-09,QQQ,40.61193084716797,46.790000915527344,47.04999923706055,46.400001525878906,46.43000030517578,98002800
2010-03-10,QQQ,40.94175720214844,47.16999816894531,47.279998779296875,46.79999923706055,46.81999969482422,102578900
2010-03-11,QQQ,41.09801483154297,47.349998474121094,47.349998474121094,46.97999954223633,47.060001373291016,67510300
2010-03-12,QQQ,41.1066780090332,47.36000061035156,47.529998779296875,47.099998474121094,47.5,64068300
2010-03-15,QQQ,41.00251770019531,47.2400016784668,47.380001068115234,46.90999984741211,47.2599983215332,60150500
2010-03-16,QQQ,41.262908935546875,47.540000915527344,47.61000061035156,47.22999954223633,47.38999938964844,74950600
2010-03-17,QQQ,41.375732421875,47.66999816894531,47.900001525878906,47.529998779296875,47.61000061035156,75643500
2010-03-18,QQQ,41.51460647583008,47.83000183105469,47.880001068115234,47.599998474121094,47.709999084472656,77829400
2010-03-19,QQQ,41.263519287109375,47.4900016784668,47.95000076293945,47.31999969482422,47.91999816894531,86337100
2010-03-22,QQQ,41.63712692260742,47.91999816894531,48.11000061035156,47.25,47.29999923706055,71902800
2010-03-23,QQQ,41.92387390136719,48.25,48.29999923706055,47.77000045776367,47.9900016784668,59182600
2010-03-24,QQQ,41.724029541015625,48.02000045776367,48.16999816894531,47.90999984741211,48.16999816894531,62995700
2010-03-25,QQQ,41.66319274902344,47.95000076293945,48.599998474121094,47.900001525878906,48.41999816894531,76294800
2010-03-26,QQQ,41.706642150878906,48.0,48.33000183105469,47.7400016784668,48.150001525878906,78067900
2010-03-29,QQQ,41.90648651123047,48.22999954223633,48.400001525878906,48.099998474121094,48.2400016784668,57993300
2010-03-30,QQQ,42.04549789428711,48.38999938964844,48.54999923706055,48.060001373291016,48.380001068115234,49437300
2010-03-31,QQQ,41.84564208984375,48.15999984741211,48.45000076293945,48.06999969482422,48.2400016784668,59947400
2010-04-01,QQQ,41.84564208984375,48.15999984741211,48.70000076293945,47.790000915527344,48.36000061035156,83728600
2010-04-05,QQQ,42.23666000366211,48.61000061035156,48.720001220703125,48.13999938964844,48.27000045776367,56220300
2010-04-06,QQQ,42.3582878112793,48.75,48.900001525878906,48.38999938964844,48.5,54097100
2010-04-07,QQQ,42.25403594970703,48.630001068115234,48.869998931884766,48.369998931884766,48.68000030517578,77211500
2010-04-08,QQQ,42.349632263183594,48.7400016784668,48.81999969482422,48.2400016784668,48.4900016784668,68314300
2010-04-09,QQQ,42.60158157348633,49.029998779296875,49.04999923706055,48.630001068115234,48.75,54227300
2010-04-12,QQQ,42.636348724365234,49.06999969482422,49.20000076293945,48.939998626708984,49.04999923706055,44280600
2010-04-13,QQQ,42.85358810424805,49.31999969482422,49.349998474121094,48.86000061035156,49.02000045776367,59376000
2010-04-14,QQQ,43.36619567871094,49.90999984741211,49.91999816894531,49.5,49.58000183105469,69004800
2010-04-15,QQQ,43.557376861572266,50.130001068115234,50.189998626708984,49.869998931884766,49.869998931884766,72254200
2010-04-16,QQQ,43.03603744506836,49.529998779296875,50.119998931884766,49.20000076293945,49.95000076293945,127388000
2010-04-19,QQQ,43.00997543334961,49.5,49.65999984741211,48.900001525878906,49.349998474121094,98251700
2010-04-20,QQQ,43.227203369140625,49.75,49.880001068115234,49.43000030517578,49.77000045776367,69543700
2010-04-21,QQQ,43.47047805786133,50.029998779296875,50.189998626708984,49.720001220703125,50.09000015258789,74748700
2010-04-22,QQQ,43.71377944946289,50.310001373291016,50.36000061035156,49.2599983215332,49.54999923706055,110477200
2010-04-23,QQQ,43.89623260498047,50.52000045776367,50.56999969482422,50.09000015258789,50.29999923706055,77205200
2010-04-26,QQQ,43.8006591796875,50.40999984741211,50.650001525878906,50.29999923706055,50.56999969482422,67361000
2010-04-27,QQQ,42.87096405029297,49.34000015258789,50.43000030517578,49.209999084472656,50.209999084472656,112608000
2010-04-28,QQQ,42.89699935913086,49.369998931884766,49.630001068115234,48.97999954223633,49.599998474121094,130082100
2010-04-29,QQQ,43.644256591796875,50.22999954223633,50.33000183105469,49.61000061035156,49.650001525878906,84180200
2010-04-30,QQQ,42.7840690612793,49.2400016784668,50.290000915527344,49.20000076293945,50.209999084472656,110897000
2010-05-03,QQQ,43.38359069824219,49.93000030517578,50.16999816894531,49.43000030517578,49.45000076293945,74169700
2010-05-04,QQQ,42.08027267456055,48.43000030517578,49.31999969482422,48.08000183105469,49.31999969482422,141136500
2010-05-05,QQQ,41.863033294677734,48.18000030517578,48.5,47.63999938964844,47.91999816894531,128560200
2010-05-06,QQQ,40.46414566040039,46.56999969482422,48.31999969482422,42.63999938964844,47.849998474121094,274356800
2010-05-07,QQQ,39.45622253417969,45.40999984741211,46.79999923706055,44.279998779296875,46.220001220703125,288200400
2010-05-10,QQQ,41.506805419921875,47.77000045776367,47.79999923706055,47.310001373291016,47.43000030517578,136041600
2010-05-11,QQQ,41.4633674621582,47.720001220703125,48.38999938964844,47.20000076293945,47.290000915527344,113016100
2010-05-12,QQQ,42.24534225463867,48.619998931884766,48.65999984741211,47.900001525878906,47.97999954223633,85462400
2010-05-13,QQQ,41.576316833496094,47.849998474121094,48.790000915527344,47.72999954223633,48.40999984741211,102844300
2010-05-14,QQQ,40.776912689208984,46.93000030517578,47.52000045776367,46.380001068115234,47.4900016784668,147386100
2010-05-17,QQQ,40.90726852416992,47.08000183105469,47.27000045776367,46.06999969482422,47.02000045776367,120969600
2010-05-18,QQQ,40.34248733520508,46.43000030517578,47.58000183105469,46.220001220703125,47.47999954223633,153072100
2010-05-19,QQQ,40.02101135253906,46.060001373291016,46.630001068115234,45.54999923706055,46.2599983215332,159000300
2010-05-20,QQQ,38.53519058227539,44.349998474121094,45.279998779296875,44.25,45.15999984741211,189289800
2010-05-21,QQQ,38.9609489440918,44.84000015258789,45.63999938964844,43.4900016784668,43.65999984741211,190631100
2010-05-24,QQQ,38.80454635620117,44.65999984741211,45.33000183105469,44.63999938964844,44.81999969482422,113038000
2010-05-25,QQQ,38.83930206298828,44.70000076293945,44.7599983215332,43.22999954223633,43.68000030517578,155643000
2010-05-26,QQQ,38.40486526489258,44.20000076293945,45.56999969482422,44.119998931884766,45.0099983215332,140203200
2010-05-27,QQQ,39.85590362548828,45.869998931884766,45.88999938964844,45.09000015258789,45.20000076293945,110671600
2010-05-28,QQQ,39.621299743652344,45.599998474121094,45.9900016784668,45.20000076293945,45.95000076293945,128535300
2010-06-01,QQQ,39.25638961791992,45.18000030517578,46.25,45.130001068115234,45.43000030517578,104242700
2010-06-02,QQQ,40.186092376708984,46.25,46.279998779296875,45.130001068115234,45.439998626708984,97249300
2010-06-03,QQQ,40.56837463378906,46.689998626708984,46.77000045776367,46.08000183105469,46.380001068115234,98928400
2010-06-04,QQQ,39.178184509277344,45.09000015258789,46.290000915527344,44.939998626708984,45.70000076293945,112849900
2010-06-07,QQQ,38.46568298339844,44.27000045776367,45.459999084472656,44.220001220703125,45.31999969482422,88436600
2010-06-08,QQQ,38.396175384521484,44.189998626708984,44.47999954223633,43.59000015258789,44.349998474121094,133030100
2010-06-09,QQQ,38.074676513671875,43.81999969482422,44.90999984741211,43.689998626708984,44.5,101949200
2010-06-10,QQQ,39.16080093383789,45.06999969482422,45.119998931884766,44.2400016784668,44.36000061035156,76892300
2010-06-11,QQQ,39.534427642822266,45.5,45.540000915527344,44.61000061035156,44.61000061035156,74346800
2010-06-14,QQQ,39.525733947753906,45.4900016784668,46.2400016784668,45.40999984741211,45.91999816894531,68085000
2010-06-15,QQQ,40.585777282714844,46.709999084472656,46.77000045776367,45.45000076293945,45.72999954223633,76332600
2010-06-16,QQQ,40.75086975097656,46.900001525878906,47.13999938964844,46.5,46.58000183105469,78399700
2010-06-17,QQQ,40.8812141418457,47.04999923706055,47.18000030517578,46.63999938964844,47.15999984741211,77111900
2010-06-18,QQQ,40.91514587402344,47.0,47.34000015258789,46.86000061035156,47.04999923706055,75921400
2010-06-21,QQQ,40.56692886352539,46.599998474121094,47.68000030517578,46.33000183105469,47.599998474121094,95488100
2010-06-22,QQQ,40.2535514831543,46.2400016784668,47.13999938964844,46.150001525878906,46.79999923706055,94493400
2010-06-23,QQQ,40.088134765625,46.04999923706055,46.470001220703125,45.689998626708984,46.290000915527344,92397600
2010-06-24,QQQ,39.478763580322266,45.349998474121094,45.9900016784668,45.20000076293945,45.849998474121094,114145900
2010-06-25,QQQ,39.48660659790039,45.27000045776367,45.65999984741211,44.95000076293945,45.5099983215332,88740300
2010-06-28,QQQ,39.3470573425293,45.11000061035156,45.54999923706055,44.810001373291016,45.27000045776367,71350000
2010-06-29,QQQ,37.829345703125,43.369998931884766,44.459999084472656,43.06999969482422,44.41999816894531,136384200
2010-06-30,QQQ,37.25367736816406,42.709999084472656,43.66999816894531,42.63999938964844,43.22999954223633,101313200
2010-07-01,QQQ,37.14898681640625,42.59000015258789,42.959999084472656,41.77000045776367,42.84000015258789,158695000
2010-07-02,QQQ,37.04431915283203,42.470001220703125,42.81999969482422,42.09000015258789,42.65999984741211,78565300
2010-07-06,QQQ,37.15770721435547,42.599998474121094,43.369998931884766,42.25,43.099998474121094,88591900
2010-07-07,QQQ,38.3439826965332,43.959999084472656,44.0099983215332,42.70000076293945,42.7400016784668,72448400
2010-07-08,QQQ,38.55331802368164,44.20000076293945,44.380001068115234,43.68000030517578,44.310001373291016,78264600
2010-07-09,QQQ,38.9196662902832,44.619998931884766,44.630001068115234,44.08000183105469,44.18000030517578,47851200
2010-07-12,QQQ,39.03303527832031,44.75,45.029998779296875,44.459999084472656,44.58000183105469,60927500
2010-07-13,QQQ,39.53894805908203,45.33000183105469,45.5,44.79999923706055,45.13999938964844,93310500
2010-07-14,QQQ,39.73957061767578,45.560001373291016,45.810001373291016,45.2400016784668,45.41999816894531,87687100
2010-07-15,QQQ,39.77445602416992,45.599998474121094,45.7400016784668,44.9900016784668,45.470001220703125,95992500
2010-07-16,QQQ,38.67542266845703,44.34000015258789,45.630001068115234,44.29999923706055,45.439998626708984,98831900
2010-07-19,QQQ,39.006874084472656,44.720001220703125,44.810001373291016,44.099998474121094,44.470001220703125,81800800
2010-07-20,QQQ,39.47788619995117,45.2599983215332,45.2599983215332,43.86000061035156,44.0,89061200
2010-07-21,QQQ,38.937095642089844,44.63999938964844,45.7599983215332,44.560001373291016,45.7400016784668,83577000
2010-07-22,QQQ,39.9227409362793,45.77000045776367,45.97999954223633,45.2400016784668,45.27000045776367,82890300
2010-07-23,QQQ,40.17568588256836,46.060001373291016,46.099998474121094,45.380001068115234,45.459999084472656,81056100
2010-07-26,QQQ,40.507144927978516,46.439998626708984,46.459999084472656,45.90999984741211,46.119998931884766,64850900
2010-07-27,QQQ,40.48969650268555,46.41999816894531,46.720001220703125,46.209999084472656,46.63999938964844,67655600
2010-07-28,QQQ,40.16696548461914,46.04999923706055,46.58000183105469,45.880001068115234,46.369998931884766,51988200
2010-07-29,QQQ,39.87040328979492,45.709999084472656,46.40999984741211,45.25,46.31999969482422,85669500
2010-07-30,QQQ,39.95762634277344,45.810001373291016,46.09000015258789,45.06999969482422,45.33000183105469,98958100
2010-08-02,QQQ,40.70778274536133,46.66999816894531,46.790000915527344,46.209999084472656,46.38999938964844,68706800
2010-08-03,QQQ,40.5333137512207,46.470001220703125,46.70000076293945,46.25,46.63999938964844,60856600
2010-08-04,QQQ,40.943275451660156,46.939998626708984,46.9900016784668,46.5,46.68000030517578,43820600
2010-08-05,QQQ,40.84733200073242,46.83000183105469,46.91999816894531,46.52000045776367,46.709999084472656,39150200
2010-08-06,QQQ,40.786277770996094,46.7599983215332,46.849998474121094,46.04999923706055,46.31999969482422,71339200
2010-08-09,QQQ,41.06539535522461,47.08000183105469,47.189998626708984,46.790000915527344,47.0,26927600
2010-08-10,QQQ,40.70778274536133,46.66999816894531,46.95000076293945,46.279998779296875,46.70000076293945,86694500
2010-08-11,QQQ,39.60000228881836,45.400001525878906,45.91999816894531,45.209999084472656,45.900001525878906,92219700
2010-08-12,QQQ,39.28599548339844,45.040000915527344,45.2400016784668,44.45000076293945,44.529998779296875,66000200
2010-08-13,QQQ,39.006874084472656,44.720001220703125,45.060001373291016,44.709999084472656,44.869998931884766,46387300
2010-08-16,QQQ,39.07666778564453,44.79999923706055,45.11000061035156,44.29999923706055,44.5,55472900
2010-08-17,QQQ,39.5738410949707,45.369998931884766,45.779998779296875,45.029998779296875,45.119998931884766,56927100
2010-08-18,QQQ,39.730838775634766,45.54999923706055,45.81999969482422,45.11000061035156,45.279998779296875,61835400
2010-08-19,QQQ,39.128990173339844,44.86000061035156,45.459999084472656,44.560001373291016,45.279998779296875,82969500
2010-08-20,QQQ,39.18132400512695,44.91999816894531,45.029998779296875,44.540000915527344,44.790000915527344,65806700
2010-08-23,QQQ,38.79753875732422,44.47999954223633,45.34000015258789,44.459999084472656,45.20000076293945,69612200
2010-08-24,QQQ,38.07358169555664,43.650001525878906,44.119998931884766,43.470001220703125,43.970001220703125,79095800
2010-08-25,QQQ,38.43992233276367,44.06999969482422,44.2599983215332,43.27000045776367,43.34000015258789,87247900
2010-08-26,QQQ,37.97762680053711,43.540000915527344,44.31999969482422,43.5,44.220001220703125,91199000
2010-08-27,QQQ,38.43992233276367,44.06999969482422,44.15999984741211,42.970001220703125,43.86000061035156,109568800
2010-08-30,QQQ,38.038692474365234,43.61000061035156,44.25,43.599998474121094,43.86000061035156,49373200
2010-08-31,QQQ,37.90786361694336,43.459999084472656,43.849998474121094,43.18000030517578,43.380001068115234,72066900
2010-09-01,QQQ,39.041751861572266,44.7599983215332,44.90999984741211,44.06999969482422,44.099998474121094,83523100
2010-09-02,QQQ,39.47788619995117,45.2599983215332,45.279998779296875,44.72999954223633,44.84000015258789,41816800
2010-09-03,QQQ,40.132076263427734,46.0099983215332,46.02000045776367,45.54999923706055,45.7599983215332,64041100
2010-09-07,QQQ,39.86168670654297,45.70000076293945,46.029998779296875,45.630001068115234,45.81999969482422,51195200
2010-09-08,QQQ,40.34142303466797,46.25,46.45000076293945,45.81999969482422,45.83000183105469,66879800
2010-09-09,QQQ,40.49842834472656,46.43000030517578,46.70000076293945,46.31999969482422,46.65999984741211,61476400
2010-09-10,QQQ,40.64669418334961,46.599998474121094,46.66999816894531,46.25,46.47999954223633,66995700
2010-09-13,QQQ,41.21366882324219,47.25,47.369998931884766,46.939998626708984,46.959999084472656,64523400
2010-09-14,QQQ,41.38812255859375,47.45000076293945,47.70000076293945,47.08000183105469,47.189998626708984,91405800
2010-09-15,QQQ,41.64979934692383,47.75,47.79999923706055,47.189998626708984,47.33000183105469,67108200
2010-09-16,QQQ,41.815513610839844,47.939998626708984,47.97999954223633,47.540000915527344,47.65999984741211,66885800
2010-09-17,QQQ,41.957149505615234,47.9900016784668,48.13999938964844,47.75,48.13999938964844,76372600
2010-09-20,QQQ,42.69154739379883,48.83000183105469,48.93000030517578,48.11000061035156,48.16999816894531,84475000
2010-09-21,QQQ,42.68280792236328,48.81999969482422,49.16999816894531,48.61000061035156,48.86000061035156,82272000
2010-09-22,QQQ,42.56914520263672,48.689998626708984,49.02000045776367,48.41999816894531,48.619998931884766,88315900
2010-09-23,QQQ,42.55166244506836,48.66999816894531,49.15999984741211,48.31999969482422,48.369998931884766,85040000
2010-09-24,QQQ,43.417205810546875,49.65999984741211,49.689998626708984,49.150001525878906,49.220001220703125,79495900
2010-09-27,QQQ,43.18115234375,49.38999938964844,49.75,49.349998474121094,49.630001068115234,43859800
2010-09-28,QQQ,43.16367721557617,49.369998931884766,49.540000915527344,48.59000015258789,49.5099983215332,104922900
2010-09-29,QQQ,43.093727111816406,49.290000915527344,49.529998779296875,49.11000061035156,49.29999923706055,81679200
2010-09-30,QQQ,42.90138244628906,49.06999969482422,49.84000015258789,48.75,49.540000915527344,122458600
2010-10-01,QQQ,42.84892654418945,49.0099983215332,49.529998779296875,48.779998779296875,49.47999954223633,77675400
2010-10-04,QQQ,42.38554382324219,48.47999954223633,49.04999923706055,48.20000076293945,48.869998931884766,71359900
2010-10-05,QQQ,43.417205810546875,49.65999984741211,49.7599983215332,49.0,49.029998779296875,99301300
2010-10-06,QQQ,43.0412712097168,49.22999954223633,49.709999084472656,48.90999984741211,49.599998474121094,81831200
2010-10-07,QQQ,43.198646545410156,49.40999984741211,49.540000915527344,49.0,49.5099983215332,75693300
2010-10-08,QQQ,43.49592208862305,49.75,49.869998931884766,49.08000183105469,49.43000030517578,83223900
2010-10-11,QQQ,43.513389587402344,49.77000045776367,50.02000045776367,49.619998931884766,49.779998779296875,46880000
2010-10-12,QQQ,43.81066131591797,50.11000061035156,50.209999084472656,49.2599983215332,49.689998626708984,88571700
2010-10-13,QQQ,44.16910934448242,50.52000045776367,50.75,50.279998779296875,50.43000030517578,71122900
2010-10-14,QQQ,44.0816764831543,50.41999816894531,50.63999938964844,50.16999816894531,50.54999923706055,68464000
2010-10-15,QQQ,45.01715850830078,51.4900016784668,51.5,50.630001068115234,51.040000915527344,104654000
2010-10-18,QQQ,44.85104751586914,51.29999923706055,51.720001220703125,51.29999923706055,51.5,72399400
2010-10-19,QQQ,44.431392669677734,50.81999969482422,51.29999923706055,50.41999816894531,50.81999969482422,105739800
2010-10-20,QQQ,44.754878997802734,51.189998626708984,51.56999969482422,50.869998931884766,50.959999084472656,80861400
2010-10-21,QQQ,44.842308044433594,51.290000915527344,51.709999084472656,50.790000915527344,51.5099983215332,85885400
2010-10-22,QQQ,45.148319244384766,51.63999938964844,51.689998626708984,51.209999084472656,51.29999923706055,47406900
2010-10-25,QQQ,45.36687469482422,51.88999938964844,52.22999954223633,51.849998474121094,51.849998474121094,51413900
2010-10-26,QQQ,45.48927307128906,52.029998779296875,52.150001525878906,51.41999816894531,51.630001068115234,60498300
2010-10-27,QQQ,45.62915802001953,52.189998626708984,52.22999954223633,51.65999984741211,51.7599983215332,57483400
2010-10-28,QQQ,45.7253303527832,52.29999923706055,52.45000076293945,51.84000015258789,52.40999984741211,61220000
2010-10-29,QQQ,45.620426177978516,52.18000030517578,52.4900016784668,52.16999816894531,52.29999923706055,46668700
2010-11-01,QQQ,45.6553955078125,52.220001220703125,52.75,51.97999954223633,52.369998931884766,60555600
2010-11-02,QQQ,46.144981384277344,52.779998779296875,52.93000030517578,52.58000183105469,52.650001525878906,48137500
2010-11-03,QQQ,46.35482406616211,53.02000045776367,53.040000915527344,52.36000061035156,52.83000183105469,126225800
2010-11-04,QQQ,46.92311096191406,53.66999816894531,53.86000061035156,53.5,53.599998474121094,84201000
2010-11-05,QQQ,46.92311096191406,53.66999816894531,53.810001373291016,53.5099983215332,53.70000076293945,77937100
2010-11-08,QQQ,46.98432540893555,53.7400016784668,53.83000183105469,53.45000076293945,53.58000183105469,39623500
2010-11-09,QQQ,46.73077392578125,53.45000076293945,54.040000915527344,53.209999084472656,53.95000076293945,66828700
2010-11-10,QQQ,46.966827392578125,53.720001220703125,53.77000045776367,53.099998474121094,53.52000045776367,83553700
2010-11-11,QQQ,46.669559478759766,53.380001068115234,53.47999954223633,52.65999984741211,52.90999984741211,85163600
2010-11-12,QQQ,45.9089241027832,52.5099983215332,53.369998931884766,52.11000061035156,53.099998474121094,99164300
2010-11-15,QQQ,45.73407745361328,52.310001373291016,52.880001068115234,52.290000915527344,52.779998779296875,56723400
2010-11-16,QQQ,44.982181549072266,51.45000076293945,52.25,50.849998474121094,51.939998626708984,101097000
2010-11-17,QQQ,45.11333465576172,51.599998474121094,51.869998931884766,51.349998474121094,51.47999954223633,77836200
2010-11-18,QQQ,45.8390007019043,52.43000030517578,52.790000915527344,52.130001068115234,52.15999984741211,71488300
2010-11-19,QQQ,45.87397384643555,52.470001220703125,52.59000015258789,52.13999938964844,52.36000061035156,54506100
2010-11-22,QQQ,46.2586669921875,52.90999984741211,52.90999984741211,52.16999816894531,52.2599983215332,69918900
2010-11-23,QQQ,45.52423858642578,52.06999969482422,52.45000076293945,51.77000045776367,52.369998931884766,76818300
2010-11-24,QQQ,46.442264556884766,53.119998931884766,53.25,52.560001373291016,52.58000183105469,53444200
2010-11-26,QQQ,46.136260986328125,52.77000045776367,53.130001068115234,52.66999816894531,52.779998779296875,23640300
2010-11-29,QQQ,46.101261138916016,52.72999954223633,52.900001525878906,52.099998474121094,52.70000076293945,89269100
2010-11-30,QQQ,45.541748046875,52.09000015258789,52.7400016784668,51.880001068115234,52.18000030517578,118862100
2010-12-01,QQQ,46.50345993041992,53.189998626708984,53.459999084472656,52.84000015258789,52.86000061035156,81758800
2010-12-02,QQQ,46.975563049316406,53.72999954223633,53.810001373291016,53.209999084472656,53.27000045776367,56844600
2010-12-03,QQQ,47.09797286987305,53.869998931884766,53.939998626708984,53.5,53.5,38014200
2010-12-06,QQQ,47.08048629760742,53.849998474121094,53.95000076293945,53.68000030517578,53.880001068115234,39312000
2010-12-07,QQQ,47.10670852661133,53.880001068115234,54.52000045776367,53.81999969482422,54.5,59067300
2010-12-08,QQQ,47.28158187866211,54.08000183105469,54.150001525878906,53.689998626708984,54.02000045776367,48066900
2010-12-09,QQQ,47.32528305053711,54.130001068115234,54.439998626708984,53.95000076293945,54.40999984741211,51679800
2010-12-10,QQQ,47.64003372192383,54.4900016784668,54.54999923706055,54.09000015258789,54.290000915527344,44696200
2010-12-13,QQQ,47.47391128540039,54.29999923706055,54.7400016784668,54.27000045776367,54.70000076293945,53110200
2010-12-14,QQQ,47.56135559082031,54.400001525878906,54.619998931884766,54.22999954223633,54.439998626708984,69884800
2010-12-15,QQQ,47.35150909423828,54.15999984741211,54.70000076293945,54.029998779296875,54.369998931884766,76951900
2010-12-16,QQQ,47.71873092651367,54.58000183105469,54.65999984741211,54.060001373291016,54.209999084472656,65519400
2010-12-17,QQQ,47.76074981689453,54.52000045776367,54.68000030517578,54.40999984741211,54.540000915527344,36844200
2010-12-20,QQQ,47.79581832885742,54.560001373291016,54.7599983215332,54.15999984741211,54.619998931884766,48159600
2010-12-21,QQQ,48.084903717041016,54.88999938964844,54.88999938964844,54.619998931884766,54.77000045776367,35775400
2010-12-22,QQQ,48.07612991333008,54.880001068115234,54.959999084472656,54.790000915527344,54.869998931884766,35766500
2010-12-23,QQQ,47.95348358154297,54.7400016784668,54.869998931884766,54.61000061035156,54.779998779296875,21664800
2010-12-27,QQQ,47.97977828979492,54.77000045776367,54.86000061035156,54.209999084472656,54.58000183105469,29263700
2010-12-28,QQQ,47.89215850830078,54.66999816894531,54.91999816894531,54.54999923706055,54.880001068115234,24160500
2010-12-29,QQQ,47.997291564941406,54.790000915527344,54.900001525878906,54.72999954223633,54.81999969482422,24132700
2010-12-30,QQQ,47.88341522216797,54.65999984741211,54.79999923706055,54.54999923706055,54.790000915527344,27553300
2010-12-31,QQQ,47.70820236206055,54.459999084472656,54.619998931884766,54.209999084472656,54.59000015258789,38540100
2011-01-03,QQQ,48.45282745361328,55.310001373291016,55.689998626708984,54.95000076293945,54.970001220703125,90994300
2011-01-04,QQQ,48.417781829833984,55.27000045776367,55.54999923706055,54.91999816894531,55.5099983215332,43851500
2011-01-05,QQQ,48.82951354980469,55.7400016784668,55.7599983215332,55.06999969482422,55.099998474121094,43787400
2011-01-06,QQQ,48.98719787597656,55.91999816894531,55.959999084472656,55.68000030517578,55.79999923706055,46139600
2011-01-07,QQQ,48.94340133666992,55.869998931884766,56.04999923706055,55.31999969482422,56.02000045776367,72261700
2011-01-10,QQQ,49.12738037109375,56.08000183105469,56.18000030517578,55.58000183105469,55.75,55551800
2011-01-11,QQQ,49.197452545166016,56.15999984741211,56.36000061035156,55.95000076293945,56.310001373291016,56663800
2011-01-12,QQQ,49.54785919189453,56.560001373291016,56.560001373291016,56.20000076293945,56.43000030517578,51979300
2011-01-13,QQQ,49.56537628173828,56.58000183105469,56.72999954223633,56.40999984741211,56.599998474121094,47364500
2011-01-14,QQQ,49.93331527709961,57.0,57.02000045776367,56.459999084472656,56.599998474121094,43867400
2011-01-18,QQQ,50.07347106933594,57.15999984741211,57.22999954223633,56.4900016784668,56.56999969482422,65805600
2011-01-19,QQQ,49.504058837890625,56.5099983215332,57.2599983215332,56.31999969482422,57.2599983215332,67767200
2011-01-20,QQQ,49.15365219116211,56.11000061035156,56.349998474121094,55.68000030517578,56.27000045776367,92357800
2011-01-21,QQQ,48.77695846557617,55.68000030517578,56.4900016784668,55.650001525878906,56.38999938964844,59673300
2011-01-24,QQQ,49.45149612426758,56.45000076293945,56.459999084472656,55.68000030517578,55.790000915527344,64103300
2011-01-25,QQQ,49.521549224853516,56.529998779296875,56.54999923706055,56.04999923706055,56.16999816894531,55305100
2011-01-26,QQQ,49.78438186645508,56.83000183105469,56.97999954223633,56.45000076293945,56.61000061035156,60547700
2011-01-27,QQQ,50.09098434448242,57.18000030517578,57.349998474121094,56.91999816894531,57.0099983215332,53656100
2011-01-28,QQQ,48.82075500488281,55.72999954223633,57.220001220703125,55.470001220703125,57.16999816894531,123359900
2011-01-31,QQQ,49.0572624206543,56.0,56.15999984741211,55.38999938964844,55.810001373291016,70571300
2011-02-01,QQQ,49.97710418701172,57.04999923706055,57.18000030517578,56.36000061035156,56.41999816894531,76952900
2011-02-02,QQQ,49.89826202392578,56.959999084472656,57.16999816894531,56.84000015258789,56.93000030517578,48661000
2011-02-03,QQQ,49.98585891723633,57.060001373291016,57.13999938964844,56.400001525878906,56.849998474121094,45341900
2011-02-04,QQQ,50.26619338989258,57.380001068115234,57.41999816894531,56.900001525878906,57.04999923706055,47647800
2011-02-07,QQQ,50.50271987915039,57.650001525878906,57.970001220703125,57.400001525878906,57.4900016784668,45627100
2011-02-08,QQQ,50.83560562133789,58.029998779296875,58.06999969482422,57.560001373291016,57.66999816894531,38099900
2011-02-09,QQQ,50.74800109863281,57.93000030517578,58.119998931884766,57.75,57.939998626708984,62540800
2011-02-10,QQQ,50.826847076416016,58.02000045776367,58.099998474121094,57.4900016784668,57.54999923706055,70194700
2011-02-11,QQQ,51.19477081298828,58.439998626708984,58.47999954223633,57.77000045776367,57.849998474121094,47853500
2011-02-14,QQQ,51.317420959472656,58.58000183105469,58.65999984741211,58.380001068115234,58.439998626708984,48506100
2011-02-15,QQQ,51.247337341308594,58.5,58.56999969482422,58.22999954223633,58.439998626708984,39723800
2011-02-16,QQQ,51.58023452758789,58.880001068115234,59.040000915527344,58.630001068115234,58.650001525878906,53061700
2011-02-17,QQQ,51.56269836425781,58.86000061035156,58.970001220703125,58.54999923706055,58.59000015258789,38361900
2011-02-18,QQQ,51.44881820678711,58.72999954223633,58.970001220703125,58.5099983215332,58.86000061035156,44334300
2011-02-22,QQQ,49.959598541259766,57.029998779296875,58.130001068115234,56.939998626708984,57.93000030517578,92598100
2011-02-23,QQQ,49.54785919189453,56.560001373291016,57.22999954223633,56.130001068115234,57.029998779296875,97842900
2011-02-24,QQQ,49.81065368652344,56.86000061035156,57.029998779296875,56.13999938964844,56.68000030517578,98716100
2011-02-25,QQQ,50.50271987915039,57.650001525878906,57.720001220703125,57.119998931884766,57.18000030517578,54094600
2011-02-28,QQQ,50.607826232910156,57.77000045776367,58.04999923706055,57.43000030517578,57.880001068115234,51402800
2011-03-01,QQQ,49.79314041137695,56.84000015258789,58.02000045776367,56.70000076293945,58.02000045776367,91993900
2011-03-02,QQQ,50.055938720703125,57.13999938964844,57.5099983215332,56.790000915527344,56.810001373291016,61552900
2011-03-03,QQQ,51.04585647583008,58.27000045776367,58.369998931884766,57.66999816894531,57.66999816894531,64146600
2011-03-04,QQQ,50.783042907714844,57.970001220703125,58.2599983215332,57.59000015258789,58.25,62328400
2011-03-07,QQQ,50.0997428894043,57.189998626708984,58.2599983215332,56.66999816894531,58.209999084472656,98470000
2011-03-08,QQQ,50.30122375488281,57.41999816894531,57.68000030517578,56.77000045776367,57.119998931884766,62399100
2011-03-09,QQQ,49.959598541259766,57.029998779296875,57.27000045776367,56.720001220703125,57.209999084472656,84764200
2011-03-10,QQQ,49.1799201965332,56.13999938964844,56.52000045776367,55.90999984741211,56.38999938964844,102894400
2011-03-11,QQQ,49.48652648925781,56.4900016784668,56.65999984741211,55.81999969482422,55.81999969482422,81679400
2011-03-14,QQQ,49.31134033203125,56.290000915527344,56.59000015258789,55.86000061035156,56.18000030517578,73565800
2011-03-15,QQQ,48.610504150390625,55.4900016784668,55.81999969482422,54.470001220703125,54.63999938964844,101276500
2011-03-16,QQQ,47.4366340637207,54.150001525878906,55.34000015258789,53.77000045776367,55.029998779296875,176507700
2011-03-17,QQQ,47.87465286254883,54.650001525878906,55.2400016784668,54.130001068115234,55.0099983215332,94434500
2011-03-18,QQQ,47.7667350769043,54.45000076293945,55.220001220703125,54.40999984741211,55.220001220703125,94887200
2011-03-21,QQQ,48.687862396240234,55.5,55.779998779296875,54.5,55.279998779296875,57423000
2011-03-22,QQQ,48.60013961791992,55.400001525878906,55.61000061035156,55.279998779296875,55.58000183105469,36162100
2011-03-23,QQQ,48.87208938598633,55.709999084472656,55.869998931884766,54.81999969482422,55.20000076293945,60365100
2011-03-24,QQQ,49.740570068359375,56.70000076293945,56.81999969482422,55.81999969482422,56.130001068115234,69502400
2011-03-25,QQQ,49.86339569091797,56.84000015258789,57.220001220703125,56.72999954223633,56.880001068115234,74131100
2011-03-28,QQQ,49.59145736694336,56.529998779296875,57.099998474121094,56.5,57.09000015258789,37824000
2011-03-29,QQQ,50.073944091796875,57.08000183105469,57.08000183105469,56.22999954223633,56.400001525878906,47994800
2011-03-30,QQQ,50.31079864501953,57.349998474121094,57.43000030517578,57.08000183105469,57.36000061035156,44935900
2011-03-31,QQQ,50.38099670410156,57.43000030517578,57.47999954223633,57.150001525878906,57.25,50004300
2011-04-01,QQQ,50.407291412353516,57.459999084472656,57.900001525878906,57.290000915527344,57.720001220703125,68031800
2011-04-04,QQQ,50.240631103515625,57.27000045776367,57.68000030517578,57.02000045776367,57.619998931884766,48659100
2011-04-05,QQQ,50.10902786254883,57.119998931884766,57.4900016784668,57.0,57.15999984741211,55349400
2011-04-06,QQQ,50.23183822631836,57.2599983215332,57.72999954223633,56.93000030517578,57.560001373291016,49532100
2011-04-07,QQQ,50.19675827026367,57.220001220703125,57.599998474121094,56.810001373291016,57.2400016784668,60697000
2011-04-08,QQQ,49.95989990234375,56.95000076293945,57.56999969482422,56.650001525878906,57.47999954223633,42782200
2011-04-11,QQQ,49.79320526123047,56.7599983215332,57.290000915527344,56.560001373291016,57.16999816894531,42451700
2011-04-12,QQQ,49.45109176635742,56.369998931884766,56.63999938964844,56.150001525878906,56.5,50422800
2011-04-13,QQQ,49.87215805053711,56.849998474121094,57.0,56.400001525878906,56.790000915527344,49979800
2011-04-14,QQQ,49.78443908691406,56.75,56.83000183105469,56.22999954223633,56.459999084472656,53544100
2011-04-15,QQQ,49.69670104980469,56.650001525878906,56.869998931884766,56.279998779296875,56.529998779296875,68530000
2011-04-18,QQQ,49.3458137512207,56.25,56.27000045776367,55.31999969482422,56.08000183105469,69065000
2011-04-19,QQQ,49.65285110473633,56.599998474121094,56.599998474121094,56.099998474121094,56.400001525878906,38608400
2011-04-20,QQQ,50.7757568359375,57.880001068115234,57.939998626708984,57.529998779296875,57.599998474121094,67397500
2011-04-21,QQQ,51.17929458618164,58.34000015258789,58.470001220703125,58.15999984741211,58.439998626708984,43666800
2011-04-25,QQQ,51.31087112426758,58.4900016784668,58.52000045776367,58.279998779296875,58.38999938964844,25376800
2011-04-26,QQQ,51.600345611572266,58.81999969482422,59.029998779296875,58.5099983215332,58.63999938964844,49400000
2011-04-27,QQQ,51.95127487182617,59.220001220703125,59.290000915527344,58.65999984741211,58.93000030517578,56465500
2011-04-28,QQQ,51.872310638427734,59.130001068115234,59.22999954223633,58.880001068115234,59.040000915527344,48100000
2011-04-29,QQQ,51.828460693359375,59.08000183105469,59.290000915527344,58.97999954223633,59.02000045776367,44831200
2011-05-02,QQQ,51.73196792602539,58.970001220703125,59.34000015258789,58.81999969482422,59.16999816894531,48149400
2011-05-03,QQQ,51.486324310302734,58.689998626708984,59.0,58.33000183105469,58.939998626708984,38100000
2011-05-04,QQQ,51.40738296508789,58.599998474121094,58.869998931884766,58.11000061035156,58.720001220703125,53097200
2011-05-05,QQQ,51.12664031982422,58.279998779296875,58.970001220703125,58.08000183105469,58.310001373291016,72200000
2011-05-06,QQQ,51.2933464050293,58.470001220703125,59.20000076293945,58.310001373291016,58.86000061035156,72507000
2011-05-09,QQQ,51.486324310302734,58.689998626708984,58.91999816894531,58.34000015258789,58.56999969482422,40022000
2011-05-10,QQQ,51.924957275390625,59.189998626708984,59.279998779296875,58.779998779296875,58.86000061035156,38053600
2011-05-11,QQQ,51.54773712158203,58.7599983215332,59.310001373291016,58.36000061035156,59.099998474121094,61900000
2011-05-12,QQQ,51.85477066040039,59.11000061035156,59.189998626708984,58.2400016784668,58.58000183105469,66100000
2011-05-13,QQQ,51.240692138671875,58.40999984741211,59.06999969482422,58.38999938964844,58.970001220703125,63506600
2011-05-16,QQQ,50.354671478271484,57.400001525878906,58.31999969482422,57.27000045776367,58.13999938964844,73115300
2011-05-17,QQQ,50.495018005371094,57.560001373291016,57.56999969482422,56.97999954223633,57.099998474121094,63136000
2011-05-18,QQQ,50.91610336303711,58.040000915527344,58.13999938964844,57.40999984741211,57.47999954223633,42351100
2011-05-19,QQQ,51.065250396728516,58.209999084472656,58.34000015258789,57.849998474121094,58.220001220703125,35015800
2011-05-20,QQQ,50.67924499511719,57.77000045776367,58.209999084472656,57.689998626708984,58.150001525878906,44703300
2011-05-23,QQQ,49.933589935302734,56.91999816894531,57.150001525878906,56.650001525878906,56.97999954223633,43700000
2011-05-24,QQQ,49.626548767089844,56.56999969482422,57.06999969482422,56.560001373291016,57.060001373291016,39314800
2011-05-25,QQQ,49.81954574584961,56.790000915527344,57.060001373291016,56.470001220703125,56.5,41369000
2011-05-26,QQQ,50.12657165527344,57.13999938964844,57.29999923706055,56.61000061035156,56.619998931884766,40564100
2011-05-27,QQQ,50.38099670410156,57.43000030517578,57.4900016784668,57.189998626708984,57.2400016784668,30127200
2011-05-31,QQQ,51.19682693481445,58.36000061035156,58.36000061035156,57.66999816894531,57.970001220703125,47590100
2011-06-01,QQQ,50.08271408081055,57.09000015258789,58.36000061035156,57.040000915527344,58.220001220703125,51795000
2011-06-02,QQQ,50.187984466552734,57.209999084472656,57.40999984741211,56.88999938964844,57.20000076293945,50198100
2011-06-03,QQQ,49.433528900146484,56.349998474121094,56.9900016784668,56.27000045776367,56.54999923706055,57773700
2011-06-06,QQQ,49.02998352050781,55.88999938964844,56.529998779296875,55.86000061035156,56.220001220703125,50175600
2011-06-07,QQQ,48.9422721862793,55.790000915527344,56.2599983215332,55.75,56.040000915527344,46311100
2011-06-08,QQQ,48.59137725830078,55.38999938964844,55.77000045776367,55.22999954223633,55.66999816894531,46426400
2011-06-09,QQQ,48.67910385131836,55.4900016784668,55.7599983215332,55.22999954223633,55.40999984741211,45307500
2011-06-10,QQQ,47.933433532714844,54.63999938964844,55.34000015258789,54.59000015258789,55.22999954223633,53740600
2011-06-13,QQQ,47.933433532714844,54.63999938964844,54.93000030517578,54.45000076293945,54.66999816894531,37736800
2011-06-14,QQQ,48.547508239746094,55.34000015258789,55.470001220703125,55.029998779296875,55.060001373291016,40565300
2011-06-15,QQQ,47.62638854980469,54.290000915527344,55.150001525878906,54.18000030517578,54.810001373291016,59022400
2011-06-16,QQQ,47.442176818847656,54.08000183105469,54.5,53.619998931884766,54.31999969482422,66316200
2011-06-17,QQQ,47.2935791015625,53.790000915527344,54.599998474121094,53.630001068115234,54.400001525878906,70337000
2011-06-20,QQQ,47.53976058959961,54.06999969482422,54.22999954223633,53.63999938964844,53.63999938964844,37402900
2011-06-21,QQQ,48.559654235839844,55.22999954223633,55.290000915527344,54.029998779296875,54.2599983215332,55892800
2011-06-22,QQQ,48.20797348022461,54.83000183105469,55.31999969482422,54.81999969482422,55.0,36833300
2011-06-23,QQQ,48.6563835144043,55.34000015258789,55.369998931884766,54.060001373291016,54.2400016784668,80743300
2011-06-24,QQQ,47.81230926513672,54.380001068115234,55.130001068115234,54.27000045776367,55.08000183105469,56298300
2011-06-27,QQQ,48.577239990234375,55.25,55.529998779296875,54.31999969482422,54.439998626708984,49968900
2011-06-28,QQQ,49.298213958740234,56.06999969482422,56.08000183105469,55.290000915527344,55.369998931884766,47028800
2011-06-29,QQQ,49.50043869018555,56.29999923706055,56.40999984741211,55.900001525878906,56.20000076293945,65407300
2011-06-30,QQQ,50.159854888916016,57.04999923706055,57.09000015258789,56.470001220703125,56.5,50347200
2011-07-01,QQQ,50.91597366333008,57.90999984741211,57.9900016784668,56.91999816894531,57.08000183105469,53203900
2011-07-05,QQQ,51.170955657958984,58.20000076293945,58.2599983215332,57.83000183105469,57.970001220703125,43128800
2011-07-06,QQQ,51.3380126953125,58.38999938964844,58.4900016784668,57.939998626708984,58.130001068115234,49282700
2011-07-07,QQQ,52.0413932800293,59.189998626708984,59.36000061035156,58.7400016784668,58.83000183105469,54799800
2011-07-08,QQQ,51.900718688964844,59.029998779296875,59.040000915527344,58.369998931884766,58.68000030517578,69519500
2011-07-11,QQQ,50.95994567871094,57.959999084472656,58.709999084472656,57.7599983215332,58.40999984741211,52080800
2011-07-12,QQQ,50.573097229003906,57.52000045776367,58.06999969482422,57.459999084472656,57.95000076293945,84000700
2011-07-13,QQQ,50.78409957885742,57.7599983215332,58.34000015258789,57.54999923706055,57.939998626708984,82378100
2011-07-14,QQQ,50.195011138916016,57.09000015258789,58.18000030517578,56.869998931884766,57.90999984741211,98774200
2011-07-15,QQQ,50.86323165893555,57.849998474121094,57.849998474121094,57.310001373291016,57.72999954223633,68281500
2011-07-18,QQQ,50.59067153930664,57.540000915527344,57.790000915527344,56.97999954223633,57.529998779296875,59512200
2011-07-19,QQQ,51.74245834350586,58.849998474121094,58.900001525878906,58.09000015258789,58.09000015258789,73904600
2011-07-20,QQQ,51.52266311645508,58.599998474121094,59.189998626708984,58.5,59.18000030517578,57085500
2011-07-21,QQQ,51.865562438964844,58.9900016784668,59.31999969482422,58.34000015258789,58.65999984741211,70148800
2011-07-22,QQQ,52.40186309814453,59.599998474121094,59.70000076293945,58.91999816894531,58.959999084472656,43620400
2011-07-25,QQQ,52.29638671875,59.47999954223633,59.810001373291016,59.02000045776367,59.130001068115234,48916100
2011-07-26,QQQ,52.42825698852539,59.630001068115234,59.83000183105469,59.31999969482422,59.439998626708984,40918900
2011-07-27,QQQ,51.07425308227539,58.09000015258789,59.290000915527344,57.939998626708984,59.2400016784668,83969500
2011-07-28,QQQ,51.162174224853516,58.189998626708984,58.93000030517578,57.88999938964844,58.119998931884766,61031900
2011-07-29,QQQ,50.9951057434082,58.0,58.61000061035156,57.439998626708984,57.720001220703125,82860500
2011-08-01,QQQ,50.757728576660156,57.72999954223633,58.81999969482422,57.029998779296875,58.70000076293945,85421100
2011-08-02,QQQ,49.474056243896484,56.27000045776367,57.720001220703125,56.209999084472656,57.459999084472656,90853300
2011-08-03,QQQ,49.94883728027344,56.810001373291016,56.880001068115234,55.349998474121094,56.34000015258789,103612300
2011-08-04,QQQ,47.62770080566406,54.16999816894531,56.09000015258789,54.16999816894531,56.0,132830000
2011-08-05,QQQ,47.32875061035156,53.83000183105469,55.029998779296875,52.31999969482422,54.720001220703125,214111800
2011-08-08,QQQ,44.48005294799805,50.59000015258789,53.119998931884766,50.59000015258789,52.18000030517578,204804500
2011-08-09,QQQ,46.6253547668457,53.029998779296875,53.08000183105469,49.93000030517578,51.349998474121094,193707100
2011-08-10,QQQ,44.717445373535156,50.86000061035156,53.040000915527344,50.79999923706055,51.83000183105469,205917900
2011-08-11,QQQ,46.68690872192383,53.099998474121094,53.689998626708984,51.34000015258789,51.59000015258789,143825300
2011-08-12,QQQ,47.10014343261719,53.56999969482422,53.900001525878906,52.880001068115234,53.43000030517578,90483300
2011-08-15,QQQ,47.794734954833984,54.36000061035156,54.36000061035156,53.529998779296875,53.790000915527344,73554300
2011-08-16,QQQ,47.39029312133789,53.900001525878906,54.349998474121094,53.18000030517578,53.83000183105469,89219200
2011-08-17,QQQ,47.108943939208984,53.58000183105469,54.41999816894531,53.02000045776367,53.970001220703125,84416600
2011-08-18,QQQ,44.796566009521484,50.95000076293945,52.13999938964844,50.47999954223633,52.130001068115234,130019400
2011-08-19,QQQ,43.9876823425293,50.029998779296875,51.66999816894531,49.9900016784668,50.41999816894531,96674600
2011-08-22,QQQ,44.145931243896484,50.209999084472656,51.2400016784668,50.060001373291016,51.22999954223633,77107700
2011-08-23,QQQ,45.965938568115234,52.279998779296875,52.279998779296875,50.34000015258789,50.54999923706055,75688400
2011-08-24,QQQ,46.326438903808594,52.689998626708984,52.790000915527344,51.709999084472656,52.130001068115234,80197700
2011-08-25,QQQ,45.570289611816406,51.83000183105469,52.900001525878906,51.650001525878906,52.65999984741211,93623700
2011-08-26,QQQ,46.713287353515625,53.130001068115234,53.310001373291016,51.150001525878906,51.65999984741211,91573300
2011-08-29,QQQ,48.01454162597656,54.61000061035156,54.66999816894531,53.63999938964844,53.65999984741211,45985800
2011-08-30,QQQ,48.3310546875,54.970001220703125,55.29999923706055,54.11000061035156,54.40999984741211,61617900
2011-08-31,QQQ,48.41020202636719,55.060001373291016,55.7400016784668,54.599998474121094,55.29999923706055,60900400
2011-09-01,QQQ,47.9705810546875,54.560001373291016,55.63999938964844,54.459999084472656,55.20000076293945,57158400
2011-09-02,QQQ,46.84517288208008,53.279998779296875,54.61000061035156,52.9900016784668,53.58000183105469,58185700
2011-09-06,QQQ,46.853973388671875,53.290000915527344,53.369998931884766,51.90999984741211,52.040000915527344,52992200
2011-09-07,QQQ,48.040931701660156,54.63999938964844,54.650001525878906,53.900001525878906,54.04999923706055,48952200
2011-09-08,QQQ,47.821102142333984,54.38999938964844,55.16999816894531,54.209999084472656,54.36000061035156,61422800
2011-09-09,QQQ,46.75724792480469,53.18000030517578,54.2400016784668,52.849998474121094,54.0099983215332,63663500
2011-09-12,QQQ,47.35512161254883,53.86000061035156,53.900001525878906,52.56999969482422,52.59000015258789,65973000
2011-09-13,QQQ,47.988162994384766,54.58000183105469,54.689998626708984,53.79999923706055,54.060001373291016,59020000
2011-09-14,QQQ,48.6739616394043,55.36000061035156,55.97999954223633,54.31999969482422,54.86000061035156,90757300
2011-09-15,QQQ,49.3949089050293,56.18000030517578,56.279998779296875,55.38999938964844,55.959999084472656,83536100
2011-09-16,QQQ,49.847686767578125,56.59000015258789,56.650001525878906,56.09000015258789,56.20000076293945,91902100
2011-09-19,QQQ,49.86531066894531,56.61000061035156,56.90999984741211,55.43000030517578,55.88999938964844,73042900
2011-09-20,QQQ,49.64508056640625,56.36000061035156,57.349998474121094,56.22999954223633,56.900001525878906,66570100
2011-09-21,QQQ,48.781856536865234,55.380001068115234,56.93000030517578,55.369998931884766,56.650001525878906,79938000
2011-09-22,QQQ,47.19630813598633,53.58000183105469,54.459999084472656,52.75,53.970001220703125,151885500
2011-09-23,QQQ,47.69839859008789,54.150001525878906,54.380001068115234,53.09000015258789,53.130001068115234,85940600
2011-09-26,QQQ,48.253318786621094,54.779998779296875,54.880001068115234,53.209999084472656,54.41999816894531,96261400
2011-09-27,QQQ,48.75542449951172,55.349998474121094,56.20000076293945,54.97999954223633,55.709999084472656,81148600
2011-09-28,QQQ,48.033119201660156,54.529998779296875,55.970001220703125,54.400001525878906,55.59000015258789,76757100
2011-09-29,QQQ,47.46055603027344,53.880001068115234,55.43000030517578,52.970001220703125,55.36000061035156,116900200
2011-09-30,QQQ,46.236183166503906,52.4900016784668,53.61000061035156,52.459999084472656,53.15999984741211,104870100
2011-10-03,QQQ,45.0470085144043,51.13999938964844,52.849998474121094,51.11000061035156,52.02000045776367,99149500
2011-10-04,QQQ,45.971920013427734,52.189998626708984,52.290000915527344,50.099998474121094,50.619998931884766,137013700
2011-10-05,QQQ,47.152259826660156,53.529998779296875,53.68000030517578,51.65999984741211,52.060001373291016,108825700
2011-10-06,QQQ,47.94504165649414,54.43000030517578,54.439998626708984,53.209999084472656,53.459999084472656,71939200
2011-10-07,QQQ,47.627933502197266,54.06999969482422,54.65999984741211,53.720001220703125,54.400001525878906,72525200
2011-10-10,QQQ,49.2751350402832,55.939998626708984,55.939998626708984,54.88999938964844,54.9900016784668,48230200
2011-10-11,QQQ,49.60984802246094,56.31999969482422,56.459999084472656,55.70000076293945,55.790000915527344,66449100
2011-10-12,QQQ,49.856483459472656,56.599998474121094,57.22999954223633,56.560001373291016,56.86000061035156,85627600
2011-10-13,QQQ,50.314552307128906,57.119998931884766,57.189998626708984,56.43000030517578,56.4900016784668,63443700
2011-10-14,QQQ,51.248252868652344,58.18000030517578,58.189998626708984,57.5099983215332,57.81999969482422,65643600
2011-10-17,QQQ,50.455482482910156,57.279998779296875,58.09000015258789,56.970001220703125,57.90999984741211,65161300
2011-10-18,QQQ,51.08088684082031,57.9900016784668,58.290000915527344,56.65999984741211,57.189998626708984,91434600
2011-10-19,QQQ,50.094322204589844,56.869998931884766,57.849998474121094,56.68000030517578,57.66999816894531,67639400
2011-10-20,QQQ,49.847686767578125,56.59000015258789,56.91999816894531,55.790000915527344,56.86000061035156,80378300
2011-10-21,QQQ,50.47308349609375,57.29999923706055,57.65999984741211,56.779998779296875,57.189998626708984,60455800
2011-10-24,QQQ,51.521305084228516,58.4900016784668,58.650001525878906,57.310001373291016,57.5099983215332,61449500
2011-10-25,QQQ,50.50833511352539,57.34000015258789,58.31999969482422,57.220001220703125,58.29999923706055,65299200
2011-10-26,QQQ,50.44666290283203,57.27000045776367,57.779998779296875,56.209999084472656,57.65999984741211,98193800
2011-10-27,QQQ,51.83842849731445,58.849998474121094,59.20000076293945,58.029998779296875,58.63999938964844,104455500
2011-10-28,QQQ,51.917686462402344,58.939998626708984,59.0099983215332,58.5,58.52000045776367,42950000
2011-10-31,QQQ,51.0456428527832,57.95000076293945,58.63999938964844,57.90999984741211,58.43000030517578,60520200
2011-11-01,QQQ,49.715553283691406,56.439998626708984,57.90999984741211,56.119998931884766,56.52000045776367,99933000
2011-11-02,QQQ,50.13836669921875,56.91999816894531,57.15999984741211,56.380001068115234,57.029998779296875,65003800
2011-11-03,QQQ,51.177764892578125,58.099998474121094,58.18000030517578,56.709999084472656,57.369998931884766,78994200
2011-11-04,QQQ,50.91352081298828,57.79999923706055,58.04999923706055,57.220001220703125,57.81999969482422,61527800
2011-11-07,QQQ,51.27467346191406,58.209999084472656,58.25,57.16999816894531,57.7599983215332,65559000
2011-11-08,QQQ,51.86484909057617,58.880001068115234,58.97999954223633,57.970001220703125,58.630001068115234,62906900
2011-11-09,QQQ,50.04146957397461,56.810001373291016,57.83000183105469,56.630001068115234,57.7400016784668,69539000
2011-11-10,QQQ,50.01504898071289,56.779998779296875,57.41999816894531,56.22999954223633,57.369998931884766,66052400
2011-11-11,QQQ,50.957557678222656,57.849998474121094,58.02000045776367,57.20000076293945,57.27000045776367,54471000
2011-11-14,QQQ,50.64045715332031,57.4900016784668,58.0099983215332,57.279998779296875,57.689998626708984,44617600
2011-11-15,QQQ,51.20420455932617,58.130001068115234,58.36000061035156,57.2599983215332,57.31999969482422,52203900
2011-11-16,QQQ,50.35859298706055,57.16999816894531,58.15999984741211,57.060001373291016,57.709999084472656,68342800
2011-11-17,QQQ,49.17824172973633,55.83000183105469,57.040000915527344,55.47999954223633,57.02000045776367,101706900
2011-11-18,QQQ,48.799468994140625,55.400001525878906,55.900001525878906,55.29999923706055,55.84000015258789,60417000
2011-11-21,QQQ,47.865753173828125,54.34000015258789,54.72999954223633,53.779998779296875,54.650001525878906,52283700
2011-11-22,QQQ,48.0243034362793,54.52000045776367,54.68000030517578,53.869998931884766,54.20000076293945,51940100
2011-11-23,QQQ,46.94086837768555,53.290000915527344,54.16999816894531,53.2599983215332,54.11000061035156,48437300
2011-11-25,QQQ,46.57971954345703,52.880001068115234,53.66999816894531,52.869998931884766,53.060001373291016,25448100
2011-11-28,QQQ,48.20048141479492,54.720001220703125,54.790000915527344,54.13999938964844,54.16999816894531,46710700
2011-11-29,QQQ,47.90098190307617,54.380001068115234,55.099998474121094,54.220001220703125,54.689998626708984,52056700
2011-11-30,QQQ,49.67150115966797,56.38999938964844,56.439998626708984,55.66999816894531,55.86000061035156,66918600
2011-12-01,QQQ,50.01504898071289,56.779998779296875,56.93000030517578,56.349998474121094,56.380001068115234,45362200
2011-12-02,QQQ,49.874107360839844,56.619998931884766,57.34000015258789,56.56999969482422,57.34000015258789,36938900
2011-12-05,QQQ,50.42024230957031,57.2400016784668,57.619998931884766,56.91999816894531,57.470001220703125,40492200
2011-12-06,QQQ,50.27928924560547,57.08000183105469,57.45000076293945,56.88999938964844,57.290000915527344,38670000
2011-12-07,QQQ,50.27928924560547,57.08000183105469,57.34000015258789,56.349998474121094,56.91999816894531,44576200
2011-12-08,QQQ,49.43367385864258,56.119998931884766,57.150001525878906,56.0099983215332,56.709999084472656,51692600
2011-12-09,QQQ,50.2264518737793,57.02000045776367,57.189998626708984,56.2400016784668,56.2599983215332,55757900
2011-12-12,QQQ,49.66270065307617,56.380001068115234,57.0099983215332,55.900001525878906,56.41999816894531,55411700
2011-12-13,QQQ,49.11656951904297,55.7599983215332,56.97999954223633,55.529998779296875,56.75,68557700
2011-12-14,QQQ,48.350223541259766,54.88999938964844,55.59000015258789,54.58000183105469,55.54999923706055,63682800
2011-12-15,QQQ,48.218109130859375,54.7400016784668,55.41999816894531,54.65999984741211,55.36000061035156,58732900
2011-12-16,QQQ,48.46634292602539,54.86000061035156,55.61000061035156,54.77000045776367,54.869998931884766,60978900
2011-12-19,QQQ,47.98929214477539,54.31999969482422,55.20000076293945,54.16999816894531,55.06999969482422,46733900
2011-12-20,QQQ,49.41164016723633,55.93000030517578,56.0,55.16999816894531,55.20000076293945,81758800
2011-12-21,QQQ,48.70487976074219,55.130001068115234,55.63999938964844,54.4900016784668,55.599998474121094,78552300
2011-12-22,QQQ,49.1201171875,55.599998474121094,55.630001068115234,55.16999816894531,55.25,40334100
2011-12-23,QQQ,49.54417419433594,56.08000183105469,56.08000183105469,55.58000183105469,55.709999084472656,26594600
2011-12-27,QQQ,49.72896957397461,56.2400016784668,56.41999816894531,55.93000030517578,55.9900016784668,21443500
2011-12-28,QQQ,49.15422058105469,55.59000015258789,56.2599983215332,55.439998626708984,56.16999816894531,38180100
2011-12-29,QQQ,49.50791931152344,55.9900016784668,56.029998779296875,55.5,55.68000030517578,28077900
2011-12-30,QQQ,49.3664436340332,55.83000183105469,56.119998931884766,55.81999969482422,55.869998931884766,21832400
2012-01-03,QQQ,50.31255340576172,56.900001525878906,57.189998626708984,56.75,56.90999984741211,39514100
2012-01-04,QQQ,50.524776458740234,57.13999938964844,57.220001220703125,56.560001373291016,56.810001373291016,29403400
2012-01-05,QQQ,50.94035339355469,57.61000061035156,57.65999984741211,56.79999923706055,57.02000045776367,41260600
2012-01-06,QQQ,51.11721420288086,57.810001373291016,57.939998626708984,57.400001525878906,57.619998931884766,46325200
2012-01-09,QQQ,50.949188232421875,57.619998931884766,57.97999954223633,57.43000030517578,57.959999084472656,39195500
2012-01-10,QQQ,51.32058334350586,58.040000915527344,58.400001525878906,57.63999938964844,58.22999954223633,35949900
2012-01-11,QQQ,51.42669677734375,58.15999984741211,58.290000915527344,57.810001373291016,58.029998779296875,37144100
2012-01-12,QQQ,51.63005828857422,58.38999938964844,58.470001220703125,57.86000061035156,58.290000915527344,26188300
2012-01-13,QQQ,51.44438171386719,58.18000030517578,58.20000076293945,57.68000030517578,58.08000183105469,35980400
2012-01-17,QQQ,51.91301345825195,58.709999084472656,58.959999084472656,58.4900016784668,58.689998626708984,41790800
2012-01-18,QQQ,52.60271072387695,59.4900016784668,59.4900016784668,58.68000030517578,58.81999969482422,48692700
2012-01-19,QQQ,52.92987060546875,59.86000061035156,59.970001220703125,59.650001525878906,59.7599983215332,47774500
2012-01-20,QQQ,52.850303649902344,59.77000045776367,59.79999923706055,59.560001373291016,59.599998474121094,41041700
2012-01-23,QQQ,52.86799621582031,59.790000915527344,60.209999084472656,59.439998626708984,59.779998779296875,40958300
2012-01-24,QQQ,52.77072525024414,59.68000030517578,59.84000015258789,59.40999984741211,59.52000045776367,38440200
2012-01-25,QQQ,53.43389129638672,60.43000030517578,60.58000183105469,59.83000183105469,60.2599983215332,61591800
2012-01-26,QQQ,53.248199462890625,60.220001220703125,60.79999923706055,59.93000030517578,60.689998626708984,37852700
2012-01-27,QQQ,53.407344818115234,60.400001525878906,60.5099983215332,60.060001373291016,60.09000015258789,45532300
2012-01-30,QQQ,53.45157241821289,60.45000076293945,60.540000915527344,59.65999984741211,59.88999938964844,42797800
2012-01-31,QQQ,53.52230453491211,60.529998779296875,60.86000061035156,60.13999938964844,60.75,51449600
2012-02-01,QQQ,53.95557403564453,61.02000045776367,61.2400016784668,60.65999984741211,60.880001068115234,46146700
2012-02-02,QQQ,54.12356185913086,61.209999084472656,61.40999984741211,60.970001220703125,61.220001220703125,46373600
2012-02-03,QQQ,54.8663444519043,62.04999923706055,62.119998931884766,61.68000030517578,61.779998779296875,36453800
2012-02-06,QQQ,54.82212829589844,62.0,62.02000045776367,61.65999984741211,61.81999969482422,28541300
2012-02-07,QQQ,54.937076568603516,62.130001068115234,62.25,61.66999816894531,61.95000076293945,37935700
2012-02-08,QQQ,55.22886276245117,62.459999084472656,62.459999084472656,61.90999984741211,62.13999938964844,41171100
2012-02-09,QQQ,55.62677764892578,62.90999984741211,62.97999954223633,62.31999969482422,62.70000076293945,46856400
2012-02-10,QQQ,55.237709045410156,62.470001220703125,62.63999938964844,62.25,62.459999084472656,58090500
2012-02-13,QQQ,55.75056076049805,63.04999923706055,63.130001068115234,62.650001525878906,62.939998626708984,36810200
2012-02-14,QQQ,55.89204025268555,63.209999084472656,63.220001220703125,62.689998626708984,62.90999984741211,51648200
2012-02-15,QQQ,55.50298309326172,62.77000045776367,63.86000061035156,62.66999816894531,63.5099983215332,105709100
2012-02-16,QQQ,56.263427734375,63.630001068115234,63.70000076293945,62.630001068115234,62.790000915527344,83642300
2012-02-17,QQQ,56.08656692504883,63.43000030517578,63.689998626708984,63.150001525878906,63.63999938964844,76112300
2012-02-21,QQQ,56.245723724365234,63.61000061035156,63.88999938964844,63.209999084472656,63.5,38141300
2012-02-22,QQQ,55.98930358886719,63.31999969482422,63.68000030517578,63.22999954223633,63.4900016784668,43174700
2012-02-23,QQQ,56.360679626464844,63.7400016784668,63.810001373291016,63.09000015258789,63.400001525878906,54250000
2012-02-24,QQQ,56.55522155761719,63.959999084472656,64.06999969482422,63.79999923706055,63.91999816894531,41364900
2012-02-27,QQQ,56.63478088378906,64.05000305175781,64.26000213623047,63.33000183105469,63.61000061035156,42678500
2012-02-28,QQQ,57.20953369140625,64.69999694824219,64.69999694824219,64.02999877929688,64.11000061035156,43717500
2012-02-29,QQQ,56.9531135559082,64.41000366210938,64.95999908447266,64.19999694824219,64.75,59784400
2012-03-01,QQQ,57.4040641784668,64.91999816894531,64.9800033569336,64.45999908447266,64.6500015258789,67558900
2012-03-02,QQQ,57.35986328125,64.87000274658203,65.08000183105469,64.66000366210938,64.83000183105469,33358200
2012-03-05,QQQ,56.76742935180664,64.19999694824219,64.91000366210938,63.9900016784668,64.83000183105469,45788800
2012-03-06,QQQ,56.21036148071289,63.56999969482422,63.720001220703125,63.22999954223633,63.56999969482422,54638600
2012-03-07,QQQ,56.64362335205078,64.05999755859375,64.20999908447266,63.77000045776367,63.869998931884766,42741800
2012-03-08,QQQ,57.25373458862305,64.75,64.94000244140625,64.30000305175781,64.44000244140625,43711100
2012-03-09,QQQ,57.49247360229492,65.0199966430664,65.13999938964844,64.81999969482422,64.86000061035156,43117200
2012-03-12,QQQ,57.51902770996094,65.05000305175781,65.11000061035156,64.72000122070312,65.0,32687300
2012-03-13,QQQ,58.58893585205078,66.26000213623047,66.26000213623047,65.2699966430664,65.4000015258789,61559100
2012-03-14,QQQ,58.792301177978516,66.48999786376953,66.73999786376953,66.08000183105469,66.33000183105469,59926900
2012-03-15,QQQ,58.960289001464844,66.68000030517578,66.81999969482422,66.3499984741211,66.69000244140625,65531200
2012-03-16,QQQ,58.918678283691406,66.5199966430664,66.66999816894531,66.36000061035156,66.66999816894531,53023100
2012-03-19,QQQ,59.3349723815918,66.98999786376953,67.1500015258789,66.44999694824219,66.62999725341797,60966200
2012-03-20,QQQ,59.44126510620117,67.11000061035156,67.18000030517578,66.45999908447266,66.63999938964844,47290600
2012-03-21,QQQ,59.450130462646484,67.12000274658203,67.48999786376953,67.02999877929688,67.12000274658203,39648100
2012-03-22,QQQ,59.326114654541016,66.9800033569336,67.13999938964844,66.68000030517578,66.72000122070312,56953900
2012-03-23,QQQ,59.290679931640625,66.94000244140625,67.08000183105469,66.55999755859375,67.05999755859375,45541700
2012-03-26,QQQ,60.32699203491211,68.11000061035156,68.11000061035156,67.33000183105469,67.38999938964844,40855300
2012-03-27,QQQ,60.415550231933594,68.20999908447266,68.48999786376953,68.12999725341797,68.16000366210938,37278200
2012-03-28,QQQ,60.17641830444336,67.94000244140625,68.51000213623047,67.54000091552734,68.25,44421900
2012-03-29,QQQ,59.946128845214844,67.68000030517578,67.93000030517578,67.19999694824219,67.5999984741211,53975300
2012-03-30,QQQ,59.83098220825195,67.55000305175781,68.0199966430664,67.27999877929688,67.9800033569336,39480900
2012-04-02,QQQ,60.45100021362305,68.25,68.33999633789062,67.36000061035156,67.4800033569336,40031600
2012-04-03,QQQ,60.43329620361328,68.2300033569336,68.55000305175781,67.8499984741211,68.30999755859375,45539900
2012-04-04,QQQ,59.609554290771484,67.30000305175781,67.76000213623047,66.91000366210938,67.72000122070312,54088100
2012-04-05,QQQ,59.98155212402344,67.72000122070312,67.77999877929688,67.12999725341797,67.18000030517578,42979900
2012-04-09,QQQ,59.52983093261719,67.20999908447266,67.4800033569336,66.76000213623047,66.87999725341797,36908200
2012-04-10,QQQ,58.57324981689453,66.12999725341797,67.44000244140625,65.91999816894531,67.18000030517578,69254200
2012-04-11,QQQ,58.85668182373047,66.44999694824219,66.88999938964844,66.27999877929688,66.70999908447266,62950000
2012-04-12,QQQ,59.52983093261719,67.20999908447266,67.27999877929688,66.4800033569336,66.58000183105469,57407400
2012-04-13,QQQ,58.62639236450195,66.19000244140625,67.19999694824219,66.16000366210938,66.9800033569336,55227500
2012-04-16,QQQ,57.97095489501953,65.44999694824219,66.55999755859375,65.23999786376953,66.5199966430664,57588000
2012-04-17,QQQ,59.14897537231445,66.77999877929688,66.98999786376953,65.62999725341797,65.7300033569336,47362400
2012-04-18,QQQ,58.99839401245117,66.61000061035156,67.0,66.41000366210938,66.58999633789062,42536100
2012-04-19,QQQ,58.3340950012207,65.86000061035156,67.16999816894531,65.62000274658203,66.37000274658203,81110900
2012-04-20,QQQ,58.174659729003906,65.68000030517578,66.51000213623047,65.58000183105469,66.22000122070312,59906900
2012-04-23,QQQ,57.64322280883789,65.08000183105469,65.18000030517578,64.48999786376953,65.05999755859375,70514400
2012-04-24,QQQ,57.33323669433594,64.7300033569336,65.2300033569336,64.44999694824219,64.95999908447266,49661500
2012-04-25,QQQ,58.85668182373047,66.44999694824219,66.48999786376953,65.97000122070312,66.06999969482422,57526900
2012-04-26,QQQ,59.20210647583008,66.83999633789062,66.98999786376953,66.3499984741211,66.44000244140625,41799500
2012-04-27,QQQ,59.55638885498047,67.23999786376953,67.44999694824219,66.7699966430664,67.12000274658203,46003800
2012-04-30,QQQ,59.1312370300293,66.76000213623047,67.16999816894531,66.70999908447266,67.04000091552734,37787700
2012-05-01,QQQ,59.22867202758789,66.87000274658203,67.62999725341797,66.58999633789062,66.69000244140625,37643800
2012-05-02,QQQ,59.396968841552734,67.05999755859375,67.11000061035156,66.37999725341797,66.54000091552734,38299300
2012-05-03,QQQ,58.76810073852539,66.3499984741211,67.1500015258789,66.18000030517578,67.0999984741211,51297600
2012-05-04,QQQ,57.3066520690918,64.69999694824219,66.3499984741211,64.69000244140625,65.73999786376953,107554000
2012-05-07,QQQ,57.35980987548828,64.76000213623047,65.06999969482422,64.29000091552734,64.30999755859375,50267800
2012-05-08,QQQ,57.147212982177734,64.5199966430664,64.73999786376953,63.47999954223633,64.3499984741211,72659700
2012-05-09,QQQ,56.970088958740234,64.31999969482422,64.68000030517578,63.5099983215332,63.77000045776367,85715300
2012-05-10,QQQ,56.85493469238281,64.19000244140625,64.62999725341797,63.95000076293945,64.61000061035156,49448900
2012-05-11,QQQ,56.84607696533203,64.18000030517578,64.86000061035156,63.90999984741211,63.970001220703125,47099900
2012-05-14,QQQ,56.31465148925781,63.58000183105469,64.08000183105469,63.47999954223633,63.630001068115234,46360000
2012-05-15,QQQ,56.128631591796875,63.369998931884766,64.2699966430664,63.2599983215332,63.75,66908600
2012-05-16,QQQ,55.747779846191406,62.939998626708984,63.779998779296875,62.810001373291016,63.59000015258789,52825900
2012-05-17,QQQ,54.56976318359375,61.61000061035156,63.060001373291016,61.599998474121094,62.959999084472656,62253900
2012-05-18,QQQ,53.861175537109375,60.810001373291016,61.959999084472656,60.7599983215332,61.79999923706055,79496500
2012-05-21,QQQ,55.366905212402344,62.5099983215332,62.56999969482422,60.849998474121094,60.93000030517578,61473000
2012-05-22,QQQ,55.304908752441406,62.439998626708984,62.95000076293945,61.9900016784668,62.689998626708984,62954800
2012-05-23,QQQ,55.411190032958984,62.560001373291016,62.709999084472656,61.369998931884766,61.90999984741211,56951100
2012-05-24,QQQ,55.048038482666016,62.150001525878906,62.709999084472656,61.689998626708984,62.650001525878906,83131200
2012-05-25,QQQ,54.97718811035156,62.06999969482422,62.31999969482422,61.88999938964844,62.209999084472656,32078900
2012-05-29,QQQ,55.676910400390625,62.86000061035156,63.150001525878906,62.279998779296875,62.650001525878906,44216700
2012-05-30,QQQ,55.207481384277344,62.33000183105469,62.54999923706055,61.68000030517578,62.290000915527344,56431800
2012-05-31,QQQ,54.96833801269531,62.060001373291016,62.40999984741211,61.59000015258789,62.25,55260100
2012-06-01,QQQ,53.50688171386719,60.40999984741211,61.31999969482422,60.38999938964844,60.939998626708984,71430800
2012-06-04,QQQ,53.914302825927734,60.869998931884766,60.959999084472656,60.040000915527344,60.58000183105469,74119500
2012-06-05,QQQ,54.13574981689453,61.119998931884766,61.2400016784668,60.630001068115234,60.65999984741211,47916900
2012-06-06,QQQ,55.37576675415039,62.52000045776367,62.56999969482422,61.52000045776367,61.58000183105469,58781800
2012-06-07,QQQ,55.15434646606445,62.27000045776367,63.18000030517578,62.220001220703125,63.18000030517578,38414800
2012-06-08,QQQ,55.68577194213867,62.869998931884766,62.95000076293945,61.959999084472656,62.16999816894531,39730800
2012-06-11,QQQ,54.74689865112305,61.810001373291016,63.380001068115234,61.77000045776367,63.349998474121094,51008900
2012-06-12,QQQ,55.411190032958984,62.560001373291016,62.59000015258789,61.68000030517578,62.099998474121094,48802600
2012-06-13,QQQ,55.03033447265625,62.130001068115234,62.849998474121094,61.91999816894531,62.380001068115234,50840100
2012-06-14,QQQ,55.23404312133789,62.36000061035156,62.61000061035156,61.79999923706055,62.119998931884766,65170600
2012-06-15,QQQ,55.920291900634766,62.9900016784668,63.08000183105469,62.36000061035156,62.38999938964844,41536100
2012-06-18,QQQ,56.444095611572266,63.58000183105469,63.7400016784668,62.630001068115234,62.72999954223633,32191200
2012-06-19,QQQ,57.029998779296875,64.23999786376953,64.51000213623047,63.849998474121094,63.900001525878906,36476500
2012-06-20,QQQ,57.07439422607422,64.29000091552734,64.56999969482422,63.810001373291016,64.37999725341797,51389700
2012-06-21,QQQ,55.65396499633789,62.689998626708984,64.30999755859375,62.619998931884766,64.23999786376953,42492700
2012-06-22,QQQ,56.23987579345703,63.349998474121094,63.43000030517578,62.72999954223633,62.900001525878906,29504200
2012-06-25,QQQ,55.15681076049805,62.130001068115234,62.849998474121094,61.95000076293945,62.83000183105469,33136400
2012-06-26,QQQ,55.50303268432617,62.52000045776367,62.70000076293945,62.060001373291016,62.34000015258789,30611100
2012-06-27,QQQ,55.84037780761719,62.900001525878906,63.18000030517578,62.689998626708984,62.7599983215332,35705800
2012-06-28,QQQ,55.21895217895508,62.20000076293945,62.470001220703125,61.540000915527344,62.43000030517578,49793400
2012-06-29,QQQ,56.9589729309082,64.16000366210938,64.16000366210938,63.209999084472656,63.400001525878906,44761300
2012-07-02,QQQ,57.127662658691406,64.3499984741211,64.37999725341797,63.869998931884766,64.25,33425600
2012-07-03,QQQ,57.6070442199707,64.88999938964844,64.88999938964844,64.29000091552734,64.38999938964844,15895100
2012-07-05,QQQ,57.64253616333008,64.93000030517578,65.25,64.4800033569336,64.83000183105469,37016200
2012-07-06,QQQ,56.9234733581543,64.12000274658203,64.69000244140625,63.650001525878906,64.62999725341797,40684100
2012-07-09,QQQ,56.81694030761719,64.0,64.26000213623047,63.68000030517578,64.05000305175781,35628300
2012-07-10,QQQ,56.25764465332031,63.369998931884766,64.51000213623047,63.119998931884766,64.3499984741211,47365700
2012-07-11,QQQ,55.94692611694336,63.02000045776367,63.459999084472656,62.5,63.290000915527344,43432000
2012-07-12,QQQ,55.42314147949219,62.43000030517578,62.689998626708984,61.86000061035156,62.52000045776367,57680400
2012-07-13,QQQ,56.266510009765625,63.380001068115234,63.52000045776367,62.560001373291016,62.599998474121094,32357200
2012-07-16,QQQ,56.106719970703125,63.20000076293945,63.52000045776367,62.95000076293945,63.2400016784668,27621400
2012-07-17,QQQ,56.399696350097656,63.529998779296875,63.7400016784668,62.630001068115234,63.599998474121094,42467800
2012-07-18,QQQ,57.163143157958984,64.38999938964844,64.58000183105469,63.38999938964844,63.40999984741211,44489700
2012-07-19,QQQ,57.79344940185547,65.0999984741211,65.30999755859375,64.72000122070312,64.83999633789062,53017800
2012-07-20,QQQ,57.029998779296875,64.23999786376953,65.0999984741211,64.20999908447266,65.08000183105469,40573100
2012-07-23,QQQ,56.33753967285156,63.459999084472656,63.68000030517578,62.5099983215332,62.9900016784668,48657800
2012-07-24,QQQ,55.8936653137207,62.959999084472656,63.65999984741211,62.54999923706055,63.56999969482422,57269700
2012-07-25,QQQ,55.52079772949219,62.540000915527344,62.95000076293945,62.150001525878906,62.470001220703125,46264400
2012-07-26,QQQ,56.25764465332031,63.369998931884766,63.72999954223633,62.970001220703125,63.439998626708984,41928200
2012-07-27,QQQ,57.58930206298828,64.87000274658203,64.98999786376953,63.63999938964844,63.83000183105469,42621000
2012-07-30,QQQ,57.5449104309082,64.81999969482422,65.30999755859375,64.5999984741211,65.02999877929688,37821300
2012-07-31,QQQ,57.527137756347656,64.80000305175781,65.18000030517578,64.73999786376953,64.91999816894531,34588300
2012-08-01,QQQ,57.35846710205078,64.61000061035156,65.27999877929688,64.3499984741211,65.26000213623047,30920200
2012-08-02,QQQ,57.15427017211914,64.37999725341797,65.0199966430664,63.90999984741211,64.12000274658203,40534900
2012-08-03,QQQ,58.237342834472656,65.5999984741211,65.87999725341797,65.19000244140625,65.41999816894531,42117400
2012-08-06,QQQ,58.681217193603516,66.0999984741211,66.38999938964844,65.80000305175781,65.94000244140625,23523600
2012-08-07,QQQ,59.16950988769531,66.6500015258789,66.91999816894531,66.27999877929688,66.37999725341797,28223300
2012-08-08,QQQ,59.142887115478516,66.62000274658203,66.76000213623047,66.37000274658203,66.4800033569336,20723500
2012-08-09,QQQ,59.32041931152344,66.81999969482422,66.91000366210938,66.48999786376953,66.61000061035156,20726200
2012-08-10,QQQ,59.35593032836914,66.86000061035156,66.87999725341797,66.41000366210938,66.58000183105469,20312000
2012-08-13,QQQ,59.49796676635742,67.0199966430664,67.02999877929688,66.5,66.83999633789062,19890300
2012-08-14,QQQ,59.52461242675781,67.05000305175781,67.41000366210938,66.86000061035156,67.2699966430664,24218700
2012-08-15,QQQ,59.67554473876953,67.22000122070312,67.31999969482422,66.98999786376953,67.0,29100400
2012-08-16,QQQ,60.3857421875,68.0199966430664,68.16999816894531,67.38999938964844,67.47000122070312,35699900
2012-08-17,QQQ,60.65207290649414,68.31999969482422,68.33000183105469,68.01000213623047,68.16999816894531,22584800
2012-08-20,QQQ,60.74083709716797,68.41999816894531,68.43000030517578,68.0,68.2699966430664,26924000
2012-08-21,QQQ,60.501155853271484,68.1500015258789,68.87999725341797,67.87999725341797,68.5999984741211,41391000
2012-08-22,QQQ,60.74973678588867,68.43000030517578,68.55999755859375,67.80999755859375,68.0,44555700
2012-08-23,QQQ,60.2525749206543,67.87000274658203,68.33999633789062,67.69000244140625,68.12000274658203,28800400
2012-08-24,QQQ,60.62544631958008,68.29000091552734,68.44999694824219,67.5999984741211,67.70999908447266,38384800
2012-08-27,QQQ,60.72308349609375,68.4000015258789,68.66999816894531,68.25,68.58000183105469,20671400
2012-08-28,QQQ,60.72308349609375,68.4000015258789,68.58999633789062,68.11000061035156,68.33999633789062,27337900
2012-08-29,QQQ,60.72308349609375,68.4000015258789,68.56999969482422,68.11000061035156,68.4000015258789,26672400
2012-08-30,QQQ,60.11054611206055,67.70999908447266,68.12999725341797,67.5999984741211,68.0999984741211,24425400
2012-08-31,QQQ,60.510032653808594,68.16000366210938,68.44999694824219,67.47000122070312,68.19999694824219,42128000
2012-09-04,QQQ,60.447872161865234,68.08999633789062,68.3499984741211,67.41999816894531,68.02999877929688,32017200
2012-09-05,QQQ,60.3857421875,68.0199966430664,68.3499984741211,67.83999633789062,68.05999755859375,26129300
2012-09-06,QQQ,61.72626876831055,69.52999877929688,69.55000305175781,68.41999816894531,68.44000244140625,43100000
2012-09-07,QQQ,61.63749694824219,69.43000030517578,69.55000305175781,69.2300033569336,69.37000274658203,32958600
2012-09-10,QQQ,60.84739685058594,68.54000091552734,69.4000015258789,68.48999786376953,69.25,25490000
2012-09-11,QQQ,60.74973678588867,68.43000030517578,68.81999969482422,68.31999969482422,68.55000305175781,29810100
2012-09-12,QQQ,60.92726135253906,68.62999725341797,68.80999755859375,68.20999908447266,68.68000030517578,42203400
2012-09-13,QQQ,61.75290298461914,69.55999755859375,69.86000061035156,68.62000274658203,68.69000244140625,45417800
2012-09-14,QQQ,62.30332946777344,70.18000030517578,70.43000030517578,69.79000091552734,69.80999755859375,38880300
2012-09-17,QQQ,62.329933166503906,70.20999908447266,70.23999786376953,69.95999908447266,70.22000122070312,31798400
2012-09-18,QQQ,62.383216857910156,70.2699966430664,70.30000305175781,70.0199966430664,70.02999877929688,27169800
2012-09-19,QQQ,62.49860382080078,70.4000015258789,70.58000183105469,70.05999755859375,70.26000213623047,36484600
2012-09-20,QQQ,62.43648910522461,70.33000183105469,70.4000015258789,69.87000274658203,70.05999755859375,42520200
2012-09-21,QQQ,62.45427703857422,70.1500015258789,70.54000091552734,70.08000183105469,70.4800033569336,23678500
2012-09-24,QQQ,62.08928298950195,69.73999786376953,69.86000061035156,69.41999816894531,69.56999969482422,32341600
2012-09-25,QQQ,61.216758728027344,68.76000213623047,70.08000183105469,68.7300033569336,69.91999816894531,41299600
2012-09-26,QQQ,60.71818542480469,68.19999694824219,68.70999908447266,67.8499984741211,68.66999816894531,32770400
2012-09-27,QQQ,61.55507278442383,69.13999938964844,69.30000305175781,68.25,68.37000274658203,25339500
2012-09-28,QQQ,61.04762268066406,68.56999969482422,69.12000274658203,68.51000213623047,68.91000366210938,30112600
2012-10-01,QQQ,60.958587646484375,68.47000122070312,69.33000183105469,68.25,68.9000015258789,37715300
2012-10-02,QQQ,61.136627197265625,68.66999816894531,68.9800033569336,68.12999725341797,68.7699966430664,33254300
2012-10-03,QQQ,61.52836608886719,69.11000061035156,69.23999786376953,68.58999633789062,68.86000061035156,38236000
2012-10-04,QQQ,61.74204635620117,69.3499984741211,69.54000091552734,69.0,69.22000122070312,26128600
2012-10-05,QQQ,61.41264343261719,68.9800033569336,69.80000305175781,68.80000305175781,69.69999694824219,25207900
2012-10-08,QQQ,60.85175323486328,68.3499984741211,68.72000122070312,68.19000244140625,68.58000183105469,30911500
2012-10-09,QQQ,59.8813362121582,67.26000213623047,68.33999633789062,67.0999984741211,68.16999816894531,67974000
2012-10-10,QQQ,59.578617095947266,66.91999816894531,67.43000030517578,66.80000305175781,67.23999786376953,45134300
2012-10-11,QQQ,59.39164733886719,66.70999908447266,67.47000122070312,66.66999816894531,67.41999816894531,30469400
2012-10-12,QQQ,59.364959716796875,66.68000030517578,67.05999755859375,66.55000305175781,66.69999694824219,24891200
2012-10-15,QQQ,59.801177978515625,67.16999816894531,67.26000213623047,66.52999877929688,66.93000030517578,22220100
2012-10-16,QQQ,60.6469841003418,68.12000274658203,68.19999694824219,67.25,67.2699966430664,33960600
2012-10-17,QQQ,60.61137008666992,68.08000183105469,68.30000305175781,67.68000030517578,67.7699966430664,33439400
2012-10-18,QQQ,59.90803146362305,67.29000091552734,68.08000183105469,67.04000091552734,67.86000061035156,61707600
2012-10-19,QQQ,58.47465515136719,65.68000030517578,67.2699966430664,65.5999984741211,67.20999908447266,75362600
2012-10-22,QQQ,58.777381896972656,66.0199966430664,66.19000244140625,65.5,65.6500015258789,38621500
2012-10-23,QQQ,58.21646499633789,65.38999938964844,65.94999694824219,65.19000244140625,65.4800033569336,52591200
2012-10-24,QQQ,58.011695861816406,65.16000366210938,65.87000274658203,65.05999755859375,65.76000213623047,39872400
2012-10-25,QQQ,58.011695861816406,65.16000366210938,65.72000122070312,64.97000122070312,65.61000061035156,52688700
2012-10-26,QQQ,58.18086242675781,65.3499984741211,65.62000274658203,64.6500015258789,65.16000366210938,54213100
2012-10-31,QQQ,57.824745178222656,64.94999694824219,65.38999938964844,64.7300033569336,65.2699966430664,38524500
2012-11-01,QQQ,58.64382553100586,65.87000274658203,66.0,65.16999816894531,65.36000061035156,26945000
2012-11-02,QQQ,58.02061080932617,65.16999816894531,66.20999908447266,65.11000061035156,66.16999816894531,44083000
2012-11-05,QQQ,58.403438568115234,65.5999984741211,65.7300033569336,65.04000091552734,65.18000030517578,28094700
2012-11-06,QQQ,58.510276794433594,65.72000122070312,66.16999816894531,65.45999908447266,65.70999908447266,29608400
2012-11-07,QQQ,57.130313873291016,64.16999816894531,65.0999984741211,63.900001525878906,65.0199966430664,70737800
2012-11-08,QQQ,56.23112487792969,63.15999984741211,64.5,63.15999984741211,64.3499984741211,58585800
2012-11-09,QQQ,56.471500396728516,63.43000030517578,64.11000061035156,63.15999984741211,63.20000076293945,51542100
2012-11-12,QQQ,56.46258544921875,63.41999816894531,63.869998931884766,63.25,63.79999923706055,32663700
2012-11-13,QQQ,56.070865631103516,62.97999954223633,63.58000183105469,62.779998779296875,62.93000030517578,43288300
2012-11-14,QQQ,55.412052154541016,62.2400016784668,63.36000061035156,62.13999938964844,63.290000915527344,82655300
2012-11-15,QQQ,55.225093841552734,62.029998779296875,62.4900016784668,61.79999923706055,62.279998779296875,55124200
2012-11-16,QQQ,55.465457916259766,62.29999923706055,62.47999954223633,61.310001373291016,62.08000183105469,70873100
2012-11-19,QQQ,56.78308868408203,63.779998779296875,63.83000183105469,62.959999084472656,62.97999954223633,55306400
2012-11-20,QQQ,56.800899505615234,63.79999923706055,63.88999938964844,63.189998626708984,63.7599983215332,52012700
2012-11-21,QQQ,56.91665267944336,63.93000030517578,64.0199966430664,63.599998474121094,63.869998931884766,19611700
2012-11-23,QQQ,57.78022766113281,64.9000015258789,64.91999816894531,64.25,64.29000091552734,16462900
2012-11-26,QQQ,58.02952194213867,65.18000030517578,65.22000122070312,64.54000091552734,64.73999786376953,26430900
2012-11-27,QQQ,57.833656311035156,64.95999908447266,65.4000015258789,64.8499984741211,65.16999816894531,25828600
2012-11-28,QQQ,58.332218170166016,65.5199966430664,65.56999969482422,64.25,64.6500015258789,37295800
2012-11-29,QQQ,58.6794319152832,65.91000366210938,66.13999938964844,65.58000183105469,65.87000274658203,41136100
2012-11-30,QQQ,58.58149337768555,65.80000305175781,65.97000122070312,65.61000061035156,65.91999816894531,33497400
2012-12-03,QQQ,58.465755462646484,65.66999816894531,66.37000274658203,65.63999938964844,66.30999755859375,28240000
2012-12-04,QQQ,58.43014907836914,65.62999725341797,65.7699966430664,65.19999694824219,65.69999694824219,49584500
2012-12-05,QQQ,57.78022766113281,64.9000015258789,65.54000091552734,64.55000305175781,65.52999877929688,54076200
2012-12-06,QQQ,58.15415573120117,65.31999969482422,65.4800033569336,64.52999877929688,64.69999694824219,47512300
2012-12-07,QQQ,57.80693054199219,64.93000030517578,65.70999908447266,64.70999908447266,65.63999938964844,30089400
2012-12-10,QQQ,57.976112365722656,65.12000274658203,65.45999908447266,64.75,64.75,33219600
2012-12-11,QQQ,58.732845306396484,65.97000122070312,66.33999633789062,65.5199966430664,65.56999969482422,40750800
2012-12-12,QQQ,58.60820007324219,65.83000183105469,66.31999969482422,65.6500015258789,66.31999969482422,45917700
2012-12-13,QQQ,58.14524841308594,65.30999755859375,66.16000366210938,65.02999877929688,65.69999694824219,45467700
2012-12-14,QQQ,57.59325408935547,64.69000244140625,65.08000183105469,64.47000122070312,64.87000274658203,39630300
2012-12-17,QQQ,58.358909606933594,65.55000305175781,65.56999969482422,64.66000366210938,64.75,42302900
2012-12-18,QQQ,59.24921798706055,66.55000305175781,66.6500015258789,65.69999694824219,65.87999725341797,55596000
2012-12-19,QQQ,58.99104690551758,66.26000213623047,66.76000213623047,66.22000122070312,66.73999786376953,34832500
2012-12-20,QQQ,58.99104690551758,66.26000213623047,66.41000366210938,65.93000030517578,66.37999725341797,40754300
2012-12-21,QQQ,58.370628356933594,65.19999694824219,65.27999877929688,64.5999984741211,64.87999725341797,51152900
2012-12-24,QQQ,58.254241943359375,65.06999969482422,65.13999938964844,64.91999816894531,65.02999877929688,11418300
2012-12-26,QQQ,57.743953704833984,64.5,65.18000030517578,64.29000091552734,65.12000274658203,21751300
2012-12-27,QQQ,57.65441131591797,64.4000015258789,64.63999938964844,63.599998474121094,64.55999755859375,52933200
2012-12-28,QQQ,57.09934997558594,63.779998779296875,64.43000030517578,63.75,63.90999984741211,33082100
2012-12-31,QQQ,58.30794906616211,65.12999725341797,65.25,63.58000183105469,63.709999084472656,57544000
2013-01-02,QQQ,60.161136627197266,67.19999694824219,67.2300033569336,66.4800033569336,66.7300033569336,70695900
2013-01-03,QQQ,59.84780502319336,66.8499984741211,67.33999633789062,66.6500015258789,67.19999694824219,47366500
2013-01-04,QQQ,59.65082931518555,66.62999725341797,66.87999725341797,66.47000122070312,66.87999725341797,33972500
2013-01-07,QQQ,59.66874313354492,66.6500015258789,66.76000213623047,66.25,66.45999908447266,26766200
2013-01-08,QQQ,59.5523681640625,66.5199966430664,66.81999969482422,66.16999816894531,66.63999938964844,28734900
2013-01-09,QQQ,59.776180267333984,66.7699966430664,66.94999694824219,66.55000305175781,66.62000274658203,25600300
2013-01-10,QQQ,60.134254455566406,67.16999816894531,67.2699966430664,66.55000305175781,67.2300033569336,37528000
2013-01-11,QQQ,60.2148551940918,67.26000213623047,67.29000091552734,67.0,67.13999938964844,21158600
2013-01-14,QQQ,59.946258544921875,66.95999908447266,67.1500015258789,66.66999816894531,66.91999816894531,36768500
2013-01-15,QQQ,59.65082931518555,66.62999725341797,66.7300033569336,66.33000183105469,66.62999725341797,31675300
2013-01-16,QQQ,59.892555236816406,66.9000015258789,67.12999725341797,66.5999984741211,66.72000122070312,33822300
2013-01-17,QQQ,60.179019927978516,67.22000122070312,67.4800033569336,67.05999755859375,67.16999816894531,32024200
2013-01-18,QQQ,60.044769287109375,67.06999969482422,67.13999938964844,66.7699966430664,67.0199966430664,31992000
2013-01-22,QQQ,60.143245697021484,67.18000030517578,67.2300033569336,66.7300033569336,67.13999938964844,32123100
2013-01-23,QQQ,60.510292053222656,67.58999633789062,67.79000091552734,67.45999908447266,67.55999755859375,31975700
2013-01-24,QQQ,59.67768478393555,66.66000366210938,67.27999877929688,66.55999755859375,66.66000366210938,42596300
2013-01-25,QQQ,59.982093811035156,67.0,67.19000244140625,66.73999786376953,66.87000274658203,39240100
2013-01-28,QQQ,60.116371154785156,67.1500015258789,67.37999725341797,66.93000030517578,67.01000213623047,32926100
2013-01-29,QQQ,60.12532043457031,67.16000366210938,67.30999755859375,66.62999725341797,67.06999969482422,35554700
2013-01-30,QQQ,59.99998474121094,67.0199966430664,67.4800033569336,66.87000274658203,67.27999877929688,34445000
2013-01-31,QQQ,59.865699768066406,66.87000274658203,67.3499984741211,66.80999755859375,66.98999786376953,34870500
2013-02-01,QQQ,60.57294845581055,67.66000366210938,67.77999877929688,67.06999969482422,67.33999633789062,53120800
2013-02-04,QQQ,59.51654052734375,66.4800033569336,67.45999908447266,66.45999908447266,67.2699966430664,48483700
2013-02-05,QQQ,60.39388656616211,67.45999908447266,67.66999816894531,66.61000061035156,66.7699966430664,35120300
2013-02-06,QQQ,60.196956634521484,67.23999786376953,67.55000305175781,67.04000091552734,67.23999786376953,43593200
2013-02-07,QQQ,60.250667572021484,67.30000305175781,67.37000274658203,66.55999755859375,67.31999969482422,46017900
2013-02-08,QQQ,60.868385314941406,67.98999786376953,68.12999725341797,67.62999725341797,67.63999938964844,39837200
2013-02-11,QQQ,60.88629150390625,68.01000213623047,68.05999755859375,67.77999877929688,68.02999877929688,17650400
2013-02-12,QQQ,60.635616302490234,67.7300033569336,68.05000305175781,67.66000366210938,67.91999816894531,22057900
2013-02-13,QQQ,60.85047912597656,67.97000122070312,68.2300033569336,67.7699966430664,67.93000030517578,23494700
2013-02-14,QQQ,60.83256149291992,67.94999694824219,68.05000305175781,67.62000274658203,67.66000366210938,24478800
2013-02-15,QQQ,60.65351867675781,67.75,68.11000061035156,67.55999755859375,67.94000244140625,25333600
2013-02-19,QQQ,61.09218215942383,68.23999786376953,68.26000213623047,67.86000061035156,67.87999725341797,23436500
2013-02-20,QQQ,60.15216827392578,67.19000244140625,68.25,67.18000030517578,68.22000122070312,38200300
2013-02-21,QQQ,59.50761413574219,66.47000122070312,67.01000213623047,66.2300033569336,66.94000244140625,45855600
2013-02-22,QQQ,60.107418060302734,67.13999938964844,67.1500015258789,66.58999633789062,66.8499984741211,21968000
2013-02-25,QQQ,59.36436462402344,66.30999755859375,67.80999755859375,66.25,67.56999969482422,40927600
2013-02-26,QQQ,59.58815383911133,66.55999755859375,66.68000030517578,65.95999908447266,66.4000015258789,42088800
2013-02-27,QQQ,60.196956634521484,67.23999786376953,67.6500015258789,66.47000122070312,66.55999755859375,36339500
2013-02-28,QQQ,60.07159423828125,67.0999984741211,67.73999786376953,67.08999633789062,67.25,28557300
2013-03-01,QQQ,60.32228088378906,67.37999725341797,67.5,66.54000091552734,66.87000274658203,31617200
2013-03-04,QQQ,60.59086608886719,67.68000030517578,67.69000244140625,67.06999969482422,67.16000366210938,19380500
2013-03-05,QQQ,61.486114501953125,68.68000030517578,68.7699966430664,68.08000183105469,68.08000183105469,35581900
2013-03-06,QQQ,61.333919525146484,68.51000213623047,68.91000366210938,68.41999816894531,68.88999938964844,29071100
2013-03-07,QQQ,61.49507141113281,68.69000244140625,68.80000305175781,68.44999694824219,68.58999633789062,21775900
2013-03-08,QQQ,61.56666564941406,68.7699966430664,69.0199966430664,68.5,68.91999816894531,26159900
2013-03-11,QQQ,61.745723724365234,68.97000122070312,68.98999786376953,68.47000122070312,68.68000030517578,23187900
2013-03-12,QQQ,61.52192687988281,68.72000122070312,68.93000030517578,68.38999938964844,68.7699966430664,27575400
2013-03-13,QQQ,61.44134521484375,68.62999725341797,68.88999938964844,68.38999938964844,68.80999755859375,34297300
2013-03-14,QQQ,61.64724349975586,68.86000061035156,69.01000213623047,68.70999908447266,68.87000274658203,31530800
2013-03-15,QQQ,61.47586441040039,68.51000213623047,68.79000091552734,68.33999633789062,68.75,30752600
2013-03-18,QQQ,61.341251373291016,68.36000061035156,68.63999938964844,67.7300033569336,67.87999725341797,36163000
2013-03-19,QQQ,61.2245979309082,68.2300033569336,68.69999694824219,67.62000274658203,68.56999969482422,33125100
2013-03-20,QQQ,61.65534591674805,68.70999908447266,68.86000061035156,68.38999938964844,68.70999908447266,28035400
2013-03-21,QQQ,60.955406188964844,67.93000030517578,68.25,67.7699966430664,68.08000183105469,30050800
2013-03-22,QQQ,61.54764938354492,68.58999633789062,68.63999938964844,68.12999725341797,68.20999908447266,28837200
2013-03-25,QQQ,61.32331466674805,68.33999633789062,68.95999908447266,68.01000213623047,68.80999755859375,24909800
2013-03-26,QQQ,61.65534591674805,68.70999908447266,68.7300033569336,68.44999694824219,68.5999984741211,19725200
2013-03-27,QQQ,61.73610305786133,68.80000305175781,68.8499984741211,68.13999938964844,68.23999786376953,22539500
2013-03-28,QQQ,61.88862609863281,68.97000122070312,69.05999755859375,68.63999938964844,68.80000305175781,23662800
2013-04-01,QQQ,61.466896057128906,68.5,69.08999633789062,68.30999755859375,69.0199966430664,28112800
2013-04-02,QQQ,61.95145797729492,69.04000091552734,69.2699966430664,68.7699966430664,68.83000183105469,29431900
2013-04-03,QQQ,61.38613510131836,68.41000366210938,69.18000030517578,68.23999786376953,69.08000183105469,35131200
2013-04-04,QQQ,61.40410232543945,68.43000030517578,68.5999984741211,68.05999755859375,68.37999725341797,32287400
2013-04-05,QQQ,60.892616271972656,67.86000061035156,67.95999908447266,67.19000244140625,67.3499984741211,55610800
2013-04-08,QQQ,61.21564483642578,68.22000122070312,68.23999786376953,67.69000244140625,67.88999938964844,17891600
2013-04-09,QQQ,61.628414154052734,68.68000030517578,68.95999908447266,68.08999633789062,68.4000015258789,30931400
2013-04-10,QQQ,62.830806732177734,70.0199966430664,70.16999816894531,68.87999725341797,68.91999816894531,55271300
2013-04-11,QQQ,62.80388641357422,69.98999786376953,70.1500015258789,69.7699966430664,69.8499984741211,37233600
2013-04-12,QQQ,62.759033203125,69.94000244140625,69.98999786376953,69.41000366210938,69.81999969482422,32783700
2013-04-15,QQQ,61.52073287963867,68.55999755859375,69.79000091552734,68.4800033569336,69.68000030517578,48795800
2013-04-16,QQQ,62.33728790283203,69.47000122070312,69.55000305175781,68.80999755859375,68.94999694824219,27682600
2013-04-17,QQQ,61.116947174072266,68.11000061035156,68.88999938964844,67.70999908447266,68.87000274658203,60204800
2013-04-18,QQQ,60.2734260559082,67.16999816894531,68.33000183105469,66.87999725341797,68.29000091552734,56798200
2013-04-19,QQQ,61.09897994995117,68.08999633789062,68.2300033569336,67.19999694824219,67.30000305175781,43062800
2013-04-22,QQQ,61.72713088989258,68.79000091552734,69.04000091552734,68.08000183105469,68.33000183105469,34412100
2013-04-23,QQQ,62.3193473815918,69.44999694824219,69.69999694824219,68.81999969482422,69.18000030517578,53078300
2013-04-24,QQQ,62.29243850708008,69.41999816894531,69.66999816894531,69.12000274658203,69.27999877929688,44500700
2013-04-25,QQQ,62.62443161010742,69.79000091552734,70.05000305175781,69.58999633789062,69.5999984741211,26437100
2013-04-26,QQQ,62.427032470703125,69.56999969482422,69.7699966430664,69.2699966430664,69.62000274658203,24079800
2013-04-29,QQQ,63.00131607055664,70.20999908447266,70.4800033569336,69.76000213623047,69.79000091552734,31664000
2013-04-30,QQQ,63.45891571044922,70.72000122070312,70.7300033569336,70.04000091552734,70.30000305175781,30135800
2013-05-01,QQQ,63.16283416748047,70.38999938964844,70.8499984741211,70.25,70.73999786376953,28537200
2013-05-02,QQQ,63.96148681640625,71.27999877929688,71.43000030517578,70.44999694824219,70.51000213623047,31744200
2013-05-03,QQQ,64.71522521972656,72.12000274658203,72.33999633789062,71.91000366210938,71.97000122070312,34061700
2013-05-06,QQQ,64.96642303466797,72.4000015258789,72.51000213623047,72.19000244140625,72.25,19244300
2013-05-07,QQQ,64.93058013916016,72.36000061035156,72.56999969482422,72.08999633789062,72.5199966430664,25838100
2013-05-08,QQQ,65.24463653564453,72.70999908447266,72.7699966430664,72.19999694824219,72.31999969482422,24252100
2013-05-09,QQQ,65.15492248535156,72.61000061035156,73.0999984741211,72.47000122070312,72.56999969482422,29337200
2013-05-10,QQQ,65.54973602294922,73.05000305175781,73.08000183105469,72.62999725341797,72.76000213623047,20663700
2013-05-13,QQQ,65.63048553466797,73.13999938964844,73.31999969482422,72.86000061035156,72.93000030517578,29730100
2013-05-14,QQQ,65.97146606445312,73.5199966430664,73.73999786376953,73.12999725341797,73.16000366210938,36009800
2013-05-15,QQQ,66.1060562133789,73.66999816894531,73.73999786376953,73.19999694824219,73.37999725341797,27214400
2013-05-16,QQQ,66.03429412841797,73.58999633789062,74.0999984741211,73.55000305175781,73.7300033569336,27253400
2013-05-17,QQQ,66.67139434814453,74.30000305175781,74.33000183105469,73.7300033569336,73.97000122070312,31114500
2013-05-20,QQQ,66.57266998291016,74.19000244140625,74.43000030517578,73.88999938964844,74.16000366210938,25132400
2013-05-21,QQQ,66.64444732666016,74.2699966430664,74.54000091552734,73.88999938964844,74.1500015258789,25900000
2013-05-22,QQQ,66.06123352050781,73.62000274658203,74.94999694824219,73.23999786376953,74.36000061035156,59843200
2013-05-23,QQQ,65.90866088867188,73.44999694824219,73.69999694824219,72.83000183105469,72.97000122070312,48222100
2013-05-24,QQQ,65.87275695800781,73.41000366210938,73.43000030517578,72.76000213623047,72.95999908447266,26430300
2013-05-28,QQQ,66.3034896850586,73.88999938964844,74.54000091552734,73.66000366210938,74.2699966430664,27057100
2013-05-29,QQQ,65.98941040039062,73.54000091552734,73.80000305175781,73.12000274658203,73.5999984741211,32090300
2013-05-30,QQQ,66.33935546875,73.93000030517578,74.27999877929688,73.55000305175781,73.56999969482422,32390500
2013-05-31,QQQ,65.72920227050781,73.25,74.20999908447266,73.16999816894531,73.6500015258789,38347600
2013-06-03,QQQ,65.84584045410156,73.37999725341797,73.4000015258789,72.43000030517578,73.26000213623047,47613100
2013-06-04,QQQ,65.5048599243164,73.0,73.81999969482422,72.69999694824219,73.52999877929688,35251900
2013-06-05,QQQ,64.65241241455078,72.05000305175781,73.04000091552734,71.98999786376953,72.76000213623047,48654200
2013-06-06,QQQ,64.96642303466797,72.4000015258789,72.41000366210938,71.47000122070312,72.1500015258789,62524100
2013-06-07,QQQ,65.85482025146484,73.38999938964844,73.47000122070312,72.5199966430664,72.69999694824219,31969800
2013-06-10,QQQ,65.88174438476562,73.41999816894531,73.76000213623047,73.26000213623047,73.52999877929688,25390000
2013-06-11,QQQ,65.22669219970703,72.69000244140625,73.33999633789062,72.44000244140625,72.69000244140625,40278900
2013-06-12,QQQ,64.4729232788086,71.8499984741211,73.13999938964844,71.73999786376953,73.11000061035156,42081900
2013-06-13,QQQ,65.28952026367188,72.76000213623047,72.91999816894531,71.55000305175781,71.75,28221500
2013-06-14,QQQ,64.85877227783203,72.27999877929688,72.83999633789062,72.16999816894531,72.76000213623047,27690700
2013-06-17,QQQ,65.4869155883789,72.9800033569336,73.4000015258789,72.5999984741211,72.8499984741211,32441900
2013-06-18,QQQ,66.02534484863281,73.58000183105469,73.72000122070312,73.05999755859375,73.08000183105469,24853100
2013-06-19,QQQ,65.28952026367188,72.76000213623047,73.68000030517578,72.68000030517578,73.5999984741211,43145100
2013-06-20,QQQ,63.73713302612305,71.02999877929688,72.16000366210938,70.79000091552734,71.91999816894531,60908400
2013-06-21,QQQ,63.39867401123047,70.43000030517578,70.97000122070312,69.83999633789062,70.77999877929688,51558900
2013-06-24,QQQ,62.76856231689453,69.7300033569336,70.2699966430664,69.1500015258789,69.8499984741211,41492300
2013-06-25,QQQ,63.22762680053711,70.23999786376953,70.5199966430664,69.80999755859375,70.4000015258789,28897400
2013-06-26,QQQ,63.794700622558594,70.87000274658203,71.0,70.58999633789062,70.83999633789062,23742300
2013-06-27,QQQ,64.06478881835938,71.16999816894531,71.62000274658203,71.12999725341797,71.23999786376953,23545000
2013-06-28,QQQ,64.15480041503906,71.2699966430664,71.69000244140625,70.79000091552734,70.94999694824219,28301100
2013-07-01,QQQ,64.55087280273438,71.70999908447266,72.30000305175781,71.63999938964844,71.75,24942800
2013-07-02,QQQ,64.577880859375,71.73999786376953,72.18000030517578,71.3499984741211,71.68000030517578,23067900
2013-07-03,QQQ,64.83894348144531,72.02999877929688,72.37000274658203,71.41999816894531,71.4800033569336,18847500
2013-07-05,QQQ,65.33401489257812,72.58000183105469,72.61000061035156,71.86000061035156,72.44000244140625,28795900
2013-07-08,QQQ,65.39702606201172,72.6500015258789,72.98999786376953,72.37999725341797,72.95999908447266,20558500
2013-07-09,QQQ,65.79310607910156,73.08999633789062,73.25,72.6500015258789,72.98999786376953,26108600
2013-07-10,QQQ,66.17118835449219,73.51000213623047,73.62000274658203,72.9800033569336,73.0199966430664,25598900
2013-07-11,QQQ,67.48538970947266,74.97000122070312,75.02999877929688,74.25,74.30000305175781,47768900
2013-07-12,QQQ,67.7824935913086,75.30000305175781,75.3499984741211,74.81999969482422,75.0199966430664,31412600
2013-07-15,QQQ,67.93550109863281,75.47000122070312,75.5199966430664,75.16999816894531,75.37999725341797,19783600
2013-07-16,QQQ,67.8454818725586,75.37000274658203,75.58999633789062,75.18000030517578,75.52999877929688,31747100
2013-07-17,QQQ,68.01654815673828,75.55999755859375,75.73999786376953,75.3499984741211,75.5999984741211,24631500
2013-07-18,QQQ,67.8454818725586,75.37000274658203,75.73999786376953,75.25,75.55000305175781,36278800
2013-07-19,QQQ,67.1433334350586,74.58999633789062,74.73999786376953,74.37000274658203,74.72000122070312,37732400
2013-07-22,QQQ,67.34138488769531,74.80999755859375,74.9800033569336,74.58000183105469,74.87000274658203,21135900
2013-07-23,QQQ,66.84630584716797,74.26000213623047,74.95999908447266,74.19999694824219,74.94999694824219,24739500
2013-07-24,QQQ,67.06234741210938,74.5,75.0199966430664,74.33000183105469,74.98999786376953,24426900
2013-07-25,QQQ,67.48538970947266,74.97000122070312,75.05999755859375,74.45999908447266,74.8499984741211,23162200
2013-07-26,QQQ,67.8454818725586,75.37000274658203,75.37999725341797,74.55000305175781,74.66999816894531,20885600
2013-07-29,QQQ,67.71949005126953,75.2300033569336,75.54000091552734,75.02999877929688,75.22000122070312,20958400
2013-07-30,QQQ,68.07953643798828,75.62999725341797,75.94999694824219,75.3499984741211,75.5,24104600
2013-07-31,QQQ,68.20553588867188,75.7699966430664,76.20999908447266,75.62999725341797,75.77999877929688,25007600
2013-08-01,QQQ,68.89868927001953,76.54000091552734,76.6500015258789,76.20999908447266,76.29000091552734,16880000
2013-08-02,QQQ,69.28577423095703,76.97000122070312,76.98999786376953,76.37999725341797,76.55000305175781,18105300
2013-08-05,QQQ,69.33074951171875,77.0199966430664,77.08000183105469,76.77999877929688,76.93000030517578,15462800
2013-08-06,QQQ,68.91667175292969,76.55999755859375,76.98999786376953,76.25,76.91999816894531,23675400
2013-08-07,QQQ,68.79065704345703,76.41999816894531,76.56999969482422,75.87000274658203,76.33999633789062,20281200
2013-08-08,QQQ,69.13275146484375,76.80000305175781,76.9800033569336,76.30000305175781,76.83999633789062,19994000
2013-08-09,QQQ,68.85366821289062,76.48999786376953,76.94000244140625,76.2699966430664,76.66999816894531,18558500
2013-08-12,QQQ,69.01570129394531,76.66999816894531,76.80999755859375,76.19000244140625,76.19999694824219,20515900
2013-08-13,QQQ,69.40277099609375,77.0999984741211,77.2699966430664,76.22000122070312,76.7699966430664,23917000
2013-08-14,QQQ,69.14173126220703,76.80999755859375,77.18000030517578,76.69999694824219,77.06999969482422,29921000
2013-08-15,QQQ,67.97147369384766,75.51000213623047,75.98999786376953,75.29000091552734,75.94999694824219,39406600
2013-08-16,QQQ,67.94451141357422,75.4800033569336,75.87000274658203,75.3499984741211,75.5199966430664,23825000
2013-08-19,QQQ,67.82747650146484,75.3499984741211,76.12999725341797,75.33000183105469,75.48999786376953,29586900
2013-08-20,QQQ,68.12455749511719,75.68000030517578,76.02999877929688,75.43000030517578,75.48999786376953,18842800
2013-08-21,QQQ,67.89047241210938,75.41999816894531,76.08999633789062,75.13999938964844,75.44000244140625,30705100
2013-08-22,QQQ,68.55662536621094,76.16000366210938,76.20999908447266,75.70999908447266,75.75,17269500
2013-08-23,QQQ,69.01570129394531,76.66999816894531,76.7699966430664,76.4000015258789,76.69999694824219,20697300
2013-08-26,QQQ,69.05171203613281,76.70999908447266,77.27999877929688,76.55000305175781,76.7300033569336,27525500
2013-08-27,QQQ,67.63847351074219,75.13999938964844,76.18000030517578,74.95999908447266,75.80000305175781,40068900
2013-08-28,QQQ,67.8995132446289,75.43000030517578,75.75,75.05000305175781,75.05000305175781,20490400
2013-08-29,QQQ,68.37657928466797,75.95999908447266,76.33999633789062,75.30000305175781,75.41000366210938,27287900
2013-08-30,QQQ,67.93550109863281,75.47000122070312,76.04000091552734,75.19999694824219,76.04000091552734,26228500
2013-09-03,QQQ,68.32254791259766,75.9000015258789,76.44000244140625,75.54000091552734,76.08999633789062,27241500
2013-09-04,QQQ,69.05171203613281,76.70999908447266,76.83999633789062,75.93000030517578,76.16000366210938,27142900
2013-09-05,QQQ,69.16873168945312,76.83999633789062,77.05999755859375,76.7300033569336,76.76000213623047,17809700
2013-09-06,QQQ,69.24976348876953,76.93000030517578,77.33999633789062,76.05000305175781,77.0999984741211,27715100
2013-09-09,QQQ,70.05988311767578,77.83000183105469,77.95999908447266,77.2300033569336,77.26000213623047,25161900
2013-09-10,QQQ,70.40196990966797,78.20999908447266,78.31999969482422,77.91999816894531,78.27999877929688,27619400
2013-09-11,QQQ,70.26691436767578,78.05999755859375,78.11000061035156,77.58999633789062,77.69000244140625,28132900
2013-09-12,QQQ,70.2219009399414,78.01000213623047,78.25,77.8499984741211,78.08000183105469,18332700
2013-09-13,QQQ,70.26691436767578,78.05999755859375,78.13999938964844,77.63999938964844,78.08999633789062,16932500
2013-09-16,QQQ,70.07787322998047,77.8499984741211,78.72000122070312,77.66999816894531,78.72000122070312,25704300
2013-09-17,QQQ,70.54595184326172,78.37000274658203,78.47000122070312,77.9800033569336,78.0199966430664,27174300
2013-09-18,QQQ,71.39215087890625,79.30999755859375,79.47000122070312,78.33000183105469,78.48999786376953,31714700
2013-09-19,QQQ,71.56320190429688,79.5,79.69000244140625,79.36000061035156,79.55999755859375,26435700
2013-09-20,QQQ,71.31758880615234,78.98999786376953,79.54000091552734,78.94999694824219,79.44999694824219,26328900
2013-09-23,QQQ,71.17311096191406,78.83000183105469,79.41000366210938,78.45999908447266,79.31999969482422,30319400
2013-09-24,QQQ,71.17311096191406,78.83000183105469,79.25,78.56999969482422,79.0,21871300
2013-09-25,QQQ,70.92936706542969,78.55999755859375,79.0,78.4000015258789,78.88999938964844,22746400
2013-09-26,QQQ,71.4801025390625,79.16999816894531,79.36000061035156,78.8499984741211,78.87999725341797,22421700
2013-09-27,QQQ,71.38981628417969,79.06999969482422,79.20999908447266,78.58999633789062,78.70999908447266,25151600
2013-09-30,QQQ,71.21827697753906,78.87999725341797,79.08999633789062,78.0,78.25,28031900
2013-10-01,QQQ,71.94055938720703,79.68000030517578,79.72000122070312,78.8499984741211,78.88999938964844,33129700
2013-10-02,QQQ,71.91349792480469,79.6500015258789,79.76000213623047,79.05999755859375,79.13999938964844,25503800
2013-10-03,QQQ,71.07378387451172,78.72000122070312,79.72000122070312,78.30000305175781,79.55000305175781,42998200
2013-10-04,QQQ,71.68775939941406,79.4000015258789,79.51000213623047,78.6500015258789,78.72000122070312,22852700
2013-10-07,QQQ,71.09186553955078,78.73999786376953,79.3499984741211,78.66999816894531,78.69999694824219,20227100
2013-10-08,QQQ,69.71951293945312,77.22000122070312,78.80999755859375,77.19000244140625,78.73999786376953,43660700
2013-10-09,QQQ,69.50281524658203,76.9800033569336,77.44000244140625,76.3499984741211,77.4000015258789,64526700
2013-10-10,QQQ,70.97450256347656,78.61000061035156,78.79000091552734,77.79000091552734,77.80999755859375,48062700
2013-10-11,QQQ,71.53427124023438,79.2300033569336,79.29000091552734,78.4000015258789,78.41000366210938,25214100
2013-10-14,QQQ,72.03987121582031,79.79000091552734,79.79000091552734,78.68000030517578,78.73999786376953,31471900
2013-10-15,QQQ,71.76000213623047,79.4800033569336,80.11000061035156,79.37999725341797,79.7300033569336,38684000
2013-10-16,QQQ,72.57257080078125,80.37999725341797,80.41999816894531,79.79000091552734,79.8499984741211,46735900
2013-10-17,QQQ,72.98789978027344,80.83999633789062,80.87000274658203,79.94999694824219,80.0199966430664,32193500
2013-10-18,QQQ,74.17066192626953,82.1500015258789,82.18000030517578,81.3499984741211,81.58000183105469,39628200
2013-10-21,QQQ,74.33316040039062,82.33000183105469,82.54000091552734,82.06999969482422,82.33999633789062,31176900
2013-10-22,QQQ,74.4415054321289,82.44999694824219,82.9000015258789,81.93000030517578,82.6500015258789,43944800
2013-10-23,QQQ,73.99007415771484,81.94999694824219,82.19999694824219,81.55000305175781,82.05000305175781,38021300
2013-10-24,QQQ,74.31512451171875,82.30999755859375,82.4800033569336,81.87999725341797,82.0,23155100
2013-10-25,QQQ,74.84782409667969,82.9000015258789,83.27999877929688,82.5,83.08000183105469,35824500
2013-10-28,QQQ,74.86585998535156,82.91999816894531,83.05000305175781,82.55000305175781,82.91000366210938,28618400
2013-10-29,QQQ,74.99225616455078,83.05999755859375,83.26000213623047,82.69999694824219,83.19999694824219,36878100
2013-10-30,QQQ,74.92007446289062,82.9800033569336,83.48999786376953,82.58000183105469,83.3499984741211,33535500
2013-10-31,QQQ,74.74847412109375,82.79000091552734,83.30000305175781,82.4800033569336,82.7699966430664,31309900
2013-11-01,QQQ,74.76655578613281,82.80999755859375,83.16999816894531,82.4000015258789,83.06999969482422,30867800
2013-11-04,QQQ,74.87489318847656,82.93000030517578,83.06999969482422,82.63999938964844,83.05999755859375,16834000
2013-11-05,QQQ,74.95613861083984,83.0199966430664,83.22000122070312,82.37000274658203,82.61000061035156,27975600
2013-11-06,QQQ,74.9380874633789,83.0,83.4000015258789,82.7300033569336,83.37000274658203,25576800
2013-11-07,QQQ,73.52960968017578,81.44000244140625,83.12999725341797,81.37000274658203,83.01000213623047,52173200
2013-11-08,QQQ,74.52274322509766,82.54000091552734,82.55999755859375,81.51000213623047,81.73999786376953,31470500
2013-11-11,QQQ,74.40536499023438,82.41000366210938,82.63999938964844,82.13999938964844,82.41999816894531,24822900
2013-11-12,QQQ,74.52274322509766,82.54000091552734,82.66000366210938,82.12000274658203,82.16000366210938,20108500
2013-11-13,QQQ,75.42564392089844,83.54000091552734,83.55000305175781,82.0,82.0,31345900
2013-11-14,QQQ,75.66036987304688,83.80000305175781,83.86000061035156,83.13999938964844,83.31999969482422,31101200
2013-11-15,QQQ,75.8048324584961,83.95999908447266,83.95999908447266,83.61000061035156,83.81999969482422,20511300
2013-11-18,QQQ,75.06446838378906,83.13999938964844,84.11000061035156,82.9800033569336,83.94000244140625,31679600
2013-11-19,QQQ,74.84782409667969,82.9000015258789,83.48999786376953,82.76000213623047,83.08999633789062,25545300
2013-11-20,QQQ,74.66722106933594,82.69999694824219,83.43000030517578,82.45999908447266,83.12000274658203,32177400
2013-11-21,QQQ,75.42564392089844,83.54000091552734,83.61000061035156,82.9800033569336,83.05000305175781,28125000
2013-11-22,QQQ,75.83195495605469,83.98999786376953,84.0199966430664,83.62000274658203,83.68000030517578,25361300
2013-11-25,QQQ,76.01249694824219,84.19000244140625,84.37999725341797,83.9800033569336,84.29000091552734,21695100
2013-11-26,QQQ,76.40975952148438,84.62999725341797,84.83999633789062,84.02999877929688,84.20999908447266,26621000
2013-11-27,QQQ,76.94245147705078,85.22000122070312,85.23999786376953,84.7300033569336,84.80000305175781,21638100
2013-11-29,QQQ,77.40293884277344,85.7300033569336,85.83999633789062,85.47000122070312,85.55999755859375,16708900
2013-12-02,QQQ,77.17723083496094,85.4800033569336,85.95999908447266,85.3499984741211,85.83000183105469,26354600
2013-12-03,QQQ,77.114013671875,85.41000366210938,85.63999938964844,85.08000183105469,85.41999816894531,37147000
2013-12-04,QQQ,77.18623352050781,85.48999786376953,85.7699966430664,84.77999877929688,85.05000305175781,37193200
2013-12-05,QQQ,77.08689880371094,85.37999725341797,85.66000366210938,85.16999816894531,85.55999755859375,39829300
2013-12-06,QQQ,77.6467056274414,86.0,86.18000030517578,85.58999633789062,86.0999984741211,36842900
2013-12-09,QQQ,77.96269989013672,86.3499984741211,86.52999877929688,86.19999694824219,86.3499984741211,22590000
2013-12-10,QQQ,77.90857696533203,86.29000091552734,86.44999694824219,86.12000274658203,86.20999908447266,26965900
2013-12-11,QQQ,76.9063491821289,85.18000030517578,86.4000015258789,85.05999755859375,86.27999877929688,36830600
2013-12-12,QQQ,76.70770263671875,84.95999908447266,85.41999816894531,84.9000015258789,85.20999908447266,33662600
2013-12-13,QQQ,76.6083755493164,84.8499984741211,85.4000015258789,84.70999908447266,85.36000061035156,34072000
2013-12-16,QQQ,77.0327377319336,85.31999969482422,85.80999755859375,85.20999908447266,85.2699966430664,24902500
2013-12-17,QQQ,76.87926483154297,85.1500015258789,85.52999877929688,84.98999786376953,85.31999969482422,24454900
2013-12-18,QQQ,77.7730941772461,86.13999938964844,86.22000122070312,84.05000305175781,85.25,68387200
2013-12-19,QQQ,77.5564193725586,85.9000015258789,86.01000213623047,85.5199966430664,86.0,44964100
2013-12-20,QQQ,78.34622955322266,86.5,86.68000030517578,85.7300033569336,85.79000091552734,40475400
2013-12-23,QQQ,79.17044067382812,87.41000366210938,87.41000366210938,86.94999694824219,87.20999908447266,28181800
2013-12-24,QQQ,79.20665740966797,87.44999694824219,87.51000213623047,87.2699966430664,87.43000030517578,13852500
2013-12-26,QQQ,79.46931457519531,87.73999786376953,87.80999755859375,87.44000244140625,87.61000061035156,15241100
2013-12-27,QQQ,79.27005767822266,87.5199966430664,87.9000015258789,87.41000366210938,87.8499984741211,15827400
2013-12-30,QQQ,79.15233612060547,87.38999938964844,87.51000213623047,87.13999938964844,87.38999938964844,18983700
2013-12-31,QQQ,79.66857147216797,87.95999908447266,87.95999908447266,87.5199966430664,87.55000305175781,24890500
2014-01-02,QQQ,79.04364013671875,87.2699966430664,87.58000183105469,87.0199966430664,87.55000305175781,29177500
2014-01-03,QQQ,78.47299194335938,86.63999938964844,87.3499984741211,86.62000274658203,87.2699966430664,35723700
2014-01-06,QQQ,78.18318176269531,86.31999969482422,86.76000213623047,86.0,86.66000366210938,32073100
2014-01-07,QQQ,78.90778350830078,87.12000274658203,87.25,86.55999755859375,86.72000122070312,25860600
2014-01-08,QQQ,79.0798568725586,87.30999755859375,87.55000305175781,86.94999694824219,87.13999938964844,27197400
2014-01-09,QQQ,78.81720733642578,87.0199966430664,87.63999938964844,86.72000122070312,87.62999725341797,23674700
2014-01-10,QQQ,79.07083129882812,87.30000305175781,87.4000015258789,86.58000183105469,87.2300033569336,38008900
2014-01-13,QQQ,77.90242767333984,86.01000213623047,87.4800033569336,85.68000030517578,87.18000030517578,48842300
2014-01-14,QQQ,79.3878173828125,87.6500015258789,87.72000122070312,86.30000305175781,86.30000305175781,37178900
2014-01-15,QQQ,80.03992462158203,88.37000274658203,88.54000091552734,87.94000244140625,88.02999877929688,39835600
2014-01-16,QQQ,80.04899597167969,88.37999725341797,88.51000213623047,88.16000366210938,88.30000305175781,31630100
2014-01-17,QQQ,79.59614562988281,87.87999725341797,88.37000274658203,87.66999816894531,88.11000061035156,36895800
2014-01-21,QQQ,80.2030029296875,88.55000305175781,88.58999633789062,87.80999755859375,88.44000244140625,26412700
2014-01-22,QQQ,80.41130065917969,88.77999877929688,89.0,88.5199966430664,88.77999877929688,29376900
2014-01-23,QQQ,80.13957214355469,88.4800033569336,88.5199966430664,87.86000061035156,88.51000213623047,35011900
2014-01-24,QQQ,78.56361389160156,86.73999786376953,88.18000030517578,86.70999908447266,88.05000305175781,63974600
2014-01-27,QQQ,77.80277252197266,85.9000015258789,86.88999938964844,85.25,86.73999786376953,63519300
2014-01-28,QQQ,77.75746154785156,85.8499984741211,85.94000244140625,85.30999755859375,85.5,44378800
2014-01-29,QQQ,76.92422485351562,84.93000030517578,85.73999786376953,84.76000213623047,85.11000061035156,51939300
2014-01-30,QQQ,78.34622955322266,86.5,86.80000305175781,85.87999725341797,85.97000122070312,65833600
2014-01-31,QQQ,78.13787841796875,86.2699966430664,86.68000030517578,85.44999694824219,85.54000091552734,45187000
2014-02-03,QQQ,76.34455871582031,84.29000091552734,86.5,84.06999969482422,86.11000061035156,65596900
2014-02-04,QQQ,76.90609741210938,84.91000366210938,85.25,84.45999908447266,84.72000122070312,37675500
2014-02-05,QQQ,76.70681762695312,84.69000244140625,84.98999786376953,83.73999786376953,84.62999725341797,41721800
2014-02-06,QQQ,77.68502044677734,85.7699966430664,85.87999725341797,84.91999816894531,84.94000244140625,32308600
2014-02-07,QQQ,79.07083129882812,87.30000305175781,87.36000061035156,86.0,86.25,38359400
2014-02-10,QQQ,79.523681640625,87.80000305175781,87.83999633789062,87.20999908447266,87.2699966430664,30205400
2014-02-11,QQQ,80.4294204711914,88.80000305175781,88.97000122070312,87.88999938964844,87.98999786376953,38635500
2014-02-12,QQQ,80.5833740234375,88.97000122070312,89.16999816894531,88.69999694824219,88.9800033569336,32507200
2014-02-13,QQQ,81.1811752319336,89.62999725341797,89.69999694824219,88.30000305175781,88.31999969482422,40454500
2014-02-14,QQQ,81.34417724609375,89.80999755859375,90.01000213623047,89.33000183105469,89.5999984741211,33212400
2014-02-18,QQQ,81.74272918701172,90.25,90.41999816894531,89.73999786376953,89.95999908447266,29546600
2014-02-19,QQQ,81.1811752319336,89.62999725341797,90.29000091552734,89.44999694824219,90.08000183105469,41749900
2014-02-20,QQQ,81.56156921386719,90.05000305175781,90.22000122070312,89.30999755859375,89.69000244140625,41814800
2014-02-21,QQQ,81.45288848876953,89.93000030517578,90.47000122070312,89.81999969482422,90.33999633789062,31192200
2014-02-24,QQQ,81.88763427734375,90.41000366210938,90.81999969482422,90.04000091552734,90.13999938964844,31500400
2014-02-25,QQQ,81.79708862304688,90.30999755859375,90.72000122070312,90.0199966430664,90.54000091552734,26771700
2014-02-26,QQQ,81.72461700439453,90.2300033569336,90.83999633789062,89.87000274658203,90.55000305175781,42953700
2014-02-27,QQQ,82.2548599243164,90.44000244140625,90.52999877929688,89.7300033569336,89.87000274658203,28742400
2014-02-28,QQQ,82.16389465332031,90.33999633789062,90.95999908447266,89.54000091552734,90.41999816894531,48609800
2014-03-03,QQQ,81.5545425415039,89.66999816894531,89.91000366210938,88.87000274658203,89.48999786376953,38885700
2014-03-04,QQQ,82.59134674072266,90.80999755859375,90.9800033569336,90.55999755859375,90.6500015258789,33189000
2014-03-05,QQQ,82.8187255859375,91.05999755859375,91.22000122070312,90.7699966430664,90.95999908447266,27203300
2014-03-06,QQQ,82.74598693847656,90.9800033569336,91.33999633789062,90.6500015258789,91.2699966430664,24063900
2014-03-07,QQQ,82.33670806884766,90.52999877929688,91.36000061035156,90.06999969482422,91.2699966430664,31167800
2014-03-10,QQQ,82.40947723388672,90.61000061035156,90.66000366210938,90.02999877929688,90.4800033569336,18131700
2014-03-11,QQQ,82.05475616455078,90.22000122070312,91.05999755859375,89.94999694824219,90.83000183105469,27484300
2014-03-12,QQQ,82.36399841308594,90.55999755859375,90.61000061035156,89.4800033569336,89.80999755859375,27977200
2014-03-13,QQQ,81.19983673095703,89.27999877929688,90.93000030517578,88.87000274658203,90.9000015258789,48542000
2014-03-14,QQQ,80.6450424194336,88.66999816894531,89.37999725341797,88.62999725341797,88.98999786376953,38732300
2014-03-17,QQQ,81.35443115234375,89.44999694824219,89.91000366210938,89.19000244140625,89.23999786376953,28467200
2014-03-18,QQQ,82.33670806884766,90.52999877929688,90.63999938964844,89.52999877929688,89.55999755859375,31250200
2014-03-19,QQQ,81.89105987548828,90.04000091552734,90.66000366210938,89.44999694824219,90.55999755859375,40869400
2014-03-20,QQQ,82.1184310913086,90.29000091552734,90.55999755859375,89.58000183105469,89.76000213623047,31634500
2014-03-21,QQQ,81.13028717041016,89.0,90.6500015258789,88.83000183105469,90.5999984741211,62754000
2014-03-24,QQQ,80.41924285888672,88.22000122070312,89.38999938964844,87.41000366210938,89.31999969482422,77735300
2014-03-25,QQQ,80.68360137939453,88.51000213623047,89.25,87.7699966430664,88.68000030517578,41723300
2014-03-26,QQQ,79.6444320678711,87.37000274658203,89.1500015258789,87.36000061035156,88.94999694824219,40930400
2014-03-27,QQQ,79.1977310180664,86.87999725341797,87.63999938964844,86.4000015258789,87.25,64784500
2014-03-28,QQQ,79.35272216796875,87.05000305175781,88.01000213623047,86.80999755859375,87.16000366210938,39895100
2014-03-31,QQQ,79.91786193847656,87.66999816894531,88.26000213623047,87.62000274658203,87.7300033569336,33924300
2014-04-01,QQQ,81.32173156738281,89.20999908447266,89.2699966430664,87.70999908447266,88.0999984741211,38683800
2014-04-02,QQQ,81.53136444091797,89.44000244140625,89.68000030517578,89.04000091552734,89.58999633789062,34631600
2014-04-03,QQQ,80.88416290283203,88.7300033569336,89.68000030517578,88.22000122070312,89.52999877929688,30319100
2014-04-04,QQQ,78.73281860351562,86.37000274658203,89.41000366210938,86.13999938964844,89.31999969482422,131213200
2014-04-07,QQQ,77.98534393310547,85.55000305175781,86.62999725341797,84.94999694824219,85.83000183105469,83995800
2014-04-08,QQQ,78.70549011230469,86.33999633789062,86.45999908447266,85.3499984741211,85.6500015258789,51495700
2014-04-09,QQQ,80.05462646484375,87.81999969482422,87.87000274658203,86.43000030517578,86.66000366210938,45685200
2014-04-10,QQQ,77.57514953613281,85.0999984741211,87.87999725341797,84.86000061035156,87.87999725341797,73659600
2014-04-11,QQQ,76.67266845703125,84.11000061035156,85.44000244140625,83.91000366210938,84.33999633789062,93657400
2014-04-14,QQQ,77.27429962158203,84.7699966430664,85.22000122070312,83.98999786376953,84.8499984741211,46500700
2014-04-15,QQQ,77.529541015625,85.05000305175781,85.54000091552734,83.27999877929688,85.08000183105469,84631500
2014-04-16,QQQ,78.55963134765625,86.18000030517578,86.18000030517578,85.08999633789062,85.79000091552734,46970900
2014-04-17,QQQ,78.57785034179688,86.19999694824219,86.62999725341797,85.62999725341797,85.8499984741211,53719500
2014-04-21,QQQ,79.16127014160156,86.83999633789062,86.83999633789062,86.0,86.4000015258789,25947900
2014-04-22,QQQ,79.79025268554688,87.52999877929688,87.75,86.98999786376953,87.13999938964844,38593400
2014-04-23,QQQ,79.08834838867188,86.76000213623047,87.55999755859375,86.70999908447266,87.52999877929688,34376700
2014-04-24,QQQ,79.84495544433594,87.58999633789062,88.20999908447266,86.6500015258789,88.19000244140625,48926300
2014-04-25,QQQ,78.56873321533203,86.19000244140625,87.16999816894531,85.9800033569336,87.06999969482422,44334000
2014-04-28,QQQ,78.82398986816406,86.47000122070312,87.11000061035156,85.11000061035156,86.5999984741211,58623800
2014-04-29,QQQ,79.45296478271484,87.16000366210938,87.31999969482422,86.30999755859375,86.7300033569336,36742700
2014-04-30,QQQ,79.66263580322266,87.38999938964844,87.4800033569336,86.54000091552734,86.76000213623047,38689400
2014-05-01,QQQ,79.8996810913086,87.6500015258789,88.1500015258789,87.30999755859375,87.52999877929688,37127200
2014-05-02,QQQ,79.75379943847656,87.48999786376953,88.11000061035156,87.27999877929688,87.94999694824219,40074200
2014-05-05,QQQ,80.1731185913086,87.94999694824219,87.97000122070312,86.76000213623047,86.97000122070312,27924400
2014-05-06,QQQ,79.13391876220703,86.80999755859375,87.86000061035156,86.7699966430664,87.80999755859375,33698500
2014-05-07,QQQ,78.9060287475586,86.55999755859375,87.08000183105469,85.52999877929688,86.98999786376953,67489100
2014-05-08,QQQ,78.83312225341797,86.4800033569336,87.52999877929688,86.05000305175781,86.25,46556900
2014-05-09,QQQ,79.1247787475586,86.80000305175781,86.86000061035156,85.8499984741211,86.43000030517578,35081500
2014-05-12,QQQ,80.4283676147461,88.2300033569336,88.26000213623047,87.23999786376953,87.31999969482422,38951100
2014-05-13,QQQ,80.48306274414062,88.29000091552734,88.61000061035156,88.12000274658203,88.30999755859375,30311900
2014-05-14,QQQ,80.0637435913086,87.83000183105469,88.3499984741211,87.62000274658203,88.0199966430664,26483600
2014-05-15,QQQ,79.43474578857422,87.13999938964844,87.95999908447266,86.58000183105469,87.80999755859375,59680300
2014-05-16,QQQ,79.9543228149414,87.70999908447266,87.76000213623047,86.63999938964844,87.23999786376953,66804100
2014-05-19,QQQ,80.51040649414062,88.31999969482422,88.45999908447266,87.30000305175781,87.44999694824219,32017000
2014-05-20,QQQ,80.21873474121094,88.0,88.5999984741211,87.63999938964844,88.27999877929688,33716000
2014-05-21,QQQ,80.98443603515625,88.83999633789062,88.88999938964844,88.11000061035156,88.16000366210938,36837700
2014-05-22,QQQ,81.3399429321289,89.2300033569336,89.4800033569336,88.80000305175781,88.94000244140625,30617100
2014-05-23,QQQ,81.93245697021484,89.87999725341797,89.9000015258789,89.12000274658203,89.31999969482422,22687300
2014-05-27,QQQ,82.95341491699219,91.0,91.0199966430664,90.19999694824219,90.27999877929688,29725200
2014-05-28,QQQ,82.69818115234375,90.72000122070312,91.0999984741211,90.6500015258789,90.97000122070312,30468100
2014-05-29,QQQ,83.22692108154297,91.30000305175781,91.30999755859375,90.86000061035156,91.04000091552734,33036100
2014-05-30,QQQ,83.23601531982422,91.30999755859375,91.44999694824219,90.83000183105469,91.31999969482422,29906400
2014-06-02,QQQ,83.15399169921875,91.22000122070312,91.44000244140625,90.63999938964844,91.41999816894531,30409900
2014-06-03,QQQ,83.11751556396484,91.18000030517578,91.33000183105469,90.80000305175781,90.91999816894531,21774500
2014-06-04,QQQ,83.42743682861328,91.5199966430664,91.66999816894531,90.80999755859375,90.94999694824219,20118300
2014-06-05,QQQ,84.12934875488281,92.29000091552734,92.45999908447266,91.29000091552734,91.5999984741211,35583100
2014-06-06,QQQ,84.61250305175781,92.81999969482422,92.81999969482422,92.44999694824219,92.62999725341797,22680600
2014-06-09,QQQ,84.54869842529297,92.75,92.9800033569336,92.5,92.83999633789062,23399500
2014-06-10,QQQ,84.69454193115234,92.91000366210938,92.95999908447266,92.55999755859375,92.66999816894531,20626000
2014-06-11,QQQ,84.67632293701172,92.88999938964844,93.0199966430664,92.5,92.58999633789062,22878200
2014-06-12,QQQ,83.91058349609375,92.05000305175781,92.79000091552734,91.7300033569336,92.69000244140625,35275900
2014-06-13,QQQ,84.15670776367188,92.31999969482422,92.55000305175781,91.91999816894531,92.44999694824219,39447100
2014-06-16,QQQ,84.22960662841797,92.4000015258789,92.66999816894531,91.95999908447266,92.16000366210938,25212300
2014-06-17,QQQ,84.27520751953125,92.44999694824219,92.69999694824219,92.18000030517578,92.33000183105469,19977900
2014-06-18,QQQ,84.74923706054688,92.97000122070312,93.0999984741211,91.9800033569336,92.54000091552734,34514000
2014-06-19,QQQ,84.69454193115234,92.91000366210938,93.16999816894531,92.48999786376953,93.11000061035156,38422200
2014-06-20,QQQ,84.79415893554688,92.7699966430664,92.87000274658203,92.52999877929688,92.69999694824219,25897500
2014-06-23,QQQ,84.81246948242188,92.79000091552734,92.81999969482422,92.51000213623047,92.76000213623047,20837900
2014-06-24,QQQ,84.73018646240234,92.69999694824219,93.56999969482422,92.43000030517578,92.77999877929688,31945800
2014-06-25,QQQ,85.26944732666016,93.29000091552734,93.44999694824219,92.4800033569336,92.48999786376953,32818600
2014-06-26,QQQ,85.31515502929688,93.33999633789062,93.36000061035156,92.62000274658203,93.3499984741211,22563900
2014-06-27,QQQ,85.68991088867188,93.75,93.7699966430664,93.19000244140625,93.22000122070312,22877800
2014-06-30,QQQ,85.83613586425781,93.91000366210938,94.13999938964844,93.66999816894531,93.7300033569336,19751900
2014-07-01,QQQ,86.77758026123047,94.94000244140625,95.19000244140625,94.19999694824219,94.23999786376953,31862500
2014-07-02,QQQ,86.923828125,95.0999984741211,95.23999786376953,94.91000366210938,95.0,18777300
2014-07-03,QQQ,87.47225952148438,95.69999694824219,95.69999694824219,95.1500015258789,95.41000366210938,15291700
2014-07-07,QQQ,87.20716857910156,95.41000366210938,95.70999908447266,95.2300033569336,95.58999633789062,23266400
2014-07-08,QQQ,86.15608215332031,94.26000213623047,95.30000305175781,93.87000274658203,95.2300033569336,40612400
2014-07-09,QQQ,86.79590606689453,94.95999908447266,95.06999969482422,94.23999786376953,94.51000213623047,29919000
2014-07-10,QQQ,86.52167510986328,94.66000366210938,95.05000305175781,93.62999725341797,93.73999786376953,44245300
2014-07-11,QQQ,87.07923126220703,95.2699966430664,95.2699966430664,94.61000061035156,94.9000015258789,19566300
2014-07-14,QQQ,87.6002197265625,95.83999633789062,96.05999755859375,95.54000091552734,95.69999694824219,19579000
2014-07-15,QQQ,87.29859924316406,95.51000213623047,96.12999725341797,94.83000183105469,95.98999786376953,39467500
2014-07-16,QQQ,87.64591979980469,95.88999938964844,96.30000305175781,95.79000091552734,96.19999694824219,22052600
2014-07-17,QQQ,86.4851303100586,94.62000274658203,95.97000122070312,94.31999969482422,95.62999725341797,43111500
2014-07-18,QQQ,87.85617065429688,96.12000274658203,96.16999816894531,95.0,95.11000061035156,36682200
2014-07-21,QQQ,87.74649047851562,96.0,96.16000366210938,95.55000305175781,95.91999816894531,29750700
2014-07-22,QQQ,88.30403137207031,96.61000061035156,96.76000213623047,96.3499984741211,96.44999694824219,25770400
2014-07-23,QQQ,88.87071990966797,97.2300033569336,97.33999633789062,96.7699966430664,96.94999694824219,28947500
2014-07-24,QQQ,88.77020263671875,97.12000274658203,97.51000213623047,96.9800033569336,97.4000015258789,24707200
2014-07-25,QQQ,88.42285919189453,96.73999786376953,96.87000274658203,96.2300033569336,96.62000274658203,29898900
2014-07-28,QQQ,88.45026397705078,96.7699966430664,97.0199966430664,96.0199966430664,96.83999633789062,25603400
2014-07-29,QQQ,88.29488372802734,96.5999984741211,97.19999694824219,96.5199966430664,96.9800033569336,27022200
2014-07-30,QQQ,88.64221954345703,96.9800033569336,97.31999969482422,96.5999984741211,97.13999938964844,35348500
2014-07-31,QQQ,86.85070037841797,95.0199966430664,96.33999633789062,94.87999725341797,96.18000030517578,50047900
2014-08-01,QQQ,86.53082275390625,94.66999816894531,95.33999633789062,94.04000091552734,94.81999969482422,60708000
2014-08-04,QQQ,87.12493896484375,95.31999969482422,95.69000244140625,94.5199966430664,94.87000274658203,33230500
2014-08-05,QQQ,86.45769500732422,94.58999633789062,95.20999908447266,94.1500015258789,94.94000244140625,50331100
2014-08-06,QQQ,86.39369201660156,94.5199966430664,95.11000061035156,93.91999816894531,94.0,34431900
2014-08-07,QQQ,86.11949920654297,94.22000122070312,95.13999938964844,93.88999938964844,94.95999908447266,33274700
2014-08-08,QQQ,86.74105834960938,94.9000015258789,95.01000213623047,93.97000122070312,94.37000274658203,40236900
2014-08-11,QQQ,87.25288391113281,95.45999908447266,95.76000213623047,95.19999694824219,95.2699966430664,28277500
2014-08-12,QQQ,87.21634674072266,95.41999816894531,95.66999816894531,94.93000030517578,95.36000061035156,28152300
2014-08-13,QQQ,88.13951873779297,96.43000030517578,96.47000122070312,95.76000213623047,95.80999755859375,27996500
2014-08-14,QQQ,88.59650421142578,96.93000030517578,96.94999694824219,96.43000030517578,96.55999755859375,25006600
2014-08-15,QQQ,89.026123046875,97.4000015258789,97.62999725341797,96.4800033569336,97.48999786376953,55205500
2014-08-18,QQQ,89.71160888671875,98.1500015258789,98.23999786376953,97.7699966430664,97.91000366210938,38938300
2014-08-19,QQQ,90.21434020996094,98.69999694824219,98.76000213623047,98.31999969482422,98.37999725341797,21363400
2014-08-20,QQQ,90.21434020996094,98.69999694824219,98.9000015258789,98.52999877929688,98.62000274658203,23435600
2014-08-21,QQQ,90.39712524414062,98.9000015258789,98.94999694824219,98.5999984741211,98.75,19339500
2014-08-22,QQQ,90.53428649902344,99.05000305175781,99.25,98.72000122070312,98.94000244140625,24692000
2014-08-25,QQQ,90.85414123535156,99.4000015258789,99.68000030517578,99.16000366210938,99.5199966430664,24124700
2014-08-26,QQQ,90.94554901123047,99.5,99.61000061035156,99.2699966430664,99.55000305175781,20100400
2014-08-27,QQQ,90.96381378173828,99.5199966430664,99.63999938964844,99.30999755859375,99.52999877929688,15589100
2014-08-28,QQQ,90.86332702636719,99.41000366210938,99.52999877929688,99.08000183105469,99.18000030517578,23563900
2014-08-29,QQQ,91.20148468017578,99.77999877929688,99.91000366210938,99.2699966430664,99.62999725341797,17906300
2014-09-02,QQQ,91.4665298461914,100.06999969482422,100.0999984741211,99.66000366210938,100.0199966430664,18326800
2014-09-03,QQQ,90.92729949951172,99.4800033569336,100.33999633789062,99.30000305175781,100.33999633789062,25950700
2014-09-04,QQQ,90.84503173828125,99.38999938964844,100.22000122070312,99.13999938964844,99.70999908447266,24663500
2014-09-05,QQQ,91.3020248413086,99.88999938964844,99.94999694824219,99.02999877929688,99.54000091552734,30798200
2014-09-08,QQQ,91.4756851196289,100.08000183105469,100.33000183105469,99.62000274658203,99.91999816894531,25571300
2014-09-09,QQQ,90.71705627441406,99.25,100.45999908447266,99.05999755859375,100.08999633789062,36449200
2014-09-10,QQQ,91.4665298461914,100.06999969482422,100.11000061035156,99.0999984741211,99.37999725341797,31080100
2014-09-11,QQQ,91.39342498779297,99.98999786376953,100.04000091552734,99.23999786376953,99.63999938964844,28691900
2014-09-12,QQQ,90.92729949951172,99.4800033569336,99.93000030517578,99.16999816894531,99.9000015258789,30444400
2014-09-15,QQQ,90.04979705810547,98.5199966430664,99.5999984741211,98.22000122070312,99.58999633789062,32972200
2014-09-16,QQQ,90.83586120605469,99.37999725341797,99.56999969482422,98.05000305175781,98.1500015258789,38166900
2014-09-17,QQQ,90.97299194335938,99.52999877929688,100.0,98.93000030517578,99.36000061035156,37196500
2014-09-18,QQQ,91.65847778320312,100.27999877929688,100.29000091552734,99.7300033569336,99.83999633789062,30196700
2014-09-19,QQQ,91.60169982910156,99.9800033569336,100.55999755859375,99.58000183105469,100.45999908447266,46918000
2014-09-22,QQQ,90.74966430664062,99.05000305175781,99.75,98.62000274658203,99.73999786376953,48658000
2014-09-23,QQQ,90.50225067138672,98.77999877929688,99.22000122070312,98.58000183105469,98.6500015258789,33989600
2014-09-24,QQQ,91.47341918945312,99.83999633789062,99.88999938964844,98.54000091552734,98.87999725341797,35959000
2014-09-25,QQQ,89.5494155883789,97.73999786376953,99.6500015258789,97.69999694824219,99.5199966430664,68642500
2014-09-26,QQQ,90.50225067138672,98.77999877929688,98.95999908447266,97.88999938964844,98.05999755859375,56106200
2014-09-29,QQQ,90.38313293457031,98.6500015258789,98.91999816894531,97.75,97.80000305175781,33342700
2014-09-30,QQQ,90.51140594482422,98.79000091552734,99.30000305175781,98.31999969482422,98.91999816894531,41834300
2014-10-01,QQQ,89.0638427734375,97.20999908447266,98.61000061035156,96.9000015258789,98.51000213623047,58164900
2014-10-02,QQQ,89.0638427734375,97.20999908447266,97.51000213623047,95.97000122070312,97.16999816894531,54501300
2014-10-03,QQQ,89.94340515136719,98.16999816894531,98.56999969482422,97.44000244140625,97.77999877929688,41627800
2014-10-06,QQQ,89.75098419189453,97.95999908447266,98.72000122070312,97.66000366210938,98.4800033569336,36038700
2014-10-07,QQQ,88.4774398803711,96.56999969482422,97.77999877929688,96.55999755859375,97.5,45154000
2014-10-08,QQQ,90.19989013671875,98.44999694824219,98.76000213623047,96.05999755859375,96.62000274658203,64931600
2014-10-09,QQQ,88.7431411743164,96.86000061035156,98.56999969482422,96.70999908447266,98.31999969482422,62497100
2014-10-10,QQQ,86.52595520019531,94.44000244140625,96.83000183105469,94.41999816894531,96.29000091552734,77579400
2014-10-13,QQQ,85.1699447631836,92.95999908447266,94.98999786376953,92.87999725341797,94.2699966430664,80835900
2014-10-14,QQQ,85.17913818359375,92.97000122070312,94.16999816894531,92.70999908447266,93.54000091552734,71814500
2014-10-15,QQQ,84.6294174194336,92.37000274658203,92.76000213623047,90.23999786376953,91.56999969482422,108847800
2014-10-16,QQQ,84.09801483154297,91.79000091552734,92.58000183105469,90.38999938964844,90.41999816894531,93165800
2014-10-17,QQQ,85.20661926269531,93.0,93.88999938964844,92.45999908447266,93.0,69546700
2014-10-20,QQQ,86.48013305664062,94.38999938964844,94.47000122070312,92.80000305175781,92.98999786376953,41479300
2014-10-21,QQQ,88.7523193359375,96.87000274658203,96.87000274658203,95.31999969482422,95.55999755859375,53609800
2014-10-22,QQQ,88.2942123413086,96.37000274658203,97.30000305175781,96.30999755859375,97.16999816894531,39178000
2014-10-23,QQQ,89.62269592285156,97.81999969482422,98.36000061035156,97.16999816894531,97.33999633789062,48123800
2014-10-24,QQQ,90.35565185546875,98.62000274658203,98.69000244140625,97.63999938964844,98.02999877929688,43157600
2014-10-27,QQQ,90.41983032226562,98.69000244140625,98.87000274658203,98.0199966430664,98.43000030517578,29545700
2014-10-28,QQQ,91.78491973876953,100.18000030517578,100.19999694824219,99.08000183105469,99.1500015258789,34495100
2014-10-29,QQQ,91.44593811035156,99.80999755859375,100.12000274658203,99.0999984741211,99.8499984741211,40552800
2014-10-30,QQQ,91.63833618164062,100.0199966430664,100.26000213623047,99.13999938964844,99.36000061035156,35935800
2014-10-31,QQQ,92.90271759033203,101.4000015258789,101.75,101.06999969482422,101.68000030517578,54254100
2014-11-03,QQQ,93.17757415771484,101.69999694824219,101.97000122070312,101.43000030517578,101.58000183105469,33481000
2014-11-04,QQQ,92.86604309082031,101.36000061035156,101.62000274658203,100.66999816894531,101.37999725341797,22773300
2014-11-05,QQQ,92.87523651123047,101.37000274658203,102.02999877929688,101.0199966430664,102.02999877929688,25818600
2014-11-06,QQQ,93.16838836669922,101.69000244140625,101.72000122070312,100.91999816894531,101.36000061035156,24671900
2014-11-07,QQQ,93.0859375,101.5999984741211,101.91000366210938,101.06999969482422,101.87000274658203,20931700
2014-11-10,QQQ,93.41576385498047,101.95999908447266,102.08999633789062,101.37999725341797,101.6500015258789,20360000
2014-11-11,QQQ,93.70897674560547,102.27999877929688,102.27999877929688,101.69999694824219,101.9800033569336,15454000
2014-11-12,QQQ,93.87387084960938,102.45999908447266,102.56999969482422,101.87000274658203,101.87000274658203,22050300
2014-11-13,QQQ,94.27701568603516,102.9000015258789,103.27999877929688,102.41999816894531,102.6500015258789,28027800
2014-11-14,QQQ,94.5701904296875,103.22000122070312,103.22000122070312,102.52999877929688,102.87000274658203,19251300
2014-11-17,QQQ,94.28616333007812,102.91000366210938,103.20999908447266,102.41999816894531,102.9800033569336,23361600
2014-11-18,QQQ,94.99163818359375,103.68000030517578,103.81999969482422,102.98999786376953,103.0,26336800
2014-11-19,QQQ,94.56101989746094,103.20999908447266,103.56999969482422,102.7300033569336,103.56999969482422,23760200
2014-11-20,QQQ,94.98247528076172,103.66999816894531,103.76000213623047,102.69000244140625,102.7699966430664,22874000
2014-11-21,QQQ,95.16572570800781,103.87000274658203,104.69000244140625,103.54000091552734,104.58999633789062,34049100
2014-11-24,QQQ,95.90786743164062,104.68000030517578,104.7300033569336,104.05999755859375,104.1500015258789,17928300
2014-11-25,QQQ,96.05442810058594,104.83999633789062,105.1500015258789,104.56999969482422,104.83999633789062,17526000
2014-11-26,QQQ,96.67743682861328,105.5199966430664,105.58000183105469,104.83000183105469,104.94000244140625,18973800
2014-11-28,QQQ,97.12637329101562,106.01000213623047,106.25,105.7300033569336,105.80000305175781,17360400
2014-12-01,QQQ,96.02689361572266,104.80999755859375,105.91999816894531,104.41999816894531,105.72000122070312,35969500
2014-12-02,QQQ,96.41173553466797,105.2300033569336,105.41999816894531,104.69999694824219,104.91999816894531,26031300
2014-12-03,QQQ,96.58580780029297,105.41999816894531,105.56999969482422,104.76000213623047,105.38999938964844,32974300
2014-12-04,QQQ,96.54000091552734,105.37000274658203,105.77999877929688,104.93000030517578,105.31999969482422,31008800
2014-12-05,QQQ,96.54918670654297,105.37999725341797,105.69999694824219,105.1500015258789,105.54000091552734,25622200
2014-12-08,QQQ,95.86202239990234,104.62999725341797,105.56999969482422,104.08000183105469,105.11000061035156,32685800
2014-12-09,QQQ,96.16436767578125,104.95999908447266,105.04000091552734,103.04000091552734,103.41000366210938,46035100
2014-12-10,QQQ,94.65264892578125,103.30999755859375,105.02999877929688,103.12000274658203,104.7699966430664,39330100
2014-12-11,QQQ,95.10157012939453,103.80000305175781,105.04000091552734,103.58999633789062,103.61000061035156,47576000
2014-12-12,QQQ,94.06626892089844,102.66999816894531,103.98999786376953,102.66000366210938,102.80999755859375,46889400
2014-12-15,QQQ,93.09508514404297,101.61000061035156,103.58000183105469,101.31999969482422,103.19999694824219,52968400
2014-12-16,QQQ,91.60169982910156,99.9800033569336,102.47000122070312,99.95999908447266,100.97000122070312,65348600
2014-12-17,QQQ,93.2691879272461,101.80000305175781,102.08999633789062,99.91999816894531,100.05000305175781,79715300
2014-12-18,QQQ,95.51385498046875,104.25,104.26000213623047,102.9800033569336,103.26000213623047,49840900
2014-12-19,QQQ,95.93412017822266,104.31999969482422,104.73999786376953,103.70999908447266,103.97000122070312,51419900
2014-12-22,QQQ,96.17322540283203,104.58000183105469,104.61000061035156,104.0999984741211,104.1500015258789,33869200
2014-12-23,QQQ,95.83297729492188,104.20999908447266,104.97000122070312,104.08999633789062,104.95999908447266,30156900
2014-12-24,QQQ,95.9157485961914,104.30000305175781,104.69999694824219,104.2699966430664,104.33999633789062,14291300
2014-12-26,QQQ,96.59625244140625,105.04000091552734,105.26000213623047,104.56999969482422,104.5999984741211,13924300
2014-12-29,QQQ,96.57785034179688,105.0199966430664,105.25,104.87999725341797,104.94000244140625,17073800
2014-12-30,QQQ,95.93412017822266,104.31999969482422,104.95999908447266,104.18000030517578,104.72000122070312,18604000
2014-12-31,QQQ,94.95015716552734,103.25,104.91000366210938,103.0999984741211,104.5,24367100
2015-01-02,QQQ,94.66508483886719,102.94000244140625,104.19999694824219,102.44000244140625,103.76000213623047,31314600
2015-01-05,QQQ,93.2764663696289,101.43000030517578,102.61000061035156,101.13999938964844,102.48999786376953,36521300
2015-01-06,QQQ,92.02577209472656,100.06999969482422,101.75,99.62000274658203,101.58000183105469,66205500
2015-01-07,QQQ,93.21207427978516,101.36000061035156,101.5999984741211,100.48999786376953,100.7300033569336,37577400
2015-01-08,QQQ,94.99616241455078,103.30000305175781,103.5,102.11000061035156,102.22000122070312,40212600
2015-01-09,QQQ,94.37081146240234,102.62000274658203,103.6500015258789,102.0199966430664,103.62000274658203,41410100
2015-01-12,QQQ,93.3868179321289,101.55000305175781,102.93000030517578,101.29000091552734,102.81999969482422,34129800
2015-01-13,QQQ,93.35920715332031,101.5199966430664,103.62000274658203,100.69999694824219,102.54000091552734,56162300
2015-01-14,QQQ,92.8442153930664,100.95999908447266,101.4800033569336,100.06999969482422,100.5,51354200
2015-01-15,QQQ,91.6395263671875,99.6500015258789,101.58999633789062,99.52999877929688,101.43000030517578,51005400
2015-01-16,QQQ,92.71546936035156,100.81999969482422,100.94999694824219,99.36000061035156,99.5199966430664,35362200
2015-01-20,QQQ,93.45120239257812,101.62000274658203,101.87999725341797,100.29000091552734,101.43000030517578,30964100
2015-01-21,QQQ,93.92935943603516,102.13999938964844,102.62000274658203,100.95999908447266,101.31999969482422,40128800
2015-01-22,QQQ,95.66743469238281,104.02999877929688,104.13999938964844,101.63999938964844,102.54000091552734,40887200
2015-01-23,QQQ,95.87895202636719,104.26000213623047,104.58000183105469,103.72000122070312,104.0199966430664,34783000
2015-01-26,QQQ,95.76860046386719,104.13999938964844,104.33000183105469,103.61000061035156,104.13999938964844,19960900
2015-01-27,QQQ,93.28562927246094,101.44000244140625,102.55999755859375,101.0999984741211,102.5,45253200
2015-01-28,QQQ,92.80742645263672,100.91999816894531,103.18000030517578,100.9000015258789,103.06999969482422,43591700
2015-01-29,QQQ,93.6994400024414,101.88999938964844,102.08000183105469,99.95999908447266,100.83999633789062,46539700
2015-01-30,QQQ,92.97296905517578,101.0999984741211,102.58000183105469,100.95999908447266,101.80000305175781,42927600
2015-02-02,QQQ,93.78224182128906,101.9800033569336,102.06999969482422,99.75,101.33000183105469,43624700
2015-02-03,QQQ,94.68344116210938,102.95999908447266,103.02999877929688,101.68000030517578,102.3499984741211,30750400
2015-02-04,QQQ,94.60071563720703,102.87000274658203,103.55000305175781,102.30999755859375,102.54000091552734,34073200
2015-02-05,QQQ,95.41912841796875,103.76000213623047,103.83000183105469,102.87000274658203,103.12999725341797,23605500
2015-02-06,QQQ,94.8397445678711,103.12999725341797,104.16999816894531,102.76000213623047,103.91999816894531,34169300
2015-02-09,QQQ,94.53632354736328,102.80000305175781,103.29000091552734,102.55000305175781,102.7300033569336,22604700
2015-02-10,QQQ,96.00769805908203,104.4000015258789,104.54000091552734,103.20999908447266,103.37000274658203,23686500
2015-02-11,QQQ,96.35717010498047,104.77999877929688,105.0199966430664,104.31999969482422,104.5199966430664,20303600
2015-02-12,QQQ,97.47907257080078,106.0,106.04000091552734,105.30000305175781,105.45999908447266,22520300
2015-02-13,QQQ,98.31593322753906,106.91000366210938,106.93000030517578,106.0999984741211,106.30000305175781,29030200
2015-02-17,QQQ,98.40790557861328,107.01000213623047,107.08000183105469,106.63999938964844,106.91000366210938,17675300
2015-02-18,QQQ,98.54586029052734,107.16000366210938,107.22000122070312,106.73999786376953,106.87999725341797,15149600
2015-02-19,QQQ,99.03321075439453,107.69000244140625,107.76000213623047,107.05999755859375,107.08999633789062,19828100
2015-02-20,QQQ,99.69538116455078,108.41000366210938,108.47000122070312,107.27999877929688,107.62000274658203,28336700
2015-02-23,QQQ,99.79651641845703,108.5199966430664,108.55000305175781,108.11000061035156,108.3499984741211,17868000
2015-02-24,QQQ,99.87007904052734,108.5999984741211,108.7300033569336,108.05000305175781,108.37999725341797,19745000
2015-02-25,QQQ,99.62178802490234,108.33000183105469,108.86000061035156,108.08999633789062,108.44000244140625,19472300
2015-02-26,QQQ,100.12755584716797,108.87999725341797,108.94000244140625,108.13999938964844,108.44000244140625,22255500
2015-02-27,QQQ,99.6861572265625,108.4000015258789,108.91000366210938,108.2300033569336,108.83999633789062,27757600
2015-03-02,QQQ,100.58738708496094,109.37999725341797,109.41999816894531,108.58999633789062,108.61000061035156,22988600
2015-03-03,QQQ,100.11837768554688,108.87000274658203,109.16000366210938,108.18000030517578,109.05000305175781,20788900
2015-03-04,QQQ,99.73214721679688,108.44999694824219,108.66999816894531,107.86000061035156,108.51000213623047,21007400
2015-03-05,QQQ,99.9068374633789,108.63999938964844,108.97000122070312,108.19000244140625,108.7300033569336,15381000
2015-03-06,QQQ,98.77572631835938,107.41000366210938,108.70999908447266,107.13999938964844,108.5,30990400
2015-03-09,QQQ,99.06084442138672,107.72000122070312,107.98999786376953,107.19000244140625,107.62999725341797,26237100
2015-03-10,QQQ,97.22159576416016,105.72000122070312,106.9800033569336,105.72000122070312,106.94999694824219,34234500
2015-03-11,QQQ,96.66063690185547,105.11000061035156,106.01000213623047,105.06999969482422,105.87999725341797,25459700
2015-03-12,QQQ,97.29518127441406,105.80000305175781,105.91999816894531,104.95999908447266,105.02999877929688,21473200
2015-03-13,QQQ,96.87210083007812,105.33999633789062,106.12000274658203,104.68000030517578,105.69999694824219,42021100
2015-03-16,QQQ,98.12279510498047,106.69999694824219,106.73999786376953,105.62000274658203,105.7300033569336,25674100
2015-03-17,QQQ,98.2791519165039,106.87000274658203,107.04000091552734,106.16000366210938,106.41000366210938,19603800
2015-03-18,QQQ,99.24474334716797,107.91999816894531,108.41000366210938,106.02999877929688,106.58000183105469,40622200
2015-03-19,QQQ,99.39190673828125,108.08000183105469,108.37999725341797,107.87000274658203,108.02999877929688,31314000
2015-03-20,QQQ,100.03524780273438,108.52999877929688,109.06999969482422,108.51000213623047,108.72000122070312,31761400
2015-03-23,QQQ,99.84166717529297,108.31999969482422,108.7699966430664,108.27999877929688,108.47000122070312,17268500
2015-03-24,QQQ,99.48220825195312,107.93000030517578,108.80999755859375,107.91000366210938,108.30999755859375,22445300
2015-03-25,QQQ,97.2055435180664,105.45999908447266,108.19999694824219,105.41999816894531,108.0999984741211,41581400
2015-03-26,QQQ,96.87371063232422,105.0999984741211,105.69999694824219,104.23999786376953,104.58999633789062,47846300
2015-03-27,QQQ,97.26081848144531,105.5199966430664,105.7699966430664,104.91999816894531,105.08000183105469,33878400
2015-03-30,QQQ,98.37613677978516,106.7300033569336,106.81999969482422,106.16000366210938,106.16000366210938,30570200
2015-03-31,QQQ,97.33456420898438,105.5999984741211,106.6500015258789,105.56999969482422,106.43000030517578,30488100
2015-04-01,QQQ,96.82763671875,105.05000305175781,105.62000274658203,104.37000274658203,105.5999984741211,32970500
2015-04-02,QQQ,96.89215087890625,105.12000274658203,105.45999908447266,104.77999877929688,105.1500015258789,19164200
2015-04-06,QQQ,97.68484497070312,105.9800033569336,106.2699966430664,104.33999633789062,104.5,24451100
2015-04-07,QQQ,97.51895141601562,105.80000305175781,106.69999694824219,105.80000305175781,105.91999816894531,19379400
2015-04-08,QQQ,98.2931900024414,106.63999938964844,106.79000091552734,105.83000183105469,105.83999633789062,25866900
2015-04-09,QQQ,98.9107437133789,107.30999755859375,107.3499984741211,106.2300033569336,106.58999633789062,23114700
2015-04-10,QQQ,99.3162841796875,107.75,107.76000213623047,107.02999877929688,107.2699966430664,17164300
2015-04-13,QQQ,99.06745147705078,107.4800033569336,108.37999725341797,107.36000061035156,107.83000183105469,17783500
2015-04-14,QQQ,98.78170776367188,107.16999816894531,107.68000030517578,106.55999755859375,107.37000274658203,23755700
2015-04-15,QQQ,99.39926147460938,107.83999633789062,108.06999969482422,107.31999969482422,107.44999694824219,21128600
2015-04-16,QQQ,99.26097106933594,107.69000244140625,107.87999725341797,107.4000015258789,107.55000305175781,16195300
2015-04-17,QQQ,97.71246337890625,106.01000213623047,106.94999694824219,105.55000305175781,106.66000366210938,46514000
2015-04-20,QQQ,99.17803192138672,107.5999984741211,107.79000091552734,106.5,106.54000091552734,28945900
2015-04-21,QQQ,99.60205841064453,108.05999755859375,108.41000366210938,107.93000030517578,108.22000122070312,22759800
2015-04-22,QQQ,100.1458511352539,108.6500015258789,108.83000183105469,107.63999938964844,108.33999633789062,21429200
2015-04-23,QQQ,100.5237808227539,109.05999755859375,109.55000305175781,108.26000213623047,108.27999877929688,29473200
2015-04-24,QQQ,101.88794708251953,110.54000091552734,110.69000244140625,110.02999877929688,110.20999908447266,32508100
2015-04-27,QQQ,101.62984466552734,110.26000213623047,111.16000366210938,110.0199966430664,110.94999694824219,31121300
2015-04-28,QQQ,101.42707061767578,110.04000091552734,110.55000305175781,109.11000061035156,110.33999633789062,36849200
2015-04-29,QQQ,100.79104614257812,109.3499984741211,110.06999969482422,108.75,109.43000030517578,34043900
2015-04-30,QQQ,99.2056655883789,107.62999725341797,109.16999816894531,107.05999755859375,108.7300033569336,44080500
2015-05-01,QQQ,100.51453399658203,109.05000305175781,109.12000274658203,108.02999877929688,108.05000305175781,32874300
2015-05-04,QQQ,100.68045043945312,109.2300033569336,109.91000366210938,109.16999816894531,109.4000015258789,23507300
2015-05-05,QQQ,99.03980255126953,107.44999694824219,109.0,107.4000015258789,108.80000305175781,47843300
2015-05-06,QQQ,98.35771179199219,106.70999908447266,107.94999694824219,106.0,107.63999938964844,42687200
2015-05-07,QQQ,98.94760131835938,107.3499984741211,107.6500015258789,106.5999984741211,106.68000030517578,29335800
2015-05-08,QQQ,100.18273162841797,108.69000244140625,108.91999816894531,108.30000305175781,108.45999908447266,33023300
2015-05-11,QQQ,99.79558563232422,108.2699966430664,108.9800033569336,108.19000244140625,108.76000213623047,19679300
2015-05-12,QQQ,99.34393310546875,107.77999877929688,108.33000183105469,106.80000305175781,107.62999725341797,33665000
2015-05-13,QQQ,99.5467529296875,108.0,108.80999755859375,107.83999633789062,108.25,20738400
2015-05-14,QQQ,101.00308227539062,109.58000183105469,109.66999816894531,108.4800033569336,108.87999725341797,23904200
2015-05-15,QQQ,101.00308227539062,109.58000183105469,110.01000213623047,109.30999755859375,109.86000061035156,23937400
2015-05-18,QQQ,101.44550323486328,110.05999755859375,110.27999877929688,109.31999969482422,109.4000015258789,17631100
2015-05-19,QQQ,101.33486938476562,109.94000244140625,110.3499984741211,109.76000213623047,110.18000030517578,14212900
2015-05-20,QQQ,101.39940643310547,110.01000213623047,110.66999816894531,109.43000030517578,110.0199966430664,21131900
2015-05-21,QQQ,101.9248046875,110.58000183105469,110.7300033569336,109.66000366210938,109.81999969482422,16771800
2015-05-22,QQQ,101.8233871459961,110.47000122070312,110.87000274658203,110.37999725341797,110.44999694824219,13543800
2015-05-26,QQQ,100.65279388427734,109.19999694824219,110.37999725341797,108.76000213623047,110.2300033569336,25488400
2015-05-27,QQQ,102.27503204345703,110.95999908447266,111.08000183105469,109.29000091552734,109.52999877929688,30572700
2015-05-28,QQQ,102.04460906982422,110.70999908447266,111.01000213623047,110.37000274658203,110.75,17302400
2015-05-29,QQQ,101.4362564086914,110.05000305175781,110.79000091552734,109.79000091552734,110.63999938964844,30383000
2015-06-01,QQQ,101.77732849121094,110.41999816894531,110.72000122070312,109.5199966430664,110.63999938964844,24570200
2015-06-02,QQQ,101.45468139648438,110.06999969482422,110.61000061035156,109.47000122070312,110.01000213623047,19449600
2015-06-03,QQQ,101.75888061523438,110.4000015258789,110.80999755859375,110.12999725341797,110.56999969482422,20507200
2015-06-04,QQQ,100.9846420288086,109.55999755859375,110.4800033569336,109.20999908447266,109.77999877929688,31374600
2015-06-05,QQQ,100.74498748779297,109.30000305175781,109.69000244140625,108.62999725341797,109.43000030517578,22641700
2015-06-08,QQQ,99.72185516357422,108.19000244140625,109.33000183105469,107.97000122070312,109.25,24549200
2015-06-09,QQQ,99.55594635009766,108.01000213623047,108.4000015258789,107.19999694824219,107.93000030517578,27554600
2015-06-10,QQQ,100.92011260986328,109.48999786376953,109.80999755859375,108.26000213623047,108.37999725341797,30297900
2015-06-11,QQQ,101.06755828857422,109.6500015258789,110.1500015258789,109.45999908447266,109.86000061035156,17593500
2015-06-12,QQQ,100.2380142211914,108.75,109.30000305175781,108.5999984741211,109.06999969482422,27201800
2015-06-15,QQQ,99.74028015136719,108.20999908447266,108.37999725341797,107.30999755859375,107.94000244140625,31238800
2015-06-16,QQQ,100.28409576416016,108.80000305175781,108.9800033569336,108.05000305175781,108.0999984741211,16456900
2015-06-17,QQQ,100.56063079833984,109.0999984741211,109.44999694824219,108.43000030517578,108.9800033569336,23296700
2015-06-18,QQQ,102.02616882324219,110.69000244140625,110.87999725341797,109.44000244140625,109.5,43032400
2015-06-19,QQQ,101.52176666259766,109.88999938964844,110.58000183105469,109.80999755859375,110.48999786376953,27877600
2015-06-22,QQQ,102.27006530761719,110.69999694824219,111.02999877929688,110.44999694824219,110.69999694824219,19120900
2015-06-23,QQQ,102.35323333740234,110.79000091552734,110.88999938964844,110.33000183105469,110.81999969482422,18127900
2015-06-24,QQQ,101.82662963867188,110.22000122070312,111.12999725341797,110.19000244140625,110.66000366210938,15815900
2015-06-25,QQQ,101.62338256835938,110.0,110.76000213623047,109.81999969482422,110.6500015258789,18326700
2015-06-26,QQQ,100.94896697998047,109.2699966430664,110.2300033569336,108.86000061035156,109.9800033569336,32311700
2015-06-29,QQQ,98.56543731689453,106.69000244140625,108.66000366210938,106.63999938964844,108.05999755859375,50874900
2015-06-30,QQQ,98.91650390625,107.06999969482422,107.72000122070312,106.73999786376953,107.48999786376953,34809900
2015-07-01,QQQ,99.7017822265625,107.91999816894531,108.3499984741211,107.41999816894531,108.12999725341797,21293000
2015-07-02,QQQ,99.72950744628906,107.94999694824219,108.31999969482422,107.62000274658203,108.2300033569336,20499400
2015-07-06,QQQ,99.49852752685547,107.69999694824219,108.31999969482422,107.04000091552734,107.2699966430664,24311000
2015-07-07,QQQ,99.74797821044922,107.97000122070312,108.06999969482422,105.83000183105469,107.81999969482422,44230800
2015-07-08,QQQ,98.0111312866211,106.08999633789062,107.33000183105469,105.88999938964844,107.19999694824219,39691500
2015-07-09,QQQ,97.9557113647461,106.02999877929688,107.5999984741211,106.0199966430664,107.5,28381000
2015-07-10,QQQ,99.45235443115234,107.6500015258789,108.05000305175781,107.05000305175781,107.44000244140625,26415800
2015-07-13,QQQ,101.19843292236328,109.54000091552734,109.62999725341797,108.56999969482422,108.58000183105469,25780700
2015-07-14,QQQ,101.86357879638672,110.26000213623047,110.55999755859375,109.62999725341797,109.69000244140625,21977200
2015-07-15,QQQ,101.97442626953125,110.37999725341797,110.80999755859375,110.06999969482422,110.47000122070312,28631500
2015-07-16,QQQ,103.4156723022461,111.94000244140625,111.95999908447266,111.06999969482422,111.29000091552734,29838900
2015-07-17,QQQ,104.94002532958984,113.58999633789062,113.58999633789062,112.6500015258789,112.83999633789062,35926800
2015-07-20,QQQ,105.30033111572266,113.9800033569336,114.38999938964844,113.4800033569336,113.83000183105469,26539000
2015-07-21,QQQ,105.23564147949219,113.91000366210938,114.19999694824219,113.58000183105469,114.0199966430664,35468900
2015-07-22,QQQ,104.04386138916016,112.62000274658203,113.16999816894531,112.16999816894531,112.16999816894531,35575000
2015-07-23,QQQ,103.65586853027344,112.19999694824219,113.0999984741211,111.91000366210938,112.7300033569336,25698300
2015-07-24,QQQ,102.63960266113281,111.0999984741211,113.0,110.93000030517578,112.80000305175781,30844700
2015-07-27,QQQ,101.78968811035156,110.18000030517578,110.94999694824219,109.94000244140625,110.47000122070312,35994800
2015-07-28,QQQ,102.66732788085938,111.12999725341797,111.3499984741211,109.79000091552734,110.66999816894531,33553500
2015-07-29,QQQ,103.05536651611328,111.55000305175781,111.79000091552734,110.94000244140625,111.37000274658203,26714100
2015-07-30,QQQ,103.54500579833984,112.08000183105469,112.2699966430664,110.62000274658203,111.29000091552734,25438100
2015-07-31,QQQ,103.42489624023438,111.94999694824219,112.48999786376953,111.72000122070312,112.43000030517578,22081700
2015-08-03,QQQ,103.10154724121094,111.5999984741211,112.27999877929688,110.86000061035156,111.97000122070312,25001800
2015-08-04,QQQ,102.90754699707031,111.38999938964844,111.75,110.93000030517578,111.55000305175781,22132300
2015-08-05,QQQ,103.7020492553711,112.25,113.0,111.87999725341797,112.01000213623047,28989900
2015-08-06,QQQ,102.03912353515625,110.44999694824219,112.5,109.94999694824219,112.3499984741211,42125400
2015-08-07,QQQ,101.90975952148438,110.30999755859375,110.56999969482422,109.4000015258789,110.18000030517578,30006800
2015-08-10,QQQ,103.0738296508789,111.56999969482422,111.80999755859375,111.0,111.01000213623047,21500800
2015-08-11,QQQ,101.75273895263672,110.13999938964844,111.41000366210938,109.52999877929688,110.9800033569336,36123300
2015-08-12,QQQ,102.10379028320312,110.5199966430664,110.73999786376953,108.22000122070312,109.37999725341797,41889000
2015-08-13,QQQ,101.93751525878906,110.33999633789062,111.16000366210938,110.0999984741211,110.62999725341797,22510500
2015-08-14,QQQ,102.09456634521484,110.51000213623047,110.66999816894531,109.86000061035156,110.08000183105469,17924900
2015-08-17,QQQ,102.94450378417969,111.43000030517578,111.45999908447266,109.95999908447266,110.23999786376953,21224900
2015-08-18,QQQ,102.41791534423828,110.86000061035156,111.37000274658203,110.70999908447266,111.27999877929688,13984400
2015-08-19,QQQ,101.74346923828125,110.12999725341797,111.11000061035156,109.48999786376953,110.5199966430664,42511400
2015-08-20,QQQ,98.92577362060547,107.08000183105469,109.45999908447266,107.06999969482422,109.11000061035156,57747300
2015-08-21,QQQ,94.60212707519531,102.4000015258789,106.47000122070312,102.4000015258789,105.56999969482422,97763400
2015-08-24,QQQ,90.96219635009766,98.45999908447266,102.52999877929688,84.73999786376953,94.2300033569336,150829900
2015-08-25,QQQ,90.62034606933594,98.08999633789062,102.73999786376953,98.01000213623047,102.06999969482422,75088300
2015-08-26,QQQ,95.18416595458984,103.02999877929688,103.2300033569336,98.93000030517578,100.95999908447266,104103800
2015-08-27,QQQ,97.59539794921875,105.63999938964844,105.70999908447266,103.27999877929688,104.5199966430664,69377700
2015-08-28,QQQ,97.57695770263672,105.62000274658203,106.0,104.8499984741211,105.08000183105469,49919600
2015-08-31,QQQ,96.3666763305664,104.30999755859375,105.61000061035156,104.05000305175781,105.02999877929688,39549400
2015-09-01,QQQ,93.35493469238281,101.05000305175781,103.29000091552734,100.62999725341797,101.70999908447266,73155500
2015-09-02,QQQ,95.98789978027344,103.9000015258789,103.91999816894531,101.69999694824219,102.87999725341797,43963600
2015-09-03,QQQ,95.51676177978516,103.38999938964844,105.0199966430664,103.0999984741211,104.30999755859375,45131800
2015-09-04,QQQ,94.38043212890625,102.16000366210938,102.8499984741211,101.58999633789062,101.97000122070312,49379600
2015-09-08,QQQ,97.04109191894531,105.04000091552734,105.16999816894531,103.69000244140625,104.12000274658203,37343500
2015-09-09,QQQ,95.95094299316406,103.86000061035156,106.30999755859375,103.58999633789062,106.27999877929688,47146700
2015-09-10,QQQ,96.99490356445312,104.98999786376953,105.68000030517578,103.62000274658203,103.73999786376953,47686700
2015-09-11,QQQ,97.53074645996094,105.56999969482422,105.56999969482422,104.20999908447266,104.51000213623047,29106100
2015-09-14,QQQ,97.23511505126953,105.25,105.9800033569336,104.8499984741211,105.95999908447266,19718800
2015-09-15,QQQ,98.38066101074219,106.48999786376953,106.81999969482422,105.11000061035156,105.5,30020200
2015-09-16,QQQ,98.9349594116211,107.08999633789062,107.19000244140625,106.13999938964844,106.51000213623047,31329100
2015-09-17,QQQ,98.9719467163086,107.12999725341797,108.7300033569336,106.63999938964844,106.9800033569336,56139800
2015-09-18,QQQ,97.56428527832031,105.3499984741211,106.5999984741211,105.16999816894531,105.2300033569336,48384000
2015-09-21,QQQ,97.86988830566406,105.68000030517578,106.55000305175781,104.7300033569336,105.93000030517578,35772600
2015-09-22,QQQ,96.40666961669922,104.0999984741211,104.41999816894531,103.12999725341797,104.05999755859375,47359700
2015-09-23,QQQ,96.48074340820312,104.18000030517578,104.66000366210938,103.63999938964844,104.37999725341797,21775100
2015-09-24,QQQ,96.12882995605469,103.80000305175781,104.19000244140625,102.2699966430664,103.16999816894531,38284300
2015-09-25,QQQ,95.31387329101562,102.91999816894531,105.01000213623047,102.27999877929688,104.91000366210938,44700000
2015-09-28,QQQ,92.60039520263672,99.98999786376953,102.55000305175781,99.69000244140625,102.4800033569336,44077500
2015-09-29,QQQ,92.11882781982422,99.47000122070312,101.26000213623047,98.75,100.23999786376953,49315500
2015-09-30,QQQ,94.23958587646484,101.76000213623047,101.87000274658203,100.5,100.88999938964844,41411400
2015-10-01,QQQ,94.66560363769531,102.22000122070312,102.2300033569336,100.58999633789062,101.94000244140625,39339100
2015-10-02,QQQ,96.32330322265625,104.01000213623047,104.01000213623047,100.4800033569336,100.80000305175781,59370900
2015-10-05,QQQ,97.70319366455078,105.5,105.77999877929688,104.55000305175781,104.77999877929688,32853500
2015-10-06,QQQ,97.2401351928711,105.0,105.5999984741211,104.18000030517578,105.25,33051500
2015-10-07,QQQ,97.82357025146484,105.62999725341797,105.86000061035156,104.29000091552734,105.66000366210938,37389300
2015-10-08,QQQ,98.2125473022461,106.05000305175781,106.2300033569336,104.20999908447266,105.2300033569336,50188900
2015-10-09,QQQ,98.65706634521484,106.52999877929688,106.7300033569336,105.80999755859375,106.0999984741211,23916200
2015-10-12,QQQ,98.89785766601562,106.79000091552734,106.98999786376953,106.3499984741211,106.7300033569336,16162000
2015-10-13,QQQ,98.25885009765625,106.0999984741211,107.26000213623047,106.0,106.18000030517578,26999600
2015-10-14,QQQ,98.10143280029297,105.93000030517578,106.62999725341797,105.48999786376953,106.0999984741211,30902600
2015-10-15,QQQ,99.7127914428711,107.66999816894531,107.68000030517578,106.18000030517578,106.31999969482422,38393800
2015-10-16,QQQ,100.12957000732422,108.12000274658203,108.18000030517578,107.37999725341797,107.9000015258789,27091100
2015-10-19,QQQ,100.70377349853516,108.73999786376953,108.80999755859375,107.73999786376953,107.9800033569336,23776300
2015-10-20,QQQ,100.18511962890625,108.18000030517578,108.77999877929688,107.80999755859375,108.55000305175781,23404700
2015-10-21,QQQ,99.57392120361328,107.5199966430664,108.83999633789062,107.4800033569336,108.7300033569336,30195200
2015-10-22,QQQ,101.60205841064453,109.70999908447266,109.80000305175781,108.16999816894531,108.4800033569336,42778700
2015-10-23,QQQ,104.44514465332031,112.77999877929688,113.23999786376953,112.06999969482422,112.66000366210938,53170900
2015-10-26,QQQ,104.51000213623047,112.8499984741211,113.06999969482422,112.2699966430664,112.69999694824219,25918000
2015-10-27,QQQ,104.7230224609375,113.08000183105469,113.23999786376953,112.5199966430664,112.55000305175781,31390500
2015-10-28,QQQ,105.59353637695312,114.0199966430664,114.0199966430664,112.33999633789062,113.25,42221900
2015-10-29,QQQ,105.42684173583984,113.83999633789062,114.02999877929688,113.37999725341797,113.5,24913300
2015-10-30,QQQ,104.95452880859375,113.33000183105469,114.08000183105469,113.30000305175781,113.88999938964844,27199200
2015-11-02,QQQ,106.13994598388672,114.61000061035156,114.75,113.38999938964844,113.62999725341797,22176900
2015-11-03,QQQ,106.51034545898438,115.01000213623047,115.41999816894531,114.20999908447266,114.37999725341797,20418400
2015-11-04,QQQ,106.51961517333984,115.0199966430664,115.47000122070312,114.54000091552734,115.38999938964844,28633000
2015-11-05,QQQ,106.23252868652344,114.70999908447266,115.4000015258789,114.11000061035156,115.12000274658203,25004100
2015-11-06,QQQ,106.306640625,114.79000091552734,114.91999816894531,113.76000213623047,114.48999786376953,29924900
2015-11-09,QQQ,105.17679595947266,113.56999969482422,114.51000213623047,112.87000274658203,114.36000061035156,33479800
2015-11-10,QQQ,104.908203125,113.27999877929688,113.38999938964844,112.62999725341797,112.97000122070312,35452100
2015-11-11,QQQ,104.77854919433594,113.13999938964844,114.13999938964844,112.94999694824219,113.58999633789062,22748800
2015-11-12,QQQ,103.75987243652344,112.04000091552734,113.2300033569336,111.95999908447266,112.68000030517578,31196900
2015-11-13,QQQ,101.72242736816406,109.83999633789062,111.69000244140625,109.77999877929688,111.56999969482422,52836000
2015-11-16,QQQ,103.18567657470703,111.41999816894531,111.44000244140625,109.4800033569336,109.7300033569336,33980600
2015-11-17,QQQ,103.25051879882812,111.48999786376953,112.29000091552734,111.20999908447266,111.61000061035156,30579500
2015-11-18,QQQ,105.23234558105469,113.62999725341797,113.73999786376953,111.83000183105469,111.94000244140625,32966500
2015-11-19,QQQ,105.30644226074219,113.70999908447266,114.2300033569336,113.48999786376953,113.69000244140625,26188100
2015-11-20,QQQ,106.01953125,114.4800033569336,114.56999969482422,114.13999938964844,114.25,22727600
2015-11-23,QQQ,105.71392059326172,114.1500015258789,114.94000244140625,113.66000366210938,114.5199966430664,20696200
2015-11-24,QQQ,105.621337890625,114.05000305175781,114.31999969482422,112.83999633789062,113.41000366210938,26374400
2015-11-25,QQQ,105.71392059326172,114.1500015258789,114.36000061035156,113.91000366210938,114.22000122070312,14159900
2015-11-27,QQQ,105.86211395263672,114.30999755859375,114.54000091552734,113.91999816894531,114.4000015258789,8828000
2015-11-30,QQQ,105.59353637695312,114.0199966430664,114.6500015258789,113.6500015258789,114.6500015258789,25041600
2015-12-01,QQQ,106.64930725097656,115.16000366210938,115.16000366210938,114.33999633789062,114.4800033569336,28639400
2015-12-02,QQQ,105.99174499511719,114.44999694824219,115.75,114.27999877929688,115.25,22395500
2015-12-03,QQQ,104.19512176513672,112.51000213623047,114.95999908447266,111.83999633789062,114.76000213623047,42754300
2015-12-04,QQQ,106.63075256347656,115.13999938964844,115.33000183105469,112.62000274658203,112.8499984741211,40037300
2015-12-07,QQQ,106.14918518066406,114.62000274658203,115.29000091552734,114.06999969482422,115.22000122070312,25892100
2015-12-08,QQQ,106.15846252441406,114.62999725341797,115.0,113.37999725341797,113.41999816894531,30792600
2015-12-09,QQQ,104.54704284667969,112.88999938964844,114.76000213623047,112.19999694824219,114.12999725341797,48509200
2015-12-10,QQQ,105.01934051513672,113.4000015258789,114.16000366210938,112.80999755859375,113.1500015258789,30154600
2015-12-11,QQQ,102.60225677490234,110.79000091552734,112.38999938964844,110.72000122070312,112.08999633789062,56022200
2015-12-14,QQQ,103.38016510009766,111.62999725341797,111.68000030517578,109.37999725341797,110.94000244140625,53098500
2015-12-15,QQQ,104.00989532470703,112.30999755859375,113.27999877929688,112.16999816894531,112.66000366210938,48428000
2015-12-16,QQQ,105.5564956665039,113.9800033569336,114.16999816894531,111.88999938964844,113.06999969482422,44944100
2015-12-17,QQQ,104.0191650390625,112.31999969482422,114.4800033569336,112.30000305175781,114.4800033569336,45668800
2015-12-18,QQQ,102.02384185791016,109.83000183105469,111.87999725341797,109.83000183105469,111.62999725341797,53746100
2015-12-21,QQQ,103.15711975097656,111.05000305175781,111.06999969482422,110.05000305175781,110.87000274658203,26432800
2015-12-22,QQQ,103.8352279663086,111.77999877929688,111.94000244140625,111.05000305175781,111.63999938964844,26540300
2015-12-23,QQQ,104.60626983642578,112.61000061035156,112.69000244140625,112.16000366210938,112.36000061035156,25656900
2015-12-24,QQQ,104.587646484375,112.58999633789062,112.9000015258789,112.54000091552734,112.61000061035156,11468600
2015-12-28,QQQ,104.53191375732422,112.52999877929688,112.55000305175781,111.51000213623047,112.31999969482422,19183600
2015-12-29,QQQ,106.17613983154297,114.30000305175781,114.55000305175781,113.12999725341797,113.19999694824219,27725700
2015-12-30,QQQ,105.21931457519531,113.2699966430664,114.23999786376953,113.25,114.19999694824219,19520100
2015-12-31,QQQ,103.9095458984375,111.86000061035156,113.08000183105469,111.83999633789062,112.87000274658203,29886800
2016-01-04,QQQ,101.71729278564453,109.5,109.5999984741211,108.12000274658203,109.44999694824219,50807600
2016-01-05,QQQ,101.54078674316406,109.30999755859375,110.18000030517578,108.80000305175781,110.04000091552734,38795200
2016-01-06,QQQ,100.56542205810547,108.26000213623047,108.88999938964844,107.41000366210938,107.41000366210938,41891100
2016-01-07,QQQ,97.4163818359375,104.87000274658203,107.29000091552734,104.80999755859375,105.94999694824219,61386300
2016-01-08,QQQ,96.61748504638672,104.01000213623047,106.29000091552734,103.9000015258789,105.62999725341797,69344000
2016-01-11,QQQ,96.91474914550781,104.33000183105469,105.05999755859375,102.7300033569336,104.75,50024100
2016-01-12,QQQ,98.03874969482422,105.54000091552734,106.08000183105469,104.08000183105469,105.33000183105469,46734200
2016-01-13,QQQ,94.65746307373047,101.9000015258789,106.2300033569336,101.73999786376953,105.97000122070312,69870700
2016-01-14,QQQ,96.67322540283203,104.06999969482422,104.9800033569336,100.66999816894531,102.30000305175781,78445700
2016-01-15,QQQ,93.67279815673828,100.83999633789062,101.94000244140625,99.51000213623047,100.62000274658203,91443900
2016-01-19,QQQ,93.87714385986328,101.05999755859375,102.37000274658203,99.87999725341797,102.20999908447266,56563800
2016-01-20,QQQ,93.58918762207031,100.75,101.83000183105469,97.25,99.47000122070312,86675000
2016-01-21,QQQ,93.68209838867188,100.8499984741211,102.3499984741211,99.81999969482422,101.18000030517578,61660100
2016-01-22,QQQ,96.3945541381836,103.7699966430664,103.80999755859375,102.52999877929688,102.87999725341797,42229800
2016-01-25,QQQ,94.96400451660156,102.2300033569336,103.98999786376953,102.13999938964844,103.4000015258789,38881500
2016-01-26,QQQ,95.81861114501953,103.1500015258789,103.58999633789062,101.76000213623047,102.66000366210938,36143900
2016-01-27,QQQ,93.4312744140625,100.58000183105469,102.98999786376953,100.1500015258789,102.55000305175781,54524700
2016-01-28,QQQ,94.75035095214844,102.0,102.29000091552734,100.26000213623047,102.25,47641500
2016-01-29,QQQ,96.72895050048828,104.12999725341797,104.16999816894531,101.94000244140625,101.97000122070312,54245100
2016-02-01,QQQ,96.98905944824219,104.41000366210938,104.80000305175781,103.2300033569336,103.62999725341797,32750300
2016-02-02,QQQ,94.88970184326172,102.1500015258789,103.97000122070312,101.83999633789062,103.93000030517578,44928100
2016-02-03,QQQ,94.43453216552734,101.66000366210938,102.83000183105469,99.87999725341797,102.83000183105469,61572900
2016-02-04,QQQ,94.42522430419922,101.6500015258789,102.45999908447266,100.44000244140625,101.38999938964844,49321600
2016-02-05,QQQ,91.1461410522461,98.12000274658203,101.33000183105469,97.72000122070312,101.29000091552734,70749900
2016-02-08,QQQ,89.75274658203125,96.62000274658203,97.05000305175781,94.83999633789062,96.29000091552734,91673100
2016-02-09,QQQ,89.47409057617188,96.31999969482422,97.77999877929688,95.18000030517578,95.33000183105469,73778400
2016-02-10,QQQ,89.8177719116211,96.69000244140625,98.69000244140625,96.62000274658203,97.43000030517578,59421700
2016-02-11,QQQ,89.6877212524414,96.55000305175781,97.31999969482422,95.19000244140625,95.45999908447266,76839200
2016-02-12,QQQ,91.05325317382812,98.0199966430664,98.12000274658203,96.7300033569336,97.63999938964844,49186500
2016-02-16,QQQ,93.1061782836914,100.2300033569336,100.2300033569336,98.8499984741211,99.47000122070312,40565900
2016-02-17,QQQ,95.21480560302734,102.5,102.63999938964844,100.69999694824219,100.95999908447266,41766500
2016-02-18,QQQ,94.1279525756836,101.33000183105469,102.83999633789062,101.19999694824219,102.81999969482422,38991500
2016-02-19,QQQ,94.4066390991211,101.62999725341797,101.94000244140625,100.62000274658203,100.83999633789062,28257900
2016-02-22,QQQ,95.93936920166016,103.27999877929688,103.37999725341797,102.4800033569336,102.58000183105469,23979100
2016-02-23,QQQ,94.36022186279297,101.58000183105469,102.95999908447266,101.51000213623047,102.68000030517578,29869700
2016-02-24,QQQ,95.2612533569336,102.55000305175781,102.68000030517578,99.7699966430664,100.38999938964844,40739100
2016-02-25,QQQ,96.19947814941406,103.55999755859375,103.55999755859375,101.83999633789062,102.76000213623047,29389300
2016-02-26,QQQ,96.0787124633789,103.43000030517578,104.37000274658203,103.18000030517578,104.3499984741211,30925000
2016-02-29,QQQ,95.21480560302734,102.5,104.0999984741211,102.5,103.33000183105469,27553900
2016-03-01,QQQ,98.2709732055664,105.79000091552734,105.79000091552734,103.16000366210938,103.4800033569336,37699800
2016-03-02,QQQ,98.30815124511719,105.83000183105469,105.8499984741211,105.01000213623047,105.66000366210938,29209800
2016-03-03,QQQ,98.12236022949219,105.62999725341797,105.75,104.87000274658203,105.72000122070312,25474600
2016-03-04,QQQ,98.15951538085938,105.66999816894531,106.3499984741211,104.97000122070312,105.75,31655400
2016-03-07,QQQ,97.55571746826172,105.0199966430664,105.73999786376953,104.2699966430664,105.12999725341797,25861200
2016-03-08,QQQ,96.7475357055664,104.1500015258789,105.20999908447266,103.97000122070312,104.30000305175781,28898500
2016-03-09,QQQ,97.36992645263672,104.81999969482422,104.83999633789062,103.95999908447266,104.54000091552734,31047400
2016-03-10,QQQ,97.2212905883789,104.66000366210938,105.86000061035156,103.30999755859375,105.26000213623047,44236100
2016-03-11,QQQ,98.92120361328125,106.48999786376953,106.48999786376953,105.45999908447266,105.79000091552734,31454000
2016-03-14,QQQ,99.08842468261719,106.66999816894531,106.91999816894531,106.05999755859375,106.08999633789062,25374900
2016-03-15,QQQ,99.05127716064453,106.62999725341797,106.75,105.94999694824219,106.29000091552734,26524600
2016-03-16,QQQ,99.93378448486328,107.58000183105469,107.86000061035156,106.33999633789062,106.37000274658203,31693100
2016-03-17,QQQ,99.8780288696289,107.5199966430664,107.7699966430664,106.87000274658203,107.2699966430664,29623700
2016-03-18,QQQ,100.03453826904297,107.37000274658203,107.63999938964844,106.80000305175781,107.45999908447266,37682300
2016-03-21,QQQ,100.42582702636719,107.79000091552734,107.88999938964844,107.12000274658203,107.18000030517578,17288600
2016-03-22,QQQ,100.73331451416016,108.12000274658203,108.37000274658203,107.16000366210938,107.18000030517578,18840300
2016-03-23,QQQ,99.90408325195312,107.2300033569336,107.98999786376953,106.98999786376953,107.91000366210938,20912900
2016-03-24,QQQ,99.93205261230469,107.26000213623047,107.29000091552734,106.52999877929688,106.70999908447266,19017300
2016-03-28,QQQ,99.79228973388672,107.11000061035156,107.58000183105469,106.91999816894531,107.55999755859375,13892300
2016-03-29,QQQ,101.3947982788086,108.83000183105469,108.9000015258789,106.7300033569336,106.91000366210938,29963900
2016-03-30,QQQ,101.88856506347656,109.36000061035156,110.04000091552734,109.12999725341797,109.4800033569336,23807200
2016-03-31,QQQ,101.73953247070312,109.19999694824219,109.69000244140625,109.02999877929688,109.27999877929688,21447200
2016-04-01,QQQ,102.82025909423828,110.36000061035156,110.4000015258789,108.38999938964844,108.54000091552734,26389000
2016-04-04,QQQ,102.42893981933594,109.94000244140625,110.44000244140625,109.68000030517578,110.36000061035156,17163000
2016-04-05,QQQ,101.44136810302734,108.87999725341797,109.5,108.73999786376953,109.08999633789062,20107900
2016-04-06,QQQ,103.10907745361328,110.66999816894531,110.70999908447266,108.98999786376953,108.98999786376953,25056000
2016-04-07,QQQ,101.62770080566406,109.08000183105469,110.2300033569336,108.61000061035156,110.02999877929688,28567200
2016-04-08,QQQ,101.5531997680664,109.0,110.0199966430664,108.62000274658203,109.76000213623047,22898000
2016-04-11,QQQ,101.18048858642578,108.5999984741211,110.0199966430664,108.58999633789062,109.47000122070312,25772100
2016-04-12,QQQ,102.0283432006836,109.51000213623047,109.72000122070312,108.0199966430664,108.68000030517578,28564100
2016-04-13,QQQ,103.33268737792969,110.91000366210938,111.08000183105469,110.20999908447266,110.3499984741211,25356700
2016-04-14,QQQ,103.34203338623047,110.91999816894531,111.33000183105469,110.0,110.93000030517578,17199700
2016-04-15,QQQ,103.08113098144531,110.63999938964844,111.05999755859375,110.36000061035156,110.83000183105469,21353300
2016-04-18,QQQ,103.6308364868164,111.2300033569336,111.2699966430664,110.25,110.31999969482422,17126100
2016-04-19,QQQ,102.9972915649414,110.55000305175781,111.44000244140625,109.87999725341797,111.44000244140625,42481400
2016-04-20,QQQ,103.08113098144531,110.63999938964844,111.1500015258789,110.16999816894531,110.55000305175781,18078300
2016-04-21,QQQ,103.09044647216797,110.6500015258789,111.05000305175781,110.1500015258789,110.58000183105469,20216000
2016-04-22,QQQ,101.53453826904297,108.9800033569336,109.72000122070312,108.12000274658203,109.20999908447266,39074000
2016-04-25,QQQ,101.53453826904297,108.9800033569336,108.98999786376953,108.44999694824219,108.6500015258789,14351900
2016-04-26,QQQ,101.04074096679688,108.44999694824219,109.38999938964844,108.12000274658203,109.20999908447266,19118300
2016-04-27,QQQ,100.23023223876953,107.58000183105469,107.83000183105469,106.69000244140625,107.33999633789062,33059800
2016-04-28,QQQ,99.01900482177734,106.27999877929688,108.33000183105469,106.06999969482422,107.69999694824219,29818200
2016-04-29,QQQ,98.49728393554688,105.72000122070312,106.5,104.87999725341797,106.27999877929688,67502800
2016-05-02,QQQ,99.42896270751953,106.72000122070312,106.87000274658203,105.55000305175781,105.98999786376953,24813800
2016-05-03,QQQ,98.50660705566406,105.7300033569336,106.44000244140625,105.44999694824219,105.95999908447266,38569400
2016-05-04,QQQ,97.87306213378906,105.05000305175781,105.4800033569336,104.79000091552734,105.08999633789062,27474500
2016-05-05,QQQ,97.84510040283203,105.0199966430664,105.66000366210938,104.80999755859375,105.43000030517578,20788100
2016-05-06,QQQ,98.36683654785156,105.58000183105469,105.5999984741211,104.4000015258789,104.5,30758500
2016-05-09,QQQ,98.64633178710938,105.87999725341797,106.37000274658203,105.54000091552734,105.58999633789062,19289600
2016-05-10,QQQ,99.99727630615234,107.33000183105469,107.37999725341797,106.06999969482422,106.26000213623047,21178900
2016-05-11,QQQ,99.09353637695312,106.36000061035156,107.48999786376953,106.33000183105469,107.16999816894531,20966300
2016-05-12,QQQ,98.65564727783203,105.88999938964844,106.73999786376953,105.13999938964844,106.61000061035156,29196300
2016-05-13,QQQ,98.2922592163086,105.5,106.44999694824219,105.29000091552734,105.80000305175781,21059300
2016-05-16,QQQ,99.5221176147461,106.81999969482422,107.20999908447266,105.55999755859375,105.66000366210938,18311900
2016-05-17,QQQ,98.27367401123047,105.4800033569336,107.04000091552734,105.19999694824219,106.7300033569336,29932700
2016-05-18,QQQ,98.62769317626953,105.86000061035156,106.43000030517578,105.04000091552734,105.23999786376953,27524400
2016-05-19,QQQ,98.11528015136719,105.30999755859375,105.70999908447266,104.54000091552734,105.44999694824219,27334600
2016-05-20,QQQ,99.19603729248047,106.47000122070312,106.9000015258789,105.66999816894531,105.7300033569336,29549600
2016-05-23,QQQ,99.06561279296875,106.33000183105469,106.97000122070312,106.2300033569336,106.58999633789062,15729800
2016-05-24,QQQ,101.05006408691406,108.45999908447266,108.58999633789062,106.88999938964844,106.91999816894531,29931300
2016-05-25,QQQ,101.77679443359375,109.23999786376953,109.56999969482422,108.68000030517578,108.87000274658203,37951700
2016-05-26,QQQ,102.07492065429688,109.55999755859375,109.69999694824219,109.08999633789062,109.3499984741211,21885900
2016-05-27,QQQ,102.60597229003906,110.12999725341797,110.13999938964844,109.61000061035156,109.62999725341797,19870000
2016-05-31,QQQ,102.8016128540039,110.33999633789062,110.51000213623047,109.77999877929688,110.27999877929688,24366100
2016-06-01,QQQ,102.8109359741211,110.3499984741211,110.5999984741211,109.91000366210938,110.0,19571500
2016-06-02,QQQ,103.0252456665039,110.58000183105469,110.58999633789062,109.52999877929688,110.12999725341797,15696600
2016-06-03,QQQ,102.54077911376953,110.05999755859375,110.41999816894531,109.33999633789062,110.37000274658203,20269900
2016-06-06,QQQ,102.91342163085938,110.45999908447266,110.75,110.06999969482422,110.26000213623047,12502400
2016-06-07,QQQ,102.65255737304688,110.18000030517578,110.62999725341797,110.12999725341797,110.5199966430664,12184300
2016-06-08,QQQ,102.82958221435547,110.37000274658203,110.5999984741211,109.95999908447266,110.37000274658203,14568700
2016-06-09,QQQ,102.66189575195312,110.19000244140625,110.30999755859375,109.70999908447266,109.91999816894531,17571600
2016-06-10,QQQ,101.49725341796875,108.94000244140625,109.4000015258789,108.55999755859375,109.19000244140625,32965000
2016-06-13,QQQ,100.64942932128906,108.02999877929688,108.93000030517578,107.88999938964844,108.31999969482422,25154700
2016-06-14,QQQ,100.64942932128906,108.02999877929688,108.41999816894531,107.23999786376953,107.73999786376953,24588500
2016-06-15,QQQ,100.36063385009766,107.72000122070312,108.44000244140625,107.54000091552734,108.29000091552734,24605700
2016-06-16,QQQ,100.65876770019531,108.04000091552734,108.13999938964844,106.5,107.19000244140625,32079900
2016-06-17,QQQ,99.47888946533203,106.48999786376953,107.68000030517578,106.23999786376953,107.52999877929688,29208800
2016-06-20,QQQ,100.10482788085938,107.16000366210938,108.23999786376953,107.08000183105469,107.7300033569336,20562800
2016-06-21,QQQ,100.42240905761719,107.5,107.72000122070312,107.0999984741211,107.30000305175781,22804100
2016-06-22,QQQ,100.17955780029297,107.23999786376953,108.19000244140625,107.1500015258789,107.55999755859375,22724200
2016-06-23,QQQ,101.60882568359375,108.7699966430664,108.79000091552734,107.62000274658203,108.06999969482422,18714200
2016-06-24,QQQ,97.42378997802734,104.29000091552734,106.5,104.05999755859375,104.9000015258789,68012700
2016-06-27,QQQ,95.49004364013672,102.22000122070312,103.5999984741211,101.75,103.5999984741211,48222600
2016-06-28,QQQ,97.58255767822266,104.45999908447266,104.51000213623047,103.30000305175781,103.3499984741211,28260600
2016-06-29,QQQ,99.31076049804688,106.30999755859375,106.52999877929688,105.2300033569336,105.27999877929688,31356700
2016-06-30,QQQ,100.45978546142578,107.54000091552734,107.61000061035156,106.12999725341797,106.48999786376953,36300800
2016-07-01,QQQ,100.96424102783203,108.08000183105469,108.4800033569336,107.44999694824219,107.48999786376953,19902800
2016-07-05,QQQ,100.34767150878906,107.41999816894531,107.66000366210938,106.83999633789062,107.51000213623047,21167900
2016-07-06,QQQ,101.16976928710938,108.30000305175781,108.3499984741211,106.56999969482422,106.91000366210938,24579300
2016-07-07,QQQ,101.46868133544922,108.62000274658203,108.86000061035156,108.11000061035156,108.4000015258789,19161700
2016-07-08,QQQ,103.03807067871094,110.30000305175781,110.36000061035156,109.0199966430664,109.19999694824219,29457900
2016-07-11,QQQ,103.62661743164062,110.93000030517578,111.33999633789062,110.66000366210938,110.66999816894531,20218500
2016-07-12,QQQ,104.14971923828125,111.48999786376953,111.79000091552734,111.33999633789062,111.61000061035156,21906100
2016-07-13,QQQ,103.89750671386719,111.22000122070312,111.81999969482422,111.20999908447266,111.75,21107800
2016-07-14,QQQ,104.60746765136719,111.9800033569336,112.19000244140625,111.69999694824219,111.95999908447266,20871000
2016-07-15,QQQ,104.4393310546875,111.80000305175781,112.30000305175781,111.55000305175781,112.23999786376953,17999300
2016-07-18,QQQ,105.13059997558594,112.54000091552734,112.73999786376953,111.8499984741211,111.87000274658203,20713900
2016-07-19,QQQ,104.74758911132812,112.12999725341797,112.4800033569336,111.93000030517578,112.1500015258789,18936700
2016-07-20,QQQ,105.97135162353516,113.44000244140625,113.6500015258789,112.5999984741211,112.73999786376953,24997900
2016-07-21,QQQ,105.72846221923828,113.18000030517578,113.73999786376953,112.87000274658203,113.5199966430664,18885400
2016-07-22,QQQ,106.1675033569336,113.6500015258789,113.77999877929688,112.91000366210938,113.26000213623047,20003400
2016-07-25,QQQ,106.1768798828125,113.66000366210938,113.69000244140625,113.27999877929688,113.55999755859375,12968100
2016-07-26,QQQ,106.29829406738281,113.79000091552734,114.19999694824219,113.22000122070312,113.62000274658203,21223800
2016-07-27,QQQ,107.03629302978516,114.58000183105469,114.87999725341797,114.0999984741211,114.75,27646100
2016-07-28,QQQ,107.40994262695312,114.9800033569336,115.11000061035156,114.4000015258789,114.76000213623047,16939700
2016-07-29,QQQ,107.64350128173828,115.2300033569336,115.54000091552734,114.87000274658203,115.23999786376953,22385300
2016-08-01,QQQ,108.21331787109375,115.83999633789062,116.12999725341797,115.16999816894531,115.30999755859375,13990100
2016-08-02,QQQ,107.39126586914062,114.95999908447266,115.7699966430664,114.22000122070312,115.66999816894531,21278400
2016-08-03,QQQ,107.7462387084961,115.33999633789062,115.3499984741211,114.80000305175781,114.87000274658203,15011300
2016-08-04,QQQ,108.05451202392578,115.66999816894531,115.77999877929688,115.02999877929688,115.30000305175781,12835300
2016-08-05,QQQ,109.09146118164062,116.77999877929688,117.04000091552734,116.12999725341797,116.26000213623047,23196600
2016-08-08,QQQ,108.97001647949219,116.6500015258789,116.87000274658203,116.27999877929688,116.83999633789062,12358200
2016-08-09,QQQ,109.22221374511719,116.91999816894531,117.29000091552734,116.66999816894531,116.73999786376953,13276500
2016-08-10,QQQ,108.94197845458984,116.62000274658203,117.0199966430664,116.30999755859375,116.98999786376953,14688400
2016-08-11,QQQ,109.40907287597656,117.12000274658203,117.37000274658203,116.77999877929688,117.0199966430664,12969800
2016-08-12,QQQ,109.48379516601562,117.19999694824219,117.20999908447266,116.79000091552734,116.91999816894531,19379000
2016-08-15,QQQ,109.95087432861328,117.69999694824219,117.97000122070312,117.30999755859375,117.3499984741211,11777800
2016-08-16,QQQ,109.34368896484375,117.05000305175781,117.48999786376953,117.02999877929688,117.4800033569336,14161400
2016-08-17,QQQ,109.5398178100586,117.26000213623047,117.30000305175781,116.43000030517578,117.08000183105469,15980300
2016-08-18,QQQ,109.56785583496094,117.29000091552734,117.45999908447266,116.94999694824219,117.1500015258789,10036300
2016-08-19,QQQ,109.5398178100586,117.26000213623047,117.5199966430664,116.76000213623047,117.08000183105469,18743000
2016-08-22,QQQ,109.62393188476562,117.3499984741211,117.55000305175781,116.87000274658203,117.08999633789062,14500600
2016-08-23,QQQ,109.82008361816406,117.55999755859375,118.01000213623047,117.51000213623047,117.80999755859375,11997900
2016-08-24,QQQ,109.11013793945312,116.80000305175781,117.63999938964844,116.41000366210938,117.4800033569336,17728700
2016-08-25,QQQ,108.93265533447266,116.61000061035156,116.97000122070312,116.36000061035156,116.5,24266300
2016-08-26,QQQ,109.09146118164062,116.77999877929688,117.54000091552734,116.08000183105469,116.6500015258789,23896000
2016-08-29,QQQ,109.24092102050781,116.94000244140625,117.25,116.79000091552734,116.80999755859375,11184900
2016-08-30,QQQ,108.88593292236328,116.55999755859375,117.08999633789062,116.16000366210938,116.75,19843300
2016-08-31,QQQ,108.77383422851562,116.44000244140625,116.55999755859375,115.94999694824219,116.37999725341797,16169800
2016-09-01,QQQ,109.0540771484375,116.73999786376953,116.87999725341797,115.91000366210938,116.4800033569336,20944700
2016-09-02,QQQ,109.40907287597656,117.12000274658203,117.55999755859375,116.68000030517578,117.31999969482422,18088200
2016-09-06,QQQ,110.09098815917969,117.8499984741211,117.8499984741211,117.05999755859375,117.31999969482422,18525200
2016-09-07,QQQ,110.1563720703125,117.91999816894531,118.12000274658203,117.47000122070312,117.95999908447266,17546900
2016-09-08,QQQ,109.51182556152344,117.2300033569336,117.5999984741211,116.91999816894531,117.56999969482422,20125300
2016-09-09,QQQ,106.75605773925781,114.27999877929688,116.51000213623047,114.26000213623047,116.25,50813300
2016-09-12,QQQ,108.67108154296875,116.33000183105469,116.48999786376953,113.62999725341797,113.63999938964844,39646000
2016-09-13,QQQ,107.69955444335938,115.29000091552734,116.08999633789062,114.7300033569336,115.75,45863900
2016-09-14,QQQ,108.21331787109375,115.83999633789062,116.47000122070312,115.37999725341797,115.41000366210938,28221800
2016-09-15,QQQ,109.89484405517578,117.63999938964844,117.81999969482422,115.86000061035156,115.87000274658203,38521400
2016-09-16,QQQ,109.84236145019531,117.29000091552734,117.41000366210938,116.70999908447266,117.22000122070312,27596500
2016-09-19,QQQ,109.3647689819336,116.77999877929688,117.94999694824219,116.55000305175781,117.58999633789062,16222900
2016-09-20,QQQ,109.57077026367188,117.0,117.4800033569336,116.80000305175781,117.19999694824219,18078600
2016-09-21,QQQ,110.64775848388672,118.1500015258789,118.31999969482422,116.80999755859375,117.5,31546800
2016-09-22,QQQ,111.52808380126953,119.08999633789062,119.22000122070312,118.72000122070312,118.83999633789062,22614400
2016-09-23,QQQ,110.81634521484375,118.33000183105469,119.0,118.16000366210938,119.0,22213400
2016-09-26,QQQ,109.88921356201172,117.33999633789062,117.80000305175781,117.16999816894531,117.66000366210938,16403900
2016-09-27,QQQ,110.97552490234375,118.5,118.55999755859375,117.1500015258789,117.26000213623047,20238400
2016-09-28,QQQ,111.1628646850586,118.69999694824219,118.7699966430664,118.08999633789062,118.6500015258789,14794300
2016-09-29,QQQ,110.35746002197266,117.83999633789062,118.72000122070312,117.33000183105469,118.5,27207500
2016-09-30,QQQ,111.18157196044922,118.72000122070312,119.06999969482422,118.02999877929688,118.1500015258789,25543200
2016-10-03,QQQ,111.02237701416016,118.55000305175781,118.69999694824219,118.08999633789062,118.56999969482422,19216400
2016-10-04,QQQ,110.85380554199219,118.37000274658203,119.16000366210938,117.91999816894531,118.9000015258789,21239700
2016-10-05,QQQ,111.24713897705078,118.79000091552734,119.16999816894531,118.66999816894531,118.72000122070312,14481300
2016-10-06,QQQ,111.19094848632812,118.7300033569336,118.9800033569336,118.1500015258789,118.63999938964844,11987100
2016-10-07,QQQ,110.94746398925781,118.47000122070312,119.01000213623047,117.88999938964844,118.83999633789062,19984200
2016-10-10,QQQ,111.64984893798828,119.22000122070312,119.4800033569336,119.02999877929688,119.08000183105469,19687300
2016-10-11,QQQ,110.05777740478516,117.5199966430664,119.13999938964844,117.0,119.12000274658203,27774400
2016-10-12,QQQ,109.96412658691406,117.41999816894531,117.81999969482422,117.05999755859375,117.62999725341797,14267800
2016-10-13,QQQ,109.57077026367188,117.0,117.31999969482422,115.94000244140625,116.62000274658203,22821000
2016-10-14,QQQ,109.70191192626953,117.13999938964844,118.05000305175781,117.06999969482422,117.58000183105469,21313300
2016-10-17,QQQ,109.4022445678711,116.81999969482422,117.30000305175781,116.66999816894531,117.04000091552734,14182700
2016-10-18,QQQ,110.37617492675781,117.86000061035156,118.41000366210938,117.80000305175781,118.20999908447266,19276700
2016-10-19,QQQ,110.3668212890625,117.8499984741211,118.0199966430664,117.63999938964844,117.7699966430664,13702900
2016-10-20,QQQ,110.2357177734375,117.70999908447266,117.97000122070312,117.02999877929688,117.7300033569336,18132200
2016-10-21,QQQ,110.64775848388672,118.1500015258789,118.22000122070312,117.41000366210938,117.80000305175781,15707800
2016-10-24,QQQ,111.97760009765625,119.56999969482422,119.6500015258789,118.88999938964844,118.91000366210938,19143000
2016-10-25,QQQ,111.62173461914062,119.19000244140625,119.66000366210938,119.01000213623047,119.63999938964844,20341800
2016-10-26,QQQ,110.86317443847656,118.37999725341797,119.02999877929688,118.02999877929688,118.41999816894531,20463700
2016-10-27,QQQ,110.35746002197266,117.83999633789062,118.98999786376953,117.66999816894531,118.88999938964844,19099800
2016-10-28,QQQ,109.66443634033203,117.0999984741211,118.11000061035156,116.73999786376953,117.5,35369300
2016-10-31,QQQ,109.56143188476562,116.98999786376953,117.52999877929688,116.93000030517578,117.52999877929688,18749400
2016-11-01,QQQ,108.7373046875,116.11000061035156,117.20999908447266,115.0999984741211,117.19000244140625,23498700
2016-11-02,QQQ,107.86637115478516,115.18000030517578,116.30000305175781,114.88999938964844,116.02999877929688,26960100
2016-11-03,QQQ,106.80812072753906,114.05000305175781,115.37000274658203,113.91999816894531,114.98999786376953,36205200
2016-11-04,QQQ,106.43351745605469,113.6500015258789,114.54000091552734,113.44999694824219,113.7699966430664,26997500
2016-11-07,QQQ,108.96207427978516,116.3499984741211,116.47000122070312,115.30000305175781,115.48999786376953,26591200
2016-11-08,QQQ,109.67379760742188,117.11000061035156,117.63999938964844,115.95999908447266,116.2300033569336,20777900
2016-11-09,QQQ,110.17951202392578,117.6500015258789,117.83999633789062,115.5999984741211,115.73999786376953,70234400
2016-11-10,QQQ,108.40016174316406,115.75,118.37999725341797,114.19999694824219,118.22000122070312,72825400
2016-11-11,QQQ,108.44699096679688,115.80000305175781,116.05000305175781,114.83999633789062,115.25,41115200
2016-11-14,QQQ,107.35131072998047,114.62999725341797,115.94000244140625,114.02999877929688,115.83000183105469,35906000
2016-11-15,QQQ,108.84032440185547,116.22000122070312,116.62000274658203,115.33000183105469,115.5,31796600
2016-11-16,QQQ,109.48650360107422,116.91000366210938,116.98999786376953,115.66999816894531,115.66999816894531,16538100
2016-11-17,QQQ,110.28252410888672,117.76000213623047,117.77999877929688,116.61000061035156,116.8499984741211,20598600
2016-11-18,QQQ,109.87046813964844,117.31999969482422,118.0999984741211,117.20999908447266,117.9000015258789,16428700
2016-11-21,QQQ,111.01301574707031,118.54000091552734,118.6500015258789,117.56999969482422,117.61000061035156,20268500
2016-11-22,QQQ,111.35013580322266,118.9000015258789,119.19000244140625,118.61000061035156,119.01000213623047,18850600
2016-11-23,QQQ,110.90064239501953,118.41999816894531,118.63999938964844,117.9000015258789,118.51000213623047,22926000
2016-11-25,QQQ,111.25650024414062,118.80000305175781,118.8499984741211,118.41999816894531,118.55999755859375,7162800
2016-11-28,QQQ,111.00364685058594,118.52999877929688,119.08000183105469,118.41000366210938,118.6500015258789,13479000
2016-11-29,QQQ,111.38762664794922,118.94000244140625,119.51000213623047,118.30000305175781,118.63999938964844,18553000
2016-11-30,QQQ,110.03905487060547,117.5,119.12999725341797,117.45999908447266,119.08999633789062,30405300
2016-12-01,QQQ,108.13793182373047,115.47000122070312,117.47000122070312,115.29000091552734,117.45999908447266,39796600
2016-12-02,QQQ,108.35334014892578,115.69999694824219,116.16000366210938,115.22000122070312,115.54000091552734,32876800
2016-12-05,QQQ,109.19617462158203,116.5999984741211,117.05999755859375,115.7699966430664,116.30000305175781,21419700
2016-12-06,QQQ,109.45841217041016,116.87999725341797,117.08000183105469,116.38999938964844,116.93000030517578,27293300
2016-12-07,QQQ,110.84443664550781,118.36000061035156,118.51000213623047,116.29000091552734,116.63999938964844,26622400
2016-12-08,QQQ,111.0411148071289,118.56999969482422,118.87000274658203,118.18000030517578,118.41000366210938,18578400
2016-12-09,QQQ,111.91204071044922,119.5,119.54000091552734,119.0,119.01000213623047,21863100
2016-12-12,QQQ,111.40634155273438,118.95999908447266,119.20999908447266,118.47000122070312,118.97000122070312,23259300
2016-12-13,QQQ,112.81109619140625,120.45999908447266,121.11000061035156,119.31999969482422,119.31999969482422,54477900
2016-12-14,QQQ,112.57694244384766,120.20999908447266,121.0,119.86000061035156,120.61000061035156,28746000
2016-12-15,QQQ,112.7548828125,120.4000015258789,121.11000061035156,120.08000183105469,120.37000274658203,22762300
2016-12-16,QQQ,112.33692169189453,119.5999984741211,120.58000183105469,119.36000061035156,120.33999633789062,26283900
2016-12-19,QQQ,112.79717254638672,120.08999633789062,120.83000183105469,119.55000305175781,119.72000122070312,21138700
2016-12-20,QQQ,113.22925567626953,120.55000305175781,120.7699966430664,120.33000183105469,120.47000122070312,11461800
2016-12-21,QQQ,113.14470672607422,120.45999908447266,120.68000030517578,120.19000244140625,120.5999984741211,7079300
2016-12-22,QQQ,112.82533264160156,120.12000274658203,120.5,119.6500015258789,120.47000122070312,16645000
2016-12-23,QQQ,112.9004898071289,120.19999694824219,120.25,119.80999755859375,119.91999816894531,9007500
2016-12-27,QQQ,113.48284912109375,120.81999969482422,121.5199966430664,120.41000366210938,120.45999908447266,16110600
2016-12-28,QQQ,112.59992218017578,119.87999725341797,121.19000244140625,119.80000305175781,121.08000183105469,17975200
2016-12-29,QQQ,112.44025421142578,119.70999908447266,120.12999725341797,119.33000183105469,119.8499984741211,13267500
2016-12-30,QQQ,111.28495788574219,118.4800033569336,119.94999694824219,118.13999938964844,119.94000244140625,41749000
2017-01-03,QQQ,112.28054809570312,119.54000091552734,119.98999786376953,118.88999938964844,119.2699966430664,22307600
2017-01-04,QQQ,112.8910903930664,120.19000244140625,120.41000366210938,119.66000366210938,119.66999816894531,19749100
2017-01-05,QQQ,113.52980041503906,120.87000274658203,120.94999694824219,120.0999984741211,120.0999984741211,20644300
2017-01-06,QQQ,114.52542877197266,121.93000030517578,122.25,120.69000244140625,121.0,24074300
2017-01-09,QQQ,114.90113830566406,122.33000183105469,122.55000305175781,121.94999694824219,122.02999877929688,18909200
2017-01-10,QQQ,115.15471649169922,122.5999984741211,122.97000122070312,122.0999984741211,122.37999725341797,16176600
2017-01-11,QQQ,115.4646987915039,122.93000030517578,122.93000030517578,122.0199966430664,122.6500015258789,20686000
2017-01-12,QQQ,115.28624725341797,122.73999786376953,122.81999969482422,121.5999984741211,122.48999786376953,19622500
2017-01-13,QQQ,115.68074035644531,123.16000366210938,123.37000274658203,122.80000305175781,122.80000305175781,16930800
2017-01-17,QQQ,115.33319091796875,122.79000091552734,123.02999877929688,122.43000030517578,122.83999633789062,14538500
2017-01-18,QQQ,115.56803894042969,123.04000091552734,123.16000366210938,122.66000366210938,122.97000122070312,12499700
2017-01-19,QQQ,115.5116958618164,122.9800033569336,123.6500015258789,122.72000122070312,123.22000122070312,12710700
2017-01-20,QQQ,115.76527404785156,123.25,123.83000183105469,122.91999816894531,123.5199966430664,22091000
2017-01-23,QQQ,115.85920715332031,123.3499984741211,123.52999877929688,122.56999969482422,123.16999816894531,17434200
2017-01-24,QQQ,116.63880157470703,124.18000030517578,124.37000274658203,123.37999725341797,123.58999633789062,17640900
2017-01-25,QQQ,117.81289672851562,125.43000030517578,125.45999908447266,124.8499984741211,124.95999908447266,15036200
2017-01-26,QQQ,117.93496704101562,125.55999755859375,125.81999969482422,125.33999633789062,125.5999984741211,16052200
2017-01-27,QQQ,118.16039276123047,125.80000305175781,125.91999816894531,125.38999938964844,125.83000183105469,15053000
2017-01-30,QQQ,117.23992919921875,124.81999969482422,125.37999725341797,124.12999725341797,125.37999725341797,25006700
2017-01-31,QQQ,117.00514221191406,124.56999969482422,124.5999984741211,123.8499984741211,124.37999725341797,19091100
2017-02-01,QQQ,117.81289672851562,125.43000030517578,125.68000030517578,124.86000061035156,125.44999694824219,22861900
2017-02-02,QQQ,117.7095718383789,125.31999969482422,125.69999694824219,124.86000061035156,125.20999908447266,15101400
2017-02-03,QQQ,118.04768371582031,125.68000030517578,125.80999755859375,125.33000183105469,125.44999694824219,16957200
2017-02-06,QQQ,118.18860626220703,125.83000183105469,125.8499984741211,125.3499984741211,125.47000122070312,11630100
2017-02-07,QQQ,118.62066650390625,126.29000091552734,126.55000305175781,125.97000122070312,126.08999633789062,17541100
2017-02-08,QQQ,118.81790924072266,126.5,126.68000030517578,125.87999725341797,126.12000274658203,12569100
2017-02-09,QQQ,119.24996948242188,126.95999908447266,127.23999786376953,126.55999755859375,126.62999725341797,17542700
2017-02-10,QQQ,119.64443969726562,127.37999725341797,127.55999755859375,127.0199966430664,127.23999786376953,13915700
2017-02-13,QQQ,120.32073974609375,128.10000610351562,128.25999450683594,127.72000122070312,127.7699966430664,19120200
2017-02-14,QQQ,120.72464752197266,128.52999877929688,128.5399932861328,127.73999786376953,128.14999389648438,16333500
2017-02-15,QQQ,121.4384765625,129.2899932861328,129.35000610351562,128.3699951171875,128.44000244140625,17891400
2017-02-16,QQQ,121.40091705322266,129.25,129.6300048828125,128.9199981689453,129.3699951171875,15098300
2017-02-17,QQQ,121.92687225341797,129.80999755859375,129.82000732421875,129.0399932861328,129.05999755859375,15563700
2017-02-21,QQQ,122.52800750732422,130.4499969482422,130.52999877929688,129.99000549316406,130.05999755859375,18479600
2017-02-22,QQQ,122.57501983642578,130.5,130.58999633789062,130.11000061035156,130.3300018310547,12110900
2017-02-23,QQQ,122.11476135253906,130.00999450683594,130.6999969482422,129.49000549316406,130.6999969482422,17489000
2017-02-24,QQQ,122.34956359863281,130.25999450683594,130.25999450683594,129.3800048828125,129.4199981689453,18624500
2017-02-27,QQQ,122.4998550415039,130.4199981689453,130.42999267578125,129.8000030517578,130.02000427246094,12008700
2017-02-28,QQQ,122.12417602539062,130.02000427246094,130.4499969482422,129.66000366210938,130.38999938964844,16598600
2017-03-01,QQQ,123.45791625976562,131.44000244140625,131.67999267578125,130.60000610351562,130.85000610351562,25813800
2017-03-02,QQQ,122.8380126953125,130.77999877929688,131.42999267578125,130.6199951171875,131.41000366210938,19951400
2017-03-03,QQQ,123.06342315673828,131.02000427246094,131.05999755859375,130.33999633789062,130.69000244140625,13722700
2017-03-06,QQQ,122.79104614257812,130.72999572753906,130.9499969482422,130.2100067138672,130.58999633789062,12026200
2017-03-07,QQQ,122.58438873291016,130.50999450683594,131.0800018310547,130.27999877929688,130.47000122070312,15500900
2017-03-08,QQQ,122.80039978027344,130.74000549316406,131.14999389648438,130.4600067138672,130.58999633789062,15776000
2017-03-09,QQQ,122.89434051513672,130.83999633789062,131.02000427246094,130.13999938964844,130.7100067138672,20855300
2017-03-10,QQQ,123.41094207763672,131.38999938964844,131.60000610351562,130.82000732421875,131.44000244140625,21922600
2017-03-13,QQQ,123.61758422851562,131.61000061035156,131.63999938964844,131.27000427246094,131.33999633789062,10731600
2017-03-14,QQQ,123.31704711914062,131.2899932861328,131.36000061035156,130.75999450683594,131.30999755859375,14019700
2017-03-15,QQQ,124.07783508300781,132.10000610351562,132.41000366210938,131.13999938964844,131.55999755859375,22709100
2017-03-16,QQQ,123.9933090209961,132.00999450683594,132.35000610351562,131.7100067138672,132.35000610351562,18457300
2017-03-17,QQQ,123.95002746582031,131.69000244140625,132.0399932861328,131.6199951171875,131.89999389648438,21234500
2017-03-20,QQQ,124.0629653930664,131.80999755859375,132.11000061035156,131.4600067138672,131.64999389648438,10105200
2017-03-21,QQQ,122.18046569824219,129.80999755859375,132.42999267578125,129.72999572753906,132.30999755859375,35841900
2017-03-22,QQQ,123.00874328613281,130.69000244140625,130.82000732421875,129.67999267578125,129.85000610351562,29177900
2017-03-23,QQQ,122.69817352294922,130.36000061035156,130.8800048828125,130.13999938964844,130.52000427246094,20311700
2017-03-24,QQQ,122.95231628417969,130.6300048828125,131.2899932861328,130.1300048828125,130.77999877929688,22967600
2017-03-27,QQQ,123.14994812011719,130.83999633789062,131.07000732421875,129.39999389648438,129.6999969482422,18472400
2017-03-28,QQQ,123.90292358398438,131.63999938964844,132.02999877929688,130.5500030517578,130.83999633789062,23721900
2017-03-29,QQQ,124.47708892822266,132.25,132.3000030517578,131.58999633789062,131.72999572753906,13710000
2017-03-30,QQQ,124.68415832519531,132.47000122070312,132.61000061035156,132.0800018310547,132.1999969482422,16092400
2017-03-31,QQQ,124.59943389892578,132.3800048828125,132.74000549316406,132.1300048828125,132.27999877929688,19841400
2017-04-03,QQQ,124.52412414550781,132.3000030517578,132.80999755859375,131.55999755859375,132.49000549316406,23700300
2017-04-04,QQQ,124.72179412841797,132.50999450683594,132.52999877929688,131.8699951171875,131.9199981689453,13400000
2017-04-05,QQQ,124.2135238647461,131.97000122070312,133.47999572753906,131.72000122070312,132.6999969482422,32011200
2017-04-06,QQQ,124.27943420410156,132.0399932861328,132.38999938964844,131.6999969482422,132.10000610351562,18832200
2017-04-07,QQQ,124.2135238647461,131.97000122070312,132.3699951171875,131.5,132.0,16743100
2017-04-10,QQQ,124.2606201171875,132.02000427246094,132.57000732421875,131.66000366210938,132.10000610351562,15619300
2017-04-11,QQQ,123.72409057617188,131.4499969482422,132.10000610351562,130.5,131.89999389648438,33778400
2017-04-12,QQQ,123.22526550292969,130.9199981689453,131.5399932861328,130.77999877929688,131.42999267578125,15955200
2017-04-13,QQQ,122.73580169677734,130.39999389648438,131.50999450683594,130.3800048828125,130.74000549316406,23683000
2017-04-17,QQQ,123.75233459472656,131.47999572753906,131.5,130.72000122070312,130.77000427246094,13325500
2017-04-18,QQQ,123.5640869140625,131.27999877929688,131.66000366210938,130.9499969482422,131.0399932861328,12841100
2017-04-19,QQQ,123.76177215576172,131.49000549316406,132.2899932861328,131.30999755859375,131.85000610351562,17764800
2017-04-20,QQQ,124.797119140625,132.58999633789062,132.8800048828125,131.82000732421875,132.02000427246094,21977900
2017-04-21,QQQ,124.76886749267578,132.55999755859375,132.75999450683594,132.22000122070312,132.7100067138672,22454900
2017-04-24,QQQ,126.27485656738281,134.16000366210938,134.2899932861328,133.8000030517578,134.02999877929688,22469900
2017-04-25,QQQ,127.18782806396484,135.1300048828125,135.3699951171875,134.47999572753906,134.60000610351562,19384400
2017-04-26,QQQ,127.00897979736328,134.94000244140625,135.50999450683594,134.86000061035156,135.17999267578125,25398500
2017-04-27,QQQ,127.77134704589844,135.75,135.75,135.19000244140625,135.27000427246094,16136500
2017-04-28,QQQ,127.99732208251953,135.99000549316406,136.33999633789062,135.77000427246094,136.2899932861328,22771900
2017-05-01,QQQ,129.1361846923828,137.1999969482422,137.3800048828125,136.3800048828125,136.44000244140625,24815500
2017-05-02,QQQ,129.35264587402344,137.42999267578125,137.49000549316406,137.02000427246094,137.3699951171875,18345100
2017-05-03,QQQ,128.9385528564453,136.99000549316406,137.1699981689453,136.6199951171875,137.1199951171875,23827600
2017-05-04,QQQ,128.9855194091797,137.0399932861328,137.42999267578125,136.55999755859375,136.97000122070312,14630100
2017-05-05,QQQ,129.45619201660156,137.5399932861328,137.5399932861328,136.8800048828125,137.38999938964844,19330700
2017-05-08,QQQ,129.738525390625,137.83999633789062,137.83999633789062,137.3300018310547,137.61000061035156,13279900
2017-05-09,QQQ,130.19036865234375,138.32000732421875,138.6300048828125,137.92999267578125,138.0500030517578,28426100
2017-05-10,QQQ,130.265625,138.39999389648438,138.4499969482422,137.91000366210938,138.39999389648438,20499400
2017-05-11,QQQ,130.16209411621094,138.2899932861328,138.3300018310547,137.3800048828125,138.02000427246094,27232100
2017-05-12,QQQ,130.4539031982422,138.60000610351562,138.6300048828125,138.22999572753906,138.35000610351562,19738600
2017-05-15,QQQ,130.86801147460938,139.0399932861328,139.1199951171875,138.52999877929688,138.66000366210938,20481300
2017-05-16,QQQ,131.4139404296875,139.6199951171875,139.63999938964844,138.99000549316406,139.39999389648438,21786000
2017-05-17,QQQ,128.0725555419922,136.07000732421875,138.77000427246094,136.0500030517578,138.50999450683594,55642200
2017-05-18,QQQ,129.19264221191406,137.25999450683594,137.72000122070312,135.8699951171875,136.02000427246094,41319900
2017-05-19,QQQ,129.738525390625,137.83999633789062,138.4199981689453,137.66000366210938,137.75,36730100
2017-05-22,QQQ,130.8303680419922,139.0,139.07000732421875,138.10000610351562,138.14999389648438,19509700
2017-05-23,QQQ,130.96212768554688,139.13999938964844,139.4199981689453,138.77999877929688,139.41000366210938,19687500
2017-05-24,QQQ,131.5644989013672,139.77999877929688,139.85000610351562,139.1699981689453,139.55999755859375,15891900
2017-05-25,QQQ,132.68458557128906,140.97000122070312,141.3300018310547,140.00999450683594,140.30999755859375,23928600
2017-05-26,QQQ,132.91989135742188,141.22000122070312,141.27999877929688,140.80999755859375,141.0,13851600
2017-05-30,QQQ,133.03282165527344,141.33999633789062,141.50999450683594,141.05999755859375,141.14999389648438,20306400
2017-05-31,QQQ,132.9857635498047,141.2899932861328,141.83999633789062,140.57000732421875,141.83999633789062,33229400
2017-06-01,QQQ,133.5034637451172,141.83999633789062,141.89999389648438,140.97999572753906,141.5800018310547,20120700
2017-06-02,QQQ,135.0282745361328,143.4600067138672,143.49000549316406,142.11000061035156,142.33999633789062,37222900
2017-06-05,QQQ,134.99998474121094,143.42999267578125,143.67999267578125,143.22999572753906,143.4499969482422,15727500
2017-06-06,QQQ,134.46351623535156,142.86000061035156,143.72999572753906,142.64999389648438,143.25999450683594,22393000
2017-06-07,QQQ,134.99058532714844,143.4199981689453,143.5399932861328,142.60000610351562,143.25999450683594,18842400
2017-06-08,QQQ,135.13177490234375,143.57000732421875,143.8000030517578,142.7899932861328,143.74000549316406,25417400
2017-06-09,QQQ,131.75274658203125,139.97999572753906,143.89999389648438,138.11000061035156,143.74000549316406,109783700
2017-06-12,QQQ,131.0468292236328,139.22999572753906,139.47999572753906,137.47000122070312,138.8000030517578,104454000
2017-06-13,QQQ,132.11045837402344,140.36000061035156,140.55999755859375,139.27999877929688,140.00999450683594,51193000
2017-06-14,QQQ,131.53628540039062,139.75,140.92999267578125,138.6199951171875,140.92999267578125,60093800
2017-06-15,QQQ,130.95272827148438,139.1300048828125,139.27999877929688,137.49000549316406,138.33999633789062,55145200
2017-06-16,QQQ,130.3845672607422,138.14999389648438,138.77999877929688,137.63999938964844,138.67999267578125,48087400
2017-06-19,QQQ,132.56471252441406,140.4600067138672,140.58999633789062,139.27999877929688,139.49000549316406,39626500
2017-06-20,QQQ,131.52655029296875,139.36000061035156,140.5,139.30999755859375,140.32000732421875,40935100
2017-06-21,QQQ,132.8289794921875,140.74000549316406,140.80999755859375,139.58999633789062,139.67999267578125,35743400
2017-06-22,QQQ,132.79116821289062,140.6999969482422,141.22000122070312,140.33999633789062,140.9600067138672,24099100
2017-06-23,QQQ,133.30087280273438,141.24000549316406,141.4199981689453,140.14999389648438,140.5399932861328,21654300
2017-06-26,QQQ,132.67799377441406,140.5800018310547,142.2899932861328,140.27000427246094,142.0500030517578,34411100
2017-06-27,QQQ,130.27130126953125,138.02999877929688,140.22000122070312,138.02000427246094,140.0500030517578,65957800
2017-06-28,QQQ,132.1494140625,140.02000427246094,140.13999938964844,137.74000549316406,138.5399932861328,57427200
2017-06-29,QQQ,129.85606384277344,137.58999633789062,139.44000244140625,136.25,139.44000244140625,88769400
2017-06-30,QQQ,129.90321350097656,137.63999938964844,138.6699981689453,137.19000244140625,137.97999572753906,68898300
2017-07-03,QQQ,128.5347137451172,136.19000244140625,138.42999267578125,136.10000610351562,138.27000427246094,32797000
2017-07-05,QQQ,129.79945373535156,137.52999877929688,137.89999389648438,136.16000366210938,136.6199951171875,42116600
2017-07-06,QQQ,128.62913513183594,136.2899932861328,137.05999755859375,135.8000030517578,136.47999572753906,48430500
2017-07-07,QQQ,130.01644897460938,137.75999450683594,138.1300048828125,136.74000549316406,136.75,36970400
2017-07-10,QQQ,130.86587524414062,138.66000366210938,138.99000549316406,137.5,137.85000610351562,24853500
2017-07-11,QQQ,131.2339324951172,139.0500030517578,139.22000122070312,137.94000244140625,138.4600067138672,31517700
2017-07-12,QQQ,132.79116821289062,140.6999969482422,140.86000061035156,139.9600067138672,140.24000549316406,36045800
2017-07-13,QQQ,133.0838165283203,141.00999450683594,141.35000610351562,140.60000610351562,140.8699951171875,31073600
2017-07-14,QQQ,134.13137817382812,142.1199951171875,142.3000030517578,141.19000244140625,141.63999938964844,34544800
2017-07-17,QQQ,134.19744873046875,142.19000244140625,142.69000244140625,141.9199981689453,142.27000427246094,25343200
2017-07-18,QQQ,135.09405517578125,143.13999938964844,143.1699981689453,141.63999938964844,142.08999633789062,25748500
2017-07-19,QQQ,135.88685607910156,143.97999572753906,144.19000244140625,143.5,143.55999755859375,33752300
2017-07-20,QQQ,136.066162109375,144.1699981689453,144.44000244140625,143.52000427246094,144.35000610351562,36139400
2017-07-21,QQQ,136.00958251953125,144.11000061035156,144.11000061035156,143.35000610351562,143.63999938964844,39697100
2017-07-24,QQQ,136.63246154785156,144.77000427246094,144.8699951171875,143.9199981689453,144.08999633789062,26712700
2017-07-25,QQQ,136.28323364257812,144.39999389648438,144.74000549316406,144.00999450683594,144.2899932861328,28120900
2017-07-26,QQQ,136.72682189941406,144.8699951171875,144.9499969482422,144.52999877929688,144.75999450683594,18610600
2017-07-27,QQQ,135.8679962158203,143.9600067138672,145.9600067138672,142.3000030517578,145.82000732421875,80665900
2017-07-28,QQQ,135.75469970703125,143.83999633789062,144.0800018310547,142.8699951171875,143.10000610351562,38013200
2017-07-31,QQQ,135.1790313720703,143.22999572753906,144.42999267578125,142.9199981689453,144.25,33848600
2017-08-01,QQQ,135.49049377441406,143.55999755859375,143.75999450683594,143.1199951171875,143.72000122070312,20149400
2017-08-02,QQQ,135.8585205078125,143.9499969482422,144.52000427246094,142.61000061035156,144.49000549316406,41769700
2017-08-03,QQQ,135.33001708984375,143.38999938964844,144.1699981689453,143.1300048828125,144.08999633789062,27112800
2017-08-04,QQQ,135.57542419433594,143.64999389648438,143.97000122070312,143.05999755859375,143.7100067138672,29472900
2017-08-07,QQQ,136.4342803955078,144.55999755859375,144.55999755859375,143.7100067138672,143.91000366210938,17933900
2017-08-08,QQQ,136.19830322265625,144.30999755859375,145.47000122070312,143.89999389648438,144.27999877929688,30810400
2017-08-09,QQQ,136.01901245117188,144.1199951171875,144.19000244140625,142.7899932861328,143.1199951171875,36169500
2017-08-10,QQQ,133.1026611328125,141.02999877929688,143.39999389648438,140.88999938964844,143.3000030517578,63331700
2017-08-11,QQQ,134.11253356933594,142.10000610351562,142.41000366210938,140.89999389648438,141.22000122070312,45862500
2017-08-14,QQQ,135.83969116210938,143.92999267578125,144.14999389648438,143.19000244140625,143.22999572753906,34161000
2017-08-15,QQQ,135.9340362548828,144.02999877929688,144.3000030517578,143.63999938964844,144.2899932861328,25509200
2017-08-16,QQQ,136.1699676513672,144.27999877929688,144.9600067138672,143.8000030517578,144.38999938964844,31913000
2017-08-17,QQQ,133.38583374023438,141.3300018310547,143.94000244140625,141.3300018310547,143.72000122070312,70191000
2017-08-18,QQQ,133.2914276123047,141.22999572753906,142.1999969482422,140.64999389648438,141.41000366210938,60751900
2017-08-21,QQQ,133.12155151367188,141.0500030517578,141.52999877929688,140.17999267578125,141.22000122070312,37111500
2017-08-22,QQQ,135.15069580078125,143.1999969482422,143.35000610351562,141.75999450683594,141.80999755859375,36294200
2017-08-23,QQQ,134.66937255859375,142.69000244140625,143.00999450683594,142.3800048828125,142.47999572753906,25702300
2017-08-24,QQQ,134.27296447753906,142.27000427246094,143.1699981689453,141.47000122070312,143.00999450683594,38160800
2017-08-25,QQQ,133.9898223876953,141.97000122070312,143.17999267578125,141.77999877929688,142.82000732421875,26380400
2017-08-28,QQQ,134.40512084960938,142.41000366210938,142.74000549316406,141.9499969482422,142.39999389648438,15362100
2017-08-29,QQQ,134.93365478515625,142.97000122070312,143.2100067138672,141.05999755859375,141.19000244140625,24498300
2017-08-30,QQQ,136.51918029785156,144.64999389648438,144.88999938964844,143.0,143.08999633789062,33642700
2017-08-31,QQQ,137.98207092285156,146.1999969482422,146.2100067138672,144.97999572753906,145.05999755859375,38480700
2017-09-01,QQQ,137.79331970214844,146.0,146.58999633789062,145.61000061035156,146.38999938964844,22293600
2017-09-05,QQQ,136.55694580078125,144.69000244140625,145.8800048828125,143.60000610351562,145.57000732421875,44794300
2017-09-06,QQQ,136.97222900390625,145.1300048828125,145.4600067138672,144.0800018310547,145.05999755859375,30722700
2017-09-07,QQQ,137.29312133789062,145.47000122070312,145.83999633789062,144.94000244140625,145.39999389648438,22721100
2017-09-08,QQQ,136.10389709472656,144.2100067138672,145.35000610351562,144.05999755859375,145.27999877929688,27890100
2017-09-11,QQQ,137.6705780029297,145.8699951171875,146.1199951171875,145.3000030517578,145.33999633789062,27126300
2017-09-12,QQQ,138.0009307861328,146.22000122070312,146.41000366210938,145.52999877929688,146.27999877929688,30256700
2017-09-13,QQQ,138.18972778320312,146.4199981689453,146.44000244140625,145.72999572753906,145.97000122070312,28450900
2017-09-14,QQQ,137.37808227539062,145.55999755859375,146.2899932861328,145.47000122070312,145.85000610351562,35296400
2017-09-15,QQQ,137.8499298095703,146.05999755859375,146.58999633789062,145.2899932861328,145.52999877929688,46422400
2017-09-18,QQQ,137.66929626464844,145.5500030517578,146.3699951171875,145.11000061035156,145.91000366210938,24858200
2017-09-19,QQQ,137.90576171875,145.8000030517578,146.00999450683594,145.30999755859375,145.80999755859375,20871200
2017-09-20,QQQ,137.48008728027344,145.35000610351562,145.91000366210938,144.22999572753906,145.75,34236200
2017-09-21,QQQ,136.63829040527344,144.4600067138672,145.25999450683594,143.9499969482422,145.25,28841800
2017-09-22,QQQ,136.50592041015625,144.32000732421875,144.52999877929688,143.85000610351562,144.0,21702400
2017-09-25,QQQ,135.06814575195312,142.8000030517578,143.8300018310547,142.10000610351562,143.75,54947700
2017-09-26,QQQ,135.4181671142578,143.1699981689453,143.8000030517578,142.6699981689453,143.52999877929688,29628800
2017-09-27,QQQ,136.63829040527344,144.4600067138672,145.0,143.57000732421875,143.92999267578125,33249400
2017-09-28,QQQ,136.59104919433594,144.41000366210938,144.55999755859375,143.77999877929688,144.11000061035156,24149400
2017-09-29,QQQ,137.5746612548828,145.4499969482422,145.55999755859375,144.32000732421875,144.6999969482422,43102400
2017-10-02,QQQ,137.69769287109375,145.5800018310547,146.1699981689453,144.92999267578125,145.6699981689453,27351300
2017-10-03,QQQ,137.99090576171875,145.88999938964844,146.05999755859375,145.4499969482422,145.77000427246094,19715200
2017-10-04,QQQ,138.12327575683594,146.02999877929688,146.33999633789062,145.47000122070312,145.61000061035156,26381100
2017-10-05,QQQ,139.47584533691406,147.4600067138672,147.5399932861328,146.41000366210938,146.55999755859375,31562400
2017-10-06,QQQ,139.66500854492188,147.66000366210938,147.66000366210938,146.9600067138672,146.9600067138672,23561100
2017-10-09,QQQ,139.50418090820312,147.49000549316406,148.00999450683594,147.3000030517578,147.85000610351562,13704800
2017-10-10,QQQ,139.60826110839844,147.60000610351562,148.13999938964844,146.9499969482422,147.99000549316406,19223100
2017-10-11,QQQ,140.02444458007812,148.0399932861328,148.07000732421875,147.33999633789062,147.52999877929688,12439100
2017-10-12,QQQ,139.76907348632812,147.77000427246094,148.35000610351562,147.6199951171875,147.82000732421875,14513500
2017-10-13,QQQ,140.30819702148438,148.33999633789062,148.50999450683594,147.77999877929688,148.3699951171875,18409900
2017-10-16,QQQ,140.7905731201172,148.85000610351562,148.88999938964844,148.38999938964844,148.7100067138672,21809400
2017-10-17,QQQ,140.9703369140625,149.0399932861328,149.05999755859375,148.57000732421875,148.8000030517578,13138200
2017-10-18,QQQ,140.80006408691406,148.86000061035156,149.2100067138672,148.63999938964844,149.19000244140625,17218200
2017-10-19,QQQ,140.27987670898438,148.30999755859375,148.3300018310547,147.27000427246094,147.99000549316406,27680300
2017-10-20,QQQ,140.65818786621094,148.7100067138672,149.0399932861328,148.52999877929688,148.91000366210938,30173300
2017-10-23,QQQ,139.74070739746094,147.74000549316406,149.02999877929688,147.52999877929688,149.02000427246094,29297100
2017-10-24,QQQ,139.97714233398438,147.99000549316406,148.3000030517578,147.44000244140625,148.02999877929688,20289500
2017-10-25,QQQ,139.44749450683594,147.42999267578125,148.17999267578125,146.3300018310547,147.6999969482422,36179100
2017-10-26,QQQ,139.00294494628906,146.9600067138672,147.7100067138672,146.9199981689453,147.33999633789062,28230200
2017-10-27,QQQ,143.0512237548828,151.24000549316406,151.52000427246094,149.1999969482422,149.42999267578125,60165100
2017-10-30,QQQ,143.3727569580078,151.5800018310547,152.19000244140625,150.99000549316406,151.1300048828125,31733400
2017-10-31,QQQ,143.91192626953125,152.14999389648438,152.3699951171875,151.6300048828125,152.07000732421875,26319300
2017-11-01,QQQ,143.86465454101562,152.10000610351562,152.8300018310547,151.5,152.75999450683594,29481600
2017-11-02,QQQ,143.59034729003906,151.80999755859375,151.99000549316406,150.77000427246094,151.92999267578125,31017400
2017-11-03,QQQ,144.97129821777344,153.27000427246094,153.2899932861328,151.83999633789062,152.36000061035156,26199200
2017-11-06,QQQ,145.46310424804688,153.7899932861328,153.85000610351562,153.10000610351562,153.14999389648438,28693900
2017-11-07,QQQ,145.5482635498047,153.8800048828125,154.0800018310547,153.33999633789062,153.6699981689453,21333100
2017-11-08,QQQ,146.13470458984375,154.5,154.5399932861328,153.6199951171875,153.8000030517578,17373500
2017-11-09,QQQ,145.3685760498047,153.69000244140625,153.77000427246094,152.11000061035156,153.22999572753906,40594500
2017-11-10,QQQ,145.35910034179688,153.67999267578125,153.8000030517578,153.05999755859375,153.3300018310547,20150800
2017-11-13,QQQ,145.53871154785156,153.8699951171875,154.07000732421875,153.10000610351562,153.10000610351562,12522400
2017-11-14,QQQ,145.00912475585938,153.30999755859375,153.5,152.57000732421875,153.3300018310547,25173800
2017-11-15,QQQ,144.32810974121094,152.58999633789062,153.0,151.77999877929688,152.64999389648438,24808000
2017-11-16,QQQ,146.17250061035156,154.5399932861328,154.88999938964844,153.3300018310547,153.36000061035156,34790600
2017-11-17,QQQ,145.61444091796875,153.9499969482422,154.69000244140625,153.8000030517578,154.5800018310547,28725800
2017-11-20,QQQ,145.50099182128906,153.8300018310547,154.1999969482422,153.61000061035156,154.05999755859375,21143900
2017-11-21,QQQ,147.08050537109375,155.5,155.57000732421875,154.49000549316406,154.55999755859375,20147800
2017-11-22,QQQ,147.26026916503906,155.69000244140625,155.83999633789062,155.33999633789062,155.63999938964844,17299000
2017-11-24,QQQ,147.7994384765625,156.25999450683594,156.30999755859375,155.75999450683594,155.85000610351562,8280600
2017-11-27,QQQ,147.73316955566406,156.19000244140625,156.55999755859375,155.8300018310547,156.2100067138672,22653400
2017-11-28,QQQ,148.11148071289062,156.58999633789062,156.69000244140625,155.6999969482422,156.5399932861328,25227300
2017-11-29,QQQ,145.52932739257812,153.86000061035156,156.4499969482422,153.1199951171875,156.41000366210938,71986300
2017-11-30,QQQ,146.7494659423828,155.14999389648438,155.4499969482422,154.14999389648438,154.50999450683594,56595500
2017-12-01,QQQ,146.12521362304688,154.49000549316406,155.24000549316406,152.25999450683594,154.1999969482422,59015800
2017-12-04,QQQ,144.4416046142578,152.7100067138672,155.6300048828125,152.55999755859375,155.4600067138672,51319100
2017-12-05,QQQ,144.5361785888672,152.80999755859375,154.5500030517578,152.10000610351562,152.67999267578125,40604200
2017-12-06,QQQ,145.1888427734375,153.5,153.74000549316406,152.05999755859375,152.24000549316406,28647800
2017-12-07,QQQ,145.68069458007812,154.02000427246094,154.4600067138672,153.3300018310547,153.49000549316406,32666200
2017-12-08,QQQ,146.32386779785156,154.6999969482422,155.52999877929688,154.4600067138672,155.14999389648438,28081700
2017-12-11,QQQ,147.45889282226562,155.89999389648438,155.9499969482422,154.75999450683594,154.77000427246094,20821500
2017-12-12,QQQ,147.26026916503906,155.69000244140625,156.14999389648438,155.36000061035156,155.8300018310547,20310300
2017-12-13,QQQ,147.54403686523438,155.99000549316406,156.49000549316406,155.75999450683594,156.32000732421875,24418500
2017-12-14,QQQ,147.43997192382812,155.8800048828125,156.66000366210938,155.7100067138672,156.25999450683594,24594700
2017-12-15,QQQ,149.11415100097656,157.64999389648438,157.82000732421875,156.22999572753906,156.49000549316406,49816200
2017-12-18,QQQ,150.36434936523438,158.63999938964844,158.77000427246094,158.07000732421875,158.36000061035156,26844500
2017-12-19,QQQ,149.473388671875,157.6999969482422,158.5,157.25999450683594,158.33999633789062,31415000
2017-12-20,QQQ,149.31222534179688,157.52999877929688,158.27999877929688,156.91000366210938,158.25,38972600
2017-12-21,QQQ,149.3311767578125,157.5500030517578,158.25,157.3699951171875,157.75,18638700
2017-12-22,QQQ,149.16055297851562,157.3699951171875,157.42999267578125,156.9499969482422,157.30999755859375,23330400
2017-12-26,QQQ,148.3549346923828,156.52000427246094,156.72000122070312,155.9499969482422,156.49000549316406,21918700
2017-12-27,QQQ,148.3738555908203,156.5399932861328,156.9600067138672,156.38999938964844,156.52999877929688,22388200
2017-12-28,QQQ,148.55398559570312,156.72999572753906,157.07000732421875,156.5399932861328,157.0399932861328,25393800
2017-12-29,QQQ,147.63455200195312,155.75999450683594,156.89999389648438,155.6999969482422,156.8699951171875,33186000
2018-01-02,QQQ,150.22216796875,158.49000549316406,158.52999877929688,156.1699981689453,156.55999755859375,32573300
2018-01-03,QQQ,151.68179321289062,160.02999877929688,160.1699981689453,158.61000061035156,158.63999938964844,29383600
2018-01-04,QQQ,151.9471893310547,160.30999755859375,160.7899932861328,160.0800018310547,160.5800018310547,24776100
2018-01-05,QQQ,153.4732208251953,161.9199981689453,162.02999877929688,160.77000427246094,161.07000732421875,26992300
2018-01-08,QQQ,154.07032775878906,162.5500030517578,162.6300048828125,161.86000061035156,161.9199981689453,23159100
2018-01-09,QQQ,154.07984924316406,162.55999755859375,163.0399932861328,162.07000732421875,162.8699951171875,24782400
2018-01-10,QQQ,153.71963500976562,162.17999267578125,162.2100067138672,161.1199951171875,161.83999633789062,34004000
2018-01-11,QQQ,154.77169799804688,163.2899932861328,163.3000030517578,162.2100067138672,162.4600067138672,20473500
2018-01-12,QQQ,155.9091796875,164.49000549316406,164.66000366210938,162.94000244140625,163.14999389648438,37762700
2018-01-16,QQQ,155.46368408203125,164.02000427246094,166.4199981689453,163.52999877929688,165.5800018310547,41231800
2018-01-17,QQQ,157.1413116455078,165.7899932861328,166.0399932861328,164.0,164.8000030517578,33849900
2018-01-18,QQQ,157.16970825195312,165.82000732421875,166.1999969482422,165.13999938964844,165.52999877929688,26432200
2018-01-19,QQQ,157.66261291503906,166.33999633789062,166.61000061035156,165.5399932861328,166.30999755859375,38937600
2018-01-22,QQQ,159.34979248046875,168.1199951171875,168.1199951171875,166.08999633789062,166.27999877929688,26081400
2018-01-23,QQQ,160.66726684570312,169.50999450683594,169.66000366210938,168.55999755859375,168.63999938964844,37989700
2018-01-24,QQQ,159.62464904785156,168.41000366210938,170.24000549316406,167.44000244140625,169.8699951171875,54287400
2018-01-25,QQQ,159.5677947998047,168.35000610351562,169.6300048828125,167.80999755859375,169.57000732421875,28925000
2018-01-26,QQQ,162.0131378173828,170.92999267578125,170.9499969482422,168.9600067138672,169.2899932861328,32038200
2018-01-29,QQQ,161.22650146484375,170.10000610351562,170.91000366210938,169.74000549316406,170.57000732421875,37277800
2018-01-30,QQQ,159.8995361328125,168.6999969482422,169.4199981689453,167.82000732421875,168.5500030517578,44987700
2018-01-31,QQQ,160.5630340576172,169.39999389648438,169.99000549316406,168.33999633789062,169.64999389648438,42449200
2018-02-01,QQQ,159.1981658935547,167.9600067138672,169.72999572753906,167.4199981689453,168.10000610351562,38037900
2018-02-02,QQQ,156.02285766601562,164.61000061035156,167.6999969482422,164.47000122070312,167.3000030517578,68478100
2018-02-05,QQQ,149.87149047851562,158.1199951171875,165.75,158.0,163.07000732421875,105372200
2018-02-06,QQQ,153.84286499023438,162.30999755859375,162.50999450683594,155.10000610351562,155.80999755859375,118537900
2018-02-07,QQQ,151.8524627685547,160.2100067138672,163.5500030517578,160.1999969482422,161.7899932861328,91028300
2018-02-08,QQQ,145.44503784179688,153.4499969482422,160.8000030517578,153.4499969482422,160.6199951171875,94184800
2018-02-09,QQQ,147.95680236816406,156.10000610351562,157.24000549316406,150.1300048828125,155.6199951171875,113836600
2018-02-12,QQQ,150.5823211669922,158.8699951171875,159.9499969482422,156.4600067138672,157.6999969482422,63050600
2018-02-13,QQQ,151.35951232910156,159.69000244140625,160.00999450683594,157.72000122070312,157.9600067138672,31785600
2018-02-14,QQQ,154.19358825683594,162.67999267578125,162.92999267578125,158.0,158.75,52107400
2018-02-15,QQQ,157.05599975585938,165.6999969482422,165.6999969482422,162.44000244140625,164.13999938964844,51633900
2018-02-16,QQQ,156.35459899902344,164.9600067138672,166.75999450683594,164.67999267578125,165.16000366210938,62256300
2018-02-20,QQQ,156.6674346923828,165.2899932861328,166.67999267578125,164.30999755859375,164.3800048828125,36785600
2018-02-21,QQQ,156.2219696044922,164.82000732421875,167.72000122070312,164.72000122070312,166.10000610351562,41161800
2018-02-22,QQQ,156.20298767089844,164.8000030517578,166.4199981689453,164.3800048828125,165.5399932861328,37074400
2018-02-23,QQQ,159.3971710205078,168.1699981689453,168.1699981689453,165.4499969482422,166.1300048828125,50096900
2018-02-26,QQQ,161.5108184814453,170.39999389648438,170.39999389648438,168.82000732421875,168.9600067138672,39266700
2018-02-27,QQQ,159.51089477539062,168.2899932861328,170.72999572753906,168.2100067138672,170.4499969482422,42209900
2018-02-28,QQQ,158.4872283935547,167.2100067138672,169.8000030517578,167.10000610351562,169.25,42936300
2018-03-01,QQQ,155.89964294433594,164.47999572753906,168.07000732421875,163.0,167.3000030517578,76809900
2018-03-02,QQQ,157.33091735839844,165.99000549316406,166.27999877929688,161.9600067138672,162.5,57445100
2018-03-05,QQQ,159.0749053955078,167.8300018310547,168.25999450683594,164.58999633789062,165.2100067138672,38540200
2018-03-06,QQQ,159.74789428710938,168.5399932861328,169.11000061035156,167.47999572753906,168.64999389648438,29480900
2018-03-07,QQQ,160.1175079345703,168.92999267578125,169.07000732421875,166.9600067138672,167.25,34609400
2018-03-08,QQQ,160.9990234375,169.86000061035156,169.97999572753906,168.9499969482422,169.6300048828125,25828400
2018-03-09,QQQ,164.12686157226562,173.16000366210938,173.16000366210938,170.82000732421875,171.07000732421875,38310500
2018-03-12,QQQ,164.99888610839844,174.0800018310547,174.47999572753906,173.27999877929688,173.6699981689453,37635000
2018-03-13,QQQ,162.75245666503906,171.7100067138672,175.2100067138672,171.27000427246094,174.47999572753906,55638900
2018-03-14,QQQ,162.7240753173828,171.67999267578125,172.74000549316406,170.92999267578125,172.61000061035156,40536400
2018-03-15,QQQ,162.58192443847656,171.52999877929688,172.52999877929688,170.89999389648438,171.8000030517578,28810400
2018-03-16,QQQ,162.09854125976562,171.02000427246094,172.1999969482422,170.94000244140625,171.82000732421875,31176700
2018-03-19,QQQ,158.63995361328125,167.10000610351562,169.22000122070312,165.63999938964844,169.10000610351562,71395100
2018-03-20,QQQ,159.16209411621094,167.64999389648438,168.0399932861328,166.61000061035156,167.1699981689453,34075700
2018-03-21,QQQ,158.46910095214844,166.9199981689453,168.75999450683594,166.19000244140625,167.2100067138672,43863500
2018-03-22,QQQ,154.55764770507812,162.8000030517578,165.77000427246094,162.58999633789062,164.61000061035156,66607300
2018-03-23,QQQ,150.48486328125,158.50999450683594,163.3000030517578,158.42999267578125,162.61000061035156,80110400
2018-03-26,QQQ,156.07664489746094,164.39999389648438,164.60000610351562,159.16000366210938,161.72000122070312,57481500
2018-03-27,QQQ,151.02597045898438,159.0800018310547,165.6199951171875,157.67999267578125,165.6199951171875,78889100
2018-03-28,QQQ,149.28863525390625,157.25,159.77999877929688,156.0399932861328,158.1699981689453,89369700
2018-03-29,QQQ,152.0228729248047,160.1300048828125,161.7100067138672,156.6300048828125,158.10000610351562,68692600
2018-04-02,QQQ,147.63673400878906,155.50999450683594,159.74000549316406,153.8800048828125,158.99000549316406,85549400
2018-04-03,QQQ,149.29812622070312,157.25999450683594,157.9199981689453,154.44000244140625,156.8699951171875,64090000
2018-04-04,QQQ,151.65257263183594,159.74000549316406,160.22999572753906,154.0399932861328,154.22000122070312,65768700
2018-04-05,QQQ,152.51649475097656,160.64999389648438,161.5800018310547,159.47999572753906,161.3300018310547,43054900
2018-04-06,QQQ,148.70001220703125,156.6300048828125,160.4600067138672,155.8800048828125,158.8800048828125,59870900
2018-04-09,QQQ,149.74432373046875,157.72999572753906,160.8800048828125,157.4600067138672,157.97999572753906,41810400
2018-04-10,QQQ,153.0481414794922,161.2100067138672,161.72999572753906,159.07000732421875,160.2100067138672,48296800
2018-04-11,QQQ,152.16519165039062,160.27999877929688,162.0,160.10000610351562,160.1999969482422,41622100
2018-04-12,QQQ,153.99749755859375,162.2100067138672,162.77000427246094,161.16000366210938,161.25,30467900
2018-04-13,QQQ,153.19998168945312,161.3699951171875,163.25999450683594,160.6699981689453,163.02000427246094,44604900
2018-04-16,QQQ,154.36778259277344,162.60000610351562,163.19000244140625,161.47999572753906,162.5,28180800
2018-04-17,QQQ,157.69061279296875,166.10000610351562,166.4600067138672,163.91000366210938,164.24000549316406,35536100
2018-04-18,QQQ,158.01332092285156,166.44000244140625,167.0,165.30999755859375,166.10000610351562,29573900
2018-04-19,QQQ,156.56085205078125,164.91000366210938,165.99000549316406,164.33999633789062,165.60000610351562,34705700
2018-04-20,QQQ,154.08294677734375,162.3000030517578,164.61000061035156,161.72999572753906,164.49000549316406,49197100
2018-04-23,QQQ,153.6936798095703,161.88999938964844,163.72999572753906,161.02000427246094,163.08999633789062,33040600
2018-04-24,QQQ,150.43736267089844,158.4600067138672,162.91000366210938,157.38999938964844,162.66000366210938,70256800
2018-04-25,QQQ,150.6177520751953,158.64999389648438,159.30999755859375,156.47000122070312,158.74000549316406,52089300
2018-04-26,QQQ,153.78866577148438,161.99000549316406,162.52999877929688,160.17999267578125,160.6999969482422,43005500
2018-04-27,QQQ,153.8835906982422,162.08999633789062,164.41000366210938,161.1699981689453,164.3699951171875,51043400
2018-04-30,QQQ,152.79177856445312,160.94000244140625,163.47999572753906,160.5399932861328,162.47000122070312,35615300
2018-05-01,QQQ,154.5386199951172,162.77999877929688,162.8000030517578,160.13999938964844,160.52000427246094,36513500
2018-05-02,QQQ,153.62728881835938,161.82000732421875,163.57000732421875,161.6300048828125,163.05999755859375,38646800
2018-05-03,QQQ,153.60830688476562,161.8000030517578,162.39999389648438,159.22000122070312,161.0,60337100
2018-05-04,QQQ,156.52285766601562,164.8699951171875,165.25,160.97999572753906,161.10000610351562,41543200
2018-05-07,QQQ,157.82347106933594,166.24000549316406,166.77999877929688,165.50999450683594,165.63999938964844,32500200
2018-05-08,QQQ,157.66207885742188,166.07000732421875,166.42999267578125,164.86000061035156,165.88999938964844,26040200
2018-05-09,QQQ,159.3804168701172,167.8800048828125,168.0,165.77999877929688,166.3699951171875,29122700
2018-05-10,QQQ,161.0323944091797,169.6199951171875,169.74000549316406,168.2899932861328,168.4199981689453,27067600
2018-05-11,QQQ,160.88046264648438,169.4600067138672,169.86000061035156,168.72000122070312,169.4199981689453,24688800
2018-05-14,QQQ,161.15579223632812,169.75,170.82000732421875,169.47000122070312,169.85000610351562,21821700
2018-05-15,QQQ,159.37094116210938,167.8699951171875,168.5,166.97999572753906,168.41000366210938,49361600
2018-05-16,QQQ,160.42478942871094,168.97999572753906,169.3699951171875,168.00999450683594,168.08999633789062,22941200
2018-05-17,QQQ,159.80767822265625,168.3300018310547,169.61000061035156,167.50999450683594,168.38999938964844,27480200
2018-05-18,QQQ,158.98175048828125,167.4600067138672,168.25999450683594,167.2100067138672,167.67999267578125,26217900
2018-05-21,QQQ,159.87416076660156,168.39999389648438,169.5,167.67999267578125,168.75999450683594,22954600
2018-05-22,QQQ,159.66522216796875,168.17999267578125,169.4499969482422,167.8800048828125,169.1699981689453,19477700
2018-05-23,QQQ,161.0133819580078,169.60000610351562,169.6199951171875,166.8800048828125,166.89999389648438,26557800
2018-05-24,QQQ,160.96591186523438,169.5500030517578,169.85000610351562,167.83999633789062,169.5500030517578,27696500
2018-05-25,QQQ,161.12730407714844,169.72000122070312,170.3300018310547,169.2100067138672,169.52999877929688,27460500
2018-05-29,QQQ,160.41529846191406,168.97000122070312,169.9199981689453,167.9600067138672,168.9499969482422,41220500
2018-05-30,QQQ,161.5640106201172,170.17999267578125,170.47999572753906,169.22000122070312,169.5800018310547,22665800
2018-05-31,QQQ,161.4595947265625,170.07000732421875,171.1999969482422,169.6300048828125,170.17999267578125,35670900
2018-06-01,QQQ,163.99441528320312,172.74000549316406,172.83999633789062,170.8699951171875,170.9199981689453,45543300
2018-06-04,QQQ,165.47540283203125,174.3000030517578,174.33999633789062,173.07000732421875,173.17999267578125,20459600
2018-06-05,QQQ,165.98805236816406,174.83999633789062,175.1300048828125,174.07000732421875,174.7100067138672,24779300
2018-06-06,QQQ,166.9564208984375,175.86000061035156,175.88999938964844,174.13999938964844,175.02000427246094,25036600
2018-06-07,QQQ,165.5988006591797,174.42999267578125,175.92999267578125,173.5500030517578,175.88999938964844,39600300
2018-06-08,QQQ,165.60833740234375,174.44000244140625,174.8800048828125,173.17999267578125,173.61000061035156,31780300
2018-06-11,QQQ,166.05453491210938,174.91000366210938,175.33999633789062,174.27999877929688,174.30999755859375,22319700
2018-06-12,QQQ,166.9279327392578,175.8300018310547,176.0,174.9600067138672,175.14999389648438,22511800
2018-06-13,QQQ,166.91844177246094,175.82000732421875,177.13999938964844,175.42999267578125,176.10000610351562,37858600
2018-06-14,QQQ,168.60838317871094,177.60000610351562,177.88999938964844,176.5,176.6300048828125,35916000
2018-06-15,QQQ,168.0197296142578,176.97999572753906,177.3300018310547,176.11000061035156,176.92999267578125,49615700
2018-06-18,QQQ,167.9227294921875,176.5,176.64999389648438,174.94000244140625,175.49000549316406,31633200
2018-06-19,QQQ,167.44696044921875,176.0,176.0399932861328,173.7100067138672,174.27000427246094,38236000
2018-06-20,QQQ,168.63621520996094,177.25,177.97999572753906,176.64999389648438,176.80999755859375,33038000
2018-06-21,QQQ,167.1710968017578,175.7100067138672,177.8800048828125,175.3699951171875,177.6999969482422,43469400
2018-06-22,QQQ,166.8000030517578,175.32000732421875,176.3699951171875,174.69000244140625,176.3000030517578,30073200
2018-06-25,QQQ,163.04196166992188,171.3699951171875,173.99000549316406,169.80999755859375,173.72999572753906,77799700
2018-06-26,QQQ,163.7079620361328,172.07000732421875,173.05999755859375,171.3699951171875,172.0,39008100
2018-06-27,QQQ,161.48165893554688,169.72999572753906,173.5800018310547,169.61000061035156,172.8000030517578,52843500
2018-06-28,QQQ,162.8707733154297,171.19000244140625,171.77000427246094,169.1699981689453,169.52000427246094,46407700
2018-06-29,QQQ,163.30833435058594,171.64999389648438,172.9199981689453,171.39999389648438,172.00999450683594,36408500
2018-07-02,QQQ,164.4024658203125,172.8000030517578,172.85000610351562,169.6699981689453,170.0399932861328,31770000
2018-07-03,QQQ,162.4996795654297,170.8000030517578,173.4499969482422,170.6300048828125,173.4499969482422,25512700
2018-07-05,QQQ,164.5166473388672,172.9199981689453,173.05999755859375,171.02999877929688,171.91000366210938,31626200
2018-07-06,QQQ,167.07595825195312,175.61000061035156,175.74000549316406,173.0,173.32000732421875,37005600
2018-07-09,QQQ,168.57913208007812,177.19000244140625,177.22999572753906,175.82000732421875,176.52000427246094,27362100
2018-07-10,QQQ,168.7028045654297,177.32000732421875,177.72000122070312,176.7100067138672,177.52000427246094,23902500
2018-07-11,QQQ,167.84658813476562,176.4199981689453,177.07000732421875,175.8000030517578,175.92999267578125,30280600
2018-07-12,QQQ,170.73886108398438,179.4600067138672,179.4600067138672,177.0800018310547,177.1999969482422,27930100
2018-07-13,QQQ,170.88153076171875,179.61000061035156,179.89999389648438,178.9499969482422,179.4499969482422,28049800
2018-07-16,QQQ,170.47242736816406,179.17999267578125,179.9499969482422,178.8800048828125,179.64999389648438,21405300
2018-07-17,QQQ,171.5094757080078,180.27000427246094,180.64999389648438,177.27999877929688,177.27999877929688,31034100
2018-07-18,QQQ,171.18600463867188,179.92999267578125,180.44000244140625,179.3800048828125,180.2899932861328,23220800
2018-07-19,QQQ,170.3297576904297,179.02999877929688,179.8800048828125,178.82000732421875,179.27999877929688,31094100
2018-07-20,QQQ,170.2916717529297,178.99000549316406,180.1699981689453,178.7899932861328,179.57000732421875,35897300
2018-07-23,QQQ,170.83395385742188,179.55999755859375,179.63999938964844,177.74000549316406,178.4600067138672,22184700
2018-07-24,QQQ,171.53802490234375,180.3000030517578,182.0500030517578,179.55999755859375,181.41000366210938,36900300
2018-07-25,QQQ,173.935546875,182.82000732421875,182.92999267578125,180.2899932861328,180.3800048828125,35026600
2018-07-26,QQQ,171.3001251220703,180.0500030517578,180.9199981689453,179.80999755859375,180.33999633789062,40873500
2018-07-27,QQQ,168.98825073242188,177.6199951171875,181.30999755859375,176.60000610351562,181.19000244140625,59456100
2018-07-30,QQQ,166.60023498535156,175.11000061035156,177.72999572753906,174.27000427246094,177.6300048828125,60193000
2018-07-31,QQQ,167.87513732910156,176.4499969482422,177.1300048828125,174.82000732421875,175.8000030517578,47285100
2018-08-01,QQQ,168.51254272460938,177.1199951171875,177.64999389648438,176.10000610351562,176.86000061035156,37101900
2018-08-02,QQQ,170.80545043945312,179.52999877929688,179.74000549316406,175.7899932861328,175.8699951171875,47178200
2018-08-03,QQQ,171.3287353515625,180.0800018310547,180.08999633789062,179.0800018310547,179.8699951171875,28934400
2018-08-06,QQQ,172.33721923828125,181.13999938964844,181.19000244140625,179.74000549316406,179.9600067138672,24808800
2018-08-07,QQQ,172.9651641845703,181.8000030517578,182.13999938964844,181.25999450683594,181.64999389648438,29895700
2018-08-08,QQQ,173.17442321777344,182.02000427246094,182.35000610351562,181.05999755859375,181.5500030517578,22680700
2018-08-09,QQQ,173.0697784423828,181.91000366210938,182.6300048828125,181.63999938964844,181.91000366210938,18852900
2018-08-10,QQQ,171.74732971191406,180.52000427246094,181.22000122070312,179.83999633789062,180.67999267578125,33818500
2018-08-13,QQQ,171.55702209472656,180.32000732421875,182.00999450683594,180.24000549316406,180.85000610351562,26089200
2018-08-14,QQQ,172.63206481933594,181.4499969482422,181.66000366210938,180.0399932861328,181.00999450683594,20913000
2018-08-15,QQQ,170.52001953125,179.22999572753906,180.5800018310547,178.1199951171875,180.00999450683594,58528000
2018-08-16,QQQ,171.0813751220703,179.82000732421875,180.99000549316406,179.47000122070312,180.61000061035156,27711800
2018-08-17,QQQ,171.11936950683594,179.86000061035156,180.30999755859375,178.27000427246094,179.35000610351562,36092600
2018-08-20,QQQ,170.9672088623047,179.6999969482422,180.3300018310547,179.0,180.25999450683594,24939000
2018-08-21,QQQ,171.59507751464844,180.36000061035156,181.44000244140625,180.1300048828125,180.24000549316406,26258700
2018-08-22,QQQ,172.26109313964844,181.05999755859375,181.27000427246094,179.75,179.97999572753906,18042400
2018-08-23,QQQ,172.01370239257812,180.8000030517578,182.0500030517578,180.5,180.74000549316406,25776200
2018-08-24,QQQ,173.61204528808594,182.47999572753906,182.6300048828125,181.36000061035156,181.39999389648438,23136100
2018-08-27,QQQ,175.3816680908203,184.33999633789062,184.33999633789062,183.11000061035156,183.39999389648438,29343600
2018-08-28,QQQ,175.63856506347656,184.61000061035156,185.02000427246094,184.22000122070312,184.8300018310547,20277000
2018-08-29,QQQ,177.66502380371094,186.74000549316406,186.83999633789062,184.86000061035156,184.92999267578125,29175600
2018-08-30,QQQ,177.35107421875,186.41000366210938,187.52000427246094,185.7899932861328,186.3800048828125,29315500
2018-08-31,QQQ,177.5794219970703,186.64999389648438,187.17999267578125,185.97999572753906,186.17999267578125,28653200
2018-09-04,QQQ,176.81826782226562,185.85000610351562,186.39999389648438,184.85000610351562,186.0800018310547,29063500
2018-09-05,QQQ,174.534912109375,183.4499969482422,185.5500030517578,182.82000732421875,185.52000427246094,42623300
2018-09-06,QQQ,172.97462463378906,181.80999755859375,183.75,180.5800018310547,183.52999877929688,46091400
2018-09-07,QQQ,172.3086700439453,181.11000061035156,182.6699981689453,180.44000244140625,180.5,46629500
2018-09-10,QQQ,172.8889923095703,181.72000122070312,182.25,180.72999572753906,182.14999389648438,26132000
2018-09-11,QQQ,174.220947265625,183.1199951171875,183.4199981689453,180.52000427246094,180.99000549316406,30116500
2018-09-12,QQQ,173.70721435546875,182.5800018310547,182.97999572753906,181.00999450683594,182.85000610351562,36204000
2018-09-13,QQQ,175.5624542236328,184.52999877929688,184.8800048828125,183.63999938964844,183.72000122070312,31133200
2018-09-14,QQQ,175.04867553710938,183.99000549316406,184.9499969482422,183.25999450683594,184.66000366210938,31224100
2018-09-17,QQQ,172.5274658203125,181.33999633789062,183.80999755859375,181.1699981689453,183.67999267578125,33071200
2018-09-18,QQQ,173.95455932617188,182.83999633789062,183.72999572753906,181.39999389648438,181.49000549316406,31877300
2018-09-19,QQQ,173.82135009765625,182.6999969482422,183.3000030517578,181.50999450683594,182.8699951171875,31843400
2018-09-20,QQQ,175.74314880371094,184.72000122070312,184.97000122070312,183.52000427246094,183.9600067138672,33295800
2018-09-21,QQQ,174.7822723388672,183.7100067138672,185.47999572753906,183.47999572753906,185.22000122070312,38605400
2018-09-24,QQQ,175.26837158203125,183.88999938964844,183.9600067138672,181.3000030517578,182.0500030517578,34945600
2018-09-25,QQQ,175.50665283203125,184.13999938964844,184.27999877929688,183.17999267578125,183.80999755859375,25277500
2018-09-26,QQQ,175.63059997558594,184.27000427246094,185.99000549316406,183.91000366210938,184.3000030517578,36210600
2018-09-27,QQQ,177.117431640625,185.8300018310547,186.49000549316406,184.9199981689453,185.02000427246094,33113300
2018-09-28,QQQ,177.07928466796875,185.7899932861328,186.27999877929688,184.97000122070312,185.30999755859375,28076800
2018-10-01,QQQ,177.44149780273438,186.1699981689453,187.52999877929688,185.6999969482422,186.8699951171875,27371300
2018-10-02,QQQ,177.04116821289062,185.75,187.17999267578125,185.32000732421875,186.00999450683594,25618600
2018-10-03,QQQ,177.2318115234375,185.9499969482422,186.97000122070312,185.66000366210938,186.52999877929688,29128700
2018-10-04,QQQ,173.82923889160156,182.3800048828125,185.32000732421875,181.05999755859375,185.1999969482422,80557300
2018-10-05,QQQ,171.70370483398438,180.14999389648438,182.97000122070312,178.42999267578125,182.36000061035156,83325600
2018-10-08,QQQ,170.6553192138672,179.0500030517578,180.63999938964844,176.92999267578125,179.52000427246094,66864500
2018-10-09,QQQ,171.20811462402344,179.6300048828125,181.02000427246094,178.75,179.17999267578125,49097900
2018-10-10,QQQ,163.67855834960938,171.72999572753906,178.6199951171875,171.5,178.50999450683594,114471100
2018-10-11,QQQ,161.6483917236328,169.60000610351562,173.39999389648438,167.80999755859375,171.02000427246094,143084500
2018-10-12,QQQ,166.14706420898438,174.32000732421875,174.86000061035156,170.92999267578125,174.1699981689453,102078400
2018-10-15,QQQ,164.13604736328125,172.2100067138672,174.0399932861328,171.55999755859375,173.7100067138672,64885300
2018-10-16,QQQ,168.91107177734375,177.22000122070312,177.64999389648438,173.6999969482422,174.02000427246094,71979700
2018-10-17,QQQ,168.97787475585938,177.2899932861328,178.25999450683594,175.47000122070312,178.0800018310547,66987600
2018-10-18,QQQ,165.06048583984375,173.17999267578125,176.67999267578125,172.44000244140625,176.6199951171875,82486200
2018-10-19,QQQ,164.90802001953125,173.02000427246094,176.07000732421875,172.38999938964844,174.5800018310547,82923700
2018-10-22,QQQ,165.7562713623047,173.91000366210938,175.25,172.58999633789062,174.05999755859375,52909300
2018-10-23,QQQ,165.14633178710938,173.27000427246094,174.1300048828125,168.82000732421875,170.63999938964844,77567000
2018-10-24,QQQ,157.588134765625,165.33999633789062,173.36000061035156,165.0399932861328,173.07000732421875,102997400
2018-10-25,QQQ,163.03990173339844,171.05999755859375,172.0800018310547,167.16000366210938,167.91000366210938,83481100
2018-10-26,QQQ,158.84622192382812,166.66000366210938,169.9600067138672,164.22999572753906,165.1999969482422,130970900
2018-10-29,QQQ,155.57704162597656,163.22999572753906,169.86000061035156,160.08999633789062,169.2100067138672,111871900
2018-10-30,QQQ,158.14089965820312,165.9199981689453,166.0399932861328,162.00999450683594,162.75,92584000
2018-10-31,QQQ,161.85806274414062,169.82000732421875,171.25,168.5399932861328,168.6199951171875,73828600
2018-11-01,QQQ,163.99302673339844,172.05999755859375,172.24000549316406,168.77999877929688,170.07000732421875,52706800
2018-11-02,QQQ,161.4386749267578,169.3800048828125,172.5500030517578,168.22000122070312,171.52999877929688,75966800
2018-11-05,QQQ,161.0384063720703,168.9600067138672,169.66000366210938,167.0800018310547,169.60000610351562,39573500
2018-11-06,QQQ,162.2583770751953,170.24000549316406,171.19000244140625,168.72000122070312,168.97000122070312,34410400
2018-11-07,QQQ,167.3480224609375,175.5800018310547,175.5800018310547,171.8699951171875,172.27999877929688,51169600
2018-11-08,QQQ,166.280517578125,174.4600067138672,175.3000030517578,173.6300048828125,174.75999450683594,40296500
2018-11-09,QQQ,163.4783935546875,171.52000427246094,173.25,170.16000366210938,172.8300018310547,50602700
2018-11-12,QQQ,158.5316925048828,166.3300018310547,170.63999938964844,166.17999267578125,170.32000732421875,62578400
2018-11-13,QQQ,158.6651153564453,166.47000122070312,169.47999572753906,166.0,167.11000061035156,64128100
2018-11-14,QQQ,157.4546356201172,165.1999969482422,168.6999969482422,164.25,168.1199951171875,75270700
2018-11-15,QQQ,160.20919799804688,168.08999633789062,168.5399932861328,163.4600067138672,164.89999389648438,73254300
2018-11-16,QQQ,159.64683532714844,167.5,168.30999755859375,165.77999877929688,166.4499969482422,65390700
2018-11-19,QQQ,154.4618682861328,162.05999755859375,166.89999389648438,161.5399932861328,166.6999969482422,67280500
2018-11-20,QQQ,151.6978302001953,159.16000366210938,161.3800048828125,157.1300048828125,158.3699951171875,102652800
2018-11-21,QQQ,152.8511199951172,160.3699951171875,161.97000122070312,159.22999572753906,161.35000610351562,42965800
2018-11-23,QQQ,151.74551391601562,159.2100067138672,160.83999633789062,159.08999633789062,159.08999633789062,23503700
2018-11-26,QQQ,155.2529754638672,162.88999938964844,162.97000122070312,160.75999450683594,161.44000244140625,42012600
2018-11-27,QQQ,155.7771759033203,163.44000244140625,163.85000610351562,161.17999267578125,162.0,36608100
2018-11-28,QQQ,160.7905731201172,168.6999969482422,168.6999969482422,163.47000122070312,164.6199951171875,70141000
2018-11-29,QQQ,160.266357421875,168.14999389648438,169.25999450683594,166.82000732421875,167.99000549316406,44885700
2018-11-30,QQQ,161.42916870117188,169.3699951171875,169.47000122070312,167.5399932861328,168.3800048828125,36722800
2018-12-03,QQQ,164.2504119873047,172.3300018310547,173.30999755859375,169.50999450683594,173.11000061035156,50771700
2018-12-04,QQQ,157.9503173828125,165.72000122070312,171.91000366210938,165.52000427246094,171.42999267578125,70594700
2018-12-06,QQQ,159.0654296875,166.88999938964844,166.91000366210938,161.77000427246094,162.3800048828125,71715500
2018-12-07,QQQ,153.8137664794922,161.3800048828125,167.1199951171875,160.86000061035156,166.16000366210938,80432200
2018-12-10,QQQ,155.4245147705078,163.07000732421875,163.77999877929688,159.41000366210938,161.0800018310547,73960800
2018-12-11,QQQ,155.93917846679688,163.61000061035156,165.77000427246094,162.22999572753906,165.72999572753906,59058300
2018-12-12,QQQ,157.31170654296875,165.0500030517578,167.60000610351562,164.9600067138672,166.0,53780000
2018-12-13,QQQ,157.35935974121094,165.10000610351562,166.82000732421875,164.02999877929688,166.1300048828125,46378500
2018-12-14,QQQ,153.52780151367188,161.0800018310547,163.80999755859375,160.6999969482422,163.2100067138672,56547400
2018-12-17,QQQ,150.04893493652344,157.42999267578125,161.6699981689453,156.1699981689453,160.38999938964844,74834100
2018-12-18,QQQ,150.99252319335938,158.4199981689453,159.9499969482422,157.0399932861328,158.64999389648438,63642100
2018-12-19,QQQ,147.28492736816406,154.52999877929688,160.72000122070312,153.33999633789062,158.17999267578125,81856500
2018-12-20,QQQ,145.14991760253906,152.2899932861328,155.8699951171875,150.38999938964844,154.14999389648438,99002100
2018-12-21,QQQ,140.6512451171875,147.57000732421875,154.08999633789062,146.72000122070312,153.0500030517578,141129400
2018-12-24,QQQ,137.16339111328125,143.5,147.97999572753906,143.4600067138672,146.0800018310547,56163300
2018-12-26,QQQ,145.72772216796875,152.4600067138672,152.5399932861328,144.08999633789062,145.0800018310547,98982100
2018-12-27,QQQ,146.2916717529297,153.0500030517578,153.17999267578125,147.0800018310547,150.3699951171875,85824300
2018-12-28,QQQ,146.21522521972656,152.97000122070312,155.58999633789062,151.72000122070312,154.14999389648438,77856600
2018-12-31,QQQ,147.4481964111328,154.25999450683594,154.97999572753906,152.7100067138672,154.47000122070312,53015300
2019-01-02,QQQ,148.0408477783203,154.8800048828125,155.75,150.8800048828125,150.99000549316406,58576700
2019-01-03,QQQ,143.20428466796875,149.82000732421875,153.25999450683594,149.49000549316406,152.60000610351562,74820200
2019-01-04,QQQ,149.33120727539062,156.22999572753906,157.0,151.74000549316406,152.33999633789062,74709300
2019-01-07,QQQ,151.10911560058594,158.08999633789062,158.86000061035156,156.11000061035156,156.6199951171875,52059300
2019-01-08,QQQ,152.47596740722656,159.52000427246094,160.11000061035156,157.1999969482422,159.5399932861328,49388700
2019-01-09,QQQ,153.71856689453125,160.82000732421875,161.52000427246094,159.47000122070312,160.13999938964844,46491700
2019-01-10,QQQ,154.15826416015625,161.27999877929688,161.3699951171875,158.6999969482422,159.60000610351562,38943400
2019-01-11,QQQ,153.59429931640625,160.69000244140625,160.86000061035156,159.7899932861328,160.3300018310547,30176600
2019-01-14,QQQ,152.2369842529297,159.27000427246094,159.9600067138672,158.58999633789062,159.3300018310547,30710200
2019-01-15,QQQ,155.20968627929688,162.3800048828125,162.60000610351562,159.91000366210938,160.0,40874200
2019-01-16,QQQ,155.18099975585938,162.35000610351562,163.77999877929688,162.2899932861328,162.64999389648438,33812200
2019-01-17,QQQ,156.40447998046875,163.6300048828125,164.36000061035156,161.57000732421875,161.8300018310547,39329000
2019-01-18,QQQ,157.95294189453125,165.25,166.02000427246094,163.82000732421875,164.77999877929688,57183200
2019-01-22,QQQ,154.78904724121094,161.94000244140625,164.13999938964844,160.75999450683594,164.05999755859375,56711700
2019-01-23,QQQ,154.98983764648438,162.14999389648438,163.50999450683594,160.32000732421875,162.77000427246094,38106100
2019-01-24,QQQ,155.99349975585938,163.1999969482422,163.44000244140625,162.05999755859375,162.67999267578125,32417800
2019-01-25,QQQ,157.8573455810547,165.14999389648438,165.64999389648438,163.9499969482422,164.50999450683594,36515900
2019-01-28,QQQ,155.907470703125,163.11000061035156,163.1199951171875,161.75,163.02000427246094,33491200
2019-01-29,QQQ,154.43544006347656,161.57000732421875,163.24000549316406,160.99000549316406,163.1999969482422,30784200
2019-01-30,QQQ,158.36390686035156,165.67999267578125,166.27999877929688,162.88999938964844,163.39999389648438,41346500
2019-01-31,QQQ,160.7344512939453,168.16000366210938,168.99000549316406,166.47000122070312,166.6999969482422,37258400
2019-02-01,QQQ,160.05577087402344,167.4499969482422,168.60000610351562,166.99000549316406,167.3300018310547,32143700
2019-02-04,QQQ,162.0439453125,169.52999877929688,169.52999877929688,167.3300018310547,167.47999572753906,26718800
2019-02-05,QQQ,163.47769165039062,171.02999877929688,171.22999572753906,169.69000244140625,169.75999450683594,28156400
2019-02-06,QQQ,162.99020385742188,170.52000427246094,171.3699951171875,169.75,171.07000732421875,27970000
2019-02-07,QQQ,160.80136108398438,168.22999572753906,169.4499969482422,166.9499969482422,169.02999877929688,42036200
2019-02-08,QQQ,161.1167755126953,168.55999755859375,168.58999633789062,166.57000732421875,166.75999450683594,29020700
2019-02-11,QQQ,160.96383666992188,168.39999389648438,169.5800018310547,167.97999572753906,169.1699981689453,21434100
2019-02-12,QQQ,163.3438720703125,170.88999938964844,171.13999938964844,169.3300018310547,169.6300048828125,29722100
2019-02-13,QQQ,163.45855712890625,171.00999450683594,172.16000366210938,170.82000732421875,171.64999389648438,26094100
2019-02-14,QQQ,163.65933227539062,171.22000122070312,171.8300018310547,169.8300018310547,170.39999389648438,30326800
2019-02-15,QQQ,164.34756469726562,171.94000244140625,172.55999755859375,171.13999938964844,172.52000427246094,32521700
2019-02-19,QQQ,164.6725311279297,172.27999877929688,172.8000030517578,171.3800048828125,171.41000366210938,19487700
2019-02-20,QQQ,164.643798828125,172.25,173.0800018310547,171.32000732421875,172.39999389648438,32593000
2019-02-21,QQQ,164.04164123535156,171.6199951171875,172.25999450683594,170.7100067138672,171.7899932861328,25207400
2019-02-22,QQQ,165.25558471679688,172.88999938964844,173.00999450683594,171.89999389648438,171.99000549316406,27735400
2019-02-25,QQQ,165.85775756835938,173.52000427246094,174.66000366210938,173.39999389648438,174.2100067138672,32608800
2019-02-26,QQQ,166.0298309326172,173.6999969482422,174.25,172.80999755859375,173.10000610351562,21939700
2019-02-27,QQQ,165.92462158203125,173.58999633789062,173.8000030517578,171.75999450683594,172.89999389648438,25162000
2019-02-28,QQQ,165.54232788085938,173.19000244140625,173.80999755859375,172.6999969482422,173.0500030517578,25085500
2019-03-01,QQQ,166.6893310546875,174.38999938964844,174.64999389648438,173.17999267578125,174.44000244140625,31431200
2019-03-04,QQQ,166.71800231933594,174.4199981689453,175.7899932861328,172.47000122070312,175.5399932861328,38063500
2019-03-05,QQQ,166.84228515625,174.5500030517578,175.08999633789062,173.69000244140625,174.5500030517578,22319900
2019-03-06,QQQ,165.89599609375,173.55999755859375,174.75,173.27999877929688,174.72000122070312,27194600
2019-03-07,QQQ,163.8599853515625,171.42999267578125,173.17999267578125,170.7899932861328,173.1199951171875,39407400
2019-03-08,QQQ,163.61148071289062,171.1699981689453,171.25999450683594,169.33999633789062,169.50999450683594,39303200
2019-03-11,QQQ,167.01434326171875,174.72999572753906,174.85000610351562,171.85000610351562,171.8800048828125,30518400
2019-03-12,QQQ,167.93194580078125,175.69000244140625,176.13999938964844,174.77000427246094,175.19000244140625,33953500
2019-03-13,QQQ,169.19363403320312,177.00999450683594,177.92999267578125,176.35000610351562,176.60000610351562,42426100
2019-03-14,QQQ,168.90689086914062,176.7100067138672,177.33999633789062,176.66000366210938,177.1300048828125,23751500
2019-03-15,QQQ,170.47442626953125,178.35000610351562,178.8800048828125,177.27999877929688,177.39999389648438,38192000
2019-03-18,QQQ,170.88050842285156,178.4499969482422,178.99000549316406,177.58999633789062,177.9499969482422,32935100
2019-03-19,QQQ,171.45504760742188,179.0500030517578,180.0,178.2899932861328,179.17999267578125,36893300
2019-03-20,QQQ,172.13490295410156,179.75999450683594,180.86000061035156,178.24000549316406,179.05999755859375,50105000
2019-03-21,QQQ,174.82566833496094,182.57000732421875,182.8300018310547,179.1999969482422,179.22000122070312,42428500
2019-03-22,QQQ,170.98577880859375,178.55999755859375,182.27000427246094,178.3699951171875,181.77999877929688,70794500
2019-03-25,QQQ,170.66024780273438,178.22000122070312,178.83999633789062,176.92999267578125,177.91000366210938,46336500
2019-03-26,QQQ,171.45504760742188,179.0500030517578,180.69000244140625,178.13999938964844,179.60000610351562,33248100
2019-03-27,QQQ,170.35382080078125,177.89999389648438,179.72000122070312,176.60000610351562,179.32000732421875,37096700
2019-03-28,QQQ,170.74642944335938,178.30999755859375,178.97999572753906,177.24000549316406,178.36000061035156,30368200
2019-03-29,QQQ,172.0391845703125,179.66000366210938,179.8300018310547,178.58999633789062,179.69000244140625,35205500
2019-04-01,QQQ,174.31814575195312,182.0399932861328,182.25999450683594,180.77000427246094,181.50999450683594,30969500
2019-04-02,QQQ,174.97894287109375,182.72999572753906,182.91000366210938,181.77999877929688,182.24000549316406,22645200
2019-04-03,QQQ,175.9844207763672,183.77999877929688,184.9199981689453,183.2100067138672,183.75999450683594,31633500
2019-04-04,QQQ,175.91734313964844,183.7100067138672,184.5,182.64999389648438,183.8300018310547,28530800
2019-04-05,QQQ,176.8271026611328,184.66000366210938,184.77000427246094,184.02000427246094,184.24000549316406,25674700
2019-04-08,QQQ,177.27711486816406,185.1300048828125,185.27999877929688,183.6300048828125,184.36000061035156,22697500
2019-04-09,QQQ,176.65469360351562,184.47999572753906,185.11000061035156,184.08999633789062,184.5,25631900
2019-04-10,QQQ,177.6027069091797,185.47000122070312,185.52999877929688,184.52000427246094,184.72000122070312,24563000
2019-04-11,QQQ,177.18136596679688,185.02999877929688,185.77999877929688,184.69000244140625,185.77999877929688,20654100
2019-04-12,QQQ,177.9474334716797,185.8300018310547,185.9499969482422,185.05999755859375,185.85000610351562,24989100
2019-04-15,QQQ,177.97613525390625,185.86000061035156,186.07000732421875,184.6199951171875,185.83999633789062,21073000
2019-04-16,QQQ,178.5889892578125,186.5,186.91000366210938,185.92999267578125,186.5399932861328,27195700
2019-04-17,QQQ,179.21139526367188,187.14999389648438,187.92999267578125,186.60000610351562,187.75,29651600
2019-04-18,QQQ,179.4412841796875,187.38999938964844,187.7899932861328,186.2899932861328,187.4600067138672,28580900
2019-04-22,QQQ,179.9487762451172,187.9199981689453,187.99000549316406,186.42999267578125,186.57000732421875,17936000
2019-04-23,QQQ,182.23731994628906,190.30999755859375,190.5399932861328,188.1300048828125,188.39999389648438,33665600
2019-04-24,QQQ,181.66281127929688,189.7100067138672,190.7100067138672,189.64999389648438,190.47000122070312,24977100
2019-04-25,QQQ,182.4001922607422,190.47999572753906,191.22000122070312,189.4499969482422,191.1300048828125,29517500
2019-04-26,QQQ,182.56297302246094,190.64999389648438,190.69000244140625,188.58999633789062,190.17999267578125,26359500
2019-04-29,QQQ,182.9173126220703,191.02000427246094,191.32000732421875,190.33999633789062,190.64999389648438,21716200
2019-04-30,QQQ,181.50003051757812,189.5399932861328,189.85000610351562,188.2100067138672,189.47999572753906,31495300
2019-05-01,QQQ,180.91592407226562,188.92999267578125,191.32000732421875,188.8000030517578,190.77999877929688,34797100
2019-05-02,QQQ,180.13070678710938,188.11000061035156,189.85000610351562,186.8699951171875,188.8699951171875,44110100
2019-05-03,QQQ,183.00347900390625,191.11000061035156,191.25,189.3300018310547,189.6699981689453,30386200
2019-05-06,QQQ,181.883056640625,189.94000244140625,190.1999969482422,186.75999450683594,187.0500030517578,38371800
2019-05-07,QQQ,178.340087890625,186.24000549316406,188.6699981689453,184.50999450683594,187.8699951171875,58818100
2019-05-08,QQQ,177.88999938964844,185.77000427246094,187.1699981689453,184.9600067138672,185.6300048828125,37165300
2019-05-09,QQQ,176.9324188232422,184.77000427246094,185.41000366210938,182.08999633789062,183.6999969482422,55351700
2019-05-10,QQQ,177.1526641845703,185.0,185.88999938964844,181.02999877929688,184.11000061035156,58526400
2019-05-13,QQQ,171.0049591064453,178.5800018310547,181.25999450683594,178.05999755859375,180.2899932861328,67185800
2019-05-14,QQQ,172.88185119628906,180.5399932861328,181.6300048828125,178.86000061035156,179.52000427246094,43360600
2019-05-15,QQQ,175.3236083984375,183.08999633789062,183.5500030517578,179.30999755859375,179.35000610351562,40944500
2019-05-16,QQQ,177.0855712890625,184.92999267578125,186.07000732421875,182.9499969482422,183.1699981689453,39281200
2019-05-17,QQQ,175.2758026123047,183.0399932861328,185.5800018310547,182.8800048828125,183.10000610351562,44702300
2019-05-20,QQQ,172.31686401367188,179.9499969482422,181.17999267578125,179.33999633789062,180.49000549316406,38608300
2019-05-21,QQQ,174.1171112060547,181.8300018310547,182.3300018310547,180.9199981689453,181.5,31613800
2019-05-22,QQQ,173.34149169921875,181.02000427246094,182.07000732421875,180.75,180.82000732421875,24332600
2019-05-23,QQQ,170.68893432617188,178.25,179.02000427246094,177.13999938964844,178.94000244140625,45351300
2019-05-24,QQQ,170.60276794433594,178.16000366210938,179.85000610351562,177.94000244140625,179.2100067138672,25903300
2019-05-28,QQQ,169.96124267578125,177.49000549316406,179.66000366210938,177.47000122070312,178.66000366210938,24763800
2019-05-29,QQQ,168.56314086914062,176.02999877929688,177.0,175.08999633789062,176.38999938964844,42178800
2019-05-30,QQQ,169.27175903320312,176.77000427246094,177.27000427246094,175.77000427246094,176.5,30354800
2019-05-31,QQQ,166.5713653564453,173.9499969482422,175.2899932861328,173.8699951171875,174.69000244140625,45446200
2019-06-03,QQQ,162.9038543701172,170.1199951171875,173.9499969482422,169.27000427246094,173.47999572753906,75842300
2019-06-04,QQQ,167.49063110351562,174.91000366210938,174.97000122070312,171.3699951171875,172.02999877929688,47797800
2019-06-05,QQQ,168.7355194091797,176.2100067138672,176.61000061035156,174.3800048828125,176.5800018310547,34412700
2019-06-06,QQQ,170.0760955810547,177.61000061035156,178.0399932861328,175.72999572753906,176.50999450683594,29913200
2019-06-07,QQQ,173.3606414794922,181.0399932861328,181.77000427246094,178.3300018310547,178.55999755859375,45888300
2019-06-10,QQQ,175.3810577392578,183.14999389648438,184.85000610351562,182.2100067138672,182.25,41385300
2019-06-11,QQQ,175.62054443359375,183.39999389648438,185.39999389648438,182.77999877929688,185.05999755859375,41260300
2019-06-12,QQQ,174.60546875,182.33999633789062,183.27999877929688,182.0,182.89999389648438,27758100
2019-06-13,QQQ,175.63967895507812,183.4199981689453,183.8699951171875,182.74000549316406,183.10000610351562,23715800
2019-06-14,QQQ,174.89276123046875,182.63999938964844,183.11000061035156,181.94000244140625,182.47999572753906,22844100
2019-06-17,QQQ,175.9461212158203,183.74000549316406,184.25,182.83999633789062,183.0399932861328,20379500
2019-06-18,QQQ,178.50282287597656,186.41000366210938,187.72000122070312,185.42999267578125,185.91000366210938,48177300
2019-06-19,QQQ,179.1731414794922,187.11000061035156,187.52999877929688,185.57000732421875,186.66000366210938,31672900
2019-06-20,QQQ,180.83932495117188,188.85000610351562,189.75999450683594,187.16000366210938,189.72000122070312,40922000
2019-06-21,QQQ,180.5712127685547,188.57000732421875,189.77000427246094,188.1699981689453,188.6300048828125,39980400
2019-06-24,QQQ,180.5769500732422,188.16000366210938,188.72000122070312,188.05999755859375,188.52999877929688,19375200
2019-06-25,QQQ,177.4771270751953,184.92999267578125,188.13999938964844,184.64999389648438,188.02999877929688,33921100
2019-06-26,QQQ,178.3024444580078,185.7899932861328,187.3300018310547,185.49000549316406,186.16000366210938,22595700
2019-06-27,QQQ,178.98387145996094,186.5,186.94000244140625,185.99000549316406,186.4600067138672,19709200
2019-06-28,QQQ,179.2141876220703,186.74000549316406,187.14999389648438,186.07000732421875,186.9499969482422,21179200
2019-07-01,QQQ,181.6326141357422,189.25999450683594,190.57000732421875,188.3800048828125,190.32000732421875,31025600
2019-07-02,QQQ,182.35244750976562,190.00999450683594,190.02999877929688,188.66000366210938,189.1999969482422,18035800
2019-07-03,QQQ,183.7248077392578,191.44000244140625,191.44000244140625,190.2899932861328,190.49000549316406,15792100
2019-07-05,QQQ,183.35049438476562,191.0500030517578,191.39999389648438,189.38999938964844,190.1300048828125,21415600
2019-07-08,QQQ,182.06448364257812,189.7100067138672,189.8699951171875,188.92999267578125,189.80999755859375,17598800
2019-07-09,QQQ,182.97621154785156,190.66000366210938,190.89999389648438,188.64999389648438,188.80999755859375,19193500
2019-07-10,QQQ,184.7996368408203,192.55999755859375,193.08999633789062,191.47000122070312,191.82000732421875,28374500
2019-07-11,QQQ,184.66531372070312,192.4199981689453,193.33999633789062,191.80999755859375,192.85000610351562,23736100
2019-07-12,QQQ,185.7305145263672,193.52999877929688,193.5399932861328,192.4499969482422,192.6300048828125,20211900
2019-07-15,QQQ,186.3255615234375,194.14999389648438,194.19000244140625,193.44000244140625,193.97999572753906,15606100
2019-07-16,QQQ,185.36587524414062,193.14999389648438,194.08999633789062,192.55999755859375,193.91000366210938,20190900
2019-07-17,QQQ,184.45413208007812,192.1999969482422,193.49000549316406,192.17999267578125,193.14999389648438,16765100
2019-07-18,QQQ,184.66531372070312,192.4199981689453,192.7899932861328,190.69000244140625,191.2899932861328,28877000
2019-07-19,QQQ,183.3120880126953,191.00999450683594,193.8300018310547,190.80999755859375,193.74000549316406,29387900
2019-07-22,QQQ,184.7708282470703,192.52999877929688,192.94000244140625,191.44000244140625,191.44000244140625,18954900
2019-07-23,QQQ,185.98007202148438,193.7899932861328,193.80999755859375,192.2899932861328,193.5800018310547,23786700
2019-07-24,QQQ,187.28526306152344,195.14999389648438,195.16000366210938,193.02999877929688,193.0500030517578,20422900
2019-07-25,QQQ,185.5098114013672,193.3000030517578,194.52000427246094,192.92999267578125,194.49000549316406,23434700
2019-07-26,QQQ,187.41964721679688,195.2899932861328,195.5500030517578,194.42999267578125,194.52999877929688,20431200
2019-07-29,QQQ,186.77662658691406,194.6199951171875,195.17999267578125,193.38999938964844,195.11000061035156,20451700
2019-07-30,QQQ,185.97042846679688,193.77999877929688,194.5399932861328,192.99000549316406,193.1300048828125,18705000
2019-07-31,QQQ,183.3984832763672,191.10000610351562,194.42999267578125,189.32000732421875,194.3000030517578,41627500
2019-08-01,QQQ,182.4867401123047,190.14999389648438,194.97999572753906,189.22999572753906,191.42999267578125,63251600
2019-08-02,QQQ,179.7996368408203,187.35000610351562,188.99000549316406,186.2100067138672,188.72000122070312,55214000
2019-08-05,QQQ,173.44638061523438,180.72999572753906,183.50999450683594,179.1999969482422,183.42999267578125,75040000
2019-08-06,QQQ,175.87445068359375,183.25999450683594,183.8000030517578,181.07000732421875,182.39999389648438,41897200
2019-08-07,QQQ,176.82452392578125,184.25,184.50999450683594,179.88999938964844,181.27000427246094,49990600
2019-08-08,QQQ,180.6729278564453,188.25999450683594,188.32000732421875,184.57000732421875,185.0800018310547,38418100
2019-08-09,QQQ,178.9742431640625,186.49000549316406,188.0,185.02999877929688,187.36000061035156,33608900
2019-08-12,QQQ,176.9204864501953,184.35000610351562,185.89999389648438,183.5,185.33999633789062,24642900
2019-08-13,QQQ,180.7977294921875,188.38999938964844,189.67999267578125,184.02000427246094,184.19000244140625,40241900
2019-08-14,QQQ,175.3946075439453,182.75999450683594,185.9499969482422,182.4199981689453,185.36000061035156,51000500
2019-08-15,QQQ,175.1930389404297,182.5500030517578,183.58999633789062,181.16000366210938,183.0,36685000
2019-08-16,QQQ,178.0049591064453,185.47999572753906,185.9499969482422,184.10000610351562,184.2100067138672,32781400
2019-08-19,QQQ,180.8360595703125,188.42999267578125,188.8300018310547,187.5,188.16000366210938,22494100
2019-08-20,QQQ,179.4348907470703,186.97000122070312,188.63999938964844,186.9199981689453,187.9600067138672,19902900
2019-08-21,QQQ,181.02806091308594,188.6300048828125,189.22999572753906,187.9600067138672,188.61000061035156,20418500
2019-08-22,QQQ,180.442626953125,188.02000427246094,189.4600067138672,186.5399932861328,188.97999572753906,24243700
2019-08-23,QQQ,174.7323760986328,182.07000732421875,188.4499969482422,181.55999755859375,186.74000549316406,55372400
2019-08-26,QQQ,177.37158203125,184.82000732421875,184.8699951171875,183.0800018310547,184.13999938964844,27598900
2019-08-27,QQQ,176.99725341796875,184.42999267578125,186.4199981689453,183.7100067138672,186.11000061035156,28012800
2019-08-28,QQQ,177.63070678710938,185.08999633789062,185.39999389648438,182.91000366210938,183.8300018310547,21792400
2019-08-29,QQQ,180.34664916992188,187.9199981689453,188.4600067138672,186.67999267578125,187.38999938964844,25358900
2019-08-30,QQQ,179.914794921875,187.47000122070312,188.97000122070312,186.41000366210938,188.92999267578125,26319800
2019-09-03,QQQ,178.16815185546875,185.64999389648438,187.17999267578125,185.02999877929688,186.22000122070312,27964200
2019-09-04,QQQ,180.74014282226562,188.3300018310547,188.49000549316406,186.89999389648438,187.44000244140625,21592100
2019-09-05,QQQ,184.0510711669922,191.77999877929688,192.3300018310547,190.33999633789062,190.41000366210938,33932600
2019-09-06,QQQ,183.8687286376953,191.58999633789062,192.1699981689453,191.1699981689453,192.10000610351562,19487800
2019-09-09,QQQ,183.4848175048828,191.19000244140625,192.27000427246094,190.22000122070312,192.19000244140625,24407600
2019-09-10,QQQ,182.95703125,190.63999938964844,190.74000549316406,188.91000366210938,190.16000366210938,23744700
2019-09-11,QQQ,184.67491149902344,192.42999267578125,192.52999877929688,190.55999755859375,191.0,25063600
2019-09-12,QQQ,185.44265747070312,193.22999572753906,194.7100067138672,192.97000122070312,193.61000061035156,28689900
2019-09-13,QQQ,184.78042602539062,192.5399932861328,193.39999389648438,192.2899932861328,192.9499969482422,27669800
2019-09-16,QQQ,183.9551239013672,191.67999267578125,192.0800018310547,191.11000061035156,191.3000030517578,20319000
2019-09-17,QQQ,184.83807373046875,192.60000610351562,192.60000610351562,191.2899932861328,191.6999969482422,20953400
2019-09-18,QQQ,184.76129150390625,192.52000427246094,192.60000610351562,190.11000061035156,192.1999969482422,29781300
2019-09-19,QQQ,185.068359375,192.83999633789062,194.0399932861328,192.47000122070312,192.86000061035156,26039400
2019-09-20,QQQ,183.11058044433594,190.8000030517578,193.30999755859375,190.16000366210938,193.11000061035156,29086100
2019-09-23,QQQ,183.1913604736328,190.5,191.07000732421875,189.72000122070312,190.36000061035156,22485900
2019-09-24,QQQ,180.75840759277344,187.97000122070312,191.7899932861328,187.14999389648438,191.3699951171875,40820700
2019-09-25,QQQ,182.78744506835938,190.0800018310547,190.5800018310547,186.2100067138672,187.77999877929688,34704900
2019-09-26,QQQ,182.11436462402344,189.3800048828125,190.0,187.97999572753906,189.8300018310547,26826000
2019-09-27,QQQ,179.8544921875,187.02999877929688,189.8300018310547,185.75,189.72999572753906,40773500
2019-09-30,QQQ,181.56617736816406,188.80999755859375,189.11000061035156,187.39999389648438,187.7899932861328,26307700
2019-10-01,QQQ,180.08529663085938,187.27000427246094,190.58999633789062,186.9600067138672,189.5,32367600
2019-10-02,QQQ,176.9888153076172,184.0500030517578,186.02999877929688,183.02000427246094,186.0,48544300
2019-10-03,QQQ,178.93130493164062,186.07000732421875,186.2100067138672,181.82000732421875,184.02999877929688,39392500
2019-10-04,QQQ,181.56617736816406,188.80999755859375,189.0800018310547,186.8800048828125,187.0800018310547,31887600
2019-10-07,QQQ,181.01803588867188,188.24000549316406,189.74000549316406,187.91000366210938,188.27000427246094,21216000
2019-10-08,QQQ,178.30625915527344,185.4199981689453,187.86000061035156,185.27000427246094,187.05999755859375,32379300
2019-10-09,QQQ,180.04678344726562,187.22999572753906,188.0800018310547,186.42999267578125,186.99000549316406,20147400
2019-10-10,QQQ,181.44114685058594,188.67999267578125,189.42999267578125,187.1199951171875,187.27999877929688,25177700
2019-10-11,QQQ,183.77792358398438,191.11000061035156,192.6300048828125,190.72000122070312,190.8300018310547,40976700
2019-10-14,QQQ,183.7587127685547,191.08999633789062,191.6999969482422,190.64999389648438,190.83999633789062,14975000
2019-10-15,QQQ,186.09547424316406,193.52000427246094,193.97000122070312,191.55999755859375,191.67999267578125,23234200
2019-10-16,QQQ,185.6338653564453,193.0399932861328,193.52999877929688,192.42999267578125,192.86000061035156,20457100
2019-10-17,QQQ,186.12432861328125,193.5500030517578,194.5,192.80999755859375,194.1999969482422,19045200
2019-10-18,QQQ,184.33567810058594,191.69000244140625,193.6699981689453,190.7100067138672,193.1999969482422,27700800
2019-10-21,QQQ,185.97044372558594,193.38999938964844,193.52000427246094,192.13999938964844,192.7100067138672,15801200
2019-10-22,QQQ,184.4895477294922,191.85000610351562,194.4199981689453,191.7899932861328,194.14999389648438,22392300
2019-10-23,QQQ,184.84535217285156,192.22000122070312,192.25999450683594,191.14999389648438,191.4600067138672,14828400
2019-10-24,QQQ,186.6436309814453,194.08999633789062,194.2100067138672,192.74000549316406,193.58999633789062,18998500
2019-10-25,QQQ,188.1341552734375,195.63999938964844,195.74000549316406,193.0500030517578,193.08999633789062,21507100
2019-10-28,QQQ,189.9901580810547,197.57000732421875,197.8300018310547,196.5500030517578,196.5500030517578,18818700
2019-10-29,QQQ,188.51876831054688,196.0399932861328,197.5399932861328,196.00999450683594,197.24000549316406,18569700
2019-10-30,QQQ,189.43235778808594,196.99000549316406,197.32000732421875,195.2899932861328,196.4199981689453,21764300
2019-10-31,QQQ,189.51890563964844,197.0800018310547,197.64999389648438,195.94000244140625,197.55999755859375,26801800
2019-11-01,QQQ,191.24021911621094,198.8699951171875,198.8800048828125,197.6300048828125,197.92999267578125,22131900
2019-11-04,QQQ,192.4230194091797,200.10000610351562,200.52999877929688,198.8699951171875,200.19000244140625,19015900
2019-11-05,QQQ,192.52880859375,200.2100067138672,200.5500030517578,199.5500030517578,200.35000610351562,15048900
2019-11-06,QQQ,192.09605407714844,199.75999450683594,200.0,198.7899932861328,199.97999572753906,19725500
2019-11-07,QQQ,192.74034118652344,200.42999267578125,201.72000122070312,199.85000610351562,200.75999450683594,17832400
2019-11-08,QQQ,193.50967407226562,201.22999572753906,201.25,199.5399932861328,200.07000732421875,15258800
2019-11-11,QQQ,193.25006103515625,200.9600067138672,201.0399932861328,199.94000244140625,200.2100067138672,10147600
2019-11-12,QQQ,193.80776977539062,201.5399932861328,202.2100067138672,200.82000732421875,201.1300048828125,14778300
2019-11-13,QQQ,193.85589599609375,201.58999633789062,201.77999877929688,200.7100067138672,200.83999633789062,15774600
2019-11-14,QQQ,193.70201110839844,201.42999267578125,201.55999755859375,200.22000122070312,200.8300018310547,16945400
2019-11-15,QQQ,195.12518310546875,202.91000366210938,202.91000366210938,202.0,202.64999389648438,18427900
2019-11-18,QQQ,195.27911376953125,203.07000732421875,203.38999938964844,201.77000427246094,202.58999633789062,18365900
2019-11-19,QQQ,195.5675811767578,203.3699951171875,203.83999633789062,202.58999633789062,203.83999633789062,16923300
2019-11-20,QQQ,194.39437866210938,202.14999389648438,203.4499969482422,200.6199951171875,202.83999633789062,36629000
2019-11-21,QQQ,193.961669921875,201.6999969482422,202.07000732421875,201.07000732421875,201.92999267578125,17883600
2019-11-22,QQQ,194.086669921875,201.8300018310547,202.32000732421875,200.74000549316406,202.1999969482422,17189600
2019-11-25,QQQ,196.3849334716797,204.22000122070312,204.25999450683594,202.6699981689453,202.6999969482422,17752800
2019-11-26,QQQ,196.75999450683594,204.61000061035156,204.8699951171875,204.0500030517578,204.35000610351562,14780600
2019-11-27,QQQ,198.1351318359375,206.0399932861328,206.0500030517578,204.88999938964844,205.13999938964844,16963100
2019-11-29,QQQ,197.23121643066406,205.10000610351562,205.8300018310547,205.0,205.52000427246094,9854600
2019-12-02,QQQ,195.2117919921875,203.0,205.17999267578125,201.77999877929688,205.11000061035156,28007000
2019-12-03,QQQ,193.68276977539062,201.41000366210938,201.49000549316406,199.22999572753906,200.2100067138672,31104100
2019-12-04,QQQ,194.66360473632812,202.42999267578125,202.91000366210938,202.13999938964844,202.44000244140625,15300100
2019-12-05,QQQ,195.04830932617188,202.8300018310547,203.14999389648438,201.83999633789062,203.14999389648438,14962300
2019-12-06,QQQ,197.1350860595703,205.0,205.14999389648438,204.14999389648438,204.30999755859375,16555300
2019-12-09,QQQ,196.24072265625,204.07000732421875,205.58999633789062,203.97999572753906,204.6300048828125,13984100
2019-12-10,QQQ,196.07720947265625,203.89999389648438,204.8800048828125,203.44000244140625,204.1699981689453,21799800
2019-12-11,QQQ,197.11578369140625,204.97999572753906,205.19000244140625,204.0399932861328,204.36000061035156,18780800
2019-12-12,QQQ,198.5871124267578,206.50999450683594,207.32000732421875,204.49000549316406,204.77000427246094,32612000
2019-12-13,QQQ,199.24098205566406,207.19000244140625,207.91000366210938,205.9600067138672,206.39999389648438,32519400
2019-12-16,QQQ,201.2412567138672,209.27000427246094,209.52999877929688,208.47999572753906,208.5500030517578,21296600
2019-12-17,QQQ,201.3566131591797,209.38999938964844,209.7100067138672,209.0399932861328,209.5399932861328,15996100
2019-12-18,QQQ,201.51048278808594,209.5500030517578,210.1300048828125,209.3300018310547,209.57000732421875,15443300
2019-12-19,QQQ,202.77023315429688,210.86000061035156,210.92999267578125,209.6199951171875,209.63999938964844,17865900
2019-12-20,QQQ,203.5876007080078,211.7100067138672,212.52000427246094,211.27000427246094,211.86000061035156,27672600
2019-12-23,QQQ,204.12538146972656,211.80999755859375,212.14999389648438,211.6300048828125,212.0,23774700
2019-12-24,QQQ,204.2313995361328,211.9199981689453,212.08999633789062,211.44000244140625,212.0,7089000
2019-12-26,QQQ,206.0335693359375,213.7899932861328,213.80999755859375,212.22999572753906,212.25999450683594,17067500
2019-12-27,QQQ,205.8600616455078,213.61000061035156,214.55999755859375,213.0399932861328,214.5399932861328,18134100
2019-12-30,QQQ,204.51087951660156,212.2100067138672,213.6300048828125,211.16000366210938,213.5,21815500
2019-12-31,QQQ,204.89634704589844,212.61000061035156,212.75999450683594,211.1999969482422,211.52999877929688,18170900
2020-01-02,QQQ,208.3175506591797,216.16000366210938,216.16000366210938,213.97999572753906,214.39999389648438,30969400
2020-01-03,QQQ,206.40933227539062,214.17999267578125,215.47000122070312,213.27999877929688,213.3000030517578,27518900
2020-01-06,QQQ,207.73934936523438,215.55999755859375,215.58999633789062,212.24000549316406,212.5,21655300
2020-01-07,QQQ,207.7104034423828,215.52999877929688,216.13999938964844,214.85000610351562,215.63999938964844,22139300
2020-01-08,QQQ,209.27162170410156,217.14999389648438,218.13999938964844,215.16000366210938,215.5,26397300
2020-01-09,QQQ,211.044921875,218.99000549316406,219.41000366210938,217.7100067138672,218.94000244140625,23547000
2020-01-10,QQQ,210.50515747070312,218.42999267578125,219.8699951171875,218.0399932861328,219.85000610351562,21898500
2020-01-13,QQQ,212.9337615966797,220.9499969482422,220.97999572753906,218.97999572753906,219.3300018310547,22756900
2020-01-14,QQQ,212.0953369140625,220.0800018310547,221.2100067138672,219.74000549316406,220.83999633789062,24418100
2020-01-15,QQQ,212.18206787109375,220.1699981689453,221.1999969482422,219.4499969482422,220.1999969482422,25742100
2020-01-16,QQQ,214.2155303955078,222.27999877929688,222.32000732421875,220.8000030517578,221.27000427246094,18805000
2020-01-17,QQQ,215.27560424804688,223.3800048828125,223.55999755859375,222.1199951171875,223.27999877929688,24325200
2020-01-21,QQQ,215.17922973632812,223.27999877929688,223.83999633789062,222.66000366210938,222.75999450683594,21146300
2020-01-22,QQQ,215.747802734375,223.8699951171875,225.14999389648438,223.58999633789062,224.41000366210938,20736400
2020-01-23,QQQ,216.44168090820312,224.58999633789062,224.69000244140625,222.6999969482422,223.74000549316406,26496100
2020-01-24,QQQ,214.62026977539062,222.6999969482422,225.8800048828125,221.6699981689453,225.63999938964844,37436500
2020-01-27,QQQ,210.1871795654297,218.10000610351562,219.27999877929688,217.17999267578125,217.6699981689453,42264400
2020-01-28,QQQ,213.4156036376953,221.4499969482422,221.9600067138672,219.05999755859375,219.63999938964844,26731900
2020-01-29,QQQ,213.76258850097656,221.80999755859375,222.92999267578125,220.8300018310547,222.67999267578125,28924500
2020-01-30,QQQ,214.52392578125,222.60000610351562,222.6999969482422,219.69000244140625,220.3800048828125,39568100
2020-01-31,QQQ,211.12197875976562,219.07000732421875,223.55999755859375,218.2899932861328,223.52999877929688,52015800
2020-02-03,QQQ,214.31190490722656,222.3800048828125,222.88999938964844,219.99000549316406,220.13999938964844,25408600
2020-02-04,QQQ,219.21722412109375,227.47000122070312,227.86000061035156,224.64999389648438,225.4199981689453,30691200
2020-02-05,QQQ,219.9400177001953,228.22000122070312,230.25,226.85000610351562,230.2100067138672,38534800
2020-02-06,QQQ,221.8385467529297,230.19000244140625,230.25,227.97999572753906,228.7899932861328,22467100
2020-02-07,QQQ,220.8844451904297,229.1999969482422,230.44000244140625,228.5399932861328,229.16000366210938,25884900
2020-02-10,QQQ,223.55398559570312,231.97000122070312,231.97999572753906,228.3800048828125,228.44000244140625,21478900
2020-02-11,QQQ,223.5924835205078,232.00999450683594,234.02000427246094,231.39999389648438,233.25,30198000
2020-02-12,QQQ,225.77047729492188,234.27000427246094,234.3800048828125,232.8000030517578,233.3800048828125,24471300
2020-02-13,QQQ,225.4813995361328,233.97000122070312,234.92999267578125,232.36000061035156,232.63999938964844,22773200
2020-02-14,QQQ,226.12704467773438,234.63999938964844,234.86000061035156,233.5500030517578,234.33999633789062,23438500
2020-02-18,QQQ,226.2137908935547,234.72999572753906,235.1699981689453,233.25,233.5,24394500
2020-02-19,QQQ,228.38214111328125,236.97999572753906,237.47000122070312,235.85000610351562,236.1300048828125,22230500
2020-02-20,QQQ,226.26197814941406,234.77999877929688,236.9499969482422,231.8800048828125,236.4600067138672,42604000
2020-02-21,QQQ,221.91558837890625,230.27000427246094,234.00999450683594,229.32000732421875,233.61000061035156,66017200
2020-02-24,QQQ,213.35777282714844,221.38999938964844,224.25,220.25999450683594,221.67999267578125,84522600
2020-02-25,QQQ,207.55621337890625,215.3699951171875,223.99000549316406,214.74000549316406,223.25,97743000
2020-02-26,QQQ,208.62591552734375,216.47999572753906,220.27999877929688,214.89999389648438,216.7100067138672,79537700
2020-02-27,QQQ,198.17921447753906,205.63999938964844,216.4199981689453,205.5,210.89999389648438,121822600
2020-02-28,QQQ,198.33343505859375,205.8000030517578,207.1699981689453,198.1699981689453,198.63999938964844,148173700
2020-03-02,QQQ,208.56813049316406,216.4199981689453,216.57000732421875,205.94000244140625,208.8800048828125,112933900
2020-03-03,QQQ,201.87994384765625,209.47999572753906,219.61000061035156,207.6199951171875,217.11000061035156,131953500
2020-03-04,QQQ,210.3028106689453,218.22000122070312,218.3300018310547,211.3699951171875,213.32000732421875,73086200
2020-03-05,QQQ,203.91336059570312,211.58999633789062,216.36000061035156,210.10000610351562,212.69000244140625,78705500
2020-03-06,QQQ,200.47288513183594,208.02000427246094,209.14999389648438,202.91000366210938,204.6699981689453,89828400
2020-03-09,QQQ,186.54710388183594,193.57000732421875,201.16000366210938,192.11000061035156,193.47999572753906,116424000
2020-03-10,QQQ,196.7047119140625,204.11000061035156,204.3000030517578,193.67999267578125,201.11000061035156,100599200
2020-03-11,QQQ,188.1372528076172,195.22000122070312,200.75,192.72999572753906,199.35000610351562,89168800
2020-03-12,QQQ,170.88673400878906,177.32000732421875,190.77999877929688,176.94000244140625,182.08999633789062,137820700
2020-03-13,QQQ,185.36170959472656,192.33999633789062,194.47999572753906,178.1300048828125,187.07000732421875,134882000
2020-03-16,QQQ,163.15765380859375,169.3000030517578,184.67999267578125,169.16000366210938,174.14999389648438,92054400
2020-03-17,QQQ,175.53179931640625,182.13999938964844,184.38999938964844,169.77999877929688,175.47000122070312,121257100
2020-03-18,QQQ,170.19285583496094,176.60000610351562,179.22000122070312,166.8000030517578,171.61000061035156,114156300
2020-03-19,QQQ,171.21437072753906,177.66000366210938,183.49000549316406,171.6300048828125,175.69000244140625,120896500
2020-03-20,QQQ,164.5069122314453,170.6999969482422,182.8699951171875,170.10000610351562,181.74000549316406,118983900
2020-03-23,QQQ,164.625732421875,170.4600067138672,174.2100067138672,164.92999267578125,170.9199981689453,124639800
2020-03-24,QQQ,177.37388610839844,183.66000366210938,183.8300018310547,177.9499969482422,179.91000366210938,94881800
2020-03-25,QQQ,176.06040954589844,182.3000030517578,189.50999450683594,179.97999572753906,184.4199981689453,88754900
2020-03-26,QQQ,185.33180236816406,191.89999389648438,192.72000122070312,183.61000061035156,183.8699951171875,79887600
2020-03-27,QQQ,178.95773315429688,185.3000030517578,190.50999450683594,184.66000366210938,186.92999267578125,58845000
2020-03-30,QQQ,185.46702575683594,192.0399932861328,192.49000549316406,186.33999633789062,187.05999755859375,49356900
2020-03-31,QQQ,183.8831787109375,190.39999389648438,195.25,189.1999969482422,191.72000122070312,62659300
2020-04-01,QQQ,176.070068359375,182.30999755859375,187.66000366210938,180.86000061035156,184.77000427246094,53715400
2020-04-02,QQQ,179.6433868408203,186.00999450683594,190.10000610351562,180.97000122070312,181.24000549316406,56465300
2020-04-03,QQQ,177.09371948242188,183.3699951171875,187.07000732421875,181.2899932861328,185.5500030517578,47487600
2020-04-06,QQQ,189.75506591796875,196.47999572753906,197.64999389648438,189.19000244140625,190.47999572753906,64763500
2020-04-07,QQQ,189.67779541015625,196.39999389648438,202.66000366210938,196.0,202.3699951171875,69904500
2020-04-08,QQQ,193.705078125,200.57000732421875,201.1699981689453,196.1699981689453,198.14999389648438,45940400
2020-04-09,QQQ,193.98519897460938,200.86000061035156,203.22000122070312,199.02999877929688,202.35000610351562,68252600
2020-04-13,QQQ,196.08090209960938,203.02999877929688,203.4199981689453,198.75,200.0,42853900
2020-04-14,QQQ,204.608642578125,211.86000061035156,212.5,206.4199981689453,207.22999572753906,63959600
2020-04-15,QQQ,202.2618408203125,209.42999267578125,211.8300018310547,207.1199951171875,208.47999572753906,47036000
2020-04-16,QQQ,205.95108032226562,213.25,214.3699951171875,209.69000244140625,211.69000244140625,64657400
2020-04-17,QQQ,207.92123413085938,215.2899932861328,216.50999450683594,212.0800018310547,216.1699981689453,62863200
2020-04-20,QQQ,205.45855712890625,212.74000549316406,215.8800048828125,212.57000732421875,213.36000061035156,38249100
2020-04-21,QQQ,197.87721252441406,204.88999938964844,211.16000366210938,203.6300048828125,210.60000610351562,72932800
2020-04-22,QQQ,203.74908447265625,210.97000122070312,212.35000610351562,208.3300018310547,209.10000610351562,40089100
2020-04-23,QQQ,203.31454467773438,210.52000427246094,214.44000244140625,210.10000610351562,211.7899932861328,43278500
2020-04-24,QQQ,206.52090454101562,213.83999633789062,214.3000030517578,209.5,210.97000122070312,34231900
2020-04-27,QQQ,208.18203735351562,215.55999755859375,216.6300048828125,214.5,216.19000244140625,36451700
2020-04-28,QQQ,204.26101684570312,211.5,217.32000732421875,211.2100067138672,217.32000732421875,46862800
2020-04-29,QQQ,211.5043182373047,219.0,219.97000122070312,215.13999938964844,216.19000244140625,48716400
2020-04-30,QQQ,211.4173583984375,218.91000366210938,220.0399932861328,217.35000610351562,219.9499969482422,43359500
2020-05-01,QQQ,205.45855712890625,212.74000549316406,216.6699981689453,211.67999267578125,214.5,48795000
2020-05-04,QQQ,207.8536376953125,215.22000122070312,215.4499969482422,211.1199951171875,211.4600067138672,32841000
2020-05-05,QQQ,210.2101287841797,217.66000366210938,220.13999938964844,216.85000610351562,217.44000244140625,37783100
2020-05-06,QQQ,211.5043182373047,219.0,221.0399932861328,218.11000061035156,219.39999389648438,36455200
2020-05-07,QQQ,214.22775268554688,221.82000732421875,222.72999572753906,220.4199981689453,221.82000732421875,38624800
2020-05-08,QQQ,217.1636962890625,224.86000061035156,225.0,222.47999572753906,223.5500030517578,31852300
2020-05-11,QQQ,219.1049041748047,226.8699951171875,227.92999267578125,223.25,223.49000549316406,35714100
2020-05-12,QQQ,214.5175018310547,222.1199951171875,228.10000610351562,222.08999633789062,227.49000549316406,41054100
2020-05-13,QQQ,211.8326416015625,219.33999633789062,224.61000061035156,216.7100067138672,222.66000366210938,65521200
2020-05-14,QQQ,214.23739624023438,221.8300018310547,221.8699951171875,215.99000549316406,217.97000122070312,51549300
2020-05-15,QQQ,215.62811279296875,223.27000427246094,223.3300018310547,218.3300018310547,218.77999877929688,55747200
2020-05-18,QQQ,219.6457977294922,227.42999267578125,228.67999267578125,225.47000122070312,226.27999877929688,42398100
2020-05-19,QQQ,219.09524536132812,226.86000061035156,229.85000610351562,226.7100067138672,227.6999969482422,36237300
2020-05-20,QQQ,223.47019958496094,231.38999938964844,231.75999450683594,229.47999572753906,229.5,37417000
2020-05-21,QQQ,221.03643798828125,228.8699951171875,232.13999938964844,228.33999633789062,231.44000244140625,43642900
2020-05-22,QQQ,221.7994384765625,229.66000366210938,229.8699951171875,227.5,228.4499969482422,28762400
2020-05-26,QQQ,221.20065307617188,229.0399932861328,233.57000732421875,228.7899932861328,233.36000061035156,33055300
2020-05-27,QQQ,222.40782165527344,230.2899932861328,230.41000366210938,223.94000244140625,228.69000244140625,55665600
2020-05-28,QQQ,222.1181182861328,229.99000549316406,233.47000122070312,229.0500030517578,229.11000061035156,42784300
2020-05-29,QQQ,225.37277221679688,233.36000061035156,233.60000610351562,228.75999450683594,230.3800048828125,50691800
2020-06-01,QQQ,226.0487823486328,234.05999755859375,234.4499969482422,232.0,232.4600067138672,25776000
2020-06-02,QQQ,227.56507873535156,235.6300048828125,235.69000244140625,232.00999450683594,234.5,33383400
2020-06-03,QQQ,228.58877563476562,236.69000244140625,237.47000122070312,235.35000610351562,236.25999450683594,37228700
2020-06-04,QQQ,226.98562622070312,235.02999877929688,237.7899932861328,233.67999267578125,236.3300018310547,38716100
2020-06-05,QQQ,231.4861297607422,239.69000244140625,240.3000030517578,235.6300048828125,236.22000122070312,47365600
2020-06-08,QQQ,233.28245544433594,241.5500030517578,241.67999267578125,237.91000366210938,239.5399932861328,32937300
2020-06-09,QQQ,234.9725341796875,243.3000030517578,244.17999267578125,240.47000122070312,240.66000366210938,35046300
2020-06-10,QQQ,237.7925567626953,246.22000122070312,247.82000732421875,244.50999450683594,245.0500030517578,58084400
2020-06-11,QQQ,226.01019287109375,234.02000427246094,243.58999633789062,233.9600067138672,242.16000366210938,72919400
2020-06-12,QQQ,227.8065185546875,235.8800048828125,240.39999389648438,231.74000549316406,239.08999633789062,72034800
2020-06-15,QQQ,230.57830810546875,238.75,239.4499969482422,231.47000122070312,232.44000244140625,45307400
2020-06-16,QQQ,234.5379638671875,242.85000610351562,244.38999938964844,239.10000610351562,243.77999877929688,48890100
2020-06-17,QQQ,235.28160095214844,243.6199951171875,245.5,242.72999572753906,244.39999389648438,34749300
2020-06-18,QQQ,235.91903686523438,244.27999877929688,244.52999877929688,242.49000549316406,243.2899932861328,30578600
2020-06-19,QQQ,235.88040161132812,244.24000549316406,247.0,242.4499969482422,246.72999572753906,49422100
2020-06-22,QQQ,238.70921325683594,246.74000549316406,246.8699951171875,243.3800048828125,243.67999267578125,24068700
2020-06-23,QQQ,240.74087524414062,248.83999633789062,251.14999389648438,247.82000732421875,248.38999938964844,32767400
2020-06-24,QQQ,235.77784729003906,243.7100067138672,249.3300018310547,242.16000366210938,248.05999755859375,46032400
2020-06-25,QQQ,238.0223388671875,246.02999877929688,246.33999633789062,241.13999938964844,243.8000030517578,36940800
2020-06-26,QQQ,232.4014434814453,240.22000122070312,245.9600067138672,239.67999267578125,245.77999877929688,52824600
2020-06-29,QQQ,234.93614196777344,242.83999633789062,242.85000610351562,237.35000610351562,239.97000122070312,34377800
2020-06-30,QQQ,239.54122924804688,247.60000610351562,248.16000366210938,242.5800018310547,242.77000427246094,38909200
2020-07-01,QQQ,242.337158203125,250.49000549316406,251.52000427246094,247.0800018310547,247.63999938964844,34689200
2020-07-02,QQQ,243.9818115234375,252.19000244140625,254.27000427246094,251.7100067138672,253.02000427246094,31956500
2020-07-06,QQQ,249.9800567626953,258.3900146484375,258.92999267578125,255.42999267578125,255.4499969482422,34589000
2020-07-07,QQQ,248.25794982910156,256.6099853515625,260.8800048828125,256.29998779296875,258.1300048828125,36578200
2020-07-08,QQQ,251.52796936035156,259.989990234375,260.0199890136719,256.5,257.9800109863281,30426300
2020-07-09,QQQ,253.6466064453125,262.17999267578125,262.8699951171875,257.6300048828125,261.9700012207031,40312900
2020-07-10,QQQ,255.3784637451172,263.9700012207031,264.2300109863281,259.260009765625,262.0299987792969,32885300
2020-07-13,QQQ,250.1251678466797,258.5400085449219,269.7900085449219,257.69000244140625,266.9100036621094,64108100
2020-07-14,QQQ,251.8955535888672,260.3699951171875,260.7900085449219,252.75999450683594,255.92999267578125,72230500
2020-07-15,QQQ,252.4082794189453,260.8999938964844,262.69000244140625,257.489990234375,261.8299865722656,54523900
2020-07-16,QQQ,250.68624877929688,259.1199951171875,259.7799987792969,255.6199951171875,258.0199890136719,47594100
2020-07-17,QQQ,250.9765167236328,259.4200134277344,260.30999755859375,257.1700134277344,259.5899963378906,35137900
2020-07-20,QQQ,258.09698486328125,266.7799987792969,267.42999267578125,258.7900085449219,260.0799865722656,40610100
2020-07-21,QQQ,255.4075164794922,264.0,268.4100036621094,263.1300048828125,268.3999938964844,43243800
2020-07-22,QQQ,256.3072204589844,264.92999267578125,265.8900146484375,262.54998779296875,264.510009765625,29865500
2020-07-23,QQQ,249.61241149902344,258.010009765625,265.239990234375,256.54998779296875,264.510009765625,51363500
2020-07-24,QQQ,247.24217224121094,255.55999755859375,256.92999267578125,251.32000732421875,254.0399932861328,54054500
2020-07-27,QQQ,251.65371704101562,260.1199951171875,260.5199890136719,256.45001220703125,257.260009765625,36445700
2020-07-28,QQQ,248.45143127441406,256.80999755859375,259.8500061035156,256.510009765625,259.30999755859375,31302400
2020-07-29,QQQ,251.31517028808594,259.7699890136719,260.6600036621094,257.9100036621094,258.3999938964844,27556900
2020-07-30,QQQ,252.63084411621094,261.1300048828125,261.7099914550781,256.54998779296875,257.739990234375,41774500
2020-07-31,QQQ,257.13916015625,265.7900085449219,265.95001220703125,260.8500061035156,265.9100036621094,53686300
2020-08-03,QQQ,260.61236572265625,269.3800048828125,270.1499938964844,267.8699951171875,268.0,32081600
2020-08-04,QQQ,261.5797424316406,270.3800048828125,270.4800109863281,268.0899963378906,268.8599853515625,24911300
2020-08-05,QQQ,262.2279968261719,271.04998779296875,271.5199890136719,269.9599914550781,270.8800048828125,21612100
2020-08-06,QQQ,265.7010803222656,274.6400146484375,274.9800109863281,270.19000244140625,270.8500061035156,28048200
2020-08-07,QQQ,262.63433837890625,271.4700012207031,274.8800048828125,269.25,274.0799865722656,44969400
2020-08-10,QQQ,261.5120849609375,270.30999755859375,271.9800109863281,266.6700134277344,271.7699890136719,35088400
2020-08-11,QQQ,256.5587158203125,265.19000244140625,270.44000244140625,264.6300048828125,269.1099853515625,43104300
2020-08-12,QQQ,263.0115966796875,271.8599853515625,272.8399963378906,267.3699951171875,267.4200134277344,38773400
2020-08-13,QQQ,263.61138916015625,272.4800109863281,274.8299865722656,271.510009765625,272.6600036621094,31895700
2020-08-14,QQQ,263.3019104003906,272.1600036621094,273.3999938964844,270.7200012207031,273.1199951171875,30799500
2020-08-17,QQQ,266.3590393066406,275.32000732421875,275.8399963378906,272.20001220703125,273.92999267578125,24803000
2020-08-18,QQQ,268.9227600097656,277.9700012207031,278.4599914550781,274.9100036621094,276.4200134277344,23529500
2020-08-19,QQQ,267.1136169433594,276.1000061035156,279.0199890136719,275.57000732421875,277.92999267578125,31999400
2020-08-20,QQQ,270.8189697265625,279.92999267578125,280.42999267578125,274.8599853515625,275.2799987792969,27723400
2020-08-21,QQQ,272.6957092285156,281.8699951171875,282.3399963378906,279.4599914550781,280.1300048828125,34748900
2020-08-24,QQQ,274.39849853515625,283.6300048828125,286.0,281.2699890136719,285.25,36418500
2020-08-25,QQQ,276.5559387207031,285.8599853515625,286.05999755859375,282.3699951171875,282.8299865722656,34866600
2020-08-26,QQQ,282.4573974609375,291.9599914550781,292.2200012207031,285.8299865722656,287.1499938964844,42216700
2020-08-27,QQQ,281.5770568847656,291.04998779296875,293.8500061035156,288.7099914550781,292.9700012207031,49482700
2020-08-28,QQQ,283.0088806152344,292.5299987792969,293.17999267578125,290.92999267578125,292.3299865722656,28021000
2020-08-31,QQQ,285.28240966796875,294.8800048828125,296.75,292.6199951171875,293.07000732421875,36321000
2020-09-01,QQQ,290.1584167480469,299.9200134277344,300.0400085449219,295.7900085449219,297.6199951171875,36216200
2020-09-02,QQQ,292.9058837890625,302.760009765625,303.5,296.8900146484375,303.2799987792969,50836800
2020-09-03,QQQ,278.0555114746094,287.4100036621094,298.6199951171875,284.4100036621094,298.1000061035156,110083300
2020-09-04,QQQ,274.3501281738281,283.5799865722656,288.92999267578125,271.79998779296875,285.55999755859375,123959000
2020-09-08,QQQ,261.1638488769531,269.95001220703125,278.2200012207031,269.6600036621094,272.2200012207031,99568600
2020-09-09,QQQ,268.8357238769531,277.8800048828125,280.04998779296875,273.0,275.6400146484375,64837900
2020-09-10,QQQ,263.4759826660156,272.3399963378906,282.20001220703125,270.55999755859375,280.94000244140625,69667500
2020-09-11,QQQ,261.6474914550781,270.45001220703125,275.2200012207031,266.8999938964844,274.1499938964844,71809000
2020-09-14,QQQ,266.20416259765625,275.1600036621094,277.2200012207031,272.9599914550781,274.3599853515625,38525200
2020-09-15,QQQ,269.9773254394531,279.05999755859375,280.45001220703125,275.1300048828125,279.0299987792969,41849900
2020-09-16,QQQ,265.6720886230469,274.6099853515625,280.3599853515625,274.25,279.8800048828125,42321000
2020-09-17,QQQ,261.521728515625,270.32000732421875,274.3999938964844,266.67999267578125,267.54998779296875,81570800
2020-09-18,QQQ,258.1840515136719,266.8699951171875,272.0899963378906,262.6300048828125,271.7900085449219,86251100
2020-09-21,QQQ,258.80316162109375,267.510009765625,267.6499938964844,260.1099853515625,262.4700012207031,57168600
2020-09-22,QQQ,263.61138916015625,272.4800109863281,273.0799865722656,266.5400085449219,269.989990234375,41128900
2020-09-23,QQQ,255.56227111816406,264.1600036621094,272.3399963378906,263.25,272.1499938964844,48837300
2020-09-24,QQQ,256.7521667480469,265.3900146484375,268.70001220703125,261.2200012207031,261.3900146484375,70631700
2020-09-25,QQQ,262.7214660644531,271.55999755859375,272.3999938964844,264.29998779296875,265.9100036621094,55242400
2020-09-28,QQQ,268.1778564453125,277.20001220703125,277.20001220703125,271.6700134277344,276.5799865722656,58438300
2020-09-29,QQQ,266.96844482421875,275.95001220703125,277.7099914550781,275.3699951171875,276.6199951171875,27050000
2020-09-30,QQQ,268.79693603515625,277.8399963378906,281.0899963378906,275.8699951171875,276.1499938964844,49380800
2020-10-01,QQQ,273.06341552734375,282.25,282.8800048828125,279.8399963378906,281.7900085449219,50020200
2020-10-02,QQQ,265.3818054199219,274.30999755859375,282.239990234375,273.44000244140625,276.0199890136719,75497400
2020-10-05,QQQ,271.0415344238281,280.1600036621094,280.489990234375,276.2300109863281,276.3399963378906,28184600
2020-10-06,QQQ,266.20416259765625,275.1600036621094,281.19000244140625,274.25,279.45001220703125,49704200
2020-10-07,QQQ,270.8092346191406,279.9200134277344,280.739990234375,277.2799987792969,277.8900146484375,27539700
2020-10-08,QQQ,272.2508239746094,281.4100036621094,282.4700012207031,280.30999755859375,282.3999938964844,25443300
2020-10-09,QQQ,276.4107971191406,285.7099914550781,285.7900085449219,282.7099914550781,283.1099853515625,30201100
2020-10-12,QQQ,284.94378662109375,294.5299987792969,297.4599914550781,289.4700012207031,290.54998779296875,79370700
2020-10-13,QQQ,284.9340515136719,294.5199890136719,297.04998779296875,293.1099853515625,296.3900146484375,64240000
2020-10-14,QQQ,282.55413818359375,292.05999755859375,296.3500061035156,290.260009765625,295.3500061035156,36949100
2020-10-15,QQQ,280.65789794921875,290.1000061035156,290.7099914550781,286.5400085449219,287.20001220703125,42514200
2020-10-16,QQQ,279.1197204589844,288.510009765625,293.2699890136719,288.1499938964844,291.79998779296875,40570700
2020-10-19,QQQ,274.56292724609375,283.79998779296875,291.4800109863281,282.7900085449219,290.489990234375,36756800
2020-10-20,QQQ,275.1532287597656,284.4100036621094,287.6199951171875,282.95001220703125,284.55999755859375,32195400
2020-10-21,QQQ,274.9402770996094,284.19000244140625,287.32000732421875,283.69000244140625,284.6700134277344,29306100
2020-10-22,QQQ,274.9306945800781,284.17999267578125,285.9800109863281,280.82000732421875,285.04998779296875,32196200
2020-10-23,QQQ,275.472412109375,284.739990234375,284.9100036621094,281.7799987792969,284.7699890136719,24658500
2020-10-26,QQQ,271.3414001464844,280.4700012207031,285.29998779296875,276.760009765625,282.3800048828125,38421100
2020-10-27,QQQ,273.4601135253906,282.6600036621094,283.510009765625,280.20001220703125,281.5,30559100
2020-10-28,QQQ,262.7987976074219,271.6400146484375,278.6400146484375,271.3800048828125,278.010009765625,53413500
2020-10-29,QQQ,267.3941955566406,276.3900146484375,279.489990234375,272.5199890136719,273.0,43246300
2020-10-30,QQQ,260.61236572265625,269.3800048828125,275.239990234375,267.07000732421875,274.3399963378906,65838300
2020-11-02,QQQ,261.19281005859375,269.9800109863281,273.5199890136719,266.9700012207031,271.8500061035156,39987400
2020-11-03,QQQ,265.7108154296875,274.6499938964844,276.82000732421875,270.8399963378906,271.9599914550781,43604100
2020-11-04,QQQ,277.5717468261719,286.9100036621094,288.7699890136719,281.8699951171875,283.5899963378906,75728200
2020-11-05,QQQ,284.8083801269531,294.3900146484375,295.3900146484375,292.0,293.5299987792969,52054200
2020-11-06,QQQ,285.02117919921875,294.6099853515625,295.3599853515625,289.8299865722656,293.7099914550781,40959800
2020-11-09,QQQ,279.1971740722656,288.5899963378906,299.1400146484375,288.1199951171875,297.6499938964844,86537100
2020-11-10,QQQ,274.19537353515625,283.4200134277344,286.6600036621094,280.6199951171875,285.1700134277344,69024900
2020-11-11,QQQ,280.32904052734375,289.760009765625,290.25,283.3800048828125,286.0299987792969,36102900
2020-11-12,QQQ,279.0133056640625,288.3999938964844,292.07000732421875,287.25,290.760009765625,34414600
2020-11-13,QQQ,281.4609375,290.92999267578125,291.57000732421875,287.8699951171875,290.1700134277344,24806900
2020-11-16,QQQ,283.6570739746094,293.20001220703125,293.510009765625,289.989990234375,290.6199951171875,30168400
2020-11-17,QQQ,282.75726318359375,292.2699890136719,293.739990234375,291.6099853515625,293.3999938964844,21843500
2020-11-18,QQQ,280.6676025390625,290.1099853515625,293.3699951171875,290.0199890136719,291.70001220703125,28069600
2020-11-19,QQQ,282.86376953125,292.3800048828125,292.70001220703125,288.8500061035156,289.5400085449219,22718400
2020-11-20,QQQ,280.9288024902344,290.3800048828125,293.07000732421875,290.2900085449219,292.29998779296875,25907300
2020-11-23,QQQ,280.9384765625,290.3900146484375,292.75,288.07000732421875,291.4100036621094,26875600
2020-11-24,QQQ,284.8857421875,294.4700012207031,294.9800109863281,289.6300048828125,291.489990234375,24516800
2020-11-25,QQQ,286.6368103027344,296.2799987792969,296.94000244140625,294.5899963378906,295.57000732421875,23326800
2020-11-27,QQQ,289.2779235839844,299.010009765625,300.1700134277344,297.8999938964844,298.30999755859375,17163100
2020-11-30,QQQ,289.86810302734375,299.6199951171875,299.9700012207031,294.7799987792969,299.3399963378906,27836200
2020-12-01,QQQ,293.5830993652344,303.4599914550781,305.1400146484375,300.8299865722656,301.9700012207031,27521300
2020-12-02,QQQ,293.96044921875,303.8500061035156,304.20001220703125,300.3500061035156,302.25,23620000
2020-12-03,QQQ,294.3764343261719,304.2799987792969,305.8800048828125,303.5299987792969,304.1700134277344,22828700
2020-12-04,QQQ,295.5760498046875,305.5199890136719,305.6700134277344,303.6300048828125,304.3299865722656,19332100
2020-12-07,QQQ,297.249755859375,307.25,307.6300048828125,305.5199890136719,305.7099914550781,20851000
2020-12-08,QQQ,298.255859375,308.2900085449219,308.6000061035156,304.95001220703125,306.760009765625,18341500
2020-12-09,QQQ,291.5030822753906,301.30999755859375,308.3599853515625,300.2099914550781,308.07000732421875,48839300
2020-12-10,QQQ,292.6736755371094,302.5199890136719,303.67999267578125,298.0899963378906,299.2099914550781,27519500
2020-12-11,QQQ,292.0255126953125,301.8500061035156,301.9800109863281,298.4700012207031,300.80999755859375,26760400
2020-12-14,QQQ,294.1442565917969,304.0400085449219,306.04998779296875,303.010009765625,303.0799865722656,28804800
2020-12-15,QQQ,297.2884216308594,307.2900085449219,307.2900085449219,304.1099853515625,306.3699951171875,25709000
2020-12-16,QQQ,298.9234313964844,308.9800109863281,309.7900085449219,306.6199951171875,307.70001220703125,25461900
2020-12-17,QQQ,300.8776550292969,311.0,311.239990234375,309.3900146484375,310.6300048828125,23730500
2020-12-18,QQQ,299.9682922363281,310.05999755859375,311.9800109863281,307.6099853515625,311.6600036621094,41173400
2020-12-21,QQQ,299.40716552734375,308.9200134277344,309.4700012207031,303.6000061035156,306.4599914550781,37095500
2020-12-22,QQQ,300.2213439941406,309.760009765625,310.7099914550781,306.8500061035156,309.8500061035156,26176300
2020-12-23,QQQ,298.7093505859375,308.20001220703125,310.17999267578125,308.0400085449219,309.80999755859375,21201300
2020-12-24,QQQ,300.02740478515625,309.55999755859375,310.0199890136719,308.3900146484375,308.4700012207031,16785000
2020-12-28,QQQ,303.0512390136719,312.67999267578125,313.1700134277344,310.3599853515625,312.25,22497700
2020-12-29,QQQ,303.3227233886719,312.9599914550781,314.69000244140625,312.0299987792969,314.04998779296875,25871900
2020-12-30,QQQ,303.3323974609375,312.9700012207031,314.489990234375,312.3299865722656,314.1600036621094,18138100
2020-12-31,QQQ,304.07861328125,313.739990234375,314.239990234375,311.760009765625,312.8699951171875,21611400
2021-01-04,QQQ,299.78509521484375,309.30999755859375,315.2900085449219,305.17999267578125,315.1099853515625,45305900
2021-01-05,QQQ,302.2565612792969,311.8599853515625,312.1400146484375,308.2900085449219,308.2900085449219,29323400
2021-01-06,QQQ,298.0696105957031,307.5400085449219,311.8800048828125,305.9800109863281,307.0,52809600
2021-01-07,QQQ,305.2804260253906,314.9800109863281,315.8399963378906,310.25,310.2799987792969,30394800
2021-01-08,QQQ,309.2057800292969,319.0299987792969,319.3900146484375,315.0799865722656,317.3399963378906,33955800
2021-01-11,QQQ,304.7377624511719,314.4200134277344,317.19000244140625,313.75,315.9800109863281,32746400
2021-01-12,QQQ,304.253173828125,313.9200134277344,315.5799865722656,311.20001220703125,314.4599914550781,29266800
2021-01-13,QQQ,306.3079528808594,316.0400085449219,316.8599853515625,313.57000732421875,314.19000244140625,22898400
2021-01-14,QQQ,304.6699523925781,314.3500061035156,317.5299987792969,313.8599853515625,316.5,23500100
2021-01-15,QQQ,302.2565612792969,311.8599853515625,315.1199951171875,310.5799865722656,314.1300048828125,35118700
2021-01-19,QQQ,306.6664733886719,316.4100036621094,316.92999267578125,313.1199951171875,314.25,24537000
2021-01-20,QQQ,313.7997741699219,323.7699890136719,324.739990234375,316.510009765625,320.1400146484375,30728100
2021-01-21,QQQ,316.3100891113281,326.3599853515625,327.1300048828125,323.7300109863281,325.1499938964844,25130600
2021-01-22,QQQ,315.3990173339844,325.4200134277344,326.4599914550781,324.7099914550781,325.2900085449219,21609400
2021-01-25,QQQ,318.0061950683594,328.1099853515625,330.32000732421875,321.4100036621094,328.9100036621094,39080600
2021-01-26,QQQ,318.47137451171875,328.5899963378906,329.760009765625,327.2200012207031,328.8500061035156,25498100
2021-01-27,QQQ,309.593505859375,319.42999267578125,326.2699890136719,317.3599853515625,326.260009765625,55264000
2021-01-28,QQQ,311.42535400390625,321.32000732421875,326.4200134277344,320.0299987792969,320.6700134277344,42836300
2021-01-29,QQQ,304.8734436035156,314.55999755859375,320.7200012207031,312.760009765625,319.5799865722656,55259000
2021-02-01,QQQ,312.4914245605469,322.4200134277344,323.5400085449219,316.0199890136719,318.1099853515625,35646000
2021-02-02,QQQ,317.58935546875,327.67999267578125,328.8699951171875,325.30999755859375,325.4800109863281,33930800
2021-02-03,QQQ,316.3294677734375,326.3800048828125,330.20001220703125,326.32000732421875,329.82000732421875,24824500
2021-02-04,QQQ,320.070556640625,330.239990234375,330.3299865722656,326.4599914550781,327.82000732421875,22350900
2021-02-05,QQQ,321.156005859375,331.3599853515625,332.3999938964844,329.5299987792969,331.2200012207031,22732000
2021-02-08,QQQ,323.30767822265625,333.5799865722656,333.739990234375,331.4100036621094,333.1000061035156,20462800
2021-02-09,QQQ,323.2398681640625,333.510009765625,334.80999755859375,332.6099853515625,332.6199951171875,17597500
2021-02-10,QQQ,322.5032043457031,332.75,335.4599914550781,329.5,334.989990234375,28068700
2021-02-11,QQQ,324.2768859863281,334.5799865722656,335.0,332.1199951171875,334.3299865722656,22046100
2021-02-12,QQQ,326.0893249511719,336.45001220703125,336.6199951171875,332.6300048828125,333.7099914550781,20346800
2021-02-16,QQQ,325.20745849609375,335.5400085449219,338.19000244140625,334.3399963378906,337.2699890136719,27080800
2021-02-17,QQQ,323.6469421386719,333.92999267578125,335.6600036621094,330.1700134277344,332.4700012207031,31360300
2021-02-18,QQQ,322.2319641113281,332.4700012207031,333.8699951171875,328.3599853515625,330.2300109863281,32236200
2021-02-19,QQQ,320.8265686035156,331.0199890136719,333.989990234375,329.9700012207031,333.8599853515625,39157700
2021-02-22,QQQ,312.5108337402344,322.44000244140625,327.79998779296875,322.2300109863281,326.5,47256900
2021-02-23,QQQ,311.58038330078125,321.4800109863281,323.20001220703125,311.0,317.0,97241900
2021-02-24,QQQ,314.14874267578125,324.1300048828125,324.45001220703125,315.9599914550781,318.739990234375,58206300
2021-02-25,QQQ,303.1966857910156,312.8299865722656,324.0299987792969,311.239990234375,321.3900146484375,110182600
2021-02-26,QQQ,304.4664001464844,314.1400146484375,319.1099853515625,310.8800048828125,315.8500061035156,104739800
2021-03-01,QQQ,313.6253967285156,323.5899963378906,323.94000244140625,317.94000244140625,319.2699890136719,49164500
2021-03-02,QQQ,308.5951843261719,318.3999938964844,324.3299865722656,318.1400146484375,324.25,48370000
2021-03-03,QQQ,299.63970947265625,309.1600036621094,318.239990234375,309.1000061035156,317.2699890136719,86301100
2021-03-04,QQQ,294.735595703125,304.1000061035156,312.0400085449219,300.1099853515625,308.7799987792969,139131600
2021-03-05,QQQ,299.1744689941406,308.67999267578125,309.6099853515625,297.45001220703125,306.79998779296875,121523700
2021-03-08,QQQ,290.70367431640625,299.94000244140625,310.05999755859375,299.510009765625,308.1199951171875,88409800
2021-03-09,QQQ,302.1694030761719,311.7699890136719,313.7300109863281,306.9200134277344,307.4700012207031,80391100
2021-03-10,QQQ,301.3067626953125,310.8800048828125,316.4700012207031,310.1700134277344,316.1600036621094,76798100
2021-03-11,QQQ,308.2463073730469,318.0400085449219,319.8599853515625,314.8500061035156,315.7699890136719,53484800
2021-03-12,QQQ,305.74566650390625,315.4599914550781,318.2300109863281,311.3900146484375,313.8599853515625,69315600
2021-03-15,QQQ,309.011962890625,318.8299865722656,319.0,314.1000061035156,315.7900085449219,42955700
2021-03-16,QQQ,310.7080078125,320.5799865722656,324.20001220703125,319.1000061035156,321.0899963378906,54925900
2021-03-17,QQQ,311.9874572753906,321.8999938964844,323.8500061035156,315.67999267578125,317.45001220703125,78258700
2021-03-18,QQQ,302.4310607910156,312.0400085449219,317.8800048828125,311.57000732421875,316.8699951171875,82718100
2021-03-19,QQQ,303.4971618652344,313.1400146484375,314.7300109863281,309.6600036621094,311.8699951171875,78446200
2021-03-22,QQQ,309.18878173828125,318.6099853515625,320.739990234375,315.2099914550781,315.2099914550781,56194800
2021-03-23,QQQ,307.83984375,317.2200012207031,321.0899963378906,316.3800048828125,319.7300109863281,53455400
2021-03-24,QQQ,302.6480407714844,311.8699951171875,318.6700134277344,311.7200012207031,318.6300048828125,64803700
2021-03-25,QQQ,302.12396240234375,311.3299865722656,312.8900146484375,307.3900146484375,309.9700012207031,78729000
2021-03-26,QQQ,306.6559143066406,316.0,316.3299865722656,309.6700134277344,311.1099853515625,63519600
2021-03-29,QQQ,306.56866455078125,315.9100036621094,316.989990234375,312.4700012207031,315.45001220703125,54608000
2021-03-30,QQQ,305.02557373046875,314.32000732421875,314.9100036621094,311.5400085449219,313.8900146484375,44635700
2021-03-31,QQQ,309.693359375,319.1300048828125,320.739990234375,315.80999755859375,316.1600036621094,55032500
2021-04-01,QQQ,314.9725341796875,324.57000732421875,324.7099914550781,322.80999755859375,323.07000732421875,55685600
2021-04-05,QQQ,321.2608642578125,331.04998779296875,331.8399963378906,326.8800048828125,327.1300048828125,42172500
2021-04-06,QQQ,321.0376281738281,330.82000732421875,332.8299865722656,330.0199890136719,330.7300109863281,33537200
2021-04-07,QQQ,321.81402587890625,331.6199951171875,332.4800109863281,329.3699951171875,330.3299865722656,32046400
2021-04-08,QQQ,325.1717224121094,335.0799865722656,335.2699890136719,333.739990234375,334.55999755859375,29940800
2021-04-09,QQQ,327.14166259765625,337.1099853515625,337.32000732421875,332.9200134277344,333.67999267578125,36664900
2021-04-12,QQQ,326.7147216796875,336.6700134277344,337.1000061035156,334.7300109863281,336.0400085449219,25833000
2021-04-13,QQQ,330.52850341796875,340.6000061035156,341.0799865722656,338.0199890136719,338.239990234375,30374000
2021-04-14,QQQ,326.5594482421875,336.510009765625,340.9800109863281,335.6700134277344,340.8500061035156,42564300
2021-04-15,QQQ,331.508544921875,341.6099853515625,342.010009765625,336.2200012207031,339.4700012207031,36342800
2021-04-16,QQQ,331.8967590332031,342.010009765625,342.2300109863281,340.0799865722656,342.1499938964844,40860100
2021-04-19,QQQ,328.85931396484375,338.8800048828125,341.5799865722656,336.8999938964844,340.3900146484375,34533100
2021-04-20,QQQ,326.4624328613281,336.4100036621094,339.5199890136719,334.3800048828125,338.20001220703125,38081800
2021-04-21,QQQ,329.2572326660156,339.2900085449219,339.4800109863281,333.9700012207031,335.0899963378906,36598100
2021-04-22,QQQ,325.28814697265625,335.20001220703125,339.8999938964844,334.010009765625,338.8900146484375,45936100
2021-04-23,QQQ,329.3834533691406,339.4200134277344,340.7699890136719,335.8500061035156,335.8500061035156,36381900
2021-04-26,QQQ,331.52801513671875,341.6300048828125,341.9200134277344,338.8999938964844,339.6700134277344,30812000
2021-04-27,QQQ,330.091796875,340.1499938964844,342.1499938964844,339.1700134277344,341.92999267578125,33187200
2021-04-28,QQQ,328.9757995605469,339.0,340.8500061035156,338.3299865722656,339.80999755859375,33615700
2021-04-29,QQQ,330.15972900390625,340.2200012207031,342.79998779296875,336.8999938964844,342.3699951171875,37708900
2021-04-30,QQQ,327.9957580566406,337.989990234375,340.260009765625,337.04998779296875,337.70001220703125,38263400
2021-05-03,QQQ,326.2489013671875,336.19000244140625,340.0,335.7300109863281,339.2300109863281,29729700
2021-05-04,QQQ,320.37774658203125,330.1400146484375,333.8900146484375,326.2099914550781,333.55999755859375,65147000
2021-05-05,QQQ,319.3005676269531,329.0299987792969,333.1400146484375,328.2300109863281,332.25,46219300
2021-05-06,QQQ,321.7073059082031,331.510009765625,331.6700134277344,326.45001220703125,328.760009765625,46814300
2021-05-07,QQQ,324.3177185058594,334.20001220703125,336.6499938964844,331.69000244140625,334.3699951171875,53324500
2021-05-10,QQQ,316.1273193359375,325.760009765625,332.9599914550781,325.54998779296875,332.7799987792969,60700500
2021-05-11,QQQ,315.6905822753906,325.30999755859375,326.1300048828125,319.0199890136719,319.70001220703125,71963600
2021-05-12,QQQ,307.5196533203125,316.8900146484375,322.6199951171875,316.0,320.2300109863281,91164900
2021-05-13,QQQ,309.8971252441406,319.3399963378906,322.3999938964844,316.8999938964844,319.9200134277344,69877800
2021-05-14,QQQ,316.7386779785156,326.3900146484375,327.3299865722656,322.0799865722656,322.6000061035156,44370000
2021-05-17,QQQ,314.8171691894531,324.4100036621094,326.3699951171875,321.45001220703125,324.6300048828125,39395000
2021-05-18,QQQ,312.6920166015625,322.2200012207031,326.6499938964844,321.94000244140625,325.3900146484375,36528500
2021-05-19,QQQ,313.0510559082031,322.5899963378906,322.8999938964844,316.29998779296875,316.6600036621094,66319100
2021-05-20,QQQ,319.1065979003906,328.8299865722656,329.7099914550781,323.8900146484375,324.1199951171875,46466100
2021-05-21,QQQ,317.34033203125,327.010009765625,330.8599853515625,326.6400146484375,330.42999267578125,50330400
2021-05-24,QQQ,322.6776428222656,332.510009765625,333.6700134277344,326.8999938964844,329.3699951171875,32475800
2021-05-25,QQQ,323.1241149902344,332.9700012207031,334.80999755859375,331.760009765625,334.07000732421875,31280300
2021-05-26,QQQ,324.2497863769531,334.1300048828125,334.6099853515625,332.95001220703125,333.6600036621094,25444900
2021-05-27,QQQ,323.03680419921875,332.8800048828125,334.5400085449219,332.6700134277344,333.6700134277344,27931700
2021-05-28,QQQ,324.05572509765625,333.92999267578125,335.57000732421875,333.6000061035156,334.1199951171875,29927400
2021-06-01,QQQ,322.978515625,332.82000732421875,335.7900085449219,331.42999267578125,335.29998779296875,31145400
2021-06-02,QQQ,323.6093444824219,333.4700012207031,334.3399963378906,331.70001220703125,333.25,22047900
2021-06-03,QQQ,320.241943359375,330.0,331.8599853515625,328.2799987792969,330.54998779296875,37057800
2021-06-04,QQQ,325.6763610839844,335.6000061035156,336.05999755859375,331.7799987792969,331.8500061035156,38736500
2021-06-07,QQQ,326.64678955078125,336.6000061035156,336.6600036621094,334.3399963378906,335.04998779296875,32611900
2021-06-08,QQQ,326.80206298828125,336.760009765625,339.2900085449219,335.0299987792969,338.3999938964844,27282800
2021-06-09,QQQ,326.879638671875,336.8399963378906,338.9700012207031,336.6499938964844,338.1700134277344,21485300
2021-06-10,QQQ,330.2859191894531,340.3500061035156,340.4599914550781,336.7300109863281,337.19000244140625,33702100
2021-06-11,QQQ,331.14959716796875,341.239990234375,341.25,339.69000244140625,340.3599853515625,21222800
2021-06-14,QQQ,334.32293701171875,344.510009765625,344.5199890136719,340.4599914550781,341.67999267578125,27827700
2021-06-15,QQQ,332.1394348144531,342.260009765625,344.4700012207031,341.5199890136719,344.1499938964844,35963800
2021-06-16,QQQ,330.9263916015625,341.010009765625,343.8399963378906,337.45001220703125,342.739990234375,55399500
2021-06-17,QQQ,335.1283264160156,345.3399963378906,346.3800048828125,339.9200134277344,339.9700012207031,59722700
2021-06-18,QQQ,332.49853515625,342.6300048828125,344.80999755859375,341.8599853515625,343.6300048828125,55414900
2021-06-21,QQQ,334.56494140625,344.3599853515625,344.69000244140625,340.1499938964844,342.42999267578125,32992600
2021-06-22,QQQ,337.68365478515625,347.57000732421875,348.0299987792969,343.8399963378906,344.1499938964844,28941600
2021-06-23,QQQ,337.8487854003906,347.739990234375,348.9200134277344,346.8800048828125,347.510009765625,27188500
2021-06-24,QQQ,339.93768310546875,349.8900146484375,351.4599914550781,349.1700134277344,349.7300109863281,32581600
2021-06-25,QQQ,339.5198974609375,349.4599914550781,350.7200012207031,348.8399963378906,350.4700012207031,28682800
2021-06-28,QQQ,343.6490173339844,353.7099914550781,353.8500061035156,350.7200012207031,350.7799987792969,39130300
2021-06-29,QQQ,344.89263916015625,354.989990234375,355.0199890136719,352.6700134277344,353.5299987792969,29426000
2021-06-30,QQQ,344.3485412597656,354.42999267578125,355.2300109863281,353.8299865722656,354.8299865722656,32724000
2021-07-01,QQQ,344.4845886230469,354.57000732421875,355.0899963378906,352.67999267578125,354.07000732421875,29290000
2021-07-02,QQQ,348.4388427734375,358.6400146484375,358.9700012207031,356.2799987792969,356.5199890136719,32727200
2021-07-06,QQQ,349.9446716308594,360.19000244140625,360.4800109863281,356.489990234375,359.260009765625,38842400
2021-07-07,QQQ,350.6831359863281,360.95001220703125,362.760009765625,358.94000244140625,362.45001220703125,35265200
2021-07-08,QQQ,348.5650329589844,358.7699890136719,359.6499938964844,354.4200134277344,355.739990234375,50890000
2021-07-09,QQQ,350.74139404296875,361.010009765625,361.5,357.57000732421875,358.1700134277344,35184500
2021-07-12,QQQ,352.111328125,362.4200134277344,362.8900146484375,360.8299865722656,362.45001220703125,25717700
2021-07-13,QQQ,352.111328125,362.4200134277344,365.4700012207031,361.5400085449219,362.0299987792969,39723000
2021-07-14,QQQ,352.7427673339844,363.07000732421875,365.489990234375,362.2200012207031,364.8299865722656,35336400
2021-07-15,QQQ,350.2652893066406,360.5199890136719,363.19000244140625,358.4599914550781,362.9800109863281,53391600
2021-07-16,QQQ,347.4283752441406,357.6000061035156,362.4100036621094,357.239990234375,361.3999938964844,47262000
2021-07-19,QQQ,344.5816650390625,354.6700134277344,355.17999267578125,352.0400085449219,354.04998779296875,64404600
2021-07-20,QQQ,348.58447265625,358.7900085449219,360.2799987792969,353.79998779296875,355.6300048828125,42183700
2021-07-21,QQQ,351.2757263183594,361.55999755859375,361.55999755859375,358.1199951171875,358.3500061035156,30259900
2021-07-22,QQQ,353.5977783203125,363.95001220703125,363.9599914550781,361.7699890136719,361.7699890136719,30252200
2021-07-23,QQQ,357.72686767578125,368.20001220703125,368.489990234375,363.9200134277344,365.30999755859375,31960800
2021-07-26,QQQ,358.0086364746094,368.489990234375,368.8900146484375,366.6000061035156,367.489990234375,28438100
2021-07-27,QQQ,354.0640563964844,364.42999267578125,368.2200012207031,360.1600036621094,368.2200012207031,57933100
2021-07-28,QQQ,355.42431640625,365.8299865722656,367.45001220703125,363.239990234375,365.6000061035156,42066200
2021-07-29,QQQ,356.0557861328125,366.4800109863281,367.67999267578125,365.25,365.25,25672500
2021-07-30,QQQ,354.20013427734375,364.57000732421875,365.1700134277344,362.4100036621094,362.44000244140625,36484600
2021-08-02,QQQ,354.229248046875,364.6000061035156,366.8800048828125,363.8699951171875,366.2799987792969,27334100
2021-08-03,QQQ,356.3763427734375,366.80999755859375,366.92999267578125,362.0,365.2799987792969,35558500
2021-08-04,QQQ,356.8912353515625,367.3399963378906,368.32000732421875,365.6300048828125,366.7699890136719,29602200
2021-08-05,QQQ,359.15509033203125,369.6700134277344,369.9100036621094,367.45001220703125,368.17999267578125,21443900
2021-08-06,QQQ,357.5811462402344,368.04998779296875,369.3699951171875,366.9100036621094,368.3699951171875,33332100
2021-08-09,QQQ,358.2418212890625,368.7300109863281,369.2699890136719,367.3900146484375,368.5199890136719,25960200
2021-08-10,QQQ,356.40557861328125,366.8399963378906,369.55999755859375,365.6199951171875,369.260009765625,35130800
2021-08-11,QQQ,355.79345703125,366.2099914550781,368.6499938964844,364.8399963378906,368.1400146484375,34249800
2021-08-12,QQQ,357.07586669921875,367.5299987792969,367.8999938964844,364.29998779296875,365.69000244140625,25969200
2021-08-13,QQQ,358.32928466796875,368.82000732421875,369.1600036621094,367.3800048828125,367.8900146484375,19336200
2021-08-16,QQQ,358.4847106933594,368.9800109863281,369.0199890136719,363.70001220703125,367.6700134277344,34856900
2021-08-17,QQQ,355.3271179199219,365.7300109863281,367.1499938964844,363.2300109863281,366.1499938964844,44793900
2021-08-18,QQQ,351.9071960449219,362.2099914550781,366.6199951171875,361.8699951171875,365.17999267578125,38541900
2021-08-19,QQQ,353.6074523925781,363.9599914550781,365.67999267578125,359.9599914550781,360.2200012207031,48499400
2021-08-20,QQQ,357.2702941894531,367.7300109863281,368.1400146484375,364.739990234375,365.05999755859375,39486000
2021-08-23,QQQ,362.6138000488281,373.2300109863281,373.94000244140625,368.7900085449219,368.79998779296875,34034700
2021-08-24,QQQ,363.72137451171875,374.3699951171875,374.989990234375,373.3599853515625,373.8399963378906,21732900
2021-08-25,QQQ,364.1391906738281,374.79998779296875,375.3900146484375,373.8599853515625,374.6300048828125,20441900
2021-08-26,QQQ,361.8267822265625,372.4200134277344,374.6199951171875,371.9700012207031,373.9200134277344,29133300
2021-08-27,QQQ,365.3438720703125,376.0400085449219,376.55999755859375,372.57000732421875,373.07000732421875,27104700
2021-08-30,QQQ,369.44384765625,380.260009765625,380.760009765625,376.8299865722656,376.8500061035156,27295700
2021-08-31,QQQ,369.1426086425781,379.95001220703125,380.5799865722656,378.3599853515625,380.510009765625,29628200
2021-09-01,QQQ,369.75469970703125,380.5799865722656,382.7099914550781,380.3699951171875,381.0400085449219,28138300
2021-09-02,QQQ,369.5798645019531,380.3999938964844,382.30999755859375,379.1499938964844,381.9700012207031,25453400
2021-09-03,QQQ,370.716552734375,381.57000732421875,381.9800109863281,379.20001220703125,379.2200012207031,24605400
2021-09-07,QQQ,371.2411193847656,382.1099853515625,382.7799987792969,380.489990234375,381.67999267578125,23970200
2021-09-08,QQQ,369.94903564453125,380.7799987792969,381.92999267578125,378.45001220703125,381.92999267578125,32949200
2021-09-09,QQQ,368.6763000488281,379.4700012207031,382.1499938964844,379.2200012207031,381.010009765625,29399000
2021-09-10,QQQ,365.8781433105469,376.5899963378906,381.9700012207031,376.25,381.2300109863281,40249400
2021-09-13,QQQ,365.6255187988281,376.3299865722656,379.42999267578125,374.2200012207031,378.989990234375,48741800
2021-09-14,QQQ,364.5860900878906,375.260009765625,378.6099853515625,374.2799987792969,377.8599853515625,41826600
2021-09-15,QQQ,367.2967224121094,378.04998779296875,378.4100036621094,373.3699951171875,375.7300109863281,34097900
2021-09-16,QQQ,367.5492248535156,378.30999755859375,378.8999938964844,374.70001220703125,376.67999267578125,35193100
2021-09-17,QQQ,363.19671630859375,373.8299865722656,377.8699951171875,372.760009765625,377.82000732421875,60912300
2021-09-20,QQQ,355.69189453125,365.70001220703125,369.25,360.92999267578125,367.4599914550781,76203200
2021-09-21,QQQ,356.1295471191406,366.1499938964844,368.80999755859375,364.989990234375,367.5799865722656,41927500
2021-09-22,QQQ,359.4559326171875,369.57000732421875,371.07000732421875,365.9599914550781,367.0899963378906,46972900
2021-09-23,QQQ,362.7726745605469,372.9800109863281,374.0400085449219,370.1000061035156,370.760009765625,44652000
2021-09-24,QQQ,363.113037109375,373.3299865722656,373.760009765625,370.2699890136719,370.6499938964844,36056800
2021-09-27,QQQ,360.2146301269531,370.3500061035156,371.25,367.7300109863281,370.20001220703125,43338100
2021-09-28,QQQ,350.0214538574219,359.8699951171875,370.29998779296875,359.3500061035156,365.6700134277344,97701600
2021-09-29,QQQ,349.44757080078125,359.2799987792969,363.3699951171875,358.6400146484375,361.1700134277344,58076600
2021-09-30,QQQ,348.1636657714844,357.9599914550781,362.67999267578125,357.1000061035156,360.9700012207031,61384600
2021-10-01,QQQ,350.3229675292969,360.17999267578125,361.25,354.3800048828125,358.6000061035156,56375500
2021-10-04,QQQ,342.9698791503906,352.6199951171875,358.8599853515625,350.32000732421875,358.5199890136719,76766000
2021-10-05,QQQ,347.59954833984375,357.3800048828125,359.69000244140625,353.4800109863281,353.7099914550781,47232900
2021-10-06,QQQ,349.8269348144531,359.6700134277344,359.95001220703125,353.1499938964844,354.0799865722656,56806500
2021-10-07,QQQ,353.03656005859375,362.9700012207031,365.69000244140625,362.25,362.79998779296875,39411200
2021-10-08,QQQ,351.276123046875,361.1600036621094,364.32000732421875,360.6099853515625,364.0799865722656,41822300
2021-10-11,QQQ,348.58197021484375,358.3900146484375,363.20001220703125,358.29998779296875,359.5799865722656,34847200
2021-10-12,QQQ,347.3662109375,357.1400146484375,360.3299865722656,356.4800109863281,359.8800048828125,43905100
2021-10-13,QQQ,350.1478576660156,360.0,360.69000244140625,357.42999267578125,359.510009765625,40120800
2021-10-14,QQQ,356.5964660644531,366.6300048828125,366.8500061035156,363.010009765625,363.69000244140625,43433900
2021-10-15,QQQ,358.8432312011719,368.94000244140625,369.05999755859375,366.82000732421875,367.8800048828125,40419900
2021-10-18,QQQ,362.45166015625,372.6499938964844,372.8699951171875,366.989990234375,367.6099853515625,34513500
2021-10-19,QQQ,365.1945495605469,375.4700012207031,375.5199890136719,372.70001220703125,373.75,29091000
2021-10-20,QQQ,364.71795654296875,374.9800109863281,376.57000732421875,373.4599914550781,375.94000244140625,31390300
2021-10-21,QQQ,366.9451599121094,377.2699890136719,377.4700012207031,373.8500061035156,374.1600036621094,25469300
2021-10-22,QQQ,363.86199951171875,374.1000061035156,376.9700012207031,372.3900146484375,375.9800109863281,36275800
2021-10-25,QQQ,367.5871887207031,377.92999267578125,378.8699951171875,373.55999755859375,375.55999755859375,32597800
2021-10-26,QQQ,368.7445983886719,379.1199951171875,382.7099914550781,377.9100036621094,380.2300109863281,47191300
2021-10-27,QQQ,369.60052490234375,380.0,383.1499938964844,379.30999755859375,379.5799865722656,45760500
2021-10-28,QQQ,373.705078125,384.2200012207031,384.4800109863281,381.1600036621094,381.95001220703125,38007000
2021-10-29,QQQ,375.5433044433594,386.1099853515625,386.2799987792969,380.70001220703125,381.05999755859375,37310100
2021-11-01,QQQ,376.8271789550781,387.42999267578125,387.55999755859375,384.4200134277344,386.55999755859375,30765300
2021-11-02,QQQ,378.40283203125,389.04998779296875,389.5400085449219,386.75,386.79998779296875,25135300
2021-11-03,QQQ,382.41986083984375,393.17999267578125,393.6099853515625,388.4800109863281,389.54998779296875,33748900
2021-11-04,QQQ,387.3218994140625,398.2200012207031,399.20001220703125,393.9200134277344,394.4800109863281,40265300
2021-11-05,QQQ,387.6914367675781,398.6000061035156,400.989990234375,397.1600036621094,400.0400085449219,43383800
2021-11-08,QQQ,387.16632080078125,398.05999755859375,399.6199951171875,397.3999938964844,398.57000732421875,29256300
2021-11-09,QQQ,384.5012512207031,395.32000732421875,399.57000732421875,393.9200134277344,399.1600036621094,50490700
2021-11-10,QQQ,378.8501892089844,389.510009765625,395.3599853515625,387.5299987792969,392.4700012207031,54937400
2021-11-11,QQQ,379.9007568359375,390.5899963378906,392.75,390.239990234375,392.57000732421875,32243000
2021-11-12,QQQ,383.89825439453125,394.70001220703125,395.25,390.1300048828125,391.7699890136719,34730600
2021-11-15,QQQ,383.81072998046875,394.6099853515625,396.239990234375,392.1000061035156,395.9100036621094,33716900
2021-11-16,QQQ,386.5437927246094,397.4200134277344,397.92999267578125,393.6600036621094,393.8599853515625,27872900
2021-11-17,QQQ,386.7480773925781,397.6300048828125,399.7200012207031,396.6400146484375,397.75,28703300
2021-11-18,QQQ,390.75531005859375,401.75,402.2699890136719,397.45001220703125,399.7300109863281,45721500
2021-11-19,QQQ,392.93402099609375,403.989990234375,405.29998779296875,402.5799865722656,403.42999267578125,45191700
2021-11-22,QQQ,388.3722839355469,399.29998779296875,408.7099914550781,399.19000244140625,405.57000732421875,61715400
2021-11-23,QQQ,386.6021423339844,397.4800109863281,400.2300109863281,392.9200134277344,398.1099853515625,70098700
2021-11-24,QQQ,387.84710693359375,398.760009765625,399.04998779296875,392.5400085449219,394.92999267578125,46954400
2021-11-26,QQQ,380.4940490722656,391.20001220703125,397.5400085449219,389.7699890136719,396.1099853515625,51533300
2021-11-29,QQQ,388.75164794921875,399.69000244140625,400.7300109863281,395.1400146484375,395.8900146484375,54447100
2021-11-30,QQQ,383.0423278808594,393.82000732421875,401.19000244140625,391.75,398.7799987792969,81332700
2021-12-01,QQQ,376.52569580078125,387.1199951171875,400.4800109863281,386.6400146484375,398.2799987792969,77766500
2021-12-02,QQQ,379.2392883300781,389.9100036621094,391.739990234375,384.3399963378906,385.79998779296875,84416600
2021-12-03,QQQ,372.6448669433594,383.1300048828125,392.3399963378906,378.8999938964844,391.30999755859375,105349100
2021-12-06,QQQ,375.6308898925781,386.20001220703125,387.6000061035156,379.29998779296875,383.6300048828125,67588800
2021-12-07,QQQ,386.94256591796875,397.8299865722656,398.4599914550781,392.989990234375,393.0299987792969,56005300
2021-12-08,QQQ,388.673828125,399.6099853515625,399.82000732421875,396.2200012207031,398.1700134277344,39204000
2021-12-09,QQQ,382.95477294921875,393.7300109863281,400.20001220703125,393.5299987792969,398.3500061035156,49973700
2021-12-10,QQQ,387.11767578125,398.010009765625,398.2799987792969,393.3599853515625,396.6199951171875,52545800
2021-12-13,QQQ,381.5249938964844,392.260009765625,398.3299865722656,391.8800048828125,398.0,50166400
2021-12-14,QQQ,377.5761413574219,388.20001220703125,390.0899963378906,383.6300048828125,387.29998779296875,75199200
2021-12-15,QQQ,386.1839599609375,397.04998779296875,397.4200134277344,383.8800048828125,387.94000244140625,73858000
2021-12-16,QQQ,376.2533874511719,386.8399963378906,398.4800109863281,385.2099914550781,398.0400085449219,82591400
2021-12-17,QQQ,374.37615966796875,384.9100036621094,389.19000244140625,381.7699890136719,383.3299865722656,80492500
2021-12-20,QQQ,370.7445983886719,380.69000244140625,381.5,377.4700012207031,379.57000732421875,65336800
2021-12-21,QQQ,379.0418701171875,389.2099914550781,389.5299987792969,380.20001220703125,384.04998779296875,48899500
2021-12-22,QQQ,383.6581726074219,393.95001220703125,394.1600036621094,388.2300109863281,388.9100036621094,37042200
2021-12-23,QQQ,386.55059814453125,396.9200134277344,398.42999267578125,394.1400146484375,394.30999755859375,29595500
2021-12-27,QQQ,392.93914794921875,403.4800109863281,403.4800109863281,398.2200012207031,398.25,32820700
2021-12-28,QQQ,391.1180725097656,401.6099853515625,404.5799865722656,400.7099914550781,404.3999938964844,33113700
2021-12-29,QQQ,391.0596008300781,401.54998779296875,403.04998779296875,399.1099853515625,401.75,32248500
2021-12-30,QQQ,389.8909606933594,400.3500061035156,403.57000732421875,399.75,401.3299865722656,23850100
2021-12-31,QQQ,387.4562683105469,397.8500061035156,401.05999755859375,397.3399963378906,399.6600036621094,34752900
2022-01-03,QQQ,391.1862487792969,401.67999267578125,401.94000244140625,396.8800048828125,399.04998779296875,40575900
2022-01-04,QQQ,386.11236572265625,396.4700012207031,402.2799987792969,393.2900085449219,402.239990234375,58027200
2022-01-05,QQQ,374.25054931640625,384.2900085449219,395.8900146484375,384.0299987792969,394.739990234375,75739800
2022-01-06,QQQ,373.9875793457031,384.0199890136719,387.3500061035156,380.1300048828125,382.4200134277344,70814300
2022-01-07,QQQ,369.93621826171875,379.8599853515625,385.760009765625,378.0400085449219,384.0299987792969,72652300
2022-01-10,QQQ,370.1797180175781,380.1099853515625,380.6400146484375,369.30999755859375,374.82000732421875,91770500
2022-01-11,QQQ,375.74053955078125,385.82000732421875,385.989990234375,377.2200012207031,379.3599853515625,68295700
2022-01-12,QQQ,377.2306213378906,387.3500061035156,390.20001220703125,385.010009765625,388.4599914550781,54576400
2022-01-13,QQQ,367.79364013671875,377.6600036621094,389.4700012207031,376.70001220703125,388.7699890136719,77994000
2022-01-14,QQQ,370.0823059082031,380.010009765625,380.3500061035156,374.8599853515625,375.07000732421875,80121200
2022-01-18,QQQ,360.8694152832031,370.54998779296875,376.2200012207031,369.7699890136719,374.0400085449219,75450900
2022-01-19,QQQ,356.9057922363281,366.4800109863281,374.69000244140625,366.2099914550781,372.1499938964844,81791500
2022-01-20,QQQ,352.27008056640625,361.7200012207031,373.8699951171875,361.1700134277344,369.7900085449219,88610700
2022-01-21,QQQ,342.5021667480469,351.69000244140625,362.17999267578125,351.3999938964844,359.4700012207031,143388900
2022-01-24,QQQ,344.0700988769531,353.29998779296875,353.9800109863281,334.1499938964844,345.9100036621094,198685800
2022-01-25,QQQ,336.0940246582031,345.1099853515625,351.0299987792969,341.67999267578125,346.6700134277344,124398400
2022-01-26,QQQ,335.56817626953125,344.57000732421875,356.8800048828125,340.7799987792969,352.9100036621094,146559500
2022-01-27,QQQ,332.1888427734375,341.1000061035156,351.2699890136719,340.04998779296875,349.3999938964844,95255700
2022-01-28,QQQ,342.60931396484375,351.79998779296875,352.0199890136719,337.95001220703125,343.0299987792969,108167900
2022-01-31,QQQ,353.5654296875,363.04998779296875,363.6499938964844,351.5199890136719,353.20001220703125,94326400
2022-02-01,QQQ,355.9709167480469,365.5199890136719,366.19000244140625,359.1400146484375,364.42999267578125,74433000
2022-02-02,QQQ,358.8632507324219,368.489990234375,370.1000061035156,364.2900085449219,369.760009765625,78777100
2022-02-03,QQQ,344.3136291503906,353.54998779296875,361.92999267578125,352.4599914550781,358.5299987792969,95384800
2022-02-04,QQQ,348.6570739746094,358.010009765625,361.3999938964844,351.9700012207031,354.0799865722656,86318300
2022-02-07,QQQ,345.8522644042969,355.1300048828125,361.04998779296875,353.8399963378906,358.6199951171875,58198100
2022-02-08,QQQ,349.7381591796875,359.1199951171875,360.239990234375,352.79998779296875,353.9599914550781,64720900
2022-02-09,QQQ,357.1493225097656,366.7300109863281,366.80999755859375,362.1199951171875,363.760009765625,55766400
2022-02-10,QQQ,349.0660705566406,358.42999267578125,366.489990234375,356.5400085449219,359.5199890136719,112468500
2022-02-11,QQQ,337.9931335449219,347.05999755859375,360.07000732421875,345.79998779296875,358.42999267578125,101569100
2022-02-14,QQQ,338.4119567871094,347.489990234375,350.9800109863281,343.8900146484375,346.489990234375,80254400
2022-02-15,QQQ,346.8262023925781,356.1300048828125,356.3699951171875,351.82000732421875,352.9100036621094,55128800
2022-02-16,QQQ,346.73858642578125,356.0400085449219,357.0899963378906,350.7099914550781,353.82000732421875,58947100
2022-02-17,QQQ,336.4252014160156,345.45001220703125,353.4599914550781,345.0199890136719,352.739990234375,61801400
2022-02-18,QQQ,332.588134765625,341.510009765625,346.80999755859375,339.1400146484375,346.4100036621094,80001500
2022-02-22,QQQ,329.2476806640625,338.0799865722656,344.0400085449219,334.3500061035156,338.489990234375,85967100
2022-02-23,QQQ,320.81402587890625,329.4200134277344,342.17999267578125,329.1000061035156,341.32000732421875,86215400
2022-02-24,QQQ,331.5947265625,340.489990234375,341.0400085449219,318.260009765625,318.8399963378906,130614100
2022-02-25,QQQ,336.7369079589844,345.7699890136719,345.9800109863281,337.3900146484375,341.30999755859375,78842100
2022-02-28,QQQ,337.73992919921875,346.79998779296875,348.5400085449219,341.32000732421875,342.510009765625,77515500
2022-03-01,QQQ,332.5686340332031,341.489990234375,348.0799865722656,338.8999938964844,345.75,67407000
2022-03-02,QQQ,338.1490783691406,347.2200012207031,348.5899963378906,340.239990234375,343.0799865722656,70609000
2022-03-03,QQQ,333.3184814453125,342.260009765625,350.0400085449219,340.3500061035156,349.92999267578125,71089400
2022-03-04,QQQ,328.4881591796875,337.29998779296875,341.30999755859375,334.9200134277344,339.8399963378906,76936300
2022-03-07,QQQ,316.37310791015625,324.8599853515625,338.4800109863281,324.6499938964844,337.2900085449219,89933800
2022-03-08,QQQ,314.902587890625,323.3500061035156,333.2099914550781,319.94000244140625,324.04998779296875,116153900
2022-03-09,QQQ,326.23846435546875,334.989990234375,336.3800048828125,329.0899963378906,331.75,64723400
2022-03-10,QQQ,322.6155700683594,331.2699890136719,332.510009765625,326.7099914550781,330.82000732421875,69362700
2022-03-11,QQQ,315.9250793457031,324.3999938964844,334.6400146484375,323.8999938964844,334.32000732421875,66228400
2022-03-14,QQQ,309.8578796386719,318.1700134277344,326.5899963378906,317.45001220703125,323.1300048828125,79802600
2022-03-15,QQQ,319.57720947265625,328.1499938964844,328.95001220703125,319.2300109863281,320.8800048828125,76471000
2022-03-16,QQQ,331.42919921875,340.32000732421875,340.44000244140625,328.3999938964844,332.1700134277344,105243000
2022-03-17,QQQ,335.4416198730469,344.44000244140625,344.5,337.0400085449219,338.3699951171875,67810000
2022-03-18,QQQ,342.3074645996094,351.489990234375,351.7900085449219,341.54998779296875,342.739990234375,85446300
2022-03-21,QQQ,341.3557434082031,350.0799865722656,352.4800109863281,345.5799865722656,350.20001220703125,73799100
2022-03-22,QQQ,348.0643005371094,356.9599914550781,357.8500061035156,350.20001220703125,350.5899963378906,63345900
2022-03-23,QQQ,343.0621337890625,351.8299865722656,357.6600036621094,351.7699890136719,354.010009765625,70615500
2022-03-24,QQQ,350.6872253417969,359.6499938964844,359.70001220703125,351.5899963378906,353.79998779296875,53555300
2022-03-25,QQQ,350.39471435546875,359.3500061035156,360.6700134277344,354.94000244140625,359.5899963378906,57584200
2022-03-28,QQQ,355.8162536621094,364.9100036621094,365.010009765625,358.07000732421875,359.3399963378906,56833900
2022-03-29,QQQ,361.939697265625,371.19000244140625,371.8299865722656,366.05999755859375,368.8999938964844,68073000
2022-03-30,QQQ,357.94183349609375,367.0899963378906,370.9800109863281,365.57000732421875,369.2799987792969,68757700
2022-03-31,QQQ,353.5052795410156,362.5400085449219,367.6000061035156,361.67999267578125,367.239990234375,67011400
2022-04-01,QQQ,352.83245849609375,361.8500061035156,363.6099853515625,358.5899963378906,362.80999755859375,54527800
2022-04-04,QQQ,360.0967102050781,369.29998779296875,369.30999755859375,362.44000244140625,362.7099914550781,45950200
2022-04-05,QQQ,352.10113525390625,361.1000061035156,368.5400085449219,359.92999267578125,367.80999755859375,62738700
2022-04-06,QQQ,344.4564514160156,353.260009765625,356.7799987792969,350.55999755859375,355.6499938964844,90077100
2022-04-07,QQQ,345.27557373046875,354.1000061035156,356.3500061035156,348.69000244140625,352.239990234375,63777400
2022-04-08,QQQ,340.4489440917969,349.1499938964844,353.0899963378906,348.5,352.32000732421875,61956100
2022-04-11,QQQ,332.394775390625,340.8900146484375,345.75,340.5400085449219,344.80999755859375,66107400
2022-04-12,QQQ,330.9906311035156,339.45001220703125,347.69000244140625,338.0400085449219,345.760009765625,72790200
2022-04-13,QQQ,337.71868896484375,346.3500061035156,347.42999267578125,339.05999755859375,339.79998779296875,61367800
2022-04-14,QQQ,329.9960021972656,338.42999267578125,346.9700012207031,338.2099914550781,346.44000244140625,73519400
2022-04-18,QQQ,330.24957275390625,338.69000244140625,341.0400085449219,335.7900085449219,337.3500061035156,58560600
2022-04-19,QQQ,337.6309509277344,346.260009765625,346.8500061035156,336.9800109863281,338.0299987792969,56515700
2022-04-20,QQQ,332.7067565917969,341.2099914550781,347.55999755859375,339.9599914550781,347.0899963378906,65500000
2022-04-21,QQQ,325.82269287109375,334.1499938964844,347.8699951171875,333.20001220703125,345.19000244140625,75801000
2022-04-22,QQQ,317.2908020019531,325.3999938964844,335.55999755859375,324.9599914550781,334.30999755859375,82562100
2022-04-25,QQQ,321.36663818359375,329.5799865722656,329.8999938964844,322.42999267578125,323.7300109863281,101755900
2022-04-26,QQQ,309.2367248535156,317.1400146484375,327.6600036621094,316.8599853515625,327.4700012207031,105819600
2022-04-27,QQQ,308.8661193847656,316.760009765625,322.8800048828125,315.0,317.239990234375,111204200
2022-04-28,QQQ,319.835693359375,328.010009765625,329.8900146484375,317.5199890136719,321.8500061035156,99450000
2022-04-29,QQQ,305.4436340332031,313.25,327.2300109863281,312.6000061035156,323.70001220703125,91977900
2022-05-02,QQQ,310.5432434082031,318.4800109863281,318.7200012207031,309.6499938964844,312.8299865722656,115511800
2022-05-03,QQQ,310.8747863769531,318.82000732421875,321.1700134277344,315.9800109863281,318.5,78185500
2022-05-04,QQQ,321.38616943359375,329.6000061035156,330.2900085449219,313.8900146484375,319.30999755859375,116083400
2022-05-05,QQQ,305.1997985839844,313.0,325.25,309.6199951171875,325.1700134277344,154607400
2022-05-06,QQQ,301.54327392578125,309.25,315.0899963378906,305.1099853515625,310.95001220703125,139572800
2022-05-09,QQQ,289.7448425292969,297.1499938964844,309.3500061035156,295.7200012207031,303.4800109863281,113387300
2022-05-10,QQQ,293.2648010253906,300.760009765625,305.760009765625,296.57000732421875,304.510009765625,124124600
2022-05-11,QQQ,284.5671081542969,291.8399963378906,304.0899963378906,290.95001220703125,298.44000244140625,140326100
2022-05-12,QQQ,283.894287109375,291.1499938964844,295.75,284.94000244140625,287.45001220703125,120910900
2022-05-13,QQQ,294.4154052734375,301.94000244140625,303.0,294.0799865722656,295.7200012207031,83684900
2022-05-16,QQQ,291.00262451171875,298.44000244140625,302.260009765625,297.1300048828125,300.1499938964844,59190400
2022-05-17,QQQ,298.5400695800781,306.1700134277344,306.55999755859375,300.54998779296875,304.45001220703125,62715300
2022-05-18,QQQ,283.8846435546875,291.1400146484375,302.25,289.8500061035156,301.5400085449219,79477100
2022-05-19,QQQ,282.3634033203125,289.5799865722656,294.3900146484375,287.5799865722656,289.2900085449219,79920700
2022-05-20,QQQ,281.48590087890625,288.67999267578125,293.79998779296875,280.2099914550781,293.1300048828125,91764200
2022-05-23,QQQ,286.1662902832031,293.4800109863281,293.8699951171875,287.2900085449219,289.75,63648400
2022-05-24,QQQ,280.081787109375,287.239990234375,288.8599853515625,282.25,288.1300048828125,73491100
2022-05-25,QQQ,284.0016174316406,291.260009765625,293.3900146484375,285.5,285.7099914550781,67144500
2022-05-26,QQQ,291.8703918457031,299.3299865722656,300.9200134277344,290.1499938964844,290.44000244140625,59462200
2022-05-27,QQQ,301.3970031738281,309.1000061035156,309.25,302.4200134277344,302.5400085449219,66985600
2022-05-31,QQQ,300.5974426269531,308.2799987792969,311.3299865722656,304.3299865722656,309.07000732421875,60968300
2022-06-01,QQQ,298.3742370605469,306.0,312.6499938964844,303.7300109863281,310.4700012207031,65341700
2022-06-02,QQQ,306.54541015625,314.3800048828125,314.55999755859375,303.3999938964844,304.8500061035156,59291300
2022-06-03,QQQ,298.56927490234375,306.20001220703125,310.4700012207031,304.9200134277344,309.0299987792969,60914700
2022-06-06,QQQ,299.5638732910156,307.2200012207031,312.3500061035156,305.6199951171875,310.75,51785000
2022-06-07,QQQ,302.1477966308594,309.8699951171875,310.6700134277344,302.69000244140625,303.80999755859375,44900300
2022-06-08,QQQ,299.973388671875,307.6400146484375,311.7200012207031,306.7699890136719,309.04998779296875,38342100
2022-06-09,QQQ,291.938720703125,299.3999938964844,309.04998779296875,299.2300109863281,305.9100036621094,55900500
2022-06-10,QQQ,281.641845703125,288.8399963378906,294.8699951171875,288.3800048828125,293.6499938964844,85963500
2022-06-13,QQQ,268.5465393066406,275.4100036621094,282.3399963378906,274.5299987792969,279.75,94442000
2022-06-14,QQQ,269.0341491699219,275.9100036621094,278.6600036621094,273.3399963378906,277.6600036621094,64697500
2022-06-15,QQQ,275.7524108886719,282.79998779296875,286.8299865722656,276.6099853515625,279.4200134277344,86051400
2022-06-16,QQQ,264.6268615722656,271.3900146484375,276.05999755859375,269.2799987792969,275.5899963378906,81910300
2022-06-17,QQQ,267.8445129394531,274.69000244140625,277.19000244140625,270.510009765625,272.17999267578125,82703400
2022-06-21,QQQ,274.60205078125,281.0799865722656,283.45001220703125,278.6400146484375,278.75,51633700
2022-06-22,QQQ,274.2015686035156,280.6700134277344,285.17999267578125,277.9100036621094,278.5199890136719,67472900
2022-06-23,QQQ,278.2852783203125,284.8500061035156,285.7200012207031,280.30999755859375,283.2099914550781,57457800
2022-06-24,QQQ,287.8202819824219,294.6099853515625,295.0400085449219,287.5,287.739990234375,58422300
2022-06-27,QQQ,285.7100830078125,292.45001220703125,296.5799865722656,291.2900085449219,296.0,54151500
2022-06-28,QQQ,277.0054016113281,283.5400085449219,295.6499938964844,283.3500061035156,293.0,61609800
2022-06-29,QQQ,277.2593688964844,283.79998779296875,285.3399963378906,280.8399963378906,283.3999938964844,57302700
2022-06-30,QQQ,273.8205871582031,280.2799987792969,283.94000244140625,275.7799987792969,280.75,79313600
2022-07-01,QQQ,275.6278991699219,282.1300048828125,282.5299987792969,277.0299987792969,278.95001220703125,56675100
2022-07-05,QQQ,280.3465881347656,286.9599914550781,287.0799865722656,276.75,278.30999755859375,61829300
2022-07-06,QQQ,282.1441955566406,288.79998779296875,290.95001220703125,285.5899963378906,287.3500061035156,63194700
2022-07-07,QQQ,288.18170166015625,294.9800109863281,295.70001220703125,289.6300048828125,289.6300048828125,56620100
2022-07-08,QQQ,288.543212890625,295.3500061035156,296.75,291.1199951171875,292.0799865722656,59895500
2022-07-11,QQQ,282.3786926269531,289.0400085449219,293.1099853515625,288.1400146484375,292.8800048828125,55273900
2022-07-12,QQQ,279.6431579589844,286.239990234375,292.2799987792969,284.6099853515625,290.32000732421875,55797100
2022-07-13,QQQ,279.0667724609375,285.6499938964844,288.04998779296875,280.0199890136719,280.6000061035156,73939400
2022-07-14,QQQ,280.063232421875,286.6700134277344,287.55999755859375,279.79998779296875,282.989990234375,63741800
2022-07-15,QQQ,285.14349365234375,291.8699951171875,291.9800109863281,288.0799865722656,289.7300109863281,63818100
2022-07-18,QQQ,282.73040771484375,289.3999938964844,296.1600036621094,288.20001220703125,294.7200012207031,59519600
2022-07-19,QQQ,291.4252624511719,298.29998779296875,298.6000061035156,291.4700012207031,293.1099853515625,55172600
2022-07-20,QQQ,296.0462646484375,303.0299987792969,304.239990234375,297.92999267578125,298.7300109863281,67769400
2022-07-21,QQQ,300.2960510253906,307.3800048828125,307.44000244140625,300.7799987792969,303.5,55049400
2022-07-22,QQQ,295.03021240234375,301.989990234375,308.54998779296875,300.1199951171875,306.42999267578125,57127700
2022-07-25,QQQ,293.349853515625,300.2699890136719,302.5,298.2200012207031,302.0199890136719,40582400
2022-07-26,QQQ,287.5858154296875,294.3699951171875,298.7900085449219,293.5400085449219,298.5299987792969,50074100
2022-07-27,QQQ,299.7391357421875,306.80999755859375,308.5400085449219,298.4599914550781,299.0400085449219,69304400
2022-07-28,QQQ,302.66998291015625,309.80999755859375,310.3999938964844,302.75,306.5899963378906,55139900
2022-07-29,QQQ,308.18975830078125,315.4599914550781,316.3900146484375,309.92999267578125,311.3900146484375,57501000
2022-08-01,QQQ,308.004150390625,315.2699890136719,318.80999755859375,312.5299987792969,313.6499938964844,46358800
2022-08-02,QQQ,307.08575439453125,314.3299865722656,318.54998779296875,311.8399963378906,312.9200134277344,48676500
2022-08-03,QQQ,315.4485168457031,322.8900146484375,323.7300109863281,315.989990234375,316.04998779296875,53735700
2022-08-04,QQQ,316.9237060546875,324.3999938964844,324.7200012207031,320.7699890136719,322.9700012207031,38973700
2022-08-05,QQQ,314.33477783203125,321.75,323.8299865722656,318.3900146484375,319.19000244140625,53894000
2022-08-08,QQQ,313.3187561035156,320.7099914550781,326.4700012207031,319.2099914550781,322.69000244140625,43878500
2022-08-09,QQQ,309.7724914550781,317.0799865722656,319.0299987792969,315.4200134277344,318.7699890136719,39764200
2022-08-10,QQQ,318.4184875488281,325.92999267578125,326.2300109863281,322.05999755859375,324.5899963378906,51459600
2022-08-11,QQQ,316.6111145019531,324.0799865722656,330.3599853515625,323.3599853515625,328.30999755859375,45897700
2022-08-12,QQQ,322.7757263183594,330.3900146484375,330.5899963378906,325.1000061035156,326.17999267578125,40928400
2022-08-15,QQQ,325.3841552734375,333.05999755859375,333.57000732421875,329.3999938964844,329.4200134277344,38266600
2022-08-16,QQQ,324.6221618652344,332.2799987792969,334.4200134277344,329.1600036621094,332.05999755859375,41186900
2022-08-17,QQQ,320.91943359375,328.489990234375,331.42999267578125,326.3599853515625,329.07000732421875,47842200
2022-08-18,QQQ,321.6912841796875,329.2799987792969,330.489990234375,326.7900085449219,328.44000244140625,41937200
2022-08-19,QQQ,315.4192810058594,322.8599853515625,326.8399963378906,322.0799865722656,326.1700134277344,51770600
2022-08-22,QQQ,307.1150817871094,314.3599853515625,318.739990234375,313.5299987792969,318.5,51098900
2022-08-23,QQQ,306.86114501953125,314.1000061035156,317.0,313.3299865722656,314.1199951171875,39497100
2022-08-24,QQQ,307.7501525878906,315.010009765625,316.8699951171875,312.989990234375,313.6099853515625,38057100
2022-08-25,QQQ,313.1918029785156,320.5799865722656,320.6000061035156,315.760009765625,316.8299865722656,38098300
2022-08-26,QQQ,300.3546447753906,307.44000244140625,321.510009765625,307.3500061035156,320.2799987792969,69047700
2022-08-29,QQQ,297.3944396972656,304.4100036621094,307.2200012207031,303.2799987792969,304.6199951171875,48321900
2022-08-30,QQQ,294.0825500488281,301.0199890136719,306.7300109863281,298.44000244140625,306.1000061035156,51184500
2022-08-31,QQQ,292.3729248046875,299.2699890136719,304.9100036621094,299.1600036621094,303.989990234375,50044000
2022-09-01,QQQ,292.4999084472656,299.3999938964844,299.7799987792969,292.95001220703125,296.7200012207031,57990700
2022-09-02,QQQ,288.36737060546875,295.1700134277344,303.75,293.5199890136719,302.3399963378906,64666800
2022-09-06,QQQ,286.2962341308594,293.04998779296875,296.6000061035156,290.8699951171875,295.6600036621094,57005400
2022-09-07,QQQ,292.07977294921875,298.9700012207031,299.989990234375,293.2699890136719,293.5400085449219,49260400
2022-09-08,QQQ,293.5940856933594,300.5199890136719,301.8699951171875,295.45001220703125,296.8500061035156,55649800
2022-09-09,QQQ,300.0126647949219,307.0899963378906,307.6000061035156,300.5199890136719,302.8299865722656,56125200
2022-09-12,QQQ,303.5785827636719,310.739990234375,311.0799865722656,308.17999267578125,308.5,45905700
2022-09-13,QQQ,286.9312744140625,293.70001220703125,303.0199890136719,292.7900085449219,301.79998779296875,79562200
2022-09-14,QQQ,289.2076110839844,296.0299987792969,296.92999267578125,293.05999755859375,294.8699951171875,54907200
2022-09-15,QQQ,284.3912353515625,291.1000061035156,296.5299987792969,289.4599914550781,294.07000732421875,65299400
2022-09-16,QQQ,282.65216064453125,289.32000732421875,289.7200012207031,285.6199951171875,287.7200012207031,79920400
2022-09-19,QQQ,284.8533935546875,291.04998779296875,291.2099914550781,286.0400085449219,286.1000061035156,52613800
2022-09-20,QQQ,282.58270263671875,288.7300109863281,291.07000732421875,286.3800048828125,288.489990234375,51271100
2022-09-21,QQQ,277.52276611328125,283.55999755859375,293.95001220703125,283.4200134277344,289.5899963378906,82931000
2022-09-22,QQQ,274.10711669921875,280.07000732421875,283.0299987792969,278.82000732421875,282.0,62757100
2022-09-23,QQQ,269.6441955566406,275.510009765625,277.8500061035156,272.0199890136719,277.54998779296875,74815200
2022-09-26,QQQ,268.5284729003906,274.3699951171875,279.489990234375,273.55999755859375,275.0299987792969,71176700
2022-09-27,QQQ,268.6361083984375,274.4800109863281,280.2099914550781,272.1099853515625,277.80999755859375,69780100
2022-09-28,QQQ,273.9799499511719,279.94000244140625,281.25,272.95001220703125,274.4599914550781,79652100
2022-09-29,QQQ,266.0816955566406,271.8699951171875,276.25,268.8399963378906,275.8599853515625,81216000
2022-09-30,QQQ,261.56988525390625,267.260009765625,275.19000244140625,267.1000061035156,271.0299987792969,78482400
2022-10-03,QQQ,267.706298828125,273.5299987792969,275.1600036621094,267.5299987792969,269.07000732421875,61267400
2022-10-04,QQQ,276.12322998046875,282.1300048828125,282.8500061035156,278.989990234375,278.989990234375,66696900
2022-10-05,QQQ,275.97650146484375,281.9800109863281,283.80999755859375,275.4200134277344,278.2799987792969,55766300
2022-10-06,QQQ,273.8037414550781,279.760009765625,284.17999267578125,279.42999267578125,280.9599914550781,53489400
2022-10-07,QQQ,263.37066650390625,269.1000061035156,275.1499938964844,267.739990234375,275.0199890136719,71354700
2022-10-10,QQQ,260.7379455566406,266.4100036621094,269.70001220703125,263.6400146484375,269.29998779296875,60393000
2022-10-11,QQQ,257.15582275390625,262.75,267.6300048828125,261.0299987792969,264.70001220703125,66522500
2022-10-12,QQQ,257.0677490234375,262.6600036621094,265.3599853515625,261.95001220703125,263.3999938964844,50580200
2022-10-13,QQQ,263.0966491699219,268.82000732421875,270.1700134277344,254.25999450683594,255.16000366210938,112894100
2022-10-14,QQQ,255.1886749267578,260.739990234375,271.80999755859375,260.1400146484375,271.20001220703125,77244300
2022-10-17,QQQ,263.6153259277344,269.3500061035156,270.239990234375,266.739990234375,266.8399963378906,64576500
2022-10-18,QQQ,265.6999816894531,271.4800109863281,277.2099914550781,268.739990234375,276.5299987792969,69781000
2022-10-19,QQQ,264.73101806640625,270.489990234375,273.67999267578125,268.07000732421875,269.92999267578125,53115400
2022-10-20,QQQ,263.3804016113281,269.1099853515625,274.8399963378906,267.9200134277344,269.5799865722656,60605500
2022-10-21,QQQ,269.5561218261719,275.4200134277344,275.9700012207031,266.82000732421875,267.9800109863281,77897700
2022-10-24,QQQ,272.5216064453125,278.45001220703125,279.3999938964844,271.9700012207031,275.69000244140625,63963600
2022-10-25,QQQ,278.158935546875,284.2099914550781,284.6000061035156,277.8999938964844,279.4100036621094,59014500
2022-10-26,QQQ,272.01263427734375,277.92999267578125,283.9800109863281,277.42999267578125,278.4599914550781,63492400
2022-10-27,QQQ,267.0603942871094,272.8699951171875,278.2799987792969,272.3399963378906,276.7900085449219,57760300
2022-10-28,QQQ,275.2325744628906,281.2200012207031,281.70001220703125,272.05999755859375,272.2300109863281,62651300
2022-10-31,QQQ,272.0321960449219,277.95001220703125,279.760009765625,275.989990234375,278.9200134277344,47742000
2022-11-01,QQQ,269.252685546875,275.1099853515625,282.07000732421875,274.739990234375,281.5,45895900
2022-11-02,QQQ,260.0234680175781,265.67999267578125,278.2099914550781,265.6099853515625,275.0799865722656,79803100
2022-11-03,QQQ,254.94398498535156,260.489990234375,264.5,260.1000061035156,263.010009765625,70038900
2022-11-04,QQQ,259.0447082519531,264.67999267578125,266.6099853515625,259.0799865722656,265.5299987792969,78313200
2022-11-07,QQQ,261.892822265625,267.5899963378906,268.1400146484375,263.57000732421875,265.75,47333800
2022-11-08,QQQ,263.80133056640625,269.5400085449219,272.8500061035156,265.5199890136719,269.1400146484375,63213800
2022-11-09,QQQ,257.7137451171875,263.32000732421875,268.55999755859375,263.0299987792969,267.760009765625,64862100
2022-11-10,QQQ,276.7300720214844,282.75,283.04998779296875,273.8500061035156,276.010009765625,99256700
2022-11-11,QQQ,281.8290710449219,287.9599914550781,288.6400146484375,281.19000244140625,282.55999755859375,66961800
2022-11-14,QQQ,279.3627624511719,285.44000244140625,289.2099914550781,284.44000244140625,285.8599853515625,55290700
2022-11-15,QQQ,283.2286376953125,289.3900146484375,293.260009765625,285.9700012207031,292.2099914550781,73985400
2022-11-16,QQQ,279.3627624511719,285.44000244140625,289.4800109863281,284.6000061035156,287.3900146484375,48859800
2022-11-17,QQQ,278.7461853027344,284.80999755859375,286.32000732421875,280.7200012207031,280.8800048828125,55462100
2022-11-18,QQQ,278.7559814453125,284.82000732421875,287.989990234375,282.32000732421875,287.8900146484375,53588600
2022-11-21,QQQ,275.8883972167969,281.8900146484375,284.5799865722656,281.0400085449219,283.3999938964844,40083500
2022-11-22,QQQ,279.8619079589844,285.95001220703125,286.1099853515625,280.4599914550781,282.6400146484375,41873400
2022-11-23,QQQ,282.6708679199219,288.82000732421875,289.4599914550781,285.7900085449219,285.9700012207031,46390000
2022-11-25,QQQ,280.8112487792969,286.9200134277344,287.9100036621094,286.4200134277344,287.19000244140625,15498800
2022-11-28,QQQ,276.69085693359375,282.7099914550781,286.9599914550781,281.760009765625,284.8999938964844,38714200
2022-11-29,QQQ,274.59649658203125,280.57000732421875,283.3500061035156,279.1700134277344,282.94000244140625,35618900
2022-11-30,QQQ,287.1141357421875,293.3599853515625,293.4700012207031,279.9700012207031,280.8399963378906,74718100
2022-12-01,QQQ,287.4665222167969,293.7200012207031,295.75,290.8800048828125,293.69000244140625,51547300
2022-12-02,QQQ,286.3213806152344,292.54998779296875,293.45001220703125,288.3599853515625,288.5400085449219,53583200
2022-12-05,QQQ,281.5159606933594,287.6400146484375,291.67999267578125,286.1499938964844,290.3800048828125,41482100
2022-12-06,QQQ,275.6828308105469,281.67999267578125,287.6199951171875,280.260009765625,287.4800109863281,53937600
2022-12-07,QQQ,274.5574035644531,280.5299987792969,282.57000732421875,278.7799987792969,280.4700012207031,45614300
2022-12-08,QQQ,277.806640625,283.8500061035156,284.8399963378906,279.7900085449219,281.9100036621094,42594900
2022-12-09,QQQ,276.0351867675781,282.0400085449219,285.6400146484375,281.5899963378906,282.80999755859375,47860500
2022-12-12,QQQ,279.499755859375,285.5799865722656,285.6400146484375,281.1600036621094,282.2200012207031,35732500
2022-12-13,QQQ,282.50445556640625,288.6499938964844,296.8800048828125,285.9100036621094,296.6499938964844,80667700
2022-12-14,QQQ,280.4100036621094,286.510009765625,291.4100036621094,283.19000244140625,288.04998779296875,64984400
2022-12-15,QQQ,270.99481201171875,276.8900146484375,283.010009765625,275.6700134277344,282.3299865722656,60554100
2022-12-16,QQQ,268.4109802246094,274.25,277.7699890136719,272.6099853515625,276.20001220703125,68300400
2022-12-19,QQQ,264.6388854980469,269.75,273.9599914550781,268.489990234375,273.8699951171875,44167900
2022-12-20,QQQ,264.4328918457031,269.5400085449219,271.32000732421875,266.95001220703125,268.55999755859375,51064200
2022-12-21,QQQ,268.2688293457031,273.45001220703125,274.7799987792969,269.739990234375,270.6000061035156,46394700
2022-12-22,QQQ,261.7055358886719,266.760009765625,270.510009765625,262.4599914550781,270.3800048828125,60278400
2022-12-23,QQQ,262.2940979003906,267.3599853515625,268.0400085449219,263.5299987792969,265.4700012207031,39373600
2022-12-27,QQQ,258.5857238769531,263.5799865722656,266.8500061035156,263.0299987792969,266.739990234375,38009000
2022-12-28,QQQ,255.17178344726562,260.1000061035156,265.4700012207031,259.7300109863281,263.1700134277344,47139000
2022-12-29,QQQ,261.3916320800781,266.44000244140625,267.3999938964844,262.25,262.9599914550781,45893600
2022-12-30,QQQ,261.2346496582031,266.2799987792969,266.4100036621094,262.2900085449219,263.6199951171875,37858300
2023-01-03,QQQ,259.4687194824219,264.4800109863281,270.1499938964844,262.1300048828125,268.6499938964844,42335300
2023-01-04,QQQ,260.70489501953125,265.739990234375,267.45001220703125,262.5299987792969,266.6400146484375,47754900
2023-01-05,QQQ,256.6236267089844,261.5799865722656,264.2099914550781,261.260009765625,264.0400085449219,45396700
2023-01-06,QQQ,263.7068786621094,268.79998779296875,269.94000244140625,260.3399963378906,263.3500061035156,54659700
2023-01-09,QQQ,265.4139404296875,270.5400085449219,275.2900085449219,269.9200134277344,270.8299865722656,45568700
2023-01-10,QQQ,267.6604919433594,272.8299865722656,272.94000244140625,268.9700012207031,269.489990234375,35247800
2023-01-11,QQQ,272.2911071777344,277.54998779296875,277.6600036621094,273.1199951171875,273.9200134277344,44077000
2023-01-12,QQQ,273.7626037597656,279.04998779296875,280.1000061035156,273.739990234375,278.1199951171875,60600000
2023-01-13,QQQ,275.6462707519531,280.9700012207031,281.2200012207031,276.1600036621094,276.5,44802900
2023-01-17,QQQ,276.2054138183594,281.5400085449219,282.8500061035156,279.5799865722656,280.7699890136719,36269700
2023-01-18,QQQ,272.6148681640625,277.8800048828125,284.69000244140625,277.6700134277344,283.1099853515625,47754500
2023-01-19,QQQ,269.9365539550781,275.1499938964844,277.3800048828125,273.8900146484375,276.2200012207031,44150400
2023-01-20,QQQ,277.3238830566406,282.67999267578125,283.0199890136719,275.7099914550781,276.7900085449219,60613600
2023-01-23,QQQ,283.4848937988281,288.9599914550781,290.2099914550781,282.7300109863281,283.5400085449219,52799900
2023-01-24,QQQ,282.90606689453125,288.3699951171875,289.54998779296875,286.7799987792969,287.30999755859375,44875100
2023-01-25,QQQ,282.27813720703125,287.7300109863281,288.3599853515625,281.17999267578125,283.7699890136719,50872000
2023-01-26,QQQ,287.7818908691406,293.3399963378906,293.5199890136719,288.5199890136719,291.2200012207031,51596300
2023-01-27,QQQ,290.6466064453125,296.260009765625,298.260009765625,291.8800048828125,292.0,56441900
2023-01-30,QQQ,284.77008056640625,290.2699890136719,294.3800048828125,289.8900146484375,292.92999267578125,49405800
2023-01-31,QQQ,289.03765869140625,294.6199951171875,294.7200012207031,290.20001220703125,290.30999755859375,46705100
2023-02-01,QQQ,295.21826171875,300.9200134277344,303.42999267578125,292.29998779296875,294.4100036621094,67562200
2023-02-02,QQQ,305.8135986328125,311.7200012207031,313.67999267578125,306.7300109863281,307.57000732421875,83070600
2023-02-03,QQQ,300.3786315917969,306.17999267578125,312.3900146484375,304.5400085449219,304.94000244140625,76170800
2023-02-06,QQQ,297.83770751953125,303.5899963378906,305.9100036621094,302.2200012207031,303.510009765625,40802300
2023-02-07,QQQ,304.00848388671875,309.8800048828125,311.0299987792969,302.32000732421875,303.4599914550781,67584000
2023-02-08,QQQ,298.6028747558594,304.3699951171875,309.5,303.6700134277344,308.5400085449219,56720900
2023-02-09,QQQ,295.9638671875,301.67999267578125,308.989990234375,300.20001220703125,308.8399963378906,49137800
2023-02-10,QQQ,294.0213623046875,299.70001220703125,301.57000732421875,297.25,299.4800109863281,50050100
2023-02-13,QQQ,298.73040771484375,304.5,305.1000061035156,299.92999267578125,301.1300048828125,39636700
2023-02-14,QQQ,300.937744140625,306.75,307.7200012207031,300.9100036621094,302.8900146484375,64079100
2023-02-15,QQQ,303.2432861328125,309.1000061035156,309.2699890136719,304.20001220703125,304.8999938964844,43100600
2023-02-16,QQQ,297.55322265625,303.29998779296875,308.42999267578125,303.1499938964844,304.3800048828125,59498600
2023-02-17,QQQ,295.4537353515625,301.1600036621094,301.92999267578125,298.1000061035156,301.07000732421875,58230700
2023-02-21,QQQ,288.45880126953125,294.0299987792969,298.7300109863281,293.8900146484375,297.260009765625,46526700
2023-02-22,QQQ,288.6746520996094,294.25,296.3599853515625,292.55999755859375,294.6199951171875,51389200
2023-02-23,QQQ,291.1959533691406,296.82000732421875,298.1300048828125,292.54998779296875,297.9700012207031,69294400
2023-02-24,QQQ,286.3200988769531,291.8500061035156,292.9700012207031,290.04998779296875,291.760009765625,74332000
2023-02-27,QQQ,288.3705139160156,293.94000244140625,296.489990234375,293.3399963378906,295.07000732421875,48995000
2023-02-28,QQQ,287.9977111816406,293.55999755859375,296.1199951171875,292.9599914550781,293.29998779296875,48243100
2023-03-01,QQQ,285.6824645996094,291.20001220703125,293.92999267578125,290.20001220703125,293.260009765625,58287000
2023-03-02,QQQ,288.0467834472656,293.6099853515625,294.42999267578125,288.3699951171875,288.6600036621094,53565900
2023-03-03,QQQ,294.0017395019531,299.67999267578125,299.9200134277344,294.8699951171875,295.3900146484375,60511500
2023-03-06,QQQ,294.3353271484375,300.0199890136719,304.0,299.82000732421875,300.94000244140625,56736300
2023-03-07,QQQ,290.72509765625,296.3399963378906,301.010009765625,295.7200012207031,300.07000732421875,65955800
2023-03-08,QQQ,292.177001953125,297.82000732421875,298.42999267578125,294.8800048828125,296.7699890136719,50876300
2023-03-09,QQQ,287.1147766113281,292.6600036621094,300.9800109863281,291.8299865722656,298.3299865722656,71456700
2023-03-10,QQQ,283.0826416015625,288.54998779296875,294.3500061035156,287.3800048828125,292.8299865722656,98593600
2023-03-13,QQQ,285.1820983886719,290.69000244140625,294.4700012207031,285.19000244140625,286.7300109863281,97123600
2023-03-14,QQQ,291.73553466796875,297.3699951171875,297.92999267578125,293.45001220703125,294.30999755859375,73602500
2023-03-15,QQQ,293.2658996582031,298.92999267578125,299.2699890136719,293.239990234375,294.7099914550781,83631500
2023-03-16,QQQ,300.9966735839844,306.80999755859375,307.17999267578125,297.19000244140625,298.0,98198100
2023-03-17,QQQ,299.57421875,305.3599853515625,309.1499938964844,303.3699951171875,306.7200012207031,89923700
2023-03-20,QQQ,300.6373291015625,305.9700012207031,306.29998779296875,302.010009765625,304.260009765625,56359500
2023-03-21,QQQ,304.9311218261719,310.3399963378906,310.79998779296875,306.3999938964844,307.94000244140625,49757000
2023-03-22,QQQ,300.7846984863281,306.1199951171875,315.25,305.95001220703125,310.2699890136719,75791900
2023-03-23,QQQ,304.35137939453125,309.75,314.1499938964844,307.010009765625,309.9200134277344,74576000
2023-03-24,QQQ,305.4715576171875,310.8900146484375,310.989990234375,306.95001220703125,309.32000732421875,57195200
2023-03-27,QQQ,303.378662109375,308.760009765625,312.70001220703125,307.8900146484375,311.6000061035156,50287400
2023-03-28,QQQ,301.7672119140625,307.1199951171875,308.20001220703125,304.7699890136719,308.1700134277344,48585900
2023-03-29,QQQ,307.2696228027344,312.7200012207031,313.3500061035156,310.04998779296875,310.8800048828125,53274300
2023-03-30,QQQ,310.1780090332031,315.67999267578125,316.32000732421875,312.80999755859375,315.239990234375,58354800
2023-03-31,QQQ,315.3365173339844,320.92999267578125,321.1700134277344,315.6000061035156,315.9100036621094,62138100
2023-04-03,QQQ,314.57012939453125,320.1499938964844,320.4200134277344,317.4200134277344,318.7699890136719,47126800
2023-04-04,QQQ,313.5090026855469,319.07000732421875,321.6300048828125,317.8299865722656,320.6000061035156,45875400
2023-04-05,QQQ,310.41387939453125,315.9200134277344,319.05999755859375,314.07000732421875,318.1000061035156,62795700
2023-04-06,QQQ,312.5067138671875,318.04998779296875,318.54998779296875,312.82000732421875,314.239990234375,46916500
2023-04-10,QQQ,312.3299255371094,317.8699951171875,317.9200134277344,313.25,315.07000732421875,45134700
2023-04-11,QQQ,310.3254089355469,315.8299865722656,317.8900146484375,315.30999755859375,317.8299865722656,40113600
2023-04-12,QQQ,307.5841064453125,313.0400085449219,318.4200134277344,312.57000732421875,317.82000732421875,62813300
2023-04-13,QQQ,313.6072692871094,319.1700134277344,319.6499938964844,313.6300048828125,314.8299865722656,54613800
2023-04-14,QQQ,313.0176696777344,318.57000732421875,320.3599853515625,315.6099853515625,317.5899963378906,56278300
2023-04-17,QQQ,313.2829895019531,318.8399963378906,319.20001220703125,316.0400085449219,318.1499938964844,43007000
2023-04-18,QQQ,313.30267333984375,318.8599853515625,321.4200134277344,317.6400146484375,320.989990234375,46746900
2023-04-19,QQQ,313.15521240234375,318.7099914550781,319.7900085449219,316.2799987792969,316.4100036621094,38960100
2023-04-20,QQQ,310.76763916015625,316.2799987792969,319.2699890136719,314.9700012207031,315.69000244140625,62462100
2023-04-21,QQQ,311.0918273925781,316.6099853515625,317.3999938964844,314.1000061035156,315.9100036621094,59002300
2023-04-24,QQQ,310.443359375,315.95001220703125,317.739990234375,313.739990234375,316.3800048828125,44043100
2023-04-25,QQQ,304.5871887207031,309.989990234375,314.9700012207031,309.8900146484375,314.2900085449219,57121600
2023-04-26,QQQ,306.4344482421875,311.8699951171875,314.94000244140625,311.3399963378906,313.44000244140625,55400500
2023-04-27,QQQ,314.7666931152344,320.3500061035156,320.8599853515625,315.04998779296875,315.70001220703125,65430400
2023-04-28,QQQ,316.93817138671875,322.55999755859375,322.6499938964844,318.9599914550781,320.1099853515625,59712600
2023-05-01,QQQ,316.5746154785156,322.19000244140625,323.6300048828125,321.0899963378906,322.0899963378906,41013400
2023-05-02,QQQ,313.8136291503906,319.3800048828125,322.45001220703125,317.6099853515625,322.1199951171875,56519400
2023-05-03,QQQ,311.760009765625,317.2900085449219,322.4700012207031,317.17999267578125,319.75,59882100
2023-05-04,QQQ,310.65948486328125,316.1700134277344,318.2300109863281,315.1199951171875,317.05999755859375,50224500
2023-05-05,QQQ,317.2623596191406,322.8900146484375,323.760009765625,316.2099914550781,318.4700012207031,51806100
2023-05-08,QQQ,318.0484924316406,323.69000244140625,324.0400085449219,321.32000732421875,322.4200134277344,36465800
2023-05-09,QQQ,316.0341796875,321.6400146484375,322.8800048828125,321.32000732421875,322.0,31768800
2023-05-10,QQQ,319.47320556640625,325.1400146484375,326.010009765625,321.6000061035156,324.1199951171875,60446600
2023-05-11,QQQ,320.51470947265625,326.20001220703125,326.75,324.1199951171875,325.70001220703125,44278500
2023-05-12,QQQ,319.3651428222656,325.0299987792969,327.1700134277344,322.94000244140625,326.739990234375,48432800
2023-05-15,QQQ,321.0943908691406,326.7900085449219,327.0299987792969,323.9599914550781,325.510009765625,33375600
2023-05-16,QQQ,321.4579772949219,327.1600036621094,328.8999938964844,326.0199890136719,326.05999755859375,40019200
2023-05-17,QQQ,325.3489074707031,331.1199951171875,331.7099914550781,327.0400085449219,328.239990234375,47486100
2023-05-18,QQQ,331.3918151855469,337.2699890136719,337.489990234375,331.5,331.5199890136719,64213500
2023-05-19,QQQ,330.6450500488281,336.510009765625,338.2099914550781,335.42999267578125,337.489990234375,61554900
2023-05-22,QQQ,331.7552795410156,337.6400146484375,338.6700134277344,336.239990234375,336.25,43015900
2023-05-23,QQQ,327.5498962402344,333.3599853515625,337.05999755859375,333.0,335.8900146484375,48216700
2023-05-24,QQQ,325.86968994140625,331.6499938964844,332.9100036621094,329.55999755859375,331.3699951171875,62891200
2023-05-25,QQQ,333.79901123046875,339.7200012207031,341.010009765625,336.6700134277344,339.1400146484375,66862800
2023-05-26,QQQ,342.3277893066406,348.3999938964844,349.25,340.6600036621094,340.760009765625,63007000
2023-05-30,QQQ,343.8802490234375,349.9800109863281,353.92999267578125,348.5299987792969,352.7099914550781,72652200
2023-05-31,QQQ,341.9249267578125,347.989990234375,350.6000061035156,346.510009765625,348.3699951171875,65105400
2023-06-01,QQQ,345.87493896484375,352.010009765625,353.3599853515625,346.6600036621094,347.7300109863281,50488600
2023-06-02,QQQ,348.4688415527344,354.6499938964844,355.8299865722656,352.010009765625,353.79998779296875,53372100
2023-06-05,QQQ,348.71453857421875,354.8999938964844,357.5,353.8500061035156,354.42999267578125,47266200
2023-06-06,QQQ,348.6555480957031,354.8399963378906,355.82000732421875,352.92999267578125,354.2799987792969,41390400
2023-06-07,QQQ,342.74041748046875,348.82000732421875,357.1199951171875,348.17999267578125,355.1300048828125,69225900
2023-06-08,QQQ,346.9949951171875,353.1499938964844,353.6199951171875,348.8900146484375,349.1199951171875,47153900
2023-06-09,QQQ,348.3215026855469,354.5,357.6600036621094,353.0299987792969,354.6300048828125,53196900
2023-06-12,QQQ,354.20709228515625,360.489990234375,360.5899963378906,355.20001220703125,356.19000244140625,44606500
2023-06-13,QQQ,356.92877197265625,363.260009765625,364.1099853515625,360.0299987792969,363.2900085449219,57097800
2023-06-14,QQQ,359.52276611328125,365.8999938964844,366.19000244140625,360.4200134277344,363.2699890136719,69525600
2023-06-15,QQQ,363.8068542480469,370.260009765625,371.7699890136719,363.9800109863281,364.6099853515625,71138800
2023-06-16,QQQ,361.5173034667969,367.92999267578125,372.8500061035156,367.4800109863281,372.7200012207031,80932000
2023-06-20,QQQ,360.99981689453125,366.8999938964844,368.32000732421875,363.8900146484375,365.95001220703125,49204700
2023-06-21,QQQ,356.0802917480469,361.8999938964844,366.17999267578125,360.9599914550781,365.739990234375,53378300
2023-06-22,QQQ,360.2815856933594,366.1700134277344,366.3299865722656,360.2200012207031,360.6300048828125,47603000
2023-06-23,QQQ,356.71002197265625,362.5400085449219,364.8800048828125,360.82000732421875,362.2099914550781,48922900
2023-06-26,QQQ,351.9281005859375,357.67999267578125,364.8399963378906,357.5899963378906,362.0,52685500
2023-06-27,QQQ,357.97918701171875,363.8299865722656,364.57000732421875,358.510009765625,359.25,49428100
2023-06-28,QQQ,358.6778564453125,364.5400085449219,366.5199890136719,361.8999938964844,361.9800109863281,46498000
2023-06-29,QQQ,357.9595642089844,363.80999755859375,364.8900146484375,362.1400146484375,364.239990234375,46151000
2023-06-30,QQQ,363.4793395996094,369.4200134277344,370.489990234375,367.2300109863281,367.54998779296875,58712500
2023-07-03,QQQ,364.3353576660156,370.2900085449219,370.92999267578125,368.9700012207031,370.07000732421875,19432900
2023-07-05,QQQ,364.3255310058594,370.2799987792969,372.010009765625,368.6600036621094,368.70001220703125,34460900
2023-07-06,QQQ,361.5508117675781,367.4599914550781,367.9100036621094,364.5199890136719,366.510009765625,49374700
2023-07-07,QQQ,360.3504638671875,366.239990234375,370.4800109863281,366.010009765625,367.2300109863281,47133700
2023-07-10,QQQ,360.468505859375,366.3599853515625,367.04998779296875,363.4100036621094,365.9599914550781,48498800
2023-07-11,QQQ,362.2494201660156,368.1700134277344,368.6300048828125,364.6199951171875,366.7900085449219,38214100
2023-07-12,QQQ,366.82464599609375,372.82000732421875,374.19000244140625,370.29998779296875,372.3399963378906,61975400
2023-07-13,QQQ,373.0528869628906,379.1499938964844,379.989990234375,375.4599914550781,376.04998779296875,46960000
2023-07-14,QQQ,372.97412109375,379.07000732421875,382.8599853515625,378.17999267578125,379.5899963378906,55148500
2023-07-17,QQQ,376.45721435546875,382.6099853515625,383.5,379.30999755859375,379.79998779296875,40868900
2023-07-18,QQQ,379.53692626953125,385.739990234375,387.1300048828125,380.0,381.9599914550781,55262000
2023-07-19,QQQ,379.4483642578125,385.6499938964844,387.9800109863281,384.29998779296875,386.82000732421875,54093000
2023-07-20,QQQ,370.7013244628906,376.760009765625,384.1000061035156,375.7200012207031,382.6099853515625,71941700
2023-07-21,QQQ,369.5895080566406,375.6300048828125,379.9200134277344,375.19000244140625,379.17999267578125,60499600
2023-07-24,QQQ,370.1798095703125,376.2300109863281,377.5799865722656,374.3399963378906,376.6199951171875,40380100
2023-07-25,QQQ,372.6888427734375,378.7799987792969,380.4700012207031,376.92999267578125,376.95001220703125,38894400
2023-07-26,QQQ,371.4490966796875,377.5199890136719,379.239990234375,375.17999267578125,377.7200012207031,47075700
2023-07-27,QQQ,370.5635070800781,376.6199951171875,384.7099914550781,375.30999755859375,383.07000732421875,63940200
2023-07-28,QQQ,377.3132629394531,383.4800109863281,384.5199890136719,380.2200012207031,380.739990234375,56902900
2023-07-31,QQQ,377.5100402832031,383.67999267578125,384.8800048828125,382.3399963378906,383.7900085449219,44019900
2023-08-01,QQQ,376.6343078613281,382.7900085449219,383.55999755859375,380.69000244140625,382.30999755859375,41060600
2023-08-02,QQQ,368.36944580078125,374.3900146484375,379.260009765625,373.1300048828125,379.260009765625,72687100
2023-08-03,QQQ,367.7790832519531,373.7900085449219,375.95001220703125,371.7699890136719,371.94000244140625,47666400
2023-08-04,QQQ,366.0572509765625,372.0400085449219,378.1000061035156,371.5299987792969,375.75,61702800
2023-08-07,QQQ,369.1565246582031,375.19000244140625,375.2900085449219,371.510009765625,373.8800048828125,37230400
2023-08-08,QQQ,366.0178527832031,372.0,372.6600036621094,368.82000732421875,372.6400146484375,44726500
2023-08-09,QQQ,361.9936218261719,367.9100036621094,372.45001220703125,367.1400146484375,372.2900085449219,51150900
2023-08-10,QQQ,362.66265869140625,368.5899963378906,374.3599853515625,367.0400085449219,370.9700012207031,72035300
2023-08-11,QQQ,360.3504638671875,366.239990234375,368.0,364.69000244140625,365.989990234375,48707200
2023-08-14,QQQ,364.3944091796875,370.3500061035156,370.4700012207031,364.70001220703125,365.42999267578125,42130800
2023-08-15,QQQ,360.527587890625,366.4200134277344,370.1700134277344,365.739990234375,369.3599853515625,45539900
2023-08-16,QQQ,356.71002197265625,362.5400085449219,367.42999267578125,362.44000244140625,365.8699951171875,53190500
2023-08-17,QQQ,352.81365966796875,358.5799865722656,364.30999755859375,358.1600036621094,363.9599914550781,62604300
2023-08-18,QQQ,352.370849609375,358.1300048828125,359.4100036621094,354.7099914550781,355.260009765625,61191400
2023-08-21,QQQ,358.0481262207031,363.8999938964844,364.5899963378906,359.1499938964844,359.6199951171875,50696500
2023-08-22,QQQ,357.5364990234375,363.3800048828125,366.55999755859375,362.67999267578125,366.54998779296875,44530200
2023-08-23,QQQ,363.1742858886719,369.1099853515625,370.2200012207031,364.3599853515625,364.5799865722656,51770600
2023-08-24,QQQ,355.41119384765625,361.2200012207031,372.739990234375,361.010009765625,372.6400146484375,66842500
2023-08-25,QQQ,358.1661682128906,364.0199890136719,365.739990234375,358.5799865722656,362.07000732421875,69960500
2023-08-28,QQQ,360.8620910644531,366.760009765625,367.7099914550781,364.25,366.989990234375,40910000
2023-08-29,QQQ,368.7432556152344,374.7699890136719,375.1300048828125,366.2300109863281,366.55999755859375,58492400
2023-08-30,QQQ,370.7996520996094,376.8599853515625,377.45001220703125,373.8599853515625,374.8800048828125,41731500
2023-08-31,QQQ,371.9114990234375,377.989990234375,379.7200012207031,376.8699951171875,376.94000244140625,35730700
2023-09-01,QQQ,371.5179443359375,377.5899963378906,380.8299865722656,376.0799865722656,380.3999938964844,39801200
2023-09-05,QQQ,371.990234375,378.07000732421875,379.30999755859375,375.8299865722656,376.7699890136719,32344200
2023-09-06,QQQ,368.7137756347656,374.739990234375,377.6300048828125,372.70001220703125,377.2799987792969,42998700
2023-09-07,QQQ,366.07684326171875,372.05999755859375,372.8500061035156,369.1499938964844,370.2099914550781,52060700
2023-09-08,QQQ,366.5885314941406,372.5799865722656,374.8500061035156,371.6000061035156,372.010009765625,35800100
2023-09-11,QQQ,370.9079284667969,376.9700012207031,377.489990234375,373.6600036621094,375.6600036621094,39936600
2023-09-12,QQQ,366.795166015625,372.7900085449219,376.95001220703125,372.5,375.2699890136719,41391000
2023-09-13,QQQ,368.1922912597656,374.2099914550781,375.8399963378906,371.8800048828125,373.0299987792969,46300700
2023-09-14,QQQ,371.20306396484375,377.2699890136719,378.2699890136719,373.8900146484375,375.989990234375,48039400
2023-09-15,QQQ,364.8470153808594,370.80999755859375,376.32000732421875,369.8599853515625,375.9100036621094,69811200
2023-09-18,QQQ,365.2273254394531,370.6600036621094,371.7900085449219,369.0299987792969,369.32000732421875,36903500
2023-09-19,QQQ,364.4488830566406,369.8699951171875,370.67999267578125,366.79998779296875,369.32000732421875,37621700
2023-09-20,QQQ,359.19708251953125,364.5400085449219,371.30999755859375,364.4599914550781,370.95001220703125,45514200
2023-09-21,QQQ,352.6148986816406,357.8599853515625,361.6000061035156,357.69000244140625,360.79998779296875,69734800
2023-09-22,QQQ,352.6641845703125,357.9100036621094,361.79998779296875,357.5899963378906,359.6300048828125,51589700
2023-09-25,QQQ,354.3392639160156,359.6099853515625,359.70001220703125,355.92999267578125,356.92999267578125,39168000
2023-09-26,QQQ,349.0184631347656,354.2099914550781,357.5400085449219,353.2099914550781,356.989990234375,53657700
2023-09-27,QQQ,349.8363037109375,355.0400085449219,356.9800109863281,351.3599853515625,355.3800048828125,56066000
2023-09-28,QQQ,352.7627258300781,358.010009765625,360.1700134277344,353.239990234375,354.1099853515625,56453300
2023-09-29,QQQ,353.0189514160156,358.2699890136719,362.95001220703125,357.0199890136719,361.5400085449219,64829600
2023-10-02,QQQ,355.96514892578125,361.260009765625,362.67999267578125,357.9200134277344,358.5400085449219,51625100
2023-10-03,QQQ,349.7180480957031,354.9200134277344,361.010009765625,353.2799987792969,358.7799987792969,60478500
2023-10-04,QQQ,354.4772033691406,359.75,360.6099853515625,355.29998779296875,355.7699890136719,54786700
2023-10-05,QQQ,353.43280029296875,358.69000244140625,360.1499938964844,355.1400146484375,359.739990234375,45897400
2023-10-06,QQQ,359.35467529296875,364.70001220703125,365.9100036621094,354.8500061035156,355.6499938964844,75049100
2023-10-09,QQQ,361.1874084472656,366.55999755859375,367.1099853515625,360.7799987792969,362.29998779296875,45304800
2023-10-10,QQQ,363.1876525878906,368.5899963378906,371.2799987792969,366.3900146484375,366.8999938964844,46968800
2023-10-11,QQQ,365.7790832519531,371.2200012207031,371.4100036621094,368.19000244140625,369.94000244140625,38215100
2023-10-12,QQQ,364.50799560546875,369.92999267578125,373.739990234375,367.5,371.7300109863281,49587900
2023-10-13,QQQ,359.9261779785156,365.2799987792969,371.1600036621094,363.8599853515625,370.57000732421875,52469900
2023-10-16,QQQ,363.99566650390625,369.4100036621094,370.4800109863281,366.4700012207031,366.6199951171875,44201100
2023-10-17,QQQ,362.8033752441406,368.20001220703125,369.9200134277344,363.6600036621094,365.80999755859375,50999100
2023-10-18,QQQ,358.04412841796875,363.3699951171875,367.9100036621094,362.0199890136719,365.6700134277344,54280500
2023-10-19,QQQ,354.69403076171875,359.9700012207031,366.0199890136719,359.1600036621094,364.80999755859375,72274200
2023-10-20,QQQ,349.4027404785156,354.6000061035156,360.0400085449219,354.3699951171875,359.4599914550781,72559700
2023-10-23,QQQ,350.45703125,355.6700134277344,359.260009765625,351.1199951171875,353.260009765625,60665200
2023-10-24,QQQ,353.86627197265625,359.1300048828125,359.9100036621094,355.7900085449219,357.510009765625,47082100
2023-10-25,QQQ,345.2051696777344,350.3399963378906,356.8800048828125,349.75,356.70001220703125,71190500
2023-10-26,QQQ,338.62310791015625,343.6600036621094,350.07000732421875,342.3500061035156,349.1199951171875,78621400
2023-10-27,QQQ,340.2488708496094,345.30999755859375,348.8399963378906,344.0799865722656,346.42999267578125,63476700
2023-10-30,QQQ,344.08184814453125,349.20001220703125,350.5400085449219,346.45001220703125,347.8299865722656,55298500
2023-10-31,QQQ,345.7273254394531,350.8699951171875,351.25,346.6199951171875,349.2300109863281,47671900
2023-11-01,QQQ,351.7281188964844,356.9599914550781,357.5299987792969,351.6199951171875,351.7200012207031,58992700
2023-11-02,QQQ,358.1131591796875,363.44000244140625,363.67999267578125,360.29998779296875,361.5400085449219,58162400
2023-11-03,QQQ,362.320556640625,367.7099914550781,369.0199890136719,364.5199890136719,364.75,53280500
2023-11-06,QQQ,363.798583984375,369.2099914550781,369.7799987792969,366.9100036621094,368.489990234375,38848700
2023-11-07,QQQ,367.2374267578125,372.70001220703125,373.5799865722656,369.04998779296875,370.2699890136719,50777400
2023-11-08,QQQ,367.4739074707031,372.94000244140625,373.7900085449219,370.6199951171875,373.0799865722656,35663400
2023-11-09,QQQ,364.64593505859375,370.07000732421875,374.79998779296875,369.57000732421875,373.6400146484375,53859400
2023-11-10,QQQ,372.84405517578125,378.3900146484375,378.5400085449219,371.2799987792969,371.82000732421875,58309800
2023-11-13,QQQ,371.68133544921875,377.2099914550781,378.2799987792969,375.239990234375,376.7900085449219,40733500
2023-11-14,QQQ,379.6822814941406,385.3299865722656,386.260009765625,383.17999267578125,383.7099914550781,67792600
2023-11-15,QQQ,379.96807861328125,385.6199951171875,387.75,384.239990234375,387.25,54141400
2023-11-16,QQQ,380.2932434082031,385.95001220703125,386.19000244140625,383.55999755859375,384.8399963378906,45343500
2023-11-17,QQQ,380.38189697265625,386.0400085449219,387.07000732421875,384.2900085449219,385.2099914550781,46571900
2023-11-20,QQQ,385.01300048828125,390.739990234375,391.4100036621094,386.04998779296875,386.04998779296875,44429600
2023-11-21,QQQ,382.7763366699219,388.4700012207031,389.2300109863281,386.70001220703125,389.010009765625,43337000
2023-11-22,QQQ,384.3429260253906,390.05999755859375,393.07000732421875,389.0400085449219,390.57000732421875,44121000
2023-11-24,QQQ,383.801025390625,389.510009765625,390.25,388.5,389.6499938964844,15718800
2023-11-27,QQQ,383.466064453125,389.1700134277344,391.1499938964844,388.2799987792969,389.010009765625,34139700
2023-11-28,QQQ,384.4710693359375,390.19000244140625,390.7799987792969,388.04998779296875,388.4100036621094,35491100
2023-11-29,QQQ,384.09661865234375,389.80999755859375,394.1400146484375,389.4599914550781,392.69000244140625,38811700
2023-11-30,QQQ,383.1310119628906,388.8299865722656,390.54998779296875,385.82000732421875,390.0799865722656,52834400
2023-12-01,QQQ,384.2248229980469,389.94000244140625,390.5400085449219,386.07000732421875,387.75,40490100
2023-12-04,QQQ,380.6578063964844,386.32000732421875,386.6000061035156,382.6600036621094,386.0899963378906,51186900
2023-12-05,QQQ,381.61358642578125,387.2900085449219,388.5,384.2099914550781,384.3900146484375,42933000
2023-12-06,QQQ,379.4063415527344,385.04998779296875,390.3699951171875,384.70001220703125,390.2699890136719,41994100
2023-12-07,QQQ,384.7075500488281,390.42999267578125,391.2699890136719,386.9599914550781,388.07000732421875,49593500
2023-12-08,QQQ,386.42205810546875,392.1700134277344,392.6199951171875,388.4800109863281,388.6700134277344,46687500
2023-12-11,QQQ,389.72296142578125,395.5199890136719,395.7900085449219,391.5299987792969,391.739990234375,41198000
2023-12-12,QQQ,392.8267822265625,398.6700134277344,398.7900085449219,394.4100036621094,395.55999755859375,39221200
2023-12-13,QQQ,397.8224792480469,403.739990234375,404.3599853515625,398.8399963378906,399.6199951171875,55408100
2023-12-14,QQQ,397.47760009765625,403.3900146484375,406.29998779296875,400.3399963378906,404.9800109863281,55447800
2023-12-15,QQQ,399.3990478515625,405.3399963378906,406.5400085449219,403.57000732421875,404.17999267578125,62896600
2023-12-18,QQQ,401.9147033691406,407.0799865722656,407.989990234375,404.6000061035156,404.92999267578125,46610000
2023-12-19,QQQ,403.9683532714844,409.1600036621094,409.2799987792969,407.3500061035156,407.5400085449219,35711900
2023-12-20,QQQ,397.9654541015625,403.0799865722656,410.4700012207031,402.8999938964844,408.3500061035156,54042400
2023-12-21,QQQ,402.595947265625,407.7699890136719,408.1400146484375,404.4700012207031,407.05999755859375,45568900
2023-12-22,QQQ,403.1982727050781,408.3800048828125,409.9700012207031,406.4800109863281,409.0,34314000
2023-12-26,QQQ,405.66650390625,410.8800048828125,411.55999755859375,409.1499938964844,409.25,22722500
2023-12-27,QQQ,406.4923400878906,411.5,411.7900085449219,410.0799865722656,410.95001220703125,31980500
2023-12-28,QQQ,406.29473876953125,411.29998779296875,412.9200134277344,410.94000244140625,412.6700134277344,27029200
2023-12-29,QQQ,404.5364074707031,409.5199890136719,411.6400146484375,407.5799865722656,411.2799987792969,42662100
2024-01-02,QQQ,397.6907958984375,402.5899963378906,406.0899963378906,400.239990234375,405.8399963378906,58026900
2024-01-03,QQQ,393.4825439453125,398.3299865722656,401.0,397.8900146484375,399.92999267578125,47002800
2024-01-04,QQQ,391.4574890136719,396.2799987792969,399.5899963378906,396.05999755859375,396.44000244140625,39432800
2024-01-05,QQQ,391.92181396484375,396.75,399.55999755859375,395.3399963378906,396.45001220703125,44922800
2024-01-08,QQQ,400.02203369140625,404.95001220703125,405.239990234375,397.8399963378906,397.989990234375,42473800
2024-01-09,QQQ,400.8122863769531,405.75,406.69000244140625,401.7099914550781,401.9100036621094,39132900
2024-01-10,QQQ,403.52886962890625,408.5,409.5199890136719,405.1700134277344,406.07000732421875,33962800
2024-01-11,QQQ,404.3685607910156,409.3500061035156,411.20001220703125,404.239990234375,409.7900085449219,54536200
2024-01-12,QQQ,404.575927734375,409.55999755859375,411.25,408.1499938964844,410.3999938964844,39595000
2024-01-16,QQQ,404.5364074707031,409.5199890136719,411.1199951171875,406.8299865722656,408.30999755859375,43903000
2024-01-17,QQQ,402.2544860839844,407.2099914550781,407.5899963378906,402.9200134277344,406.1700134277344,54386000
2024-01-18,QQQ,407.96417236328125,412.989990234375,413.5799865722656,409.1600036621094,410.5199890136719,59562500
2024-01-19,QQQ,416.0545349121094,421.17999267578125,421.3399963378906,414.6300048828125,415.2200012207031,70325100
2024-01-22,QQQ,416.5978698730469,421.7300109863281,424.7300109863281,421.1199951171875,423.4100036621094,44880600
2024-01-23,QQQ,418.3265380859375,423.4800109863281,423.70001220703125,420.57000732421875,422.42999267578125,33003800
2024-01-24,QQQ,420.64788818359375,425.8299865722656,429.8500061035156,425.3299865722656,427.44000244140625,46948000
2024-01-25,QQQ,421.1615905761719,426.3500061035156,429.0400085449219,423.9800109863281,428.3599853515625,44367200
2024-01-26,QQQ,418.6524963378906,423.80999755859375,426.2099914550781,423.1499938964844,424.44000244140625,37137000
2024-01-29,QQQ,422.939697265625,428.1499938964844,428.3500061035156,423.6099853515625,424.2699890136719,38694700
2024-01-30,QQQ,420.1243896484375,425.29998779296875,427.67999267578125,424.3800048828125,427.1000061035156,36739000
2024-01-31,QQQ,411.895751953125,416.9700012207031,422.8699951171875,416.7900085449219,420.8500061035156,64010600
2024-02-01,QQQ,416.74603271484375,421.8800048828125,422.3800048828125,417.80999755859375,418.7900085449219,51008600
2024-02-02,QQQ,423.7892761230469,429.010009765625,430.239990234375,422.7900085449219,423.79998779296875,59602400
2024-02-05,QQQ,423.2361145019531,428.45001220703125,429.6099853515625,425.0,429.07000732421875,39889200
2024-02-06,QQQ,422.3865051269531,427.5899963378906,430.2200012207031,425.2200012207031,429.6099853515625,35846100
2024-02-07,QQQ,426.73297119140625,431.989990234375,432.8299865722656,429.0899963378906,430.4100036621094,37712700
2024-02-08,QQQ,427.52325439453125,432.7900085449219,433.55999755859375,431.4200134277344,432.1099853515625,29889900
2024-02-09,QQQ,431.7314147949219,437.04998779296875,437.8500061035156,433.1400146484375,433.94000244140625,36943900
2024-02-12,QQQ,430.042236328125,435.3399963378906,439.1400146484375,434.6499938964844,436.94000244140625,33203300
2024-02-13,QQQ,423.3348083496094,428.54998779296875,431.2699890136719,425.3299865722656,427.2799987792969,64491700
2024-02-14,QQQ,427.947998046875,433.2200012207031,433.6499938964844,428.8800048828125,431.260009765625,45092700
2024-02-15,QQQ,429.2223205566406,434.510009765625,434.9800109863281,431.3299865722656,433.9200134277344,38796100
2024-02-16,QQQ,425.33026123046875,430.57000732421875,434.989990234375,429.8500061035156,434.8900146484375,53716500
2024-02-20,QQQ,422.1198425292969,427.32000732421875,430.0799865722656,423.5,428.54998779296875,53999500
2024-02-21,QQQ,420.4305725097656,425.6099853515625,425.70001220703125,421.6300048828125,424.54998779296875,49779000
2024-02-22,QQQ,432.7389831542969,438.07000732421875,439.1199951171875,433.7099914550781,434.489990234375,53887800
2024-02-23,QQQ,431.4646911621094,436.7799987792969,440.5899963378906,435.7900085449219,439.6499938964844,39853900
2024-02-26,QQQ,431.2374267578125,436.54998779296875,438.6000061035156,436.3599853515625,437.6000061035156,33043200
2024-02-27,QQQ,432.27471923828125,437.6000061035156,437.989990234375,435.0299987792969,437.6700134277344,33713200
2024-02-28,QQQ,429.9730529785156,435.2699890136719,436.6700134277344,434.29998779296875,435.42999267578125,32938800
2024-02-29,QQQ,433.65771484375,439.0,440.0899963378906,435.0199890136719,438.2300109863281,42495200
2024-03-01,QQQ,440.187255859375,445.6099853515625,446.5799865722656,439.8399963378906,439.8999938964844,43853000
2024-03-04,QQQ,438.6165466308594,444.0199890136719,446.0400085449219,443.7699890136719,445.6099853515625,34325700
2024-03-05,QQQ,430.7435607910156,436.04998779296875,440.95001220703125,433.6499938964844,440.94000244140625,57917100
2024-03-06,QQQ,433.4501953125,438.7900085449219,441.989990234375,436.8900146484375,440.32000732421875,46234500
2024-03-07,QQQ,440.0292053222656,445.45001220703125,446.7200012207031,440.8599853515625,442.4200134277344,44526700
2024-03-08,QQQ,433.67742919921875,439.0199890136719,448.6400146484375,438.3399963378906,445.80999755859375,72096000
2024-03-11,QQQ,432.06732177734375,437.3900146484375,438.6600036621094,435.44000244140625,437.510009765625,45860000
2024-03-12,QQQ,438.26092529296875,443.6600036621094,444.0199890136719,436.4599914550781,439.7300109863281,55300900
2024-03-13,QQQ,434.8924255371094,440.25,442.6700134277344,439.1199951171875,442.6499938964844,37928700
2024-03-14,QQQ,433.7959899902344,439.1400146484375,442.0299987792969,436.3900146484375,441.5,52195200
2024-03-15,QQQ,428.6394958496094,433.9200134277344,438.8699951171875,432.739990234375,436.07000732421875,73069800
2024-03-18,QQQ,432.72760009765625,437.4800109863281,441.0400085449219,437.239990234375,438.7300109863281,47323800
2024-03-19,QQQ,433.8056945800781,438.57000732421875,438.9800109863281,433.3299865722656,435.45001220703125,43004100
2024-03-20,QQQ,438.94921875,443.7699890136719,444.1099853515625,438.05999755859375,439.7799987792969,43653500
2024-03-21,QQQ,441.0264587402344,445.8699951171875,449.3399963378906,445.6700134277344,448.8800048828125,39345700
2024-03-22,QQQ,441.5309143066406,446.3800048828125,447.489990234375,444.489990234375,445.3500061035156,28253900
2024-03-25,QQQ,439.9285583496094,444.760009765625,446.260009765625,442.5400085449219,443.54998779296875,27789200
2024-03-26,QQQ,438.50421142578125,443.32000732421875,447.2300109863281,443.0899963378906,446.29998779296875,34142000
2024-03-27,QQQ,439.99774169921875,444.8299865722656,446.5400085449219,441.92999267578125,446.44000244140625,41359200
2024-03-28,QQQ,439.1866455078125,444.010009765625,445.6400146484375,443.6499938964844,444.7799987792969,36839600
2024-04-01,QQQ,440.116455078125,444.95001220703125,447.5299987792969,443.0199890136719,444.9700012207031,38729000
2024-04-02,QQQ,436.318115234375,441.1099853515625,441.42999267578125,438.0299987792969,440.0799865722656,44259700
2024-04-03,QQQ,437.29742431640625,442.1000061035156,444.0,438.95001220703125,438.9599914550781,39949800
2024-04-04,QQQ,430.6108703613281,435.3399963378906,446.95001220703125,435.1099853515625,446.3299865722656,57267700
2024-04-05,QQQ,435.68511962890625,440.4700012207031,443.1700134277344,435.9599914550781,436.7799987792969,54744600
2024-04-08,QQQ,435.813720703125,440.6000061035156,442.5,439.20001220703125,441.4100036621094,28144900
2024-04-09,QQQ,437.42596435546875,442.2300109863281,443.239990234375,437.44000244140625,442.9599914550781,39443600
2024-04-10,QQQ,433.60797119140625,438.3699951171875,439.239990234375,436.2799987792969,437.0,61502200
2024-04-11,QQQ,440.5318908691406,445.3699951171875,446.3299865722656,437.9599914550781,440.260009765625,45474600
2024-04-12,QQQ,433.509033203125,438.2699890136719,442.239990234375,436.8800048828125,441.1000061035156,53665000
2024-04-15,QQQ,426.3773498535156,431.05999755859375,442.1499938964844,430.2099914550781,442.05999755859375,63453600
2024-04-16,QQQ,426.4169006347656,431.1000061035156,433.760009765625,429.70001220703125,430.8999938964844,47619000
2024-04-17,QQQ,421.2140197753906,425.8399963378906,433.1199951171875,424.8999938964844,433.1000061035156,56880500
2024-04-18,QQQ,418.8104553222656,423.4100036621094,428.239990234375,422.8299865722656,426.489990234375,46549400
2024-04-19,QQQ,410.1455993652344,414.6499938964844,422.75,413.07000732421875,422.2200012207031,75231000
2024-04-22,QQQ,414.27032470703125,418.82000732421875,421.17999267578125,413.94000244140625,417.30999755859375,47807700
2024-04-23,QQQ,420.4524230957031,425.07000732421875,426.2799987792969,418.8699951171875,420.7699890136719,44384700
2024-04-24,QQQ,421.8768005371094,426.510009765625,429.7300109863281,424.20001220703125,428.20001220703125,48440300
2024-04-25,QQQ,419.8392028808594,424.45001220703125,425.32000732421875,418.1400146484375,419.239990234375,57392200
2024-04-26,QQQ,426.3180236816406,431.0,432.54998779296875,426.9200134277344,427.6199951171875,41874900
2024-04-29,QQQ,428.0489807128906,432.75,433.760009765625,429.9800109863281,433.1300048828125,30022200
2024-04-30,QQQ,419.97760009765625,424.5899963378906,432.55999755859375,424.510009765625,431.1499938964844,43665900
2024-05-01,QQQ,416.9409484863281,421.5199890136719,430.1400146484375,420.6600036621094,423.1499938964844,52251700
2024-05-02,QQQ,422.26251220703125,426.8999938964844,427.80999755859375,420.6300048828125,425.29998779296875,36559000
2024-05-03,QQQ,430.74932861328125,435.4800109863281,436.4800109863281,432.6199951171875,434.44000244140625,48515300
2024-05-06,QQQ,435.46746826171875,440.25,440.3399963378906,436.5199890136719,437.29998779296875,30227200
2024-05-07,QQQ,435.5367431640625,440.32000732421875,441.9700012207031,439.5799865722656,440.70001220703125,30996100
2024-05-08,QQQ,435.279541015625,440.05999755859375,441.4800109863281,437.54998779296875,437.6700134277344,24896700
2024-05-09,QQQ,436.2291564941406,441.0199890136719,441.6000061035156,438.4599914550781,440.3299865722656,24580100
2024-05-10,QQQ,437.25787353515625,442.05999755859375,444.30999755859375,440.5,442.5400085449219,27116600
2024-05-13,QQQ,438.2667236328125,443.0799865722656,444.0899963378906,441.6499938964844,443.989990234375,22994200
2024-05-14,QQQ,441.0858154296875,445.92999267578125,446.4700012207031,442.4599914550781,442.6499938964844,34478300
2024-05-15,QQQ,447.9801025390625,452.8999938964844,453.1499938964844,446.8999938964844,448.42999267578125,41464700
2024-05-16,QQQ,447.0700988769531,451.9800109863281,454.69000244140625,451.80999755859375,452.7099914550781,34780400
2024-05-17,QQQ,446.8525085449219,451.760009765625,452.7200012207031,449.5400085449219,452.1099853515625,35803700
2024-05-20,QQQ,449.96826171875,454.9100036621094,455.5799865722656,451.7900085449219,451.9800109863281,24474200
2024-05-21,QQQ,450.8486022949219,455.79998779296875,455.989990234375,452.8399963378906,453.0400085449219,23167700
2024-05-22,QQQ,450.7595520019531,455.7099914550781,456.82000732421875,453.0799865722656,456.05999755859375,25120000
2024-05-23,QQQ,448.7318420410156,453.6600036621094,460.5799865722656,451.8500061035156,460.54998779296875,40899200
2024-05-24,QQQ,452.9752502441406,457.95001220703125,459.2300109863281,453.57000732421875,455.2900085449219,29669500
2024-05-28,QQQ,454.68646240234375,459.67999267578125,459.739990234375,456.69000244140625,459.17999267578125,26216800
2024-05-29,QQQ,451.48162841796875,456.44000244140625,458.239990234375,455.3399963378906,455.4800109863281,29739200
2024-05-30,QQQ,446.64471435546875,451.54998779296875,455.6400146484375,450.2099914550781,455.5,30536800
2024-05-31,QQQ,445.8138427734375,450.7099914550781,452.4800109863281,443.05999755859375,451.7799987792969,55941300
2024-06-03,QQQ,448.2076110839844,453.1300048828125,455.5799865722656,447.8999938964844,454.57000732421875,32997500
2024-06-04,QQQ,449.43414306640625,454.3699951171875,455.5799865722656,451.1300048828125,452.8699951171875,23767400
2024-06-05,QQQ,458.4945983886719,463.5299987792969,463.6099853515625,454.4100036621094,457.9800109863281,33817400
2024-06-06,QQQ,458.33636474609375,463.3699951171875,464.5400085449219,462.19000244140625,464.2200012207031,21966800
2024-06-07,QQQ,457.9308166503906,462.9599914550781,465.739990234375,461.8399963378906,463.0,25829700
2024-06-10,QQQ,459.7804870605469,464.8299865722656,465.19000244140625,461.5299987792969,461.82000732421875,20660800
2024-06-11,QQQ,462.9358215332031,468.0199890136719,468.1400146484375,462.0299987792969,463.5400085449219,22053300
2024-06-12,QQQ,468.99920654296875,474.1499938964844,476.5,471.2900085449219,471.989990234375,34532600
2024-06-13,QQQ,471.5412902832031,476.7200012207031,478.3900146484375,474.4200134277344,477.7200012207031,25859000
2024-06-14,QQQ,473.9845275878906,479.19000244140625,479.260009765625,476.04998779296875,476.5199890136719,23372600
2024-06-17,QQQ,479.79071044921875,485.05999755859375,486.8599853515625,478.1400146484375,479.4599914550781,37054500
2024-06-18,QQQ,479.9391174316406,485.2099914550781,485.8999938964844,483.42999267578125,485.010009765625,24438600
2024-06-20,QQQ,476.23974609375,481.4700012207031,486.8399963378906,479.6199951171875,486.4200134277344,33918700
2024-06-21,QQQ,474.9637451171875,480.17999267578125,482.5400085449219,478.6700134277344,481.19000244140625,37456800
2024-06-24,QQQ,469.55645751953125,473.9599914550781,479.92999267578125,473.82000732421875,478.17999267578125,37751000
2024-06-25,QQQ,474.92608642578125,479.3800048828125,479.67999267578125,475.1199951171875,476.07000732421875,29014700
2024-06-26,QQQ,475.9068603515625,480.3699951171875,480.9200134277344,478.1300048828125,478.54998779296875,22737100
2024-06-27,QQQ,477.1353454589844,481.6099853515625,483.1000061035156,479.29998779296875,480.1199951171875,26222100
2024-06-28,QQQ,474.65863037109375,479.1099853515625,487.20001220703125,478.4599914550781,482.4100036621094,34881600
2024-07-01,QQQ,477.4425048828125,481.9200134277344,482.489990234375,476.260009765625,480.0400085449219,24898300
2024-07-02,QQQ,482.4555358886719,486.9800109863281,487.0400085449219,480.2799987792969,480.4100036621094,26723600
2024-07-03,QQQ,486.477783203125,491.0400085449219,491.1700134277344,486.2200012207031,486.2200012207031,18064900
2024-07-05,QQQ,491.5502014160156,496.1600036621094,496.6000061035156,491.5899963378906,491.8900146484375,28495900
2024-07-08,QQQ,492.7192077636719,497.3399963378906,497.8999938964844,495.5,496.5299987792969,22109400
2024-07-09,QQQ,493.1452331542969,497.7699890136719,500.0,496.239990234375,498.8699951171875,25614500
2024-07-10,QQQ,498.2870178222656,502.9599914550781,503.5199890136719,498.3900146484375,499.7099914550781,28046900
2024-07-11,QQQ,487.3594665527344,491.92999267578125,503.2799987792969,490.7300109863281,503.07000732421875,49966600
2024-07-12,QQQ,490.22265625,494.82000732421875,499.6199951171875,492.0400085449219,492.510009765625,37109400
2024-07-15,QQQ,491.5403137207031,496.1499938964844,501.010009765625,494.0899963378906,496.6099853515625,31151400
2024-07-16,QQQ,491.728515625,496.3399963378906,498.44000244140625,493.1499938964844,497.6199951171875,25950600
2024-07-17,QQQ,477.29388427734375,481.7699890136719,488.79998779296875,481.70001220703125,488.2799987792969,56268800
2024-07-18,QQQ,475.03509521484375,479.489990234375,485.7099914550781,476.2699890136719,485.5299987792969,49347400
2024-07-19,QQQ,470.8245544433594,475.239990234375,481.69000244140625,473.94000244140625,479.1499938964844,42042900
2024-07-22,QQQ,477.8387756347656,482.32000732421875,483.3500061035156,477.7099914550781,481.1600036621094,40300000
2024-07-23,QQQ,476.15460205078125,480.6199951171875,484.42999267578125,480.1400146484375,481.4100036621094,23282500
2024-07-24,QQQ,459.07476806640625,463.3800048828125,474.19000244140625,462.510009765625,473.82000732421875,58818600
2024-07-25,QQQ,454.01220703125,458.2699890136719,467.94000244140625,455.6300048828125,463.7200012207031,59256800
2024-07-26,QQQ,458.6686096191406,462.9700012207031,465.92999267578125,459.7699890136719,462.6499938964844,39992100
2024-07-29,QQQ,459.5899353027344,463.8999938964844,467.9100036621094,461.6199951171875,465.7099914550781,28218500
2024-07-30,QQQ,453.2790832519531,457.5299987792969,466.55999755859375,454.1499938964844,465.8500061035156,41317200
2024-07-31,QQQ,466.6933288574219,471.07000732421875,472.7900085449219,466.4100036621094,467.8699951171875,44552100
2024-08-01,QQQ,455.3893127441406,459.6600036621094,475.54998779296875,455.9800109863281,471.760009765625,56653900
2024-08-02,QQQ,444.5806884765625,448.75,453.57000732421875,444.4700012207031,450.8900146484375,66323200
2024-08-05,QQQ,431.32501220703125,435.3699951171875,442.2900085449219,423.45001220703125,424.7099914550781,87483500
2024-08-06,QQQ,435.44635009765625,439.5299987792969,447.07000732421875,434.55999755859375,437.2300109863281,63164400
2024-08-07,QQQ,430.73052978515625,434.7699890136719,449.0,434.3699951171875,446.489990234375,54929200
2024-08-08,QQQ,443.90704345703125,448.07000732421875,448.989990234375,437.1499938964844,441.05999755859375,47890100
2024-08-09,QQQ,446.22528076171875,450.4100036621094,452.05999755859375,445.6099853515625,446.739990234375,33574000
2024-08-12,QQQ,447.1862487792969,451.3800048828125,454.3699951171875,448.54998779296875,451.3900146484375,27795000
2024-08-13,QQQ,458.28216552734375,462.5799865722656,462.8500061035156,455.67999267578125,455.82000732421875,40084500
2024-08-14,QQQ,458.4308166503906,462.7300109863281,465.1099853515625,458.3999938964844,463.510009765625,34733700
2024-08-15,QQQ,470.01220703125,474.4200134277344,474.82000732421875,468.3800048828125,468.760009765625,38280600
2024-08-16,QQQ,470.6164855957031,475.0299987792969,476.4100036621094,471.6499938964844,472.6199951171875,38383600
2024-08-19,QQQ,476.79852294921875,481.2699890136719,481.30999755859375,473.3699951171875,475.1700134277344,23737700
2024-08-20,QQQ,475.7979431152344,480.260009765625,482.94000244140625,478.54998779296875,480.3500061035156,29209300
2024-08-21,QQQ,478.0171203613281,482.5,484.3699951171875,479.32000732421875,481.04998779296875,25658800
2024-08-22,QQQ,470.4382019042969,474.8500061035156,485.5400085449219,473.80999755859375,484.8399963378906,37739600
2024-08-23,QQQ,475.540283203125,480.0,482.739990234375,475.2799987792969,479.239990234375,36061500
2024-08-26,QQQ,470.923583984375,475.3399963378906,480.3800048828125,473.239990234375,479.45001220703125,27452600
2024-08-27,QQQ,472.3304138183594,476.760009765625,477.8399963378906,471.7099914550781,473.69000244140625,27510000
2024-08-28,QQQ,466.9706726074219,471.3500061035156,477.0199890136719,467.8900146484375,476.2900085449219,37372400
2024-08-29,QQQ,466.2871398925781,470.6600036621094,477.92999267578125,469.3699951171875,473.2799987792969,41081500
2024-08-30,QQQ,471.8449401855469,476.2699890136719,476.8999938964844,470.510009765625,475.0400085449219,33466500
2024-09-03,QQQ,457.51934814453125,461.80999755859375,473.3299865722656,459.4100036621094,473.20001220703125,44985200
2024-09-04,QQQ,456.3304443359375,460.6099853515625,464.45001220703125,457.7300109863281,458.6700134277344,32505100
2024-09-05,QQQ,456.7564697265625,461.0400085449219,465.3599853515625,457.94000244140625,458.9700012207031,34452400
2024-09-06,QQQ,444.5212097167969,448.69000244140625,461.2200012207031,448.19000244140625,460.3299865722656,50624400
2024-09-09,QQQ,450.2375793457031,454.4599914550781,455.4599914550781,449.82000732421875,453.05999755859375,32981200
2024-09-10,QQQ,454.3986511230469,458.6600036621094,459.1700134277344,452.2300109863281,456.239990234375,29680300
2024-09-11,QQQ,464.26605224609375,468.6199951171875,469.3699951171875,451.2799987792969,459.9100036621094,57843000
2024-09-12,QQQ,468.8233337402344,473.2200012207031,474.0400085449219,466.8500061035156,468.6499938964844,40067800
2024-09-13,QQQ,470.923583984375,475.3399963378906,476.5299987792969,472.25,472.4800109863281,29111800
2024-09-16,QQQ,468.8431396484375,473.239990234375,473.8599853515625,469.8900146484375,473.19000244140625,22585600
2024-09-17,QQQ,469.0908203125,473.489990234375,477.6000061035156,470.9700012207031,476.2900085449219,30084400
2024-09-18,QQQ,467.05987548828125,471.44000244140625,478.8299865722656,470.8299865722656,474.70001220703125,39909200
2024-09-19,QQQ,478.8691101074219,483.3599853515625,486.2300109863281,480.489990234375,482.6099853515625,52782500
2024-09-20,QQQ,477.9576416015625,482.44000244140625,483.69000244140625,478.29998779296875,482.489990234375,34577700
2024-09-23,QQQ,479.2245788574219,483.0400085449219,484.1400146484375,481.6000061035156,482.95001220703125,24843000
2024-09-24,QQQ,481.53619384765625,485.3699951171875,486.3299865722656,480.1700134277344,484.4599914550781,25952600
2024-09-25,QQQ,481.98260498046875,485.82000732421875,487.7900085449219,484.55999755859375,484.739990234375,26549900
2024-09-26,QQQ,485.60382080078125,489.4700012207031,493.70001220703125,485.79998779296875,493.3699951171875,32020200
2024-09-27,QQQ,482.9052734375,486.75,490.6400146484375,485.55999755859375,490.5,22851100
2024-09-30,QQQ,484.2148742675781,488.07000732421875,488.4100036621094,482.9200134277344,485.7799987792969,30281100
2024-10-01,QQQ,477.4685363769531,481.2699890136719,488.0,477.3999938964844,487.70001220703125,42735400
2024-10-02,QQQ,478.1431884765625,481.95001220703125,483.8800048828125,477.7200012207031,480.3599853515625,23744000
2024-10-03,QQQ,477.7860412597656,481.5899963378906,484.54998779296875,478.989990234375,479.739990234375,25337200
2024-10-04,QQQ,483.4707946777344,487.32000732421875,487.8800048828125,482.3900146484375,487.45001220703125,30686600
2024-10-07,QQQ,478.2919921875,482.1000061035156,486.57000732421875,480.8699951171875,485.3900146484375,24975100
2024-10-08,QQQ,485.43511962890625,489.29998779296875,489.989990234375,483.8500061035156,484.6600036621094,28272000
2024-10-09,QQQ,489.2546691894531,493.1499938964844,493.7300109863281,487.95001220703125,489.0,24995000
2024-10-10,QQQ,488.6991882324219,492.5899963378906,494.4700012207031,489.5299987792969,490.8500061035156,25750400
2024-10-11,QQQ,489.4630126953125,493.3599853515625,494.3900146484375,490.1700134277344,490.739990234375,20644500
2024-10-14,QQQ,493.5703430175781,497.5,498.8299865722656,495.260009765625,495.7699890136719,26060100
2024-10-15,QQQ,486.972900390625,490.8500061035156,498.5,488.67999267578125,497.8299865722656,34784500
2024-10-16,QQQ,487.03240966796875,490.9100036621094,491.69000244140625,487.57000732421875,491.17999267578125,22996800
2024-10-17,QQQ,487.3697509765625,491.25,496.489990234375,491.19000244140625,496.44000244140625,27210700
2024-10-18,QQQ,490.5643005371094,494.4700012207031,495.57000732421875,493.29998779296875,494.05999755859375,25335000
2024-10-21,QQQ,491.5068054199219,495.4200134277344,496.2300109863281,491.30999755859375,493.25,30336500
2024-10-22,QQQ,492.0425109863281,495.9599914550781,497.45001220703125,491.9700012207031,492.7300109863281,26685800
2024-10-23,QQQ,484.5025634765625,488.3599853515625,494.25,485.04998779296875,493.5899963378906,39346600
2024-10-24,QQQ,488.4313049316406,492.32000732421875,493.0,489.44000244140625,492.1099853515625,22024900
2024-10-25,QQQ,491.4075927734375,495.32000732421875,500.2799987792969,494.42999267578125,495.1400146484375,38762100
2024-10-28,QQQ,491.4869384765625,495.3999938964844,498.5199890136719,495.1000061035156,498.4599914550781,20477800
2024-10-29,QQQ,496.2093811035156,500.1600036621094,501.3500061035156,493.8500061035156,495.7200012207031,28014100
2024-10-30,QQQ,492.459228515625,496.3800048828125,500.3500061035156,495.8900146484375,499.3900146484375,29756000
2024-10-31,QQQ,480.0281677246094,483.8500061035156,492.42999267578125,483.75,492.3800048828125,41245200
2024-11-01,QQQ,483.57989501953125,487.42999267578125,490.75,485.20001220703125,485.5,33655800
2024-11-04,QQQ,482.1711120605469,486.010009765625,489.3800048828125,484.25,486.82000732421875,23291600
2024-11-05,QQQ,488.3221740722656,492.2099914550781,492.8800048828125,487.5199890136719,487.6099853515625,24353600
2024-11-06,QQQ,501.5865478515625,505.5799865722656,506.4100036621094,499.6000061035156,500.55999755859375,43082200
2024-11-07,QQQ,509.4836120605469,513.5399780273438,514.3300170898438,508.3399963378906,508.3999938964844,32853100
2024-11-08,QQQ,510.0789794921875,514.1400146484375,514.9199829101562,512.4099731445312,513.0399780273438,22924500
2024-11-11,QQQ,509.7812805175781,513.8400268554688,515.5800170898438,510.9200134277344,515.3699951171875,24167500
2024-11-12,QQQ,508.858642578125,512.9099731445312,514.6599731445312,509.8299865722656,513.77001953125,25835300
2024-11-13,QQQ,508.203857421875,512.25,514.97998046875,509.95001220703125,512.4000244140625,24567400
2024-11-14,QQQ,504.6719970703125,508.69000244140625,512.7899780273438,507.7699890136719,511.9100036621094,28679500
2024-11-15,QQQ,492.647705078125,496.57000732421875,503.3299865722656,494.489990234375,502.94000244140625,51461100
2024-11-18,QQQ,496.0704650878906,500.0199890136719,502.1400146484375,496.7300109863281,498.1300048828125,27080800
2024-11-19,QQQ,499.4833068847656,503.4599914550781,503.95001220703125,497.0799865722656,497.4200134277344,24523000
2024-11-20,QQQ,499.1955871582031,503.1700134277344,503.4800109863281,496.55999755859375,503.1600036621094,29565500
2024-11-21,QQQ,500.9913024902344,504.9800109863281,506.9599914550781,497.55999755859375,506.239990234375,34526700
2024-11-22,QQQ,501.7948913574219,505.7900085449219,506.5299987792969,502.7799987792969,504.4200134277344,23826600
2024-11-25,QQQ,502.58856201171875,506.5899963378906,511.45001220703125,504.260009765625,509.8999938964844,26375200
2024-11-26,QQQ,505.287109375,509.30999755859375,510.1400146484375,507.2300109863281,508.0799865722656,26557100
2024-11-27,QQQ,501.3087463378906,505.29998779296875,508.239990234375,501.92999267578125,508.1700134277344,24957400
2024-11-29,QQQ,505.71368408203125,509.739990234375,510.3399963378906,505.30999755859375,505.92999267578125,15334000
2024-12-02,QQQ,511.21978759765625,515.2899780273438,516.260009765625,510.6199951171875,511.010009765625,25147200
2024-12-03,QQQ,512.787353515625,516.8699951171875,517.1500244140625,513.3699951171875,513.9500122070312,18597900
2024-12-04,QQQ,519.126953125,523.260009765625,523.52001953125,519.5999755859375,520.3200073242188,26086200
2024-12-05,QQQ,517.6882934570312,521.8099975585938,524.0399780273438,521.4199829101562,523.3099975585938,18169600
2024-12-06,QQQ,522.3214111328125,526.47998046875,526.719970703125,522.3499755859375,522.47998046875,23762600
2024-12-09,QQQ,518.2538452148438,522.3800048828125,526.3499755859375,521.219970703125,525.5499877929688,20674400
2024-12-10,QQQ,516.48779296875,520.5999755859375,525.3800048828125,519.1599731445312,523.6199951171875,24350000
2024-12-11,QQQ,525.7342529296875,529.9199829101562,530.6099853515625,524.5900268554688,525.0,32168600
2024-12-12,QQQ,522.3413696289062,526.5,528.9600219726562,526.02001953125,527.6799926757812,23577500
2024-12-13,QQQ,526.3394165039062,530.530029296875,533.1699829101562,527.2999877929688,530.4600219726562,28780400
2024-12-16,QQQ,533.9190673828125,538.1699829101562,539.1500244140625,533.0,533.0800170898438,31979900
2024-12-17,QQQ,531.56787109375,535.7999877929688,537.47998046875,534.1300048828125,536.3599853515625,28579100
2024-12-18,QQQ,512.3905029296875,516.469970703125,536.8800048828125,515.010009765625,535.1500244140625,54703200
2024-12-19,QQQ,510.10870361328125,514.1699829101562,521.760009765625,513.8300170898438,521.1900024414062,46441800
2024-12-20,QQQ,514.5631713867188,518.6599731445312,524.8200073242188,509.2900085449219,510.44000244140625,60530000
2024-12-23,QQQ,519.576416015625,522.8699951171875,523.25,516.1300048828125,519.5499877929688,29672800
2024-12-24,QQQ,526.6217651367188,529.9600219726562,530.0499877929688,524.1900024414062,524.8300170898438,17558200
2024-12-26,QQQ,526.2640380859375,529.5999755859375,531.239990234375,526.3099975585938,528.3200073242188,19090500
2024-12-27,QQQ,519.2683715820312,522.5599975585938,526.4500122070312,517.8599853515625,526.010009765625,33839600
2024-12-30,QQQ,512.3621215820312,515.6099853515625,519.3599853515625,511.8299865722656,515.510009765625,34584000
2024-12-31,QQQ,508.0097961425781,511.2300109863281,517.6599731445312,510.260009765625,516.9000244140625,29117000
2025-01-02,QQQ,507.0160827636719,510.2300109863281,516.6400146484375,505.7099914550781,514.2999877929688,36389800
2025-01-03,QQQ,515.3135375976562,518.5800170898438,519.6500244140625,512.530029296875,513.3499755859375,29059500
2025-01-06,QQQ,521.2359008789062,524.5399780273438,527.9199829101562,522.030029296875,524.02001953125,36109700
2025-01-07,QQQ,511.9349060058594,515.1799926757812,525.989990234375,513.280029296875,525.5900268554688,36690300
2025-01-08,QQQ,512.0243530273438,515.27001953125,516.9199829101562,510.57000732421875,515.0800170898438,30777800
2025-01-10,QQQ,503.9952087402344,507.19000244140625,511.5799865722656,503.9200134277344,511.4800109863281,40532500
2025-01-13,QQQ,502.37548828125,505.55999755859375,506.0199890136719,499.70001220703125,501.20001220703125,31694200
2025-01-14,QQQ,501.89849853515625,505.0799865722656,510.1600036621094,501.5899963378906,508.739990234375,33737200
2025-01-15,QQQ,513.4453125,516.7000122070312,517.8499755859375,511.4599914550781,513.030029296875,34957600
2025-01-16,QQQ,509.8481750488281,513.0800170898438,519.0599975585938,512.9500122070312,518.97998046875,28229000
2025-01-17,QQQ,518.4535522460938,521.739990234375,524.0700073242188,513.1099853515625,522.8499755859375,51837900
2025-01-21,QQQ,521.4943237304688,524.7999877929688,525.969970703125,520.0599975585938,524.47998046875,23628000
2025-01-22,QQQ,528.1620483398438,531.510009765625,533.8200073242188,529.260009765625,529.5700073242188,33593000
2025-01-23,QQQ,529.2848510742188,532.6400146484375,532.760009765625,528.4500122070312,529.0399780273438,23096600
2025-01-24,QQQ,526.2938232421875,529.6300048828125,533.7899780273438,528.1500244140625,533.02001953125,19878300
2025-01-27,QQQ,510.9710998535156,514.2100219726562,517.989990234375,510.1499938964844,511.0,60771700
2025-01-28,QQQ,518.5230712890625,521.8099975585938,523.0,511.7799987792969,515.219970703125,33194200
2025-01-29,QQQ,517.5492553710938,520.8300170898438,522.5900268554688,516.9000244140625,522.4600219726562,26649000
2025-01-30,QQQ,519.7553100585938,523.0499877929688,526.0999755859375,518.2100219726562,523.7100219726562,27431300
2025-01-31,QQQ,519.0,522.2899780273438,531.52001953125,521.1900024414062,526.9199829101562,38755200
2025-02-03,QQQ,514.846435546875,518.1099853515625,520.8499755859375,511.04998779296875,513.469970703125,40580800
2025-02-04,QQQ,521.1663208007812,524.469970703125,525.1099853515625,518.22998046875,518.6300048828125,26046800
2025-02-05,QQQ,523.5313720703125,526.8499755859375,527.010009765625,520.6199951171875,521.8200073242188,21134100
2025-02-06,QQQ,526.2640380859375,529.5999755859375,529.8099975585938,525.739990234375,527.3599853515625,19434500
2025-02-07,QQQ,519.6260986328125,522.9199829101562,532.0999755859375,522.1900024414062,530.1400146484375,29605500
2025-02-10,QQQ,525.916259765625,529.25,530.3599853515625,526.75,527.219970703125,20852800
2025-02-11,QQQ,524.6641845703125,527.989990234375,529.9199829101562,525.8300170898438,525.9600219726562,19325500
2025-02-12,QQQ,524.9722900390625,528.2999877929688,529.1900024414062,521.9500122070312,522.2999877929688,25009400
2025-02-13,QQQ,532.5243530273438,535.9000244140625,536.219970703125,529.1900024414062,529.97998046875,28714800
2025-02-14,QQQ,534.76025390625,538.1500244140625,538.8400268554688,535.6699829101562,536.010009765625,17862600
2025-02-18,QQQ,535.9725341796875,539.3699951171875,540.0,536.0399780273438,539.72998046875,20565000
2025-02-19,QQQ,536.1216430664062,539.52001953125,540.8099975585938,536.4600219726562,538.5700073242188,19666900
2025-02-20,QQQ,533.8460083007812,537.22998046875,539.0999755859375,532.4600219726562,538.72998046875,26550800
2025-02-21,QQQ,522.7662963867188,526.0800170898438,538.4000244140625,525.7100219726562,538.3800048828125,47093800
2025-02-24,QQQ,516.5953369140625,519.8699951171875,529.0700073242188,519.530029296875,527.8800048828125,39268400
2025-02-25,QQQ,510.0865783691406,513.3200073242188,519.3200073242188,509.44000244140625,519.239990234375,48940000
2025-02-26,QQQ,511.3187561035156,514.5599975585938,519.6599731445312,511.3699951171875,515.530029296875,34457600
2025-02-27,QQQ,497.1187744140625,500.2699890136719,519.0700073242188,500.04998779296875,518.1300048828125,52448000
2025-02-28,QQQ,504.9690856933594,508.1700134277344,508.7799987792969,496.92999267578125,500.1300048828125,47654000
2025-03-03,QQQ,493.9190979003906,497.04998779296875,513.0399780273438,493.5799865722656,511.5199890136719,44587200
2025-03-04,QQQ,492.4284973144531,495.54998779296875,503.739990234375,487.739990234375,494.17999267578125,67875400
2025-03-05,QQQ,498.8478088378906,502.010009765625,503.6300048828125,491.260009765625,496.20001220703125,46323700
2025-03-06,QQQ,485.1248474121094,488.20001220703125,498.5799865722656,486.20001220703125,493.69000244140625,57574300
2025-03-07,QQQ,488.6922302246094,491.7900085449219,493.2799987792969,480.5299987792969,487.1600036621094,54714700
2025-03-10,QQQ,469.7523193359375,472.7300109863281,483.9700012207031,468.6600036621094,483.45001220703125,76668000
2025-03-11,QQQ,468.62939453125,471.6000061035156,478.80999755859375,467.010009765625,472.3500061035156,68760800
2025-03-12,QQQ,473.9158935546875,476.9200134277344,481.05999755859375,471.7900085449219,479.1600036621094,46971100
2025-03-13,QQQ,465.38995361328125,468.3399963378906,476.2799987792969,466.42999267578125,476.25,46563300
2025-03-14,QQQ,476.638671875,479.6600036621094,480.55999755859375,473.1199951171875,473.7300109863281,43563000
2025-03-17,QQQ,479.7290344238281,482.7699890136719,485.8399963378906,477.79998779296875,479.6099853515625,41744400
2025-03-18,QQQ,471.5509033203125,474.5400085449219,479.6099853515625,472.4100036621094,479.4100036621094,39072300
2025-03-19,QQQ,477.86090087890625,480.8900146484375,485.3299865722656,474.8699951171875,476.80999755859375,40430300
2025-03-20,QQQ,476.2411804199219,479.260009765625,484.54998779296875,476.17999267578125,476.8800048828125,36780500
2025-03-21,QQQ,477.8111877441406,480.8399963378906,481.6099853515625,472.9100036621094,474.0799865722656,42234900
2025-03-24,QQQ,488.29644775390625,490.6600036621094,491.510009765625,484.3999938964844,487.739990234375,34567200
2025-03-25,QQQ,491.0829162597656,493.4599914550781,493.6199951171875,490.4200134277344,491.3900146484375,26035200
2025-03-26,QQQ,482.04669189453125,484.3800048828125,493.1600036621094,482.82000732421875,492.29998779296875,34627100
2025-03-27,QQQ,479.29998779296875,481.6199951171875,486.5799865722656,480.25,482.4100036621094,33469800
2025-03-28,QQQ,466.6810607910156,468.94000244140625,480.5199890136719,468.04998779296875,479.80999755859375,46363800
2025-03-31,QQQ,466.66119384765625,468.9200134277344,469.8599853515625,457.3299865722656,461.9200134277344,53000300
2025-04-01,QQQ,470.4229736328125,472.70001220703125,473.6300048828125,464.4200134277344,467.29998779296875,41156200
2025-04-02,QQQ,473.8563537597656,476.1499938964844,479.55999755859375,465.8599853515625,466.1199951171875,49894500
2025-04-03,QQQ,448.4891662597656,450.6600036621094,460.07000732421875,450.1400146484375,456.44000244140625,70456300
2025-04-04,QQQ,420.63397216796875,422.6700134277344,440.3699951171875,422.6700134277344,438.1400146484375,117088400
2025-04-07,QQQ,421.6490478515625,423.69000244140625,443.1400146484375,402.3900146484375,408.6600036621094,161557000
2025-04-08,QQQ,414.0557861328125,416.05999755859375,443.1400146484375,409.7900085449219,438.1600036621094,101248100
2025-04-09,QQQ,463.7552185058594,466.0,467.8299865722656,415.42999267578125,415.57000732421875,142876900
2025-04-10,QQQ,444.03070068359375,446.17999267578125,455.5899963378906,432.6300048828125,453.55999755859375,108384100
2025-04-11,QQQ,452.2110900878906,454.3999938964844,455.7900085449219,441.3299865722656,444.6499938964844,52483800
2025-04-14,QQQ,455.2762756347656,457.4800109863281,465.04998779296875,452.6300048828125,464.4599914550781,43941200
2025-04-15,QQQ,455.7838134765625,457.989990234375,462.3800048828125,456.1499938964844,458.5400085449219,35404200
2025-04-16,QQQ,442.0403137207031,444.17999267578125,452.6199951171875,437.760009765625,449.0299987792969,48980600
2025-04-17,QQQ,441.9607238769531,444.1000061035156,447.75,441.3599853515625,447.1700134277344,44837000
2025-04-21,QQQ,431.0236511230469,433.1099853515625,439.0799865722656,427.92999267578125,438.2300109863281,44149300
2025-04-22,QQQ,442.3388977050781,444.4800109863281,447.5799865722656,437.6199951171875,438.82000732421875,52304400
2025-04-23,QQQ,452.3703308105469,454.55999755859375,463.3800048828125,452.8800048828125,458.1700134277344,55801100
2025-04-24,QQQ,465.09869384765625,467.3500061035156,467.6600036621094,455.8299865722656,456.4800109863281,45956100
2025-04-25,QQQ,470.28363037109375,472.55999755859375,473.0899963378906,465.3900146484375,466.9700012207031,38697100
2025-04-28,QQQ,470.13433837890625,472.4100036621094,474.80999755859375,466.0299987792969,473.0299987792969,33550800
2025-04-29,QQQ,473.2393493652344,475.5299987792969,476.4200134277344,469.5899963378906,470.1700134277344,30613100
2025-04-30,QQQ,473.1795959472656,475.4700012207031,477.20001220703125,462.42999267578125,467.1300048828125,46810600
2025-05-01,QQQ,479.35968017578125,481.67999267578125,487.17999267578125,480.739990234375,483.4100036621094,43316500
2025-05-02,QQQ,486.4752502441406,488.8299865722656,490.9100036621094,484.8299865722656,486.5400085449219,39218100
2025-05-05,QQQ,483.5892028808594,485.92999267578125,489.0299987792969,484.1000061035156,484.6000061035156,28309500
2025-05-06,QQQ,479.09100341796875,481.4100036621094,485.04998779296875,478.19000244140625,479.55999755859375,32786300
2025-05-07,QQQ,480.9718933105469,483.29998779296875,485.79998779296875,476.7799987792969,482.0799865722656,38006300
2025-05-08,QQQ,485.9378356933594,488.2900085449219,492.70001220703125,484.1700134277344,488.5299987792969,39577600
2025-05-09,QQQ,485.619384765625,487.9700012207031,491.5400085449219,486.20001220703125,490.2099914550781,27767400
2025-05-12,QQQ,505.4036560058594,507.8500061035156,507.8900146484375,501.4800109863281,506.989990234375,45090600
2025-05-13,QQQ,513.1063842773438,515.5900268554688,517.3900146484375,508.4200134277344,509.1600036621094,53269600
2025-05-14,QQQ,516.1815185546875,518.6799926757812,519.22998046875,515.75,516.77001953125,47014500
2025-05-15,QQQ,516.7487182617188,519.25,521.9299926757812,515.1699829101562,516.52001953125,50153300
2025-05-16,QQQ,518.997802734375,521.510009765625,521.7000122070312,517.0999755859375,520.6599731445312,48394600
2025-05-19,QQQ,519.4954833984375,522.010009765625,522.530029296875,514.239990234375,514.239990234375,52536200
2025-05-20,QQQ,517.7637939453125,520.27001953125,520.9299926757812,516.6599731445312,519.469970703125,42517600
2025-05-21,QQQ,510.5685729980469,513.0399780273438,523.0,511.239990234375,516.27001953125,71292800
2025-05-22,QQQ,511.52398681640625,514.0,517.7100219726562,512.2999877929688,513.6599731445312,55607200
2025-05-23,QQQ,506.7868957519531,509.239990234375,511.8399963378906,505.5799865722656,506.17999267578125,58368100
2025-05-27,QQQ,518.7091674804688,521.219970703125,521.7100219726562,514.5900268554688,516.1500244140625,47226300
2025-05-28,QQQ,516.4102783203125,518.9099731445312,523.6799926757812,518.3900146484375,522.1799926757812,46637200
2025-05-29,QQQ,517.4254760742188,519.9299926757812,526.47998046875,517.3200073242188,526.3300170898438,58513300
2025-05-30,QQQ,516.6094360351562,519.1099853515625,520.6799926757812,511.92999267578125,519.4400024414062,67662800
2025-06-02,QQQ,520.6896362304688,523.2100219726562,523.4500122070312,515.969970703125,517.239990234375,44762800
2025-06-03,QQQ,524.7598876953125,527.2999877929688,528.739990234375,522.6900024414062,523.5599975585938,44070300
2025-06-04,QQQ,526.222900390625,528.77001953125,529.8400268554688,525.969970703125,528.010009765625,41359300
2025-06-05,QQQ,522.261962890625,524.7899780273438,533.0499877929688,522.6599731445312,530.1799926757812,61031200
2025-06-06,QQQ,527.3673095703125,529.9199829101562,531.7999877929688,528.2100219726562,530.0,42467000
2025-06-09,QQQ,528.1435546875,530.7000122070312,532.3499755859375,529.010009765625,530.1400146484375,33688700
2025-06-10,QQQ,531.63671875,534.2100219726562,534.9000244140625,528.8900146484375,531.1699829101562,40664800
2025-06-11,QQQ,529.8452758789062,532.4099731445312,536.780029296875,530.1099853515625,535.6199951171875,53701000
2025-06-12,QQQ,531.0892333984375,533.6599731445312,534.6400146484375,530.8400268554688,531.0900268554688,34104900
2025-06-13,QQQ,524.421630859375,526.9600219726562,531.8699951171875,525.72998046875,527.6799926757812,55814400
2025-06-16,QQQ,531.7162475585938,534.2899780273438,535.3699951171875,530.4500122070312,530.5,37622100
2025-06-17,QQQ,526.5313720703125,529.0800170898438,533.3300170898438,527.9099731445312,531.7100219726562,42180900
2025-06-18,QQQ,526.4417114257812,528.989990234375,532.5499877929688,527.4000244140625,530.0999755859375,43983500
2025-06-20,QQQ,524.292236328125,526.8300170898438,533.5599975585938,524.8800048828125,532.260009765625,61643500
2025-06-23,QQQ,529.6832275390625,531.6500244140625,532.1699829101562,523.6500244140625,526.8099975585938,50666100
2025-06-24,QQQ,537.7831420898438,539.780029296875,540.7000122070312,536.27001953125,536.8900146484375,45442000
2025-06-25,QQQ,539.157958984375,541.1599731445312,543.3099975585938,539.3800048828125,542.0599975585938,44804200
2025-06-26,QQQ,544.19921875,546.219970703125,546.6699829101562,541.52001953125,543.3499755859375,43811400
2025-06-27,QQQ,546.0623779296875,548.0900268554688,549.989990234375,544.5399780273438,547.260009765625,57577100
2025-06-30,QQQ,549.5991821289062,551.6400146484375,552.7999877929688,549.010009765625,551.260009765625,45548700
2025-07-01,QQQ,544.9664306640625,546.989990234375,550.7100219726562,544.6599731445312,549.72998046875,56166700
2025-07-02,QQQ,548.7623291015625,550.7999877929688,551.0,546.1199951171875,546.1599731445312,36538300
2025-07-03,QQQ,554.1622924804688,556.219970703125,557.2000122070312,553.1799926757812,553.1799926757812,26443500
2025-07-07,QQQ,549.98779296875,552.030029296875,554.3400268554688,549.5800170898438,553.52001953125,45349300
2025-07-08,QQQ,550.2966918945312,552.3400268554688,554.010009765625,551.0999755859375,553.3800048828125,36153300
2025-07-09,QQQ,554.192138671875,556.25,557.6300048828125,553.0999755859375,554.47998046875,43045500
2025-07-10,QQQ,553.3951416015625,555.4500122070312,557.2999877929688,552.75,556.8900146484375,34710900
2025-07-11,QQQ,552.1498413085938,554.2000122070312,555.7899780273438,552.0499877929688,553.2999877929688,39618600
2025-07-14,QQQ,554.15234375,556.2100219726562,556.9500122070312,551.6300048828125,553.989990234375,36453300
2025-07-15,QQQ,554.6604614257812,556.719970703125,560.7999877929688,556.6599731445312,560.25,43277700
2025-07-16,QQQ,555.2283325195312,557.2899780273438,560.2100219726562,551.5599975585938,557.280029296875,52314700
2025-07-17,QQQ,559.7216796875,561.7999877929688,562.3099975585938,557.2100219726562,558.02001953125,40423800
2025-07-18,QQQ,559.1836547851562,561.260009765625,564.72998046875,559.97998046875,563.1199951171875,50484700
2025-07-21,QQQ,562.0828857421875,564.1699829101562,566.0599975585938,562.0599975585938,562.0900268554688,39595200
2025-07-22,QQQ,559.1736450195312,561.25,564.3499755859375,558.6099853515625,564.2999877929688,43270600
2025-07-23,QQQ,561.7241821289062,563.8099975585938,563.8499755859375,559.5800170898438,562.3400268554688,40215300
2025-07-24,QQQ,562.9197998046875,565.010009765625,566.239990234375,563.2899780273438,565.1300048828125,42275500
2025-07-25,QQQ,564.2747802734375,566.3699951171875,567.7000122070312,564.27001953125,564.9299926757812,30630800
2025-07-28,QQQ,566.0381469726562,568.1400146484375,569.0399780273438,566.8699951171875,567.739990234375,31498700
2025-07-29,QQQ,565.1614379882812,567.260009765625,572.1099853515625,566.530029296875,570.760009765625,45463300
2025-07-30,QQQ,565.918701171875,568.02001953125,570.6199951171875,565.0499877929688,568.1799926757812,43433800
2025-07-31,QQQ,562.9197998046875,565.010009765625,574.6300048828125,563.8699951171875,574.5399780273438,64613600
2025-08-01,QQQ,551.8309326171875,553.8800048828125,559.02001953125,551.6799926757812,558.8300170898438,69400800
2025-08-04,QQQ,562.0131225585938,564.0999755859375,564.3200073242188,558.9500122070312,559.0499877929688,47669800
2025-08-05,QQQ,558.1973266601562,560.27001953125,566.5599975585938,559.72998046875,565.3900146484375,48666600
2025-08-06,QQQ,565.2212524414062,567.3200073242188,567.760009765625,560.6300048828125,561.1099853515625,41823700
2025-08-07,QQQ,567.1341552734375,569.239990234375,573.3200073242188,565.1099853515625,571.6699829101562,44463000
2025-08-08,QQQ,572.4244995117188,574.5499877929688,574.77001953125,570.1500244140625,570.4500122070312,35255500
2025-08-11,QQQ,570.730712890625,572.8499755859375,576.7999877929688,571.5700073242188,574.6900024414062,33112900
2025-08-12,QQQ,577.9041137695312,580.0499877929688,580.3499755859375,572.489990234375,575.1599731445312,42143300
2025-08-13,QQQ,578.193115234375,580.3400268554688,583.3200073242188,578.9400024414062,582.760009765625,41209300
2025-08-14,QQQ,577.7447509765625,579.8900146484375,581.8800048828125,577.9099731445312,578.280029296875,45425000
2025-08-15,QQQ,575.2042236328125,577.3400268554688,579.8400268554688,575.5700073242188,579.7999877929688,49480200
2025-08-18,QQQ,574.9749755859375,577.1099853515625,577.77001953125,575.239990234375,576.4400024414062,29831000
2025-08-19,QQQ,567.1740112304688,569.280029296875,576.5599975585938,568.25,576.3900146484375,53752600
2025-08-20,QQQ,563.8064575195312,565.9000244140625,568.4500122070312,558.8400268554688,568.3300170898438,76781100
2025-08-21,QQQ,561.1962280273438,563.280029296875,566.489990234375,560.97998046875,564.3499755859375,46436900
2025-08-22,QQQ,569.85400390625,571.969970703125,573.989990234375,563.27001953125,564.6699829101562,51502100
2025-08-25,QQQ,568.2101440429688,570.3200073242188,573.2899780273438,569.1599731445312,570.4000244140625,34044700
2025-08-26,QQQ,570.4916381835938,572.6099853515625,572.9199829101562,568.7999877929688,569.8300170898438,34103000
2025-08-27,QQQ,571.368408203125,573.489990234375,574.4099731445312,570.3699951171875,571.5900268554688,36927100
2025-08-28,QQQ,574.9451293945312,577.0800170898438,578.0,572.4600219726562,574.1099853515625,46787900
2025-08-29,QQQ,568.2899169921875,570.4000244140625,575.030029296875,568.5399780273438,574.6599731445312,56030400
2025-09-02,QQQ,563.5274658203125,565.6199951171875,565.969970703125,559.5399780273438,561.3099975585938,65876800
2025-09-03,QQQ,567.9610595703125,570.0700073242188,571.7000122070312,566.72998046875,569.22998046875,54230200
2025-09-04,QQQ,573.1019287109375,575.22998046875,575.5999755859375,569.030029296875,570.739990234375,47526300
2025-09-05,QQQ,573.9288940429688,576.0599975585938,581.1199951171875,571.530029296875,580.489990234375,68342500
2025-09-08,QQQ,576.728515625,578.8699951171875,580.8400268554688,577.77001953125,578.3699951171875,46371400
2025-09-09,QQQ,578.3624267578125,580.510009765625,580.9400024414062,577.0399780273438,579.6699829101562,44007600
2025-09-10,QQQ,578.5516967773438,580.7000122070312,583.77001953125,578.5499877929688,583.739990234375,49308000
2025-09-11,QQQ,581.9192504882812,584.0800170898438,584.8800048828125,581.6199951171875,583.239990234375,44745800
2025-09-12,QQQ,584.4896850585938,586.6599731445312,587.8599853515625,584.0999755859375,585.0399780273438,50745900
2025-09-15,QQQ,589.4910888671875,591.6799926757812,591.7899780273438,588.2899780273438,588.4400024414062,44360300
2025-09-16,QQQ,588.992919921875,591.1799926757812,592.8599853515625,590.489990234375,592.6099853515625,36942100
2025-09-17,QQQ,587.8173828125,590.0,591.75,584.3699951171875,591.0999755859375,69384800
2025-09-18,QQQ,593.11767578125,595.3200073242188,598.1400146484375,592.9600219726562,594.9099731445312,61069300
2025-09-19,QQQ,597.1326904296875,599.3499755859375,600.0499877929688,595.8499755859375,597.3300170898438,58196100
2025-09-22,QQQ,600.667724609375,602.2000122070312,602.8699951171875,597.719970703125,597.739990234375,57154800
2025-09-23,QQQ,596.6779174804688,598.2000122070312,602.5700073242188,596.97998046875,602.3699951171875,64635500
2025-09-24,QQQ,594.583251953125,596.0999755859375,599.9000244140625,593.3599853515625,599.5800170898438,49850300
2025-09-25,QQQ,592.0198364257812,593.530029296875,595.1199951171875,588.5,592.2000122070312,70920200
2025-09-26,QQQ,594.4535522460938,595.969970703125,596.2999877929688,591.0599975585938,594.3499755859375,54337400
2025-09-29,QQQ,597.20654296875,598.72998046875,602.0499877929688,597.4099731445312,599.1099853515625,48332900
2025-09-30,QQQ,598.8424072265625,600.3699951171875,600.7100219726562,596.0999755859375,598.4299926757812,46533800
2025-10-01,QQQ,601.7150268554688,603.25,603.7899780273438,596.3400268554688,597.1699829101562,46899600
2025-10-02,QQQ,604.188720703125,605.72998046875,607.1599731445312,602.9299926757812,607.0599975585938,43765400
2025-10-03,QQQ,601.645263671875,603.1799926757812,607.3300170898438,601.3900146484375,606.510009765625,46482100
2025-10-06,QQQ,606.1636962890625,607.7100219726562,609.3599853515625,605.969970703125,608.4500122070312,41962100
2025-10-07,QQQ,602.9718627929688,604.510009765625,609.7100219726562,603.030029296875,609.02001953125,58209500
2025-10-08,QQQ,609.8842163085938,611.4400024414062,611.75,605.260009765625,605.4099731445312,50629800
2025-10-09,QQQ,609.1461181640625,610.7000122070312,611.6099853515625,607.47998046875,611.47998046875,45551000
2025-10-10,QQQ,588.0000610351562,589.5,613.1799926757812,589.0499877929688,611.4000244140625,97614800
2025-10-13,QQQ,600.4782104492188,602.010009765625,602.9500122070312,597.22998046875,599.6799926757812,65872600
2025-10-14,QQQ,596.4784545898438,598.0,602.6900024414062,590.1300048828125,595.3099975585938,69203200
2025-10-15,QQQ,600.6876831054688,602.219970703125,606.7000122070312,595.9299926757812,604.010009765625,62805500
2025-10-16,QQQ,598.46337890625,599.989990234375,608.3099975585938,595.5,605.1099853515625,70982000
2025-10-17,QQQ,602.393310546875,603.9299926757812,605.510009765625,596.3699951171875,597.9500122070312,72024900
2025-10-20,QQQ,609.9839477539062,611.5399780273438,612.7999877929688,607.0700073242188,607.1400146484375,45761700
2025-10-21,QQQ,609.8244018554688,611.3800048828125,612.719970703125,609.3200073242188,611.6400146484375,44538200
2025-10-22,QQQ,603.9493408203125,605.489990234375,611.4099731445312,599.739990234375,610.8200073242188,61478800
2025-10-23,QQQ,609.0264282226562,610.5800170898438,611.3699951171875,604.52001953125,604.9099731445312,42844300
2025-10-24,QQQ,615.52978515625,617.0999755859375,618.4199829101562,615.1300048828125,615.989990234375,47632500
2025-10-27,QQQ,626.4918823242188,628.0900268554688,628.5499877929688,624.030029296875,624.52001953125,54098600
2025-10-28,QQQ,631.3095703125,632.9199829101562,634.6799926757812,629.25,630.3599853515625,61195700
2025-10-29,QQQ,634.15234375,635.77001953125,637.010009765625,630.25,635.5900268554688,67422800
2025-10-30,QQQ,624.45703125,626.0499877929688,633.5,625.9400024414062,632.1699829101562,61628600
2025-10-31,QQQ,627.4694213867188,629.0700073242188,634.2000122070312,626.6900024414062,634.1699829101562,66305100
2025-11-03,QQQ,630.4716796875,632.0800170898438,635.8200073242188,629.8499755859375,635.1099853515625,37154300
2025-11-04,QQQ,617.67431640625,619.25,626.9500122070312,618.4600219726562,623.280029296875,63830800
2025-11-05,QQQ,621.6941528320312,623.280029296875,626.5999755859375,617.2100219726562,618.489990234375,48688500
2025-11-06,QQQ,610.1136474609375,611.6699829101562,622.0399780273438,610.2999877929688,621.7899780273438,72115100
2025-11-07,QQQ,608.1885375976562,609.739990234375,609.9500122070312,598.6699829101562,608.3099975585938,81835400
2025-11-10,QQQ,621.6442260742188,623.22998046875,624.3099975585938,616.8900146484375,618.9199829101562,55919900
2025-11-11,QQQ,619.9884643554688,621.5700073242188,622.719970703125,617.52001953125,620.5700073242188,44868800
2025-11-12,QQQ,619.4996948242188,621.0800170898438,624.8599853515625,617.8099975585938,624.8400268554688,47444400
2025-11-13,QQQ,606.8519897460938,608.4000244140625,618.1199951171875,606.0800170898438,617.5399780273438,71333600
2025-11-14,QQQ,607.310791015625,608.8599853515625,613.3499755859375,597.1699829101562,599.5499877929688,80087300
2025-11-17,QQQ,602.1240234375,603.6599731445312,612.47998046875,599.8699951171875,606.2999877929688,63850400
2025-11-18,QQQ,594.7926635742188,596.3099975585938,602.3099975585938,591.3400268554688,599.6199951171875,83327300
2025-11-19,QQQ,598.3436279296875,599.8699951171875,606.1599731445312,594.5900268554688,597.0700073242188,73111500
2025-11-20,QQQ,584.1797485351562,585.6699829101562,614.030029296875,584.75,611.6199951171875,117743200
2025-11-21,QQQ,588.568603515625,590.0700073242188,596.97998046875,580.739990234375,587.469970703125,103344200
2025-11-24,QQQ,603.6201782226562,605.1599731445312,606.6799926757812,595.1599731445312,595.280029296875,60168100
2025-11-25,QQQ,607.3407592773438,608.8900146484375,610.260009765625,597.3200073242188,603.510009765625,57560900
2025-11-26,QQQ,612.70703125,614.27001953125,616.1900024414062,610.3900146484375,612.510009765625,42393600
2025-11-28,QQQ,617.67431640625,619.25,619.3200073242188,615.4199829101562,616.1099853515625,23034400
2025-12-01,QQQ,615.599609375,617.1699829101562,619.4400024414062,612.52001953125,613.6300048828125,40957600
2025-12-02,QQQ,620.4172973632812,622.0,623.75,617.5900268554688,619.4600219726562,54541800
2025-12-03,QQQ,621.9334716796875,623.52001953125,624.219970703125,618.030029296875,619.6199951171875,47841600
2025-12-04,QQQ,621.35498046875,622.9400024414062,624.9400024414062,619.5399780273438,624.9299926757812,47067800
2025-12-05,QQQ,623.8884887695312,625.47998046875,628.9199829101562,623.7100219726562,624.3800048828125,53614200
2025-12-08,QQQ,622.6915283203125,624.280029296875,628.8400268554688,621.6900024414062,627.2100219726562,43462400
2025-12-09,QQQ,623.4595336914062,625.0499877929688,625.8699951171875,621.0,623.010009765625,37156000
2025-12-10,QQQ,626.0130615234375,627.6099853515625,629.2100219726562,620.989990234375,623.8499755859375,55031400
2025-12-11,QQQ,623.98828125,625.5800170898438,625.780029296875,617.719970703125,623.8200073242188,58272800
2025-12-12,QQQ,612.0586547851562,613.6199951171875,623.5399780273438,611.3599853515625,622.0800170898438,75158700
2025-12-15,QQQ,608.9865112304688,610.5399780273438,618.4199829101562,609.3200073242188,618.3699951171875,49538200
2025-12-16,QQQ,610.1934204101562,611.75,613.510009765625,606.9099731445312,608.260009765625,55152800
2025-12-17,QQQ,598.8822631835938,600.4099731445312,613.6500244140625,600.280029296875,613.0599975585938,70654300
2025-12-18,QQQ,607.5601196289062,609.1099853515625,612.9299926757812,606.9199829101562,609.7999877929688,78875800
2025-12-19,QQQ,615.47998046875,617.0499877929688,617.6199951171875,611.8699951171875,611.9500122070312,60369800
2025-12-22,QQQ,618.4302368164062,619.2100219726562,621.6500244140625,617.77001953125,621.3499755859375,43703100
2025-12-23,QQQ,621.3265380859375,622.1099853515625,622.4099731445312,617.780029296875,618.2000122070312,41120400
2025-12-24,QQQ,623.144287109375,623.9299926757812,624.280029296875,621.719970703125,621.989990234375,18468700
2025-12-26,QQQ,623.1043090820312,623.8900146484375,625.52001953125,623.1400146484375,624.6599731445312,28959800
2025-12-29,QQQ,620.088134765625,620.8699951171875,622.780029296875,618.72998046875,620.0999755859375,32458300
2025-12-30,QQQ,618.64990234375,619.4299926757812,622.1799926757812,619.219970703125,619.8400268554688,31226800
2025-12-31,QQQ,613.536376953125,614.3099975585938,619.9600219726562,614.0499877929688,619.6500244140625,40746500
2026-01-02,QQQ,612.347900390625,613.1199951171875,622.8499755859375,610.1500244140625,620.0599975585938,61859200
2026-01-05,QQQ,617.2117309570312,617.989990234375,620.8099975585938,616.719970703125,619.3200073242188,46828400
2026-01-06,QQQ,622.6348876953125,623.4199829101562,624.02001953125,618.5399780273438,619.22998046875,43137500
2026-01-07,QQQ,623.2341918945312,624.02001953125,627.9400024414062,622.5599975585938,623.0399780273438,44880300
2026-01-08,QQQ,619.6885986328125,620.469970703125,623.4199829101562,617.7999877929688,623.030029296875,50435900
2026-01-09,QQQ,625.86083984375,626.6500244140625,627.8900146484375,619.0599975585938,621.4099731445312,49688700
2026-01-12,QQQ,626.3801879882812,627.1699829101562,628.8499755859375,622.260009765625,622.3099975585938,37388700
2026-01-13,QQQ,625.4513549804688,626.239990234375,629.469970703125,623.7000122070312,627.27001953125,44481400
2026-01-14,QQQ,618.769775390625,619.5499877929688,623.4500122070312,614.5599975585938,622.239990234375,72598700
2026-01-15,QQQ,620.9970092773438,621.780029296875,630.0,620.75,626.5999755859375,53934900
2026-01-16,QQQ,620.4776611328125,621.260009765625,626.0800170898438,618.8800048828125,625.5,61058100
2026-01-20,QQQ,607.2942504882812,608.0599975585938,615.0599975585938,607.0499877929688,610.530029296875,81988900
2026-01-21,QQQ,615.50390625,616.280029296875,620.4199829101562,607.8599853515625,609.469970703125,79837900
2026-01-22,QQQ,619.978271484375,620.760009765625,622.4600219726562,617.780029296875,622.3499755859375,42254800
2026-01-23,QQQ,621.935791015625,622.719970703125,625.4000244140625,618.6500244140625,619.72998046875,43645800
2026-01-26,QQQ,624.67236328125,625.4600219726562,627.6099853515625,622.1199951171875,623.2100219726562,35983000
2026-01-27,QQQ,630.335205078125,631.1300048828125,632.0399780273438,627.3400268554688,628.9099731445312,38997200
2026-01-28,QQQ,632.4225463867188,633.219970703125,636.5999755859375,631.8099975585938,635.4600219726562,50691700
2026-01-29,QQQ,628.6373291015625,629.4299926757812,633.6699829101562,618.27001953125,632.6500244140625,79944000
2026-01-30,QQQ,621.0868530273438,621.8699951171875,628.260009765625,619.2999877929688,625.7100219726562,65650700
2026-02-02,QQQ,625.3515014648438,626.1400146484375,628.489990234375,618.6599731445312,618.7000122070312,49020300
2026-02-03,QQQ,615.7435913085938,616.52001953125,629.97998046875,610.9600219726562,628.2999877929688,81234000
2026-02-04,QQQ,604.9871826171875,605.75,615.0999755859375,600.469970703125,615.02001953125,81850700
2026-02-05,QQQ,596.2781982421875,597.030029296875,604.8099975585938,594.760009765625,600.2100219726562,89354500
2026-02-06,QQQ,608.8822631835938,609.6500244140625,611.4099731445312,598.77001953125,600.1900024414062,78019300
2026-02-09,QQQ,613.54638671875,614.3200073242188,616.4600219726562,605.0700073242188,607.5399780273438,56797600
2026-02-10,QQQ,610.699951171875,611.469970703125,617.02001953125,611.010009765625,615.3099975585938,53938900
2026-02-11,QQQ,612.337890625,613.1099853515625,617.52001953125,607.6900024414062,616.3800048828125,58575100
2026-02-12,QQQ,599.8836059570312,600.6400146484375,615.8099975585938,599.5700073242188,614.7100219726562,81378900
2026-02-13,QQQ,601.1619873046875,601.9199829101562,606.47998046875,596.4199829101562,600.4299926757812,69237500
2026-02-17,QQQ,600.542724609375,601.2999877929688,603.9500122070312,593.3400268554688,598.3800048828125,69013800
2026-02-18,QQQ,605.027099609375,605.7899780273438,609.77001953125,600.719970703125,602.1099853515625,64250700
2026-02-19,QQQ,602.7100219726562,603.469970703125,605.8200073242188,600.75,602.8099975585938,60960800
2026-02-20,QQQ,608.0433349609375,608.8099975585938,610.3499755859375,599.22998046875,600.1199951171875,74127300
2026-02-23,QQQ,600.652587890625,601.4099731445312,608.010009765625,599.0499877929688,606.6099853515625,63859100
2026-02-24,QQQ,607.1044921875,607.8699951171875,608.989990234375,599.72998046875,602.4000244140625,55023700
2026-02-25,QQQ,615.9033813476562,616.6799926757812,616.8300170898438,611.0,611.0700073242188,55710700
2026-02-26,QQQ,608.4727783203125,609.239990234375,615.5900268554688,603.97998046875,615.5900268554688,96178900
2026-02-27,QQQ,606.5252075195312,607.2899780273438,608.3200073242188,602.1900024414062,602.97998046875,68125200
2026-03-02,QQQ,607.32421875,608.0900268554688,609.9199829101562,597.989990234375,598.8599853515625,75264600
2026-03-03,QQQ,600.8224487304688,601.5800170898438,603.9600219726562,591.8699951171875,596.3300170898438,97015500
2026-03-04,QQQ,609.9808959960938,610.75,612.8800048828125,603.4299926757812,604.1599731445312,70943900
2026-03-05,QQQ,608.1431274414062,608.9099731445312,612.760009765625,602.260009765625,607.4000244140625,89602400
2026-03-06,QQQ,598.9946899414062,599.75,606.0,598.3300170898438,600.3099975585938,86302300
2026-03-09,QQQ,606.99462890625,607.760009765625,609.27001953125,591.3300170898438,594.22998046875,93068200
2026-03-10,QQQ,607.004638671875,607.77001953125,613.2899780273438,605.4199829101562,607.780029296875,64078900
2026-03-11,QQQ,606.9247436523438,607.6900024414062,612.4299926757812,605.030029296875,608.9500122070312,60114800
2026-03-12,QQQ,596.5078735351562,597.260009765625,604.1400146484375,597.0499877929688,602.760009765625,71836600
2026-03-13,QQQ,592.9722900390625,593.719970703125,603.5999755859375,592.5700073242188,599.72998046875,63145500
2026-03-16,QQQ,599.6239013671875,600.3800048828125,603.8599853515625,599.1099853515625,600.0399780273438,49077200
2026-03-17,QQQ,602.5502319335938,603.3099975585938,605.9000244140625,601.8699951171875,603.1400146484375,47106600
2026-03-18,QQQ,594.15087890625,594.9000244140625,603.1599731445312,594.5599975585938,601.489990234375,56128000
2026-03-19,QQQ,592.273193359375,593.02001953125,595.7999877929688,587.0800170898438,589.510009765625,75597600
2026-03-20,QQQ,581.3269653320312,582.0599975585938,591.1699829101562,578.5399780273438,591.0599975585938,91964700
2026-03-23,QQQ,588.0,588.0,595.0800170898438,585.9600219726562,590.52001953125,89936100
2026-03-24,QQQ,583.97998046875,583.97998046875,587.9299926757812,581.9299926757812,584.8099975585938,57750900
2026-03-25,QQQ,587.8200073242188,587.8200073242188,591.3699951171875,585.6900024414062,589.1400146484375,60475500
2026-03-26,QQQ,573.7899780273438,573.7899780273438,584.6300048828125,573.4299926757812,582.5999755859375,81492100
2026-03-27,QQQ,562.5800170898438,562.5800170898438,571.02001953125,561.5700073242188,570.8099975585938,82702200
2026-03-30,QQQ,558.280029296875,558.280029296875,568.0499877929688,555.5999755859375,567.3800048828125,70602600
2026-03-31,QQQ,577.1799926757812,577.1799926757812,578.6400146484375,564.2100219726562,564.2899780273438,95878000
2026-04-01,QQQ,584.3099975585938,584.3099975585938,587.739990234375,580.4199829101562,581.47998046875,79435100
2026-04-02,QQQ,584.97998046875,584.97998046875,586.0499877929688,571.9199829101562,573.969970703125,50941700
2026-04-06,QQQ,588.5,588.5,590.6099853515625,584.6900024414062,586.22998046875,35108500
2026-04-07,QQQ,588.5900268554688,588.5900268554688,588.97998046875,578.4000244140625,585.6400146484375,49948200
2026-04-08,QQQ,606.0900268554688,606.0900268554688,609.9000244140625,602.1199951171875,608.7100219726562,63086000
2026-04-09,QQQ,610.1900024414062,610.1900024414062,610.5,603.030029296875,605.9299926757812,37837500
2026-04-10,QQQ,611.0700073242188,611.0700073242188,613.6699829101562,609.5800170898438,611.8400268554688,34038500
2026-04-13,QQQ,617.3900146484375,617.3900146484375,626.739990234375,608.1099853515625,609.47998046875,32972100
2026-04-14,QQQ,628.5999755859375,628.5999755859375,628.5999755859375,620.0999755859375,620.219970703125,49921100
2026-04-15,QQQ,637.4000244140625,637.4000244140625,637.8300170898438,628.2000122070312,629.0800170898438,50102400
2026-04-16,QQQ,640.469970703125,640.469970703125,642.1799926757812,635.260009765625,639.2100219726562,42320600
2026-04-17,QQQ,648.8499755859375,648.8499755859375,650.0,644.0700073242188,645.5900268554688,53488900
2026-04-20,QQQ,646.7899780273438,646.7899780273438,648.760009765625,642.52001953125,648.0399780273438,37138500
2026-04-21,QQQ,644.3300170898438,644.3300170898438,650.2000122070312,642.2100219726562,648.4099731445312,39580500
2026-04-22,QQQ,655.1099853515625,655.1099853515625,655.3300170898438,648.52001953125,650.1500244140625,37368400
2026-04-23,QQQ,651.4199829101562,651.4199829101562,656.9199829101562,645.52001953125,653.5499877929688,40099800
2026-04-24,QQQ,663.8800048828125,663.8800048828125,664.510009765625,656.530029296875,658.510009765625,45563100
2026-04-27,QQQ,664.22998046875,664.22998046875,664.4299926757812,660.6900024414062,663.4000244140625,32717000
2026-04-28,QQQ,657.5499877929688,657.5499877929688,659.6400146484375,653.8099975585938,657.4099731445312,34147900
2026-04-29,QQQ,661.5700073242188,661.5700073242188,661.719970703125,656.5900268554688,658.6300048828125,31724900
2026-04-30,QQQ,667.739990234375,667.739990234375,668.9000244140625,657.5599975585938,665.3499755859375,40622200
2026-05-01,QQQ,674.1500244140625,674.1500244140625,675.969970703125,668.7999877929688,669.1599731445312,39172600
2026-05-04,QQQ,672.8800048828125,672.8800048828125,676.72998046875,668.9000244140625,674.6599731445312,34542000
2026-05-05,QQQ,681.6099853515625,681.6099853515625,682.77001953125,677.510009765625,677.9600219726562,37101100
2026-05-06,QQQ,695.77001953125,695.77001953125,695.9299926757812,686.47998046875,687.780029296875,38778500
2026-05-07,QQQ,694.9400024414062,694.9400024414062,701.239990234375,691.77001953125,696.5800170898438,43779100
2026-05-08,QQQ,711.22998046875,711.22998046875,711.22998046875,699.5,699.9199829101562,44320400
2026-05-11,QQQ,713.2899780273438,713.2899780273438,714.5900268554688,708.9099731445312,710.3599853515625,36019100
2026-05-12,QQQ,707.239990234375,707.239990234375,710.1799926757812,696.6599731445312,708.1749877929688,43001423
