Date,Ticker,Adj Close,Close,High,Low,Open,Volume
2006-05-15,SPY,89.50720977783203,129.5,129.74000549316406,128.61000061035156,128.7899932861328,84029300
2006-05-16,SPY,89.37586212158203,129.30999755859375,130.0,129.00999450683594,129.75999450683594,62137600
2006-05-17,SPY,87.67562103271484,126.8499984741211,129.10000610351562,126.7699966430664,128.6699981689453,144789500
2006-05-18,SPY,87.23322296142578,126.20999908447266,127.75,126.11000061035156,127.3499984741211,87906300
2006-05-19,SPY,87.84841918945312,127.0999984741211,127.48999786376953,125.80000305175781,126.87000274658203,124309400
2006-05-22,SPY,87.1779556274414,126.12999725341797,127.16999816894531,125.5,126.27999877929688,110852800
2006-05-23,SPY,86.51441955566406,125.16999816894531,127.62999725341797,125.16999816894531,127.18000030517578,92006500
2006-05-24,SPY,87.20559692382812,126.16999816894531,126.88999938964844,124.76000213623047,125.68000030517578,168405000
2006-05-25,SPY,88.28382873535156,127.7300033569336,127.7300033569336,126.43000030517578,126.91999816894531,78977900
2006-05-26,SPY,88.73307800292969,128.3800048828125,128.3800048828125,127.51000213623047,128.00999450683594,62989700
2006-05-30,SPY,87.15721130371094,126.0999984741211,128.0,126.05000305175781,127.97000122070312,72419900
2006-05-31,SPY,88.13179779052734,127.51000213623047,127.51000213623047,126.19999694824219,126.62000274658203,86926200
2006-06-01,SPY,88.97502899169922,128.72999572753906,128.94000244140625,127.2699966430664,127.37999725341797,73721700
2006-06-02,SPY,89.16165161132812,129.0,129.42999267578125,128.32000732421875,129.25,91702600
2006-06-05,SPY,87.86222839355469,127.12000274658203,128.86000061035156,126.7699966430664,128.85000610351562,86105100
2006-06-06,SPY,87.64794158935547,126.80999755859375,127.37999725341797,125.76000213623047,127.20999908447266,130498600
2006-06-07,SPY,86.99131774902344,125.86000061035156,127.6500015258789,125.79000091552734,126.91000366210938,108599400
2006-06-08,SPY,86.91532135009766,125.75,126.5,123.87000274658203,125.58000183105469,204957200
2006-06-09,SPY,86.63883209228516,125.3499984741211,126.95999908447266,125.29000091552734,126.36000061035156,94972200
2006-06-12,SPY,85.69882202148438,123.98999786376953,125.93000030517578,123.81999969482422,125.87999725341797,95815900
2006-06-13,SPY,84.70352172851562,122.55000305175781,124.83999633789062,122.55000305175781,123.73999786376953,185688800
2006-06-14,SPY,85.36016845703125,123.5,123.62999725341797,122.33999633789062,122.83999633789062,163566400
2006-06-15,SPY,87.17102813720703,126.12000274658203,126.36000061035156,123.86000061035156,123.94999694824219,134057000
2006-06-16,SPY,86.53582763671875,124.6500015258789,125.55999755859375,124.45999908447266,125.29000091552734,94253500
2006-06-19,SPY,85.85546112060547,123.66999816894531,125.4800033569336,123.55000305175781,125.4000015258789,95804400
2006-06-20,SPY,86.14706420898438,124.08999633789062,124.80999755859375,123.72000122070312,124.01000213623047,65494700
2006-06-21,SPY,86.78572845458984,125.01000213623047,125.69999694824219,123.95999908447266,124.0,75008200
2006-06-22,SPY,86.4039077758789,124.45999908447266,125.05999755859375,124.04000091552734,124.94999694824219,74566100
2006-06-23,SPY,86.39002227783203,124.44000244140625,125.30000305175781,124.02999877929688,124.33000183105469,54107000
2006-06-26,SPY,86.77184295654297,124.98999786376953,125.05999755859375,124.25,124.54000091552734,37899600
2006-06-27,SPY,86.0221176147461,123.91000366210938,125.29000091552734,123.7699966430664,125.01000213623047,69780200
2006-06-28,SPY,86.6052474975586,124.75,124.7699966430664,123.6500015258789,124.19000244140625,62368100
2006-06-29,SPY,88.35469055175781,127.2699966430664,127.3499984741211,125.16999816894531,125.19999694824219,110634800
2006-06-30,SPY,88.36163330078125,127.27999877929688,127.66000366210938,126.95999908447266,127.54000091552734,54227800
2006-07-03,SPY,88.72267150878906,127.80000305175781,128.00999450683594,127.30999755859375,127.43000030517578,23914000
2006-07-05,SPY,88.21583557128906,127.06999969482422,127.44999694824219,126.5199966430664,127.29000091552734,69653400
2006-07-06,SPY,88.47269439697266,127.44000244140625,127.8499984741211,127.08000183105469,127.19999694824219,50100300
2006-07-07,SPY,87.8965072631836,126.61000061035156,127.55999755859375,126.29000091552734,127.19000244140625,81626500
2006-07-10,SPY,88.06312561035156,126.8499984741211,127.43000030517578,126.41000366210938,126.94000244140625,60964100
2006-07-11,SPY,88.45186614990234,127.41000366210938,127.41000366210938,125.94000244140625,126.61000061035156,73640800
2006-07-12,SPY,87.50772094726562,126.05000305175781,127.4000015258789,125.72000122070312,127.1500015258789,82561300
2006-07-13,SPY,86.08454895019531,124.0,125.68000030517578,124.0,125.44999694824219,102405700
2006-07-14,SPY,85.75135040283203,123.5199966430664,124.26000213623047,122.83000183105469,124.12999725341797,103242500
2006-07-17,SPY,85.62638092041016,123.33999633789062,124.0999984741211,123.1500015258789,123.5199966430664,81159000
2006-07-18,SPY,86.06375885009766,123.97000122070312,124.05000305175781,122.38999938964844,123.70999908447266,122771000
2006-07-19,SPY,87.2578353881836,125.69000244140625,126.26000213623047,123.72000122070312,124.18000030517578,133565300
2006-07-20,SPY,86.66075897216797,124.83000183105469,126.30000305175781,124.66000366210938,126.12000274658203,112259800
2006-07-21,SPY,86.0498275756836,123.94999694824219,125.19000244140625,123.81999969482422,125.1500015258789,101560000
2006-07-24,SPY,87.61882019042969,126.20999908447266,126.31999969482422,124.44000244140625,124.44000244140625,92884000
2006-07-25,SPY,87.93122100830078,126.66000366210938,127.30000305175781,125.72000122070312,125.9800033569336,95480700
2006-07-26,SPY,88.04927825927734,126.83000183105469,127.44999694824219,126.18000030517578,126.58999633789062,84525800
2006-07-27,SPY,87.9659423828125,126.70999908447266,127.69000244140625,126.19999694824219,127.37999725341797,87257100
2006-07-28,SPY,88.84764862060547,127.9800033569336,128.13999938964844,126.86000061035156,127.04000091552734,82137000
2006-07-31,SPY,88.75736999511719,127.8499984741211,127.95999908447266,127.44999694824219,127.66000366210938,49593100
2006-08-01,SPY,88.32000732421875,127.22000122070312,127.37999725341797,126.5999984741211,127.33999633789062,65225600
2006-08-02,SPY,88.91702270507812,128.0800018310547,128.4600067138672,127.55000305175781,127.58000183105469,64770900
2006-08-03,SPY,89.1530532836914,128.4199981689453,128.5500030517578,127.1500015258789,127.33999633789062,63693800
2006-08-04,SPY,89.00030517578125,128.1999969482422,129.42999267578125,127.4800033569336,129.0800018310547,96294200
2006-08-07,SPY,88.79206848144531,127.9000015258789,128.0800018310547,127.4000015258789,127.9000015258789,45377300
2006-08-08,SPY,88.45186614990234,127.41000366210938,128.4600067138672,126.94999694824219,128.08999633789062,90901300
2006-08-09,SPY,88.15337371826172,126.9800033569336,128.60000610351562,126.61000061035156,128.17999267578125,78910600
2006-08-10,SPY,88.42411041259766,127.37000274658203,127.5,126.27999877929688,126.58000183105469,69322300
2006-08-11,SPY,88.17418670654297,127.01000213623047,127.19999694824219,126.38999938964844,127.16999816894531,47482200
2006-08-14,SPY,88.24361419677734,127.11000061035156,128.16000366210938,126.91999816894531,127.62999725341797,57839000
2006-08-15,SPY,89.29885864257812,128.6300048828125,128.8699951171875,127.9000015258789,128.25,68143000
2006-08-16,SPY,90.04168701171875,129.6999969482422,129.88999938964844,129.0399932861328,129.32000732421875,71737600
2006-08-17,SPY,90.27074432373047,130.02999877929688,130.3699951171875,129.49000549316406,129.5800018310547,70992800
2006-08-18,SPY,90.72895050048828,130.69000244140625,130.69000244140625,129.58999633789062,130.19000244140625,58288400
2006-08-21,SPY,90.3402099609375,130.1300048828125,130.27999877929688,129.8000030517578,130.17999267578125,42133600
2006-08-22,SPY,90.33324432373047,130.1199951171875,130.52000427246094,129.67999267578125,129.99000549316406,60839900
2006-08-23,SPY,90.08334350585938,129.75999450683594,130.44000244140625,129.19000244140625,130.17999267578125,66592100
2006-08-24,SPY,90.00696563720703,129.64999389648438,130.10000610351562,129.39999389648438,129.99000549316406,57983000
2006-08-25,SPY,90.11805725097656,129.80999755859375,130.25,129.5500030517578,129.63999938964844,41756000
2006-08-28,SPY,90.5484619140625,130.42999267578125,130.82000732421875,129.63999938964844,129.64999389648438,52681500
2006-08-29,SPY,90.65262603759766,130.5800018310547,130.8300018310547,129.80999755859375,130.49000549316406,61817800
2006-08-30,SPY,90.70811462402344,130.66000366210938,131.0399932861328,130.5500030517578,130.8699951171875,50052200
2006-08-31,SPY,90.69425201416016,130.63999938964844,130.99000549316406,130.5800018310547,130.85000610351562,37510300
2006-09-01,SPY,91.23577880859375,131.4199981689453,131.5800018310547,130.83999633789062,131.13999938964844,48794500
2006-09-05,SPY,91.40928649902344,131.6699981689453,131.85000610351562,131.1999969482422,131.50999450683594,52348300
2006-09-06,SPY,90.60401153564453,130.50999450683594,131.16000366210938,130.3300018310547,131.11000061035156,53795600
2006-09-07,SPY,90.18749237060547,129.91000366210938,130.57000732421875,129.35000610351562,130.05999755859375,86269400
2006-09-08,SPY,90.44432067871094,130.27999877929688,130.4600067138672,129.8300018310547,130.0800018310547,45096300
2006-09-11,SPY,90.53459930419922,130.41000366210938,130.69000244140625,129.47999572753906,129.86000061035156,68496600
2006-09-12,SPY,91.42317962646484,131.69000244140625,131.83999633789062,130.3699951171875,130.55999755859375,69875600
2006-09-13,SPY,91.79114532470703,132.22000122070312,132.4499969482422,131.52000427246094,131.63999938964844,62898400
2006-09-14,SPY,91.79811096191406,132.22999572753906,132.24000549316406,131.75,131.9600067138672,57805400
2006-09-15,SPY,92.01356506347656,131.9600067138672,132.38999938964844,131.67999267578125,132.30999755859375,76703100
2006-09-18,SPY,92.1390380859375,132.13999938964844,132.38999938964844,131.64999389648438,131.7899932861328,64154100
2006-09-19,SPY,91.9089584350586,131.80999755859375,132.1300048828125,131.07000732421875,132.1199951171875,92089100
2006-09-20,SPY,92.39702606201172,132.50999450683594,132.77000427246094,132.05999755859375,132.25,75204100
2006-09-21,SPY,91.95082092285156,131.8699951171875,132.75,131.4199981689453,132.61000061035156,88932500
2006-09-22,SPY,91.671875,131.47000122070312,131.67999267578125,131.0,131.6699981689453,65966800
2006-09-25,SPY,92.37612915039062,132.47999572753906,132.85000610351562,131.0500030517578,131.72999572753906,92299100
2006-09-26,SPY,93.14313507080078,133.5800018310547,133.60000610351562,132.39999389648438,132.5,73962700
2006-09-27,SPY,93.25471496582031,133.74000549316406,133.97000122070312,133.27000427246094,133.49000549316406,82432200
2006-09-28,SPY,93.2198257446289,133.69000244140625,133.99000549316406,133.27999877929688,133.74000549316406,58597500
2006-09-29,SPY,93.14313507080078,133.5800018310547,133.94000244140625,133.47999572753906,133.8000030517578,47966600
2006-10-02,SPY,92.79450225830078,133.0800018310547,133.8300018310547,132.9499969482422,133.5399932861328,51687400
2006-10-03,SPY,92.98970794677734,133.36000061035156,133.8699951171875,132.64999389648438,132.88999938964844,73108100
2006-10-04,SPY,94.07750701904297,134.9199981689453,135.0,133.0800018310547,133.22999572753906,80890500
2006-10-05,SPY,94.25881958007812,135.17999267578125,135.41000366210938,134.75,134.9199981689453,60505900
2006-10-06,SPY,94.14022827148438,135.00999450683594,135.10000610351562,134.39999389648438,134.9499969482422,64983600
2006-10-09,SPY,94.19602966308594,135.08999633789062,135.3000030517578,134.63999938964844,134.85000610351562,41176800
2006-10-10,SPY,94.32156372070312,135.27000427246094,135.4499969482422,134.83999633789062,135.10000610351562,56403700
2006-10-11,SPY,94.20999145507812,135.11000061035156,135.42999267578125,134.3000030517578,134.83999633789062,104071800
2006-10-12,SPY,95.02580261230469,136.27999877929688,136.38999938964844,135.39999389648438,135.4499969482422,59158600
2006-10-13,SPY,95.26988983154297,136.6300048828125,136.7100067138672,136.0399932861328,136.16000366210938,53944000
2006-10-16,SPY,95.41626739501953,136.83999633789062,137.0500030517578,136.4199981689453,136.52000427246094,42273000
2006-10-17,SPY,95.116455078125,136.41000366210938,136.6999969482422,135.6699981689453,136.47000122070312,90500600
2006-10-18,SPY,95.24199676513672,136.58999633789062,137.3699951171875,136.10000610351562,137.0399932861328,86848600
2006-10-19,SPY,95.3953628540039,136.80999755859375,136.8800048828125,136.22999572753906,136.38999938964844,64063200
2006-10-20,SPY,95.41626739501953,136.83999633789062,136.9499969482422,136.3300018310547,136.83999633789062,48094500
2006-10-23,SPY,95.85554504394531,137.47000122070312,137.8000030517578,136.38999938964844,136.55999755859375,66219900
2006-10-24,SPY,96.14148712158203,137.8800048828125,137.92999267578125,137.22000122070312,137.27999877929688,53234900
2006-10-25,SPY,96.4692153930664,138.35000610351562,138.41000366210938,137.50999450683594,137.74000549316406,78105400
2006-10-26,SPY,96.76900482177734,138.77999877929688,139.0,137.97999572753906,138.66000366210938,66843700
2006-10-27,SPY,96.16236114501953,137.91000366210938,138.75,137.6300048828125,138.61000061035156,80238000
2006-10-30,SPY,96.09270477294922,137.80999755859375,138.1999969482422,137.39999389648438,137.66000366210938,49717800
2006-10-31,SPY,96.07869720458984,137.7899932861328,138.25999450683594,137.25,138.07000732421875,71274100
2006-11-01,SPY,95.43022918701172,136.86000061035156,138.30999755859375,136.72000122070312,138.22000122070312,83005600
2006-11-02,SPY,95.37444305419922,136.77999877929688,137.00999450683594,136.36000061035156,136.50999450683594,60693100
2006-11-03,SPY,95.20706176757812,136.5399932861328,137.38999938964844,135.6199951171875,137.27000427246094,71346400
2006-11-06,SPY,96.28092956542969,138.0800018310547,138.27999877929688,136.9499969482422,136.9600067138672,63303300
2006-11-07,SPY,96.65050506591797,138.61000061035156,138.97999572753906,138.0,138.1999969482422,63318900
2006-11-08,SPY,96.85967254638672,138.91000366210938,139.0500030517578,136.86000061035156,138.0,87517800
2006-11-09,SPY,96.35062408447266,138.17999267578125,139.13999938964844,137.89999389648438,139.00999450683594,95916300
2006-11-10,SPY,96.39247131347656,138.24000549316406,138.33999633789062,137.72000122070312,138.13999938964844,48991500
2006-11-13,SPY,96.62954711914062,138.5800018310547,139.0399932861328,138.07000732421875,138.17999267578125,59398200
2006-11-14,SPY,97.35475158691406,139.6199951171875,139.74000549316406,138.1199951171875,138.97000122070312,96704000
2006-11-15,SPY,97.63362884521484,140.02000427246094,140.4499969482422,139.52999877929688,139.57000732421875,76509600
2006-11-16,SPY,97.88461303710938,140.3800048828125,140.67999267578125,139.49000549316406,140.44000244140625,76728800
2006-11-17,SPY,97.91255187988281,140.4199981689453,140.42999267578125,139.72999572753906,139.92999267578125,56353800
2006-11-20,SPY,97.96833038330078,140.5,140.74000549316406,139.94000244140625,140.3000030517578,69174200
2006-11-21,SPY,98.0659408569336,140.63999938964844,140.6699981689453,140.2899932861328,140.49000549316406,51367900
2006-11-22,SPY,98.26118469238281,140.9199981689453,141.16000366210938,140.5,140.75,45505300
2006-11-24,SPY,97.86376953125,140.35000610351562,140.83999633789062,140.1999969482422,140.24000549316406,30998000
2006-11-27,SPY,96.51799011230469,138.4199981689453,140.35000610351562,138.3800048828125,140.27999877929688,84545100
2006-11-28,SPY,96.93635559082031,139.02000427246094,139.16000366210938,138.11000061035156,138.24000549316406,106652900
2006-11-29,SPY,97.9474105834961,140.47000122070312,140.52999877929688,139.0800018310547,139.47000122070312,90034900
2006-11-30,SPY,97.98930358886719,140.52999877929688,141.0500030517578,139.75999450683594,140.44000244140625,83994300
2006-12-01,SPY,97.77310943603516,140.22000122070312,140.66000366210938,138.97000122070312,140.52999877929688,126080000
2006-12-04,SPY,98.51917266845703,141.2899932861328,141.5500030517578,140.22999572753906,140.25,87813200
2006-12-05,SPY,98.94453430175781,141.89999389648438,141.9600067138672,141.25999450683594,141.55999755859375,73374400
2006-12-06,SPY,98.86087036132812,141.77999877929688,142.07000732421875,141.5,141.8699951171875,53253200
2006-12-07,SPY,98.42853546142578,141.16000366210938,142.3000030517578,141.11000061035156,142.02999877929688,62857400
2006-12-08,SPY,98.60983276367188,141.4199981689453,141.89999389648438,140.77999877929688,141.1300048828125,79625500
2006-12-11,SPY,98.89569854736328,141.8300018310547,142.08999633789062,141.33999633789062,141.4199981689453,39779400
2006-12-12,SPY,98.81901550292969,141.72000122070312,141.8699951171875,140.88999938964844,141.69000244140625,77451600
2006-12-13,SPY,98.92361450195312,141.8699951171875,142.33999633789062,141.55999755859375,142.22999572753906,55520200
2006-12-14,SPY,99.79523468017578,143.1199951171875,143.24000549316406,141.83999633789062,141.86000061035156,64755200
2006-12-15,SPY,99.8043441772461,142.33999633789062,142.88999938964844,142.24000549316406,142.63999938964844,70857400
2006-12-18,SPY,99.53084564208984,141.9499969482422,142.8800048828125,141.75,142.5399932861328,48954600
2006-12-19,SPY,99.72020721435547,142.22000122070312,142.55999755859375,141.19000244140625,141.5500030517578,65023600
2006-12-20,SPY,99.6640853881836,142.13999938964844,142.66000366210938,142.00999450683594,142.27999877929688,41469600
2006-12-21,SPY,99.29950714111328,141.6199951171875,142.42999267578125,141.32000732421875,142.27000427246094,48698400
2006-12-22,SPY,98.68948364257812,140.75,141.64999389648438,140.6699981689453,141.63999938964844,62069100
2006-12-26,SPY,99.27144622802734,141.5800018310547,141.61000061035156,140.77999877929688,140.80999755859375,32696900
2006-12-27,SPY,99.92354583740234,142.50999450683594,142.60000610351562,141.8300018310547,141.8699951171875,39727100
2006-12-28,SPY,99.71316528320312,142.2100067138672,142.6999969482422,141.99000549316406,142.41000366210938,37288800
2006-12-29,SPY,99.29950714111328,141.6199951171875,142.5399932861328,141.42999267578125,142.05999755859375,45461200
2007-01-03,SPY,99.12418365478516,141.3699951171875,142.86000061035156,140.57000732421875,142.25,94807600
2007-01-04,SPY,99.33456420898438,141.6699981689453,142.0500030517578,140.61000061035156,141.22999572753906,69620600
2007-01-05,SPY,98.542236328125,140.5399932861328,141.39999389648438,140.3800048828125,141.3300018310547,76645300
2007-01-08,SPY,98.9980239868164,141.19000244140625,141.41000366210938,140.25,140.82000732421875,71655000
2007-01-09,SPY,98.91385650634766,141.07000732421875,141.60000610351562,140.39999389648438,141.30999755859375,75680100
2007-01-10,SPY,99.24341583251953,141.5399932861328,141.57000732421875,140.3000030517578,140.5800018310547,72428000
2007-01-11,SPY,99.67816925048828,142.16000366210938,142.6199951171875,141.5,141.5800018310547,54476800
2007-01-12,SPY,100.4354019165039,143.24000549316406,143.24000549316406,142.11000061035156,142.14999389648438,55370600
2007-01-16,SPY,100.2390365600586,142.9600067138672,143.44000244140625,142.72999572753906,143.07000732421875,44871300
2007-01-17,SPY,100.28118133544922,143.02000427246094,143.4600067138672,142.72999572753906,142.85000610351562,50241400
2007-01-18,SPY,99.94456481933594,142.5399932861328,143.25999450683594,142.30999755859375,143.1699981689453,68177300
2007-01-19,SPY,100.14092254638672,142.82000732421875,143.10000610351562,142.4600067138672,142.5399932861328,56973000
2007-01-22,SPY,99.83235168457031,142.3800048828125,143.10000610351562,141.92999267578125,143.07000732421875,60253600
2007-01-23,SPY,100.12688446044922,142.8000030517578,143.0800018310547,142.05999755859375,142.25999450683594,54064400
2007-01-24,SPY,100.93324279785156,143.9499969482422,143.97999572753906,142.91000366210938,142.97000122070312,55834700
2007-01-25,SPY,99.74821472167969,142.25999450683594,143.9199981689453,142.00999450683594,143.86000061035156,73583800
2007-01-26,SPY,99.6571273803711,142.1300048828125,142.64999389648438,141.5800018310547,142.57000732421875,67255600
2007-01-29,SPY,99.60098266601562,142.0500030517578,142.8000030517578,141.74000549316406,142.19000244140625,66114600
2007-01-30,SPY,100.11982727050781,142.7899932861328,142.86000061035156,142.05999755859375,142.35000610351562,70407600
2007-01-31,SPY,100.79297637939453,143.75,144.1300048828125,142.39999389648438,142.6300048828125,91868600
2007-02-01,SPY,101.39595794677734,144.61000061035156,144.66000366210938,143.91000366210938,144.14999389648438,69312400
2007-02-02,SPY,101.53620147705078,144.80999755859375,144.9499969482422,144.3800048828125,144.72999572753906,49607000
2007-02-05,SPY,101.56430053710938,144.85000610351562,144.94000244140625,144.33999633789062,144.6999969482422,45705300
2007-02-06,SPY,101.59232330322266,144.88999938964844,145.02999877929688,144.3300018310547,144.97000122070312,57081300
2007-02-07,SPY,101.81670379638672,145.2100067138672,145.36000061035156,144.57000732421875,145.1199951171875,55669700
2007-02-08,SPY,101.68345642089844,145.02000427246094,145.1199951171875,144.27000427246094,144.77999877929688,70641000
2007-02-09,SPY,100.9262466430664,143.94000244140625,145.3300018310547,143.38999938964844,145.05999755859375,79084400
2007-02-12,SPY,100.58262634277344,143.4499969482422,144.0399932861328,143.19000244140625,143.94000244140625,65657000
2007-02-13,SPY,101.4310531616211,144.66000366210938,144.89999389648438,143.75999450683594,143.77000427246094,64081800
2007-02-14,SPY,102.09716033935547,145.61000061035156,145.89999389648438,144.77999877929688,144.8000030517578,66039400
2007-02-15,SPY,102.2303695678711,145.8000030517578,145.9499969482422,145.42999267578125,145.6699981689453,38715200
2007-02-16,SPY,102.18128204345703,145.72999572753906,145.75999450683594,145.22999572753906,145.44000244140625,39841800
2007-02-20,SPY,102.39865112304688,146.0399932861328,146.1999969482422,145.0,145.55999755859375,56911800
2007-02-21,SPY,102.35659790039062,145.97999572753906,146.07000732421875,145.35000610351562,145.61000061035156,63971600
2007-02-22,SPY,102.27943420410156,145.8699951171875,146.4199981689453,145.1699981689453,146.0500030517578,79067400
2007-02-23,SPY,101.87981414794922,145.3000030517578,145.7899932861328,145.02999877929688,145.74000549316406,71966200
2007-02-26,SPY,101.78864288330078,145.1699981689453,145.9499969482422,144.75,145.8300018310547,69192800
2007-02-27,SPY,97.81303405761719,139.5,144.1999969482422,139.0,143.8800048828125,274466500
2007-02-28,SPY,98.81568145751953,140.92999267578125,141.97999572753906,139.8000030517578,140.38999938964844,177536300
2007-03-01,SPY,98.52119445800781,140.50999450683594,141.25,138.0500030517578,139.33999633789062,212828600
2007-03-02,SPY,97.23104858398438,138.6699981689453,140.66000366210938,138.66000366210938,140.0500030517578,162574000
2007-03-05,SPY,96.30550384521484,137.35000610351562,139.5800018310547,137.3300018310547,137.92999267578125,143750400
2007-03-06,SPY,97.95327758789062,139.6999969482422,140.1199951171875,137.72000122070312,138.77999877929688,143333300
2007-03-07,SPY,97.85508728027344,139.55999755859375,140.4600067138672,139.39999389648438,139.58999633789062,115144900
2007-03-08,SPY,98.68246459960938,140.74000549316406,141.16000366210938,140.07000732421875,140.5399932861328,117891600
2007-03-09,SPY,98.71050262451172,140.77999877929688,141.4199981689453,140.0800018310547,141.30999755859375,107765100
2007-03-12,SPY,98.85774993896484,140.99000549316406,141.33999633789062,140.16000366210938,140.4199981689453,80366900
2007-03-13,SPY,96.93658447265625,138.25,140.77000427246094,138.0399932861328,140.17999267578125,190605200
2007-03-14,SPY,97.65876007080078,139.27999877929688,139.36000061035156,136.75,138.42999267578125,231853800
2007-03-15,SPY,97.7919921875,139.47000122070312,139.99000549316406,138.8000030517578,138.97000122070312,132435900
2007-03-16,SPY,97.5181655883789,138.52999877929688,139.6300048828125,138.1199951171875,139.30999755859375,121531600
2007-03-19,SPY,98.6937484741211,140.1999969482422,140.3300018310547,139.14999389648438,139.25999450683594,96161200
2007-03-20,SPY,99.23578643798828,140.97000122070312,141.0500030517578,139.9600067138672,140.0800018310547,82147400
2007-03-21,SPY,100.86893463134766,143.2899932861328,143.64999389648438,140.82000732421875,141.10000610351562,152368700
2007-03-22,SPY,100.79150390625,143.17999267578125,143.67999267578125,142.7899932861328,143.47999572753906,118942200
2007-03-23,SPY,100.9393539428711,143.38999938964844,143.80999755859375,143.14999389648438,143.27999877929688,74416800
2007-03-26,SPY,100.80558776855469,143.1999969482422,143.64999389648438,142.08999633789062,143.5,113787500
2007-03-27,SPY,100.56625366210938,142.86000061035156,143.16000366210938,142.38999938964844,143.1199951171875,99864600
2007-03-28,SPY,99.8341064453125,141.82000732421875,142.47000122070312,141.25999450683594,142.13999938964844,152907900
2007-03-29,SPY,99.93977355957031,141.97000122070312,142.61000061035156,141.19000244140625,142.5399932861328,139432700
2007-03-30,SPY,99.96089935302734,142.0,142.83999633789062,140.55999755859375,142.24000549316406,128194100
2007-04-02,SPY,100.07351684570312,142.16000366210938,142.4600067138672,141.47999572753906,142.16000366210938,79416400
2007-04-03,SPY,101.15050506591797,143.69000244140625,143.97999572753906,142.91000366210938,142.97000122070312,82417800
2007-04-04,SPY,101.26313781738281,143.85000610351562,143.9499969482422,143.16000366210938,143.69000244140625,63995200
2007-04-05,SPY,101.53765106201172,144.24000549316406,144.44000244140625,143.61000061035156,143.6699981689453,46822800
2007-04-09,SPY,101.67849731445312,144.44000244140625,144.8000030517578,144.14999389648438,144.64999389648438,50967400
2007-04-10,SPY,101.79813385009766,144.61000061035156,144.85000610351562,144.27000427246094,144.3300018310547,56620000
2007-04-11,SPY,101.3828353881836,144.02000427246094,144.86000061035156,143.5399932861328,144.82000732421875,106365700
2007-04-12,SPY,101.8333511352539,144.66000366210938,144.9199981689453,143.33999633789062,143.74000549316406,115534400
2007-04-13,SPY,102.29801177978516,145.32000732421875,145.32000732421875,144.36000061035156,144.89999389648438,84287000
2007-04-16,SPY,103.2694320678711,146.6999969482422,146.86000061035156,145.82000732421875,145.8300018310547,83064600
2007-04-17,SPY,103.54396057128906,147.08999633789062,147.39999389648438,146.64999389648438,146.97000122070312,108424100
2007-04-18,SPY,103.67060852050781,147.27000427246094,147.6999969482422,146.57000732421875,146.60000610351562,88345300
2007-04-19,SPY,103.64253234863281,147.22999572753906,147.39999389648438,146.36000061035156,146.5500030517578,102947700
2007-04-20,SPY,104.62098693847656,148.6199951171875,148.6199951171875,147.0399932861328,148.22000122070312,124114100
2007-04-23,SPY,104.22679138183594,148.05999755859375,148.72999572753906,147.97000122070312,148.3699951171875,77270800
2007-04-24,SPY,104.26899719238281,148.1199951171875,148.39999389648438,147.32000732421875,148.22999572753906,114471000
2007-04-25,SPY,105.22639465332031,149.47999572753906,149.66000366210938,148.02000427246094,148.72999572753906,108418800
2007-04-26,SPY,105.34607696533203,149.64999389648438,149.8000030517578,149.10000610351562,149.49000549316406,88741600
2007-04-27,SPY,105.26158142089844,149.52999877929688,149.74000549316406,148.83999633789062,149.08999633789062,108191100
2007-04-30,SPY,104.38872528076172,148.2899932861328,149.74000549316406,148.2100067138672,149.63999938964844,100874100
2007-05-01,SPY,104.65616607666016,148.6699981689453,149.47000122070312,147.6699981689453,148.4199981689453,134342700
2007-05-02,SPY,105.26861572265625,149.5399932861328,149.9499969482422,148.75,148.89999389648438,87129800
2007-05-03,SPY,105.8388442993164,150.35000610351562,150.39999389648438,149.72999572753906,149.97000122070312,86569700
2007-05-04,SPY,106.2401351928711,150.9199981689453,151.1199951171875,150.22000122070312,150.75,96409000
2007-05-07,SPY,106.26118469238281,150.9499969482422,151.1999969482422,150.80999755859375,150.8800048828125,63461400
2007-05-08,SPY,106.12039184570312,150.75,150.9199981689453,150.1300048828125,150.5800018310547,80584000
2007-05-09,SPY,106.40908813476562,151.16000366210938,152.82000732421875,150.3699951171875,150.63999938964844,102070100
2007-05-10,SPY,105.29679107666016,149.5800018310547,151.02000427246094,149.27000427246094,150.72999572753906,153617800
2007-05-11,SPY,106.19782257080078,150.86000061035156,150.92999267578125,149.72000122070312,149.75,113408900
2007-05-14,SPY,105.96554565429688,150.52999877929688,151.3000030517578,149.7899932861328,150.86000061035156,108027500
2007-05-15,SPY,105.99369049072266,150.57000732421875,151.66000366210938,150.19000244140625,150.6999969482422,180673300
2007-05-16,SPY,106.71876525878906,151.60000610351562,151.6300048828125,150.3800048828125,150.8000030517578,114166500
2007-05-17,SPY,106.50758361816406,151.3000030517578,151.9600067138672,151.11000061035156,151.3800048828125,101132800
2007-05-18,SPY,107.43678283691406,152.6199951171875,152.6199951171875,151.80999755859375,152.00999450683594,99182000
2007-05-21,SPY,107.38045501708984,152.5399932861328,153.22999572753906,152.5,152.5800018310547,174664600
2007-05-22,SPY,107.29598236083984,152.4199981689453,153.16000366210938,152.3800048828125,152.6999969482422,82148800
2007-05-23,SPY,107.31011962890625,152.44000244140625,153.5,152.36000061035156,152.9499969482422,133786600
2007-05-24,SPY,106.33866119384766,151.05999755859375,153.2100067138672,150.74000549316406,152.52999877929688,187593000
2007-05-25,SPY,106.78211975097656,151.69000244140625,152.02000427246094,151.17999267578125,151.5,83309200
2007-05-29,SPY,107.1693115234375,152.24000549316406,152.5,151.4499969482422,151.94000244140625,82020000
2007-05-30,SPY,108.04212951660156,153.47999572753906,153.5399932861328,151.33999633789062,151.4600067138672,129013600
2007-05-31,SPY,107.9295883178711,153.32000732421875,153.88999938964844,153.1199951171875,153.6699981689453,114866700
2007-06-01,SPY,108.4644775390625,154.0800018310547,154.39999389648438,153.50999450683594,153.8800048828125,107771700
2007-06-04,SPY,108.47863006591797,154.10000610351562,154.38999938964844,153.47999572753906,153.5399932861328,78008800
2007-06-05,SPY,108.04926300048828,153.49000549316406,153.89999389648438,152.86000061035156,153.74000549316406,126917900
2007-06-06,SPY,106.8876953125,151.83999633789062,152.9499969482422,151.75,152.86000061035156,164096800
2007-06-07,SPY,104.95890045166016,149.10000610351562,152.5,149.05999755859375,151.55999755859375,232414600
2007-06-08,SPY,106.32455444335938,151.0399932861328,151.19000244140625,149.08999633789062,149.5800018310547,175886000
2007-06-11,SPY,106.50758361816406,151.3000030517578,151.9499969482422,150.6999969482422,150.92999267578125,102015600
2007-06-12,SPY,105.34607696533203,149.64999389648438,151.5399932861328,149.5500030517578,150.6699981689453,233898000
2007-06-13,SPY,106.92290496826172,151.88999938964844,152.07000732421875,149.72000122070312,150.5,193208200
2007-06-14,SPY,107.6058120727539,152.86000061035156,153.1199951171875,152.02999877929688,152.05999755859375,146396500
2007-06-15,SPY,108.21802520751953,153.07000732421875,153.66000366210938,152.92999267578125,153.13999938964844,154030800
2007-06-18,SPY,108.09078216552734,152.88999938964844,153.38999938964844,152.66000366210938,153.3800048828125,88537500
2007-06-19,SPY,108.35939025878906,153.27000427246094,153.3800048828125,152.36000061035156,152.5500030517578,110851700
2007-06-20,SPY,106.85350799560547,151.13999938964844,153.5800018310547,150.9600067138672,153.5800018310547,177119700
2007-06-21,SPY,107.44737243652344,151.97999572753906,152.11000061035156,150.25,151.0800018310547,205262000
2007-06-22,SPY,106.4364242553711,150.5500030517578,151.77000427246094,149.85000610351562,151.52000427246094,204964700
2007-06-25,SPY,105.9273910522461,149.8300018310547,151.25,149.02000427246094,150.24000549316406,232014400
2007-06-26,SPY,104.838623046875,148.2899932861328,150.4600067138672,148.27999877929688,150.2100067138672,198445700
2007-06-27,SPY,106.330322265625,150.39999389648438,150.57000732421875,148.05999755859375,148.1300048828125,213638000
2007-06-28,SPY,106.3161849975586,150.3800048828125,151.41000366210938,149.6699981689453,150.3800048828125,157705000
2007-06-29,SPY,106.3515625,150.42999267578125,151.64999389648438,149.14999389648438,150.89999389648438,199701800
2007-07-02,SPY,107.31304931640625,151.7899932861328,151.9199981689453,150.77000427246094,150.8699951171875,103357000
2007-07-03,SPY,107.70191192626953,152.33999633789062,152.5,151.99000549316406,152.17999267578125,54048400
2007-07-05,SPY,107.58876037597656,152.17999267578125,152.55999755859375,151.6300048828125,152.39999389648438,89279000
2007-07-06,SPY,108.15437316894531,152.97999572753906,153.1699981689453,151.92999267578125,152.3800048828125,81109000
2007-07-09,SPY,108.23918151855469,153.10000610351562,153.36000061035156,152.6199951171875,153.16000366210938,72348100
2007-07-10,SPY,106.69802856445312,150.9199981689453,152.61000061035156,150.77000427246094,152.2899932861328,180362600
2007-07-11,SPY,107.45445251464844,151.99000549316406,152.0500030517578,150.52000427246094,150.75,175607600
2007-07-12,SPY,109.15119934082031,154.38999938964844,154.75,152.33999633789062,152.3699951171875,133882500
2007-07-13,SPY,109.4764633178711,154.85000610351562,155.4600067138672,154.38999938964844,154.57000732421875,111794300
2007-07-16,SPY,109.46233367919922,154.8300018310547,155.52999877929688,154.5800018310547,154.99000549316406,98378700
2007-07-17,SPY,109.40570068359375,154.75,155.47999572753906,154.67999267578125,154.92999267578125,126201300
2007-07-18,SPY,109.207763671875,154.47000122070312,154.8000030517578,153.3000030517578,154.22999572753906,237887400
2007-07-19,SPY,109.6319808959961,155.07000732421875,155.52999877929688,154.75,155.1999969482422,145212700
2007-07-20,SPY,108.5219955444336,153.5,154.99000549316406,152.8300018310547,154.88999938964844,245502500
2007-07-23,SPY,108.85431671142578,153.97000122070312,154.72000122070312,153.3000030517578,154.17999267578125,121183900
2007-07-24,SPY,106.96662139892578,151.3000030517578,154.27999877929688,150.75999450683594,153.1199951171875,256732400
2007-07-25,SPY,107.18579864501953,151.61000061035156,152.38999938964844,150.25,152.02000427246094,265214500
2007-07-26,SPY,104.6477279663086,148.02000427246094,150.8000030517578,146.38999938964844,150.19000244140625,467592500
2007-07-27,SPY,102.5904312133789,145.11000061035156,148.8699951171875,145.0500030517578,148.2100067138672,422987600
2007-07-30,SPY,104.19525909423828,147.3800048828125,147.80999755859375,145.2899932861328,145.92999267578125,283017500
2007-07-31,SPY,103.02165222167969,145.72000122070312,149.4600067138672,145.0399932861328,148.3300018310547,316976700
2007-08-01,SPY,103.52359008789062,146.42999267578125,147.00999450683594,143.9499969482422,145.17999267578125,467670000
2007-08-02,SPY,104.3508071899414,147.60000610351562,147.75999450683594,145.25999450683594,146.75999450683594,294758400
2007-08-03,SPY,101.664306640625,143.8000030517578,147.5800018310547,143.1999969482422,147.27999877929688,359398200
2007-08-06,SPY,103.3681411743164,146.2100067138672,146.8300018310547,142.52999877929688,144.2100067138672,324980000
2007-08-07,SPY,104.4709701538086,147.77000427246094,149.0,145.22999572753906,145.94000244140625,232568700
2007-08-08,SPY,105.9273910522461,149.8300018310547,150.58999633789062,147.33999633789062,148.41000366210938,274930600
2007-08-09,SPY,102.78838348388672,145.38999938964844,148.9499969482422,145.2899932861328,147.42999267578125,357622100
2007-08-10,SPY,102.30766296386719,144.7100067138672,146.5,143.1199951171875,144.38999938964844,411018400
2007-08-13,SPY,102.67523956298828,145.22999572753906,146.88999938964844,145.02000427246094,146.5,181917200
2007-08-14,SPY,101.10575866699219,143.00999450683594,146.05999755859375,142.72000122070312,145.6999969482422,264134500
2007-08-15,SPY,99.7130126953125,141.0399932861328,144.4600067138672,140.6199951171875,142.72000122070312,323834000
2007-08-16,SPY,100.4624252319336,142.10000610351562,142.94000244140625,137.0,139.7899932861328,546743700
2007-08-17,SPY,102.30766296386719,144.7100067138672,145.80999755859375,141.38999938964844,145.5,388218100
2007-08-20,SPY,102.25813293457031,144.63999938964844,145.47000122070312,143.2899932861328,145.1699981689453,187320400
2007-08-21,SPY,102.46317291259766,144.92999267578125,145.97000122070312,144.13999938964844,144.60000610351562,157066400
2007-08-22,SPY,103.67919921875,146.64999389648438,146.8000030517578,145.3300018310547,146.00999450683594,173156700
2007-08-23,SPY,103.5872573852539,146.52000427246094,147.64999389648438,145.61000061035156,147.33999633789062,203915300
2007-08-24,SPY,104.86689758300781,148.3300018310547,148.3300018310547,146.27999877929688,146.47999572753906,128901900
2007-08-27,SPY,103.89124298095703,146.9499969482422,148.3300018310547,146.72999572753906,147.85000610351562,113024300
2007-08-28,SPY,101.60771942138672,143.72000122070312,146.25,143.4600067138672,146.16000366210938,219790700
2007-08-29,SPY,103.60140991210938,146.5399932861328,146.74000549316406,143.9600067138672,144.3699951171875,207654200
2007-08-30,SPY,103.32565307617188,146.14999389648438,147.19000244140625,145.30999755859375,145.4499969482422,191817300
2007-08-31,SPY,104.34374237060547,147.58999633789062,148.5,146.8300018310547,147.64999389648438,185477500
2007-09-04,SPY,105.39715576171875,149.0800018310547,149.97999572753906,147.39999389648438,147.4499969482422,120062000
2007-09-05,SPY,104.48509216308594,147.7899932861328,148.36000061035156,147.0,148.1999969482422,166261800
2007-09-06,SPY,104.7254867553711,148.1300048828125,148.61000061035156,147.1199951171875,147.9499969482422,127878400
2007-09-07,SPY,103.26909637451172,146.07000732421875,146.88999938964844,145.25999450683594,146.47999572753906,235447600
2007-09-10,SPY,103.07115173339844,145.7899932861328,146.72000122070312,144.3300018310547,146.52000427246094,192305900
2007-09-11,SPY,104.27301025390625,147.49000549316406,147.6999969482422,146.1300048828125,146.24000549316406,162081900
2007-09-12,SPY,104.54167938232422,147.8699951171875,148.44000244140625,146.97999572753906,147.2899932861328,149554600
2007-09-13,SPY,105.2769546508789,148.91000366210938,149.4499969482422,148.1999969482422,148.5500030517578,154079000
2007-09-14,SPY,105.26986694335938,148.89999389648438,149.08999633789062,147.74000549316406,147.9600067138672,121911000
2007-09-17,SPY,104.70427703857422,148.10000610351562,148.64999389648438,147.6300048828125,148.30999755859375,109870800
2007-09-18,SPY,107.7867660522461,152.4600067138672,152.5,148.1300048828125,148.8300018310547,263759500
2007-09-19,SPY,108.42301177978516,153.36000061035156,154.38999938964844,152.7100067138672,153.41000366210938,193779900
2007-09-20,SPY,107.65945434570312,152.27999877929688,153.42999267578125,152.11000061035156,153.33999633789062,175186800
2007-09-21,SPY,107.95000457763672,151.97000122070312,153.1199951171875,151.74000549316406,152.7100067138672,141457500
2007-09-24,SPY,107.75109100341797,151.69000244140625,152.82000732421875,151.36000061035156,152.4199981689453,139450200
2007-09-25,SPY,107.53804779052734,151.38999938964844,151.66000366210938,150.47000122070312,150.80999755859375,142289900
2007-09-26,SPY,108.10630798339844,152.19000244140625,152.77000427246094,151.38999938964844,152.25,135547000
2007-09-27,SPY,108.7456283569336,153.08999633789062,153.10000610351562,152.19000244140625,152.91000366210938,102713300
2007-09-28,SPY,108.3832778930664,152.5800018310547,153.19000244140625,151.97999572753906,152.85000610351562,133372100
2007-10-01,SPY,109.6050796508789,154.3000030517578,154.75,152.5,152.60000610351562,148162300
2007-10-02,SPY,109.4559326171875,154.08999633789062,154.64999389648438,153.80999755859375,154.61000061035156,112978800
2007-10-03,SPY,109.2357177734375,153.77999877929688,154.41000366210938,153.00999450683594,153.80999755859375,119055900
2007-10-04,SPY,109.40618133544922,154.02000427246094,154.25999450683594,153.58999633789062,154.11000061035156,76864400
2007-10-05,SPY,110.70610809326172,155.85000610351562,156.10000610351562,154.6300048828125,155.02999877929688,134579700
2007-10-08,SPY,110.11651611328125,155.02000427246094,155.49000549316406,154.77000427246094,155.38999938964844,71280400
2007-10-09,SPY,111.15361022949219,156.47999572753906,156.5,155.02999877929688,155.60000610351562,94054300
2007-10-10,SPY,110.96894836425781,156.22000122070312,156.44000244140625,155.41000366210938,156.0399932861328,101711100
2007-10-11,SPY,110.43623352050781,155.47000122070312,157.52000427246094,154.5399932861328,156.92999267578125,233529100
2007-10-12,SPY,111.04705810546875,156.3300018310547,156.35000610351562,155.27000427246094,155.4600067138672,124546700
2007-10-15,SPY,110.10942840576172,155.00999450683594,156.36000061035156,153.94000244140625,156.27000427246094,161151900
2007-10-16,SPY,109.2357177734375,153.77999877929688,154.52000427246094,153.47000122070312,154.41000366210938,166525700
2007-10-17,SPY,109.56958770751953,154.25,155.08999633789062,152.47000122070312,154.97999572753906,216687300
2007-10-18,SPY,109.1717758178711,153.69000244140625,154.19000244140625,153.0800018310547,153.4499969482422,148367500
2007-10-19,SPY,106.31620025634766,149.6699981689453,156.47999572753906,149.66000366210938,153.08999633789062,297169900
2007-10-22,SPY,106.93424224853516,150.5399932861328,150.75999450683594,148.66000366210938,148.86000061035156,261989800
2007-10-23,SPY,107.80084991455078,151.75999450683594,151.9499969482422,150.25,151.4600067138672,180085100
2007-10-24,SPY,107.60192108154297,151.47999572753906,151.74000549316406,148.83999633789062,151.2100067138672,326694200
2007-10-25,SPY,107.85763549804688,151.83999633789062,152.2899932861328,149.8800048828125,151.64999389648438,237374500
2007-10-26,SPY,109.1220932006836,153.6199951171875,153.6199951171875,151.89999389648438,153.05999755859375,176484000
2007-10-29,SPY,109.48430633544922,154.1300048828125,154.44000244140625,153.5500030517578,153.92999267578125,106841000
2007-10-30,SPY,108.72432708740234,153.05999755859375,153.75,152.8699951171875,153.4499969482422,132981600
2007-10-31,SPY,109.85370635986328,154.64999389648438,155.27000427246094,152.83999633789062,153.97999572753906,220954400
2007-11-01,SPY,107.28227996826172,151.02999877929688,153.41000366210938,150.58999633789062,153.2899932861328,333040800
2007-11-02,SPY,107.40304565429688,151.1999969482422,152.0,149.2100067138672,151.52999877929688,331228200
2007-11-05,SPY,106.58617401123047,150.0500030517578,151.16000366210938,148.97000122070312,149.63999938964844,226841000
2007-11-06,SPY,108.02104187011719,152.07000732421875,152.11000061035156,149.89999389648438,150.86000061035156,177800500
2007-11-07,SPY,105.0660171508789,147.91000366210938,151.1300048828125,147.5500030517578,150.44000244140625,306639700
2007-11-08,SPY,104.53329467773438,147.16000366210938,148.39999389648438,145.07000732421875,147.99000549316406,374509900
2007-11-09,SPY,103.09841918945312,145.13999938964844,147.5399932861328,144.88999938964844,145.69000244140625,277745100
2007-11-12,SPY,102.07551574707031,143.6999969482422,146.61000061035156,143.6999969482422,145.2100067138672,243087800
2007-11-13,SPY,105.18678283691406,148.0800018310547,148.30999755859375,145.22000122070312,145.3699951171875,191117400
2007-11-14,SPY,104.89554595947266,147.6699981689453,149.39999389648438,146.77999877929688,149.22000122070312,230558800
2007-11-15,SPY,103.38253021240234,145.5399932861328,147.49000549316406,144.52000427246094,146.57000732421875,263111100
2007-11-16,SPY,103.56012725830078,145.7899932861328,146.47000122070312,144.57000732421875,146.30999755859375,308770600
2007-11-19,SPY,102.1181640625,143.75999450683594,145.36000061035156,143.19000244140625,145.27999877929688,267746000
2007-11-20,SPY,102.74321746826172,144.63999938964844,145.52999877929688,142.11000061035156,144.02000427246094,414767500
2007-11-21,SPY,100.640625,141.67999267578125,143.91000366210938,141.6699981689453,143.0800018310547,259012400
2007-11-23,SPY,102.3809814453125,144.1300048828125,144.33999633789062,142.6999969482422,143.07000732421875,77688400
2007-11-26,SPY,100.1220703125,140.9499969482422,144.8800048828125,140.66000366210938,144.42999267578125,214232000
2007-11-27,SPY,101.2728271484375,142.57000732421875,143.22999572753906,140.9499969482422,141.74000549316406,293897900
2007-11-28,SPY,104.51197052001953,147.1300048828125,147.47000122070312,144.13999938964844,144.19000244140625,258596900
2007-11-29,SPY,104.54747009277344,147.17999267578125,147.72000122070312,146.10000610351562,146.6199951171875,199409900
2007-11-30,SPY,105.59881591796875,148.66000366210938,149.8699951171875,147.3300018310547,149.0399932861328,222908000
2007-12-03,SPY,104.90270233154297,147.67999267578125,148.4499969482422,147.2899932861328,148.19000244140625,146430400
2007-12-04,SPY,103.96502685546875,146.36000061035156,147.5399932861328,146.30999755859375,146.66000366210938,136533900
2007-12-05,SPY,105.70531463623047,148.80999755859375,149.1999969482422,147.8300018310547,147.92999267578125,171130000
2007-12-06,SPY,107.21842193603516,150.94000244140625,151.2100067138672,148.57000732421875,148.6300048828125,154457400
2007-12-07,SPY,107.19700622558594,150.91000366210938,151.5,150.5500030517578,151.4199981689453,148980100
2007-12-10,SPY,108.02815246582031,152.0800018310547,152.25,150.86000061035156,151.27999877929688,123914300
2007-12-11,SPY,105.0660171508789,147.91000366210938,152.88999938964844,147.8300018310547,152.13999938964844,250346400
2007-12-12,SPY,106.10311126708984,149.3699951171875,151.77000427246094,147.1999969482422,151.05999755859375,322435600
2007-12-13,SPY,105.8829116821289,149.05999755859375,149.38999938964844,147.3000030517578,148.32000732421875,237551300
2007-12-14,SPY,104.54039001464844,147.1699981689453,149.10000610351562,147.10000610351562,147.92999267578125,159152900
2007-12-17,SPY,103.04866790771484,145.07000732421875,146.8699951171875,144.86000061035156,146.61000061035156,177269400
2007-12-18,SPY,103.62405395507812,145.8800048828125,146.47999572753906,143.9600067138672,146.10000610351562,245569300
2007-12-19,SPY,103.62405395507812,145.8800048828125,146.88999938964844,144.94000244140625,145.94000244140625,198917200
2007-12-20,SPY,104.27755737304688,146.8000030517578,146.86000061035156,145.17999267578125,146.83999633789062,214813800
2007-12-21,SPY,105.78074645996094,148.1300048828125,148.4199981689453,147.08999633789062,147.3699951171875,146084400
2007-12-24,SPY,106.5662841796875,149.22999572753906,149.47999572753906,148.47999572753906,148.82000732421875,45601400
2007-12-26,SPY,106.7948226928711,149.5500030517578,149.67999267578125,148.5,148.64999389648438,67093100
2007-12-27,SPY,105.45228576660156,147.6699981689453,149.02999877929688,147.32000732421875,149.02000427246094,122981700
2007-12-28,SPY,105.18801879882812,147.3000030517578,148.61000061035156,146.89999389648438,148.5399932861328,116398100
2007-12-31,SPY,104.40968322753906,146.2100067138672,147.61000061035156,146.05999755859375,147.10000610351562,108126800
2008-01-02,SPY,103.49559783935547,144.92999267578125,146.99000549316406,143.8800048828125,146.52999877929688,204935600
2008-01-03,SPY,103.44560241699219,144.86000061035156,145.49000549316406,144.07000732421875,144.91000366210938,125133300
2008-01-04,SPY,100.91053771972656,141.30999755859375,143.44000244140625,140.91000366210938,143.33999633789062,232330900
2008-01-07,SPY,100.82487487792969,141.19000244140625,142.22999572753906,140.10000610351562,141.80999755859375,234991000
2008-01-08,SPY,99.19671630859375,138.91000366210938,142.89999389648438,138.44000244140625,142.0800018310547,326365700
2008-01-09,SPY,100.23928833007812,140.3699951171875,140.7899932861328,137.6999969482422,139.08999633789062,301824900
2008-01-10,SPY,100.896240234375,141.2899932861328,142.8000030517578,139.3699951171875,139.67999267578125,335701200
2008-01-11,SPY,100.08214569091797,140.14999389648438,141.89999389648438,139.0,140.77999877929688,267076600
2008-01-14,SPY,100.88916778564453,141.27999877929688,141.86000061035156,140.39999389648438,141.16000366210938,170365500
2008-01-15,SPY,98.66826629638672,138.1699981689453,141.49000549316406,137.89999389648438,139.7899932861328,239940100
2008-01-16,SPY,97.81845092773438,136.97999572753906,139.1199951171875,136.27999877929688,137.36000061035156,378802600
2008-01-17,SPY,95.28335571289062,133.42999267578125,137.8800048828125,132.92999267578125,137.80999755859375,397892600
2008-01-18,SPY,94.30503845214844,132.05999755859375,135.02000427246094,131.10000610351562,134.74000549316406,348561500
2008-01-22,SPY,93.3481674194336,130.72000122070312,132.42999267578125,126.0,127.20999908447266,435923700
2008-01-23,SPY,95.5904312133789,133.86000061035156,134.19000244140625,126.83999633789062,127.08999633789062,511913000
2008-01-24,SPY,96.39739990234375,134.99000549316406,135.4600067138672,133.30999755859375,134.47999572753906,259949300
2008-01-25,SPY,95.00492095947266,133.0399932861328,136.75999450683594,132.60000610351562,136.50999450683594,269603900
2008-01-28,SPY,96.57589721679688,135.24000549316406,135.52000427246094,132.05999755859375,133.25999450683594,217934600
2008-01-29,SPY,97.05435943603516,135.91000366210938,136.4499969482422,134.8800048828125,136.10000610351562,168968300
2008-01-30,SPY,96.34030151367188,134.91000366210938,138.5399932861328,134.60000610351562,135.5800018310547,334939200
2008-01-31,SPY,98.09695434570312,137.3699951171875,138.5399932861328,133.1999969482422,133.39999389648438,343680800
2008-02-01,SPY,99.67513275146484,139.5800018310547,139.61000061035156,137.52000427246094,137.94000244140625,206843600
2008-02-04,SPY,98.41830444335938,137.82000732421875,139.3000030517578,137.63999938964844,139.2100067138672,124694300
2008-02-05,SPY,95.78324890136719,134.1300048828125,136.25,133.6699981689453,135.94000244140625,286882500
2008-02-06,SPY,95.01200103759766,133.0500030517578,135.25,132.41000366210938,134.5800018310547,250792900
2008-02-07,SPY,95.64044189453125,133.92999267578125,134.7899932861328,131.72999572753906,131.8000030517578,297368100
2008-02-08,SPY,95.02629852294922,133.07000732421875,134.22000122070312,132.10000610351562,133.08999633789062,221643500
2008-02-11,SPY,95.51188659667969,133.75,134.22999572753906,132.0399932861328,133.10000610351562,188576300
2008-02-12,SPY,96.39739990234375,134.99000549316406,136.30999755859375,133.97999572753906,134.91000366210938,256654400
2008-02-13,SPY,97.38282012939453,136.3699951171875,137.05999755859375,135.13999938964844,136.00999450683594,181967800
2008-02-14,SPY,96.52593994140625,135.1699981689453,137.0,134.7899932861328,136.9499969482422,215207200
2008-02-15,SPY,96.50452423095703,135.13999938964844,135.22000122070312,133.91000366210938,134.5,154110300
2008-02-19,SPY,96.77586364746094,135.52000427246094,136.88999938964844,134.61000061035156,136.72000122070312,145190000
2008-02-20,SPY,97.0615005493164,135.9199981689453,136.5500030517578,133.75999450683594,133.99000549316406,220085700
2008-02-21,SPY,96.25458526611328,134.7899932861328,137.00999450683594,134.07000732421875,136.66000366210938,201051200
2008-02-22,SPY,96.84727478027344,135.6199951171875,135.85000610351562,132.86000061035156,134.97000122070312,205491000
2008-02-25,SPY,98.0683822631836,137.3300018310547,137.64999389648438,134.77999877929688,135.5399932861328,190107000
2008-02-26,SPY,98.80392456054688,138.36000061035156,138.9499969482422,136.5,136.75,212420700
2008-02-27,SPY,98.70392608642578,138.22000122070312,139.13999938964844,137.41000366210938,137.55999755859375,168395800
2008-02-28,SPY,97.7398910522461,136.8699951171875,137.9600067138672,136.5500030517578,137.24000549316406,170831100
2008-02-29,SPY,95.56190490722656,133.82000732421875,135.67999267578125,132.77999877929688,135.60000610351562,252715200
2008-03-03,SPY,95.33336639404297,133.5,133.80999755859375,132.24000549316406,133.13999938964844,189483500
2008-03-04,SPY,94.96917724609375,132.99000549316406,133.39999389648438,130.99000549316406,132.22999572753906,282513100
2008-03-05,SPY,95.56903839111328,133.8300018310547,134.77000427246094,132.33999633789062,133.4199981689453,270681400
2008-03-06,SPY,93.59095001220703,131.05999755859375,133.22000122070312,130.5500030517578,132.97999572753906,247911700
2008-03-07,SPY,92.62688446044922,129.7100067138672,131.74000549316406,128.5800018310547,129.77000427246094,326434600
2008-03-10,SPY,91.40577697753906,128.0,129.92999267578125,127.58999633789062,129.83999633789062,235683600
2008-03-11,SPY,94.69068145751953,132.60000610351562,132.72000122070312,128.9499969482422,130.72000122070312,341440600
2008-03-12,SPY,93.80520629882812,131.36000061035156,133.77000427246094,131.16000366210938,132.74000549316406,229161100
2008-03-13,SPY,94.01226806640625,131.64999389648438,132.63999938964844,128.60000610351562,129.61000061035156,351504200
2008-03-14,SPY,92.55548858642578,129.61000061035156,132.80999755859375,127.77999877929688,132.77000427246094,484687800
2008-03-17,SPY,91.61998748779297,128.3000030517578,129.25999450683594,126.06999969482422,126.56999969482422,405311100
2008-03-18,SPY,95.42620849609375,133.6300048828125,133.69000244140625,129.97999572753906,130.6199951171875,334416600
2008-03-19,SPY,93.06253814697266,130.32000732421875,134.64999389648438,130.0399932861328,134.13999938964844,345971600
2008-03-20,SPY,94.78629302978516,132.0800018310547,132.91000366210938,129.25999450683594,130.0500030517578,245320700
2008-03-24,SPY,96.68086242675781,134.72000122070312,135.80999755859375,133.24000549316406,133.30999755859375,208977300
2008-03-25,SPY,96.774169921875,134.85000610351562,135.5500030517578,133.77000427246094,134.86000061035156,192947200
2008-03-26,SPY,95.59004211425781,133.1999969482422,135.08999633789062,133.11000061035156,134.4600067138672,196934300
2008-03-27,SPY,95.28863525390625,132.77999877929688,134.44000244140625,132.36000061035156,134.1999969482422,225153200
2008-03-28,SPY,94.3772201538086,131.50999450683594,133.36000061035156,131.05999755859375,132.99000549316406,180896100
2008-03-31,SPY,94.7072982788086,131.97000122070312,132.72999572753906,131.08999633789062,131.2899932861328,166692100
2008-04-01,SPY,98.0372085571289,136.61000061035156,136.83999633789062,133.50999450683594,133.61000061035156,254547300
2008-04-02,SPY,98.10174560546875,136.6999969482422,137.6699981689453,135.97999572753906,137.0500030517578,210910800
2008-04-03,SPY,98.34577178955078,137.0399932861328,137.44000244140625,135.7100067138672,135.9600067138672,175884800
2008-04-04,SPY,98.23812866210938,136.88999938964844,137.9600067138672,136.1199951171875,137.1199951171875,204446800
2008-04-07,SPY,98.28837585449219,136.9600067138672,138.57000732421875,136.74000549316406,137.8699951171875,154245500
2008-04-08,SPY,98.18789672851562,136.82000732421875,136.9199981689453,135.9499969482422,136.19000244140625,148937300
2008-04-09,SPY,97.47745513916016,135.8300018310547,136.8000030517578,134.88999938964844,136.61000061035156,195610600
2008-04-10,SPY,97.61380767822266,136.02000427246094,136.6699981689453,134.89999389648438,135.4199981689453,192967800
2008-04-11,SPY,95.71922302246094,133.3800048828125,135.1199951171875,133.00999450683594,134.49000549316406,222973300
2008-04-14,SPY,95.39628601074219,132.92999267578125,133.5399932861328,132.5500030517578,133.19000244140625,160522000
2008-04-15,SPY,95.61874389648438,133.24000549316406,133.69000244140625,132.3300018310547,133.5800018310547,172389200
2008-04-16,SPY,98.2094497680664,136.85000610351562,136.91000366210938,134.52000427246094,134.5399932861328,189268900
2008-04-17,SPY,98.35299682617188,137.0500030517578,137.25,135.66000366210938,136.02000427246094,179665700
2008-04-18,SPY,99.37919616699219,138.47999572753906,139.55999755859375,138.25999450683594,138.94000244140625,218530600
2008-04-21,SPY,99.42939758300781,138.5500030517578,138.97999572753906,137.85000610351562,138.22999572753906,118587400
2008-04-22,SPY,98.99166107177734,137.94000244140625,138.30999755859375,136.89999389648438,138.19000244140625,162166000
2008-04-23,SPY,98.83379364013672,137.72000122070312,138.77999877929688,137.1199951171875,138.08999633789062,193309000
2008-04-24,SPY,99.26436614990234,138.32000732421875,139.74000549316406,137.0399932861328,138.0800018310547,229381300
2008-04-25,SPY,100.18294525146484,139.60000610351562,139.88999938964844,137.91000366210938,139.39999389648438,190788100
2008-04-28,SPY,100.20452117919922,139.6300048828125,140.25,139.3800048828125,139.8800048828125,105610200
2008-04-29,SPY,99.80976867675781,139.0800018310547,139.72999572753906,138.61000061035156,139.38999938964844,125514100
2008-04-30,SPY,99.22128295898438,138.25999450683594,140.58999633789062,138.25999450683594,139.2899932861328,208395900
2008-05-01,SPY,101.27375793457031,141.1199951171875,141.1199951171875,138.27000427246094,138.3800048828125,187279500
2008-05-02,SPY,101.55365753173828,141.50999450683594,142.3699951171875,140.55999755859375,142.33999633789062,181585500
2008-05-05,SPY,101.06563568115234,140.8300018310547,141.61000061035156,140.41000366210938,141.0500030517578,118504500
2008-05-06,SPY,101.94124603271484,142.0500030517578,142.1999969482422,139.69000244140625,140.02000427246094,179339800
2008-05-07,SPY,100.12557220458984,139.52000427246094,142.0399932861328,139.1300048828125,141.88999938964844,199267300
2008-05-08,SPY,99.86722564697266,139.16000366210938,140.32000732421875,138.97999572753906,139.74000549316406,178321200
2008-05-09,SPY,99.68062591552734,138.89999389648438,139.38999938964844,138.4499969482422,138.60000610351562,152588200
2008-05-12,SPY,100.80011749267578,140.4600067138672,140.55999755859375,138.72999572753906,139.25,147865900
2008-05-13,SPY,100.81449890136719,140.47999572753906,140.88999938964844,139.72999572753906,140.8000030517578,159132200
2008-05-14,SPY,101.0226058959961,140.77000427246094,142.1999969482422,140.4600067138672,141.07000732421875,181910800
2008-05-15,SPY,102.28568267822266,142.52999877929688,142.6300048828125,140.8300018310547,141.0399932861328,166927000
2008-05-16,SPY,102.37895202636719,142.66000366210938,142.8699951171875,141.61000061035156,142.86000061035156,204236800
2008-05-19,SPY,102.6588134765625,143.0500030517578,144.3000030517578,142.3000030517578,142.80999755859375,165664400
2008-05-20,SPY,101.82632446289062,141.88999938964844,142.33999633789062,141.0,142.27000427246094,178552100
2008-05-21,SPY,100.1040267944336,139.49000549316406,142.1199951171875,139.0,141.80999755859375,252724800
2008-05-22,SPY,100.11836242675781,139.50999450683594,140.1699981689453,139.0,139.42999267578125,170820400
2008-05-23,SPY,98.7763671875,137.63999938964844,139.66000366210938,137.52000427246094,139.0500030517578,181376400
2008-05-27,SPY,99.50836181640625,138.66000366210938,139.0,137.52999877929688,137.8000030517578,168322900
2008-05-28,SPY,99.96768188476562,139.3000030517578,140.0,138.0,139.1699981689453,181288100
2008-05-29,SPY,100.47002410888672,140.0,140.92999267578125,139.0800018310547,139.1300048828125,173927200
2008-05-30,SPY,100.72119903564453,140.35000610351562,140.74000549316406,139.94000244140625,140.47000122070312,117362000
2008-06-02,SPY,99.68062591552734,138.89999389648438,139.86000061035156,138.0,139.8300018310547,181069900
2008-06-03,SPY,99.09933471679688,138.08999633789062,139.6199951171875,137.22999572753906,139.3000030517578,271965700
2008-06-04,SPY,99.049072265625,138.02000427246094,139.16000366210938,137.4600067138672,137.6999969482422,246637700
2008-06-05,SPY,101.02974700927734,140.77999877929688,140.88999938964844,138.32000732421875,138.5800018310547,237867100
2008-06-06,SPY,97.80756378173828,136.2899932861328,139.8000030517578,136.22000122070312,139.5500030517578,384276300
2008-06-09,SPY,98.04435729980469,136.6199951171875,137.5,135.41000366210938,136.86000061035156,228263900
2008-06-10,SPY,97.55638122558594,135.94000244140625,137.10000610351562,135.35000610351562,135.6699981689453,260234900
2008-06-11,SPY,96.1211166381836,133.94000244140625,136.25999450683594,133.92999267578125,135.97000122070312,283890100
2008-06-12,SPY,96.48709106445312,134.4499969482422,135.8699951171875,133.52000427246094,134.60000610351562,252791800
2008-06-13,SPY,97.70710754394531,136.14999389648438,136.52000427246094,134.4199981689453,135.1699981689453,244726900
2008-06-16,SPY,97.76453399658203,136.22999572753906,136.92999267578125,135.4600067138672,135.5500030517578,185832500
2008-06-17,SPY,97.29087829589844,135.57000732421875,137.1199951171875,135.3699951171875,137.07000732421875,191707700
2008-06-18,SPY,96.34356689453125,134.25,135.52000427246094,133.7100067138672,134.69000244140625,265893000
2008-06-19,SPY,96.46558380126953,134.4199981689453,135.24000549316406,133.5,134.14999389648438,304204900
2008-06-20,SPY,94.89974975585938,131.5800018310547,133.08999633789062,131.22000122070312,132.83999633789062,289275700
2008-06-23,SPY,94.80599212646484,131.4499969482422,132.22999572753906,131.32000732421875,132.08999633789062,165096400
2008-06-24,SPY,94.61848449707031,131.19000244140625,132.44000244140625,130.19000244140625,131.0500030517578,267300600
2008-06-25,SPY,95.06565856933594,131.80999755859375,133.39999389648438,131.24000549316406,131.72000122070312,287853900
2008-06-26,SPY,92.48361206054688,128.22999572753906,131.4199981689453,128.0800018310547,130.57000732421875,297775000
2008-06-27,SPY,91.97879028320312,127.52999877929688,128.86000061035156,127.04000091552734,128.27999877929688,303423400
2008-06-30,SPY,92.3033447265625,127.9800033569336,128.91000366210938,127.30000305175781,127.88999938964844,258842600
2008-07-01,SPY,92.59185791015625,128.3800048828125,128.47000122070312,125.93000030517578,126.5199966430664,388622000
2008-07-02,SPY,91.00513458251953,126.18000030517578,129.16000366210938,125.94999694824219,128.7899932861328,288064600
2008-07-03,SPY,91.09888458251953,126.30999755859375,127.11000061035156,124.98999786376953,127.11000061035156,239352500
2008-07-07,SPY,90.16848754882812,125.0199966430664,127.33999633789062,123.91999816894531,126.79000091552734,372427300
2008-07-08,SPY,91.7696304321289,127.23999786376953,127.38999938964844,124.19999694824219,124.98999786376953,375973700
2008-07-09,SPY,90.00262451171875,124.79000091552734,127.73999786376953,124.38999938964844,127.5,336729400
2008-07-10,SPY,90.37043762207031,125.30000305175781,125.79000091552734,123.58000183105469,124.43000030517578,436475700
2008-07-11,SPY,89.31743621826172,123.83999633789062,125.9000015258789,122.48999786376953,123.97000122070312,481124600
2008-07-14,SPY,88.5096435546875,122.72000122070312,125.5,122.4000015258789,125.26000213623047,322720800
2008-07-15,SPY,87.26192474365234,120.98999786376953,123.48999786376953,120.0199966430664,121.80000305175781,502502500
2008-07-16,SPY,89.40399169921875,123.95999908447266,124.56999969482422,121.0999984741211,121.44999694824219,371642900
2008-07-17,SPY,90.2983169555664,125.19999694824219,126.26000213623047,124.08999633789062,125.13999938964844,375490600
2008-07-18,SPY,90.86085510253906,125.9800033569336,126.41999816894531,125.1500015258789,126.16999816894531,267030100
2008-07-21,SPY,90.9113540649414,126.05000305175781,126.80000305175781,125.19000244140625,126.51000213623047,222863000
2008-07-22,SPY,91.94271850585938,127.4800033569336,127.80000305175781,124.8499984741211,125.1500015258789,296904200
2008-07-23,SPY,92.44035339355469,128.1699981689453,129.14999389648438,127.55000305175781,127.88999938964844,311698400
2008-07-24,SPY,90.52191162109375,125.51000213623047,128.41000366210938,125.16000366210938,128.33999633789062,248634500
2008-07-25,SPY,90.500244140625,125.4800033569336,126.48999786376953,125.16999816894531,125.88999938964844,219131000
2008-07-28,SPY,89.17317962646484,123.63999938964844,126.05999755859375,123.41999816894531,125.51000213623047,205201300
2008-07-29,SPY,91.07722473144531,126.27999877929688,126.37999725341797,123.63999938964844,123.9800033569336,261505600
2008-07-30,SPY,92.69999694824219,128.52999877929688,128.60000610351562,126.27999877929688,127.11000061035156,354710000
2008-07-31,SPY,91.47392272949219,126.83000183105469,128.57000732421875,126.62999725341797,127.4000015258789,277402100
2008-08-01,SPY,90.99069213867188,126.16000366210938,127.27999877929688,125.45999908447266,127.12000274658203,248690900
2008-08-04,SPY,90.14686584472656,124.98999786376953,126.13999938964844,124.76000213623047,126.04000091552734,188239600
2008-08-05,SPY,92.577392578125,128.36000061035156,128.55999755859375,124.97000122070312,126.0199966430664,251577600
2008-08-06,SPY,92.98851013183594,128.92999267578125,129.3000030517578,127.4800033569336,128.02000427246094,209555400
2008-08-07,SPY,91.60372161865234,127.01000213623047,128.44000244140625,126.54000091552734,127.95999908447266,246312500
2008-08-08,SPY,93.30583190917969,129.3699951171875,129.92999267578125,126.37999725341797,126.58000183105469,260811700
2008-08-11,SPY,94.27232360839844,130.7100067138672,131.50999450683594,129.22999572753906,129.47000122070312,249425800
2008-08-12,SPY,93.29145050048828,129.35000610351562,130.6999969482422,128.72999572753906,130.27999877929688,213200800
2008-08-13,SPY,92.72886657714844,128.57000732421875,129.64999389648438,127.66999816894531,128.7899932861328,256393200
2008-08-14,SPY,93.4284439086914,129.5399932861328,130.27999877929688,127.75,127.83999633789062,239555300
2008-08-15,SPY,93.88282012939453,130.1699981689453,130.5,129.3000030517578,129.92999267578125,181000800
2008-08-18,SPY,92.59905242919922,128.38999938964844,130.47999572753906,127.66000366210938,130.42999267578125,172275100
2008-08-19,SPY,91.58929443359375,126.98999786376953,127.69000244140625,126.52999877929688,127.41999816894531,194673700
2008-08-20,SPY,92.01486206054688,127.58000183105469,127.94999694824219,126.33999633789062,127.38999938964844,225498200
2008-08-21,SPY,92.17350769042969,127.80000305175781,128.44000244140625,126.5999984741211,126.75,180609800
2008-08-22,SPY,93.5077896118164,129.64999389648438,129.64999389648438,127.80000305175781,128.6699981689453,167715300
2008-08-25,SPY,91.61095428466797,127.0199966430664,129.64999389648438,126.75,128.8000030517578,171936900
2008-08-26,SPY,91.8777847290039,127.38999938964844,127.87000274658203,126.58000183105469,127.0199966430664,159117200
2008-08-27,SPY,92.77214813232422,128.6300048828125,128.8300018310547,127.30000305175781,127.55000305175781,171032800
2008-08-28,SPY,93.8972396850586,130.19000244140625,130.33999633789062,129.11000061035156,129.27999877929688,167537100
2008-08-29,SPY,92.88752746582031,128.7899932861328,130.13999938964844,128.50999450683594,129.72999572753906,189195800
2008-09-02,SPY,92.310546875,127.98999786376953,130.7100067138672,127.5199966430664,130.02999877929688,252364900
2008-09-03,SPY,92.2312240600586,127.87999725341797,128.5,126.93000030517578,127.87999725341797,251947000
2008-09-04,SPY,89.45446014404297,124.02999877929688,127.2300033569336,123.95999908447266,126.97000122070312,340042500
2008-09-05,SPY,89.73574829101562,124.41999816894531,124.94999694824219,122.0,123.29000091552734,289503400
2008-09-08,SPY,91.58929443359375,126.98999786376953,128.24000549316406,124.41999816894531,128.0399932861328,364075300
2008-09-09,SPY,88.87028503417969,123.22000122070312,127.36000061035156,122.80000305175781,127.0999984741211,377326800
2008-09-10,SPY,89.2308578491211,123.72000122070312,124.9000015258789,122.55000305175781,123.88999938964844,298916600
2008-09-11,SPY,90.52191162109375,125.51000213623047,125.73999786376953,121.5999984741211,122.12000274658203,375369400
2008-09-12,SPY,90.94020080566406,126.08999633789062,126.20999908447266,123.83000183105469,124.29000091552734,297851200
2008-09-15,SPY,86.6128158569336,120.08999633789062,125.6500015258789,119.88999938964844,121.62999725341797,483607000
2008-09-16,SPY,88.06248474121094,122.0999984741211,122.31999969482422,117.0,117.19999694824219,581744300
2008-09-17,SPY,84.10291290283203,116.61000061035156,121.8499984741211,116.0,119.63999938964844,624095600
2008-09-18,SPY,86.59838104248047,120.06999969482422,121.79000091552734,113.80000305175781,118.05000305175781,776114700
2008-09-19,SPY,90.03752136230469,124.12000274658203,128.0,123.33000183105469,126.69999694824219,501087800
2008-09-22,SPY,87.99913024902344,121.30999755859375,124.75,120.36000061035156,124.44999694824219,249966500
2008-09-23,SPY,85.99703216552734,118.55000305175781,122.0199966430664,118.27999877929688,120.8499984741211,327470400
2008-09-24,SPY,86.27267456054688,118.93000030517578,120.0,117.79000091552734,119.3499984741211,311818400
2008-09-25,SPY,87.62189483642578,120.79000091552734,121.91000366210938,118.44000244140625,119.4000015258789,328253000
2008-09-26,SPY,87.66547393798828,120.8499984741211,121.5,118.51000213623047,118.83000183105469,285917400
2008-09-29,SPY,80.79584503173828,111.37999725341797,119.33999633789062,110.97000122070312,119.13999938964844,459562300
2008-09-30,SPY,84.13997650146484,115.98999786376953,116.80000305175781,110.52999877929688,113.51000213623047,328154400
2008-10-01,SPY,84.19075012207031,116.05999755859375,116.69000244140625,113.94999694824219,115.2699966430664,332783000
2008-10-02,SPY,81.13682556152344,111.8499984741211,115.11000061035156,111.05999755859375,114.94999694824219,365337800
2008-10-03,SPY,80.04143524169922,110.33999633789062,115.44999694824219,109.68000030517578,112.86000061035156,461798000
2008-10-06,SPY,75.96467590332031,104.72000122070312,107.62000274658203,100.63999938964844,107.1500015258789,610637500
2008-10-07,SPY,72.56249237060547,100.02999877929688,107.33000183105469,99.6500015258789,106.83999633789062,540012100
2008-10-08,SPY,70.73445129394531,97.51000213623047,102.18000030517578,96.80999755859375,97.5199966430664,725414800
2008-10-09,SPY,65.79441833496094,90.69999694824219,100.62000274658203,90.25,99.66000366210938,534485200
2008-10-10,SPY,64.19852447509766,88.5,93.94000244140625,83.58000183105469,86.76000213623047,871026300
2008-10-13,SPY,73.52001190185547,101.3499984741211,101.3499984741211,89.94999694824219,93.87000274658203,455584000
2008-10-14,SPY,72.4319076538086,99.8499984741211,105.52999877929688,97.11000061035156,104.69999694824219,546268300
2008-10-15,SPY,65.3011245727539,90.0199966430664,97.80000305175781,89.70999908447266,97.45999908447266,484627500
2008-10-16,SPY,68.02141571044922,93.7699966430664,94.7699966430664,86.54000091552734,91.29000091552734,708811200
2008-10-17,SPY,67.61516571044922,93.20999908447266,98.58999633789062,91.6500015258789,91.98999786376953,476649000
2008-10-20,SPY,71.67748260498047,98.80999755859375,99.0999984741211,94.08999633789062,95.3499984741211,321294200
2008-10-21,SPY,69.53754425048828,95.86000061035156,98.63999938964844,95.22000122070312,96.97000122070312,356502000
2008-10-22,SPY,65.75092315673828,90.63999938964844,95.86000061035156,87.52999877929688,93.19999694824219,516168000
2008-10-23,SPY,66.51258087158203,91.69000244140625,92.44999694824219,85.80999755859375,90.29000091552734,634666400
2008-10-24,SPY,63.139461517333984,87.04000091552734,89.91999816894531,84.0,84.05999755859375,545812600
2008-10-27,SPY,60.89794158935547,83.94999694824219,89.51000213623047,83.69999694824219,85.97000122070312,397288600
2008-10-28,SPY,68.01416778564453,93.76000213623047,94.23999786376953,84.52999877929688,87.33999633789062,639939500
2008-10-29,SPY,67.52091979980469,93.08000183105469,97.16999816894531,92.0999984741211,93.7699966430664,531270100
2008-10-30,SPY,69.85670471191406,96.30000305175781,96.54000091552734,92.9000015258789,95.77999877929688,414582100
2008-10-31,SPY,70.24116516113281,96.83000183105469,98.56999969482422,94.4800033569336,95.08000183105469,411394000
2008-11-03,SPY,70.44429779052734,97.11000061035156,97.69000244140625,95.94999694824219,96.77999877929688,205419400
2008-11-04,SPY,72.83815002441406,100.41000366210938,100.86000061035156,96.70999908447266,99.05999755859375,346793400
2008-11-05,SPY,69.77691650390625,96.19000244140625,100.70999908447266,95.0,99.19999694824219,387844100
2008-11-06,SPY,65.91048431396484,90.86000061035156,95.44000244140625,90.05999755859375,94.45999908447266,477721900
2008-11-07,SPY,68.08672332763672,93.86000061035156,94.0,90.5,91.6500015258789,380391000
2008-11-10,SPY,67.1944580078125,92.62999725341797,95.52999877929688,90.91999816894531,95.20999908447266,301773000
2008-11-11,SPY,65.11981201171875,89.7699966430664,92.13999938964844,88.6500015258789,90.76000213623047,418498200
2008-11-12,SPY,62.25444793701172,85.81999969482422,88.94999694824219,85.12000274658203,88.2300033569336,454330600
2008-11-13,SPY,66.13539123535156,91.16999816894531,91.7300033569336,82.08999633789062,86.12999725341797,753141900
2008-11-14,SPY,62.834781646728516,86.62000274658203,92.05999755859375,86.5199966430664,89.41000366210938,540352300
2008-11-17,SPY,62.00055694580078,85.47000122070312,88.55999755859375,85.16000366210938,86.37999725341797,415254900
2008-11-18,SPY,63.168453216552734,87.08000183105469,87.22000122070312,82.91000366210938,85.1500015258789,523811800
2008-11-19,SPY,59.120662689208984,81.5,86.87000274658203,80.91999816894531,85.91000366210938,558327600
2008-11-20,SPY,54.73197555541992,75.44999694824219,82.51000213623047,75.05000305175781,80.12999725341797,814180400
2008-11-21,SPY,57.68437576293945,79.5199966430664,80.9000015258789,74.33999633789062,77.45999908447266,718536500
2008-11-24,SPY,61.68137741088867,85.02999877929688,86.98999786376953,80.36000061035156,81.91999816894531,523305300
2008-11-25,SPY,62.13842010498047,85.66000366210938,87.51000213623047,83.81999969482422,87.30000305175781,454112400
2008-11-26,SPY,64.53947448730469,88.97000122070312,89.19000244140625,84.23999786376953,84.30000305175781,370134200
2008-11-28,SPY,65.35196685791016,90.08999633789062,90.12999725341797,88.4800033569336,88.62999725341797,118308100
2008-12-01,SPY,59.56318664550781,82.11000061035156,87.55000305175781,81.86000061035156,87.51000213623047,369927100
2008-12-02,SPY,61.855491638183594,85.2699966430664,85.48999786376953,82.04000091552734,83.47000122070312,469508400
2008-12-03,SPY,63.34257507324219,87.31999969482422,87.83000183105469,83.13999938964844,83.4000015258789,519863500
2008-12-04,SPY,61.877201080322266,85.30000305175781,88.05000305175781,83.73999786376953,86.05999755859375,444173800
2008-12-05,SPY,63.785057067871094,87.93000030517578,88.41999816894531,82.23999786376953,83.6500015258789,471905300
2008-12-08,SPY,66.0120620727539,91.0,92.37999725341797,88.08000183105469,90.33999633789062,412859300
2008-12-09,SPY,64.92394256591797,89.5,92.12999725341797,88.9800033569336,90.37000274658203,370790000
2008-12-10,SPY,65.36643981933594,90.11000061035156,91.36000061035156,89.0,90.31999969482422,396187400
2008-12-11,SPY,63.79230880737305,87.94000244140625,91.0,87.37000274658203,89.54000091552734,365061000
2008-12-12,SPY,64.55397033691406,88.98999786376953,89.06999969482422,85.19999694824219,85.55000305175781,415060400
2008-12-15,SPY,63.65447235107422,87.75,89.1500015258789,86.29000091552734,89.0199966430664,256694200
2008-12-16,SPY,66.65040588378906,91.87999725341797,92.0199966430664,88.18000030517578,91.87999725341797,377699500
2008-12-17,SPY,66.00479888916016,90.98999786376953,92.43000030517578,90.05999755859375,90.83999633789062,281819800
2008-12-18,SPY,64.7715835571289,89.29000091552734,91.66999816894531,88.20999908447266,91.4000015258789,374673300
2008-12-19,SPY,64.49301147460938,88.19000244140625,90.62000274658203,88.08999633789062,89.0999984741211,301451300
2008-12-22,SPY,63.666629791259766,87.05999755859375,88.66999816894531,85.48999786376953,88.58000183105469,243759500
2008-12-23,SPY,63.008460998535156,86.16000366210938,87.93000030517578,85.80000305175781,87.52999877929688,221625200
2008-12-24,SPY,63.37411117553711,86.66000366210938,86.87000274658203,86.0,86.44999694824219,62061600
2008-12-26,SPY,63.739776611328125,87.16000366210938,87.30000305175781,86.5,87.23999786376953,74767700
2008-12-29,SPY,63.556915283203125,86.91000366210938,87.33000183105469,85.5999984741211,87.23999786376953,127795900
2008-12-30,SPY,65.06336975097656,88.97000122070312,89.05000305175781,86.87999725341797,87.51000213623047,168256300
2008-12-31,SPY,65.99213409423828,90.23999786376953,90.97000122070312,88.87000274658203,89.08000183105469,193987200
2009-01-02,SPY,67.98124694824219,92.95999908447266,93.44000244140625,89.8499984741211,90.44000244140625,227566300
2009-01-05,SPY,67.90083312988281,92.8499984741211,93.66000366210938,91.88999938964844,92.62999725341797,240349700
2009-01-06,SPY,68.35423278808594,93.47000122070312,94.44999694824219,92.68000030517578,93.63999938964844,328260900
2009-01-07,SPY,66.30657196044922,90.66999816894531,92.26000213623047,90.19999694824219,92.0,280899200
2009-01-08,SPY,66.57716369628906,91.04000091552734,91.08999633789062,89.66999816894531,90.16000366210938,263834400
2009-01-09,SPY,65.1511459350586,89.08999633789062,91.31999969482422,85.36000061035156,91.16000366210938,330953600
2009-01-12,SPY,63.586181640625,86.94999694824219,88.91000366210938,86.41000366210938,88.83999633789062,277858500
2009-01-13,SPY,63.70317459106445,87.11000061035156,87.87999725341797,86.19999694824219,86.7300033569336,356432300
2009-01-14,SPY,61.6994743347168,84.37000274658203,85.75,83.16000366210938,85.54000091552734,435491600
2009-01-15,SPY,61.72136306762695,84.4000015258789,85.25,81.72000122070312,84.12000274658203,532647300
2009-01-16,SPY,62.20399856567383,85.05999755859375,85.98999786376953,83.05000305175781,85.86000061035156,399237200
2009-01-20,SPY,58.92051315307617,80.56999969482422,85.05999755859375,80.05000305175781,84.2300033569336,419855200
2009-01-21,SPY,61.46541976928711,84.05000305175781,84.23999786376953,80.47000122070312,81.94000244140625,364360700
2009-01-22,SPY,60.51472854614258,82.75,84.04000091552734,81.16999816894531,82.41999816894531,427940300
2009-01-23,SPY,60.77799987792969,83.11000061035156,83.98999786376953,80.56999969482422,80.9000015258789,386800600
2009-01-26,SPY,61.194854736328125,83.68000030517578,85.36000061035156,82.80999755859375,83.58999633789062,317978800
2009-01-27,SPY,61.816436767578125,84.52999877929688,85.1500015258789,83.30000305175781,84.12999725341797,273789700
2009-01-28,SPY,63.907936096191406,87.38999938964844,87.94999694824219,86.06999969482422,86.4000015258789,330007000
2009-01-29,SPY,61.831092834472656,84.55000305175781,87.48999786376953,84.47000122070312,86.11000061035156,294392500
2009-01-30,SPY,60.573238372802734,82.83000183105469,85.4000015258789,82.20999908447266,84.9800033569336,383383600
2009-02-02,SPY,60.39043045043945,82.58000183105469,83.18000030517578,81.30999755859375,81.56999969482422,288233300
2009-02-03,SPY,61.23870849609375,83.73999786376953,84.36000061035156,82.22000122070312,83.0999984741211,278385800
2009-02-04,SPY,60.93888473510742,83.33000183105469,85.37000274658203,83.04000091552734,84.30000305175781,322989300
2009-02-05,SPY,61.845703125,84.56999969482422,85.29000091552734,77.7300033569336,82.69999694824219,417679400
2009-02-06,SPY,63.60810470581055,86.9800033569336,87.33999633789062,84.68000030517578,84.86000061035156,366101700
2009-02-09,SPY,63.69587707519531,87.0999984741211,87.73999786376953,86.31999969482422,86.95999908447266,240075200
2009-02-10,SPY,60.77799987792969,83.11000061035156,87.02999877929688,82.44999694824219,86.2699966430664,536212800
2009-02-11,SPY,61.1363525390625,83.5999984741211,84.05000305175781,82.4000015258789,83.44999694824219,324442500
2009-02-12,SPY,61.18022918701172,83.66000366210938,83.81999969482422,81.05000305175781,82.16999816894531,469302200
2009-02-13,SPY,60.52204132080078,82.76000213623047,84.23999786376953,82.73999786376953,83.55000305175781,293998400
2009-02-17,SPY,57.93328094482422,79.22000122070312,82.95999908447266,79.16999816894531,80.16000366210938,478910100
2009-02-18,SPY,57.794315338134766,79.02999877929688,79.94000244140625,78.27999877929688,79.79000091552734,362964800
2009-02-19,SPY,57.17272186279297,78.18000030517578,80.1500015258789,78.0199966430664,79.83999633789062,316867500
2009-02-20,SPY,56.616920471191406,77.41999816894531,78.33999633789062,75.7699966430664,76.7300033569336,477176600
2009-02-23,SPY,54.59124755859375,74.6500015258789,78.2699966430664,74.58999633789062,78.2699966430664,379641400
2009-02-24,SPY,56.66080093383789,77.4800033569336,77.94999694824219,74.69999694824219,75.29000091552734,426260900
2009-02-25,SPY,56.2147331237793,76.87000274658203,78.41999816894531,75.62999725341797,77.13999938964844,461985800
2009-02-26,SPY,55.30058288574219,75.62000274658203,79.66999816894531,75.52999877929688,77.81999969482422,363353900
2009-02-27,SPY,54.0647087097168,73.93000030517578,75.69000244140625,73.80999755859375,74.01000213623047,470510900
2009-03-02,SPY,51.629493713378906,70.5999984741211,73.91999816894531,70.37000274658203,72.5199966430664,426452600
2009-03-03,SPY,51.241912841796875,70.06999969482422,71.69999694824219,69.63999938964844,71.61000061035156,443761000
2009-03-04,SPY,52.455848693847656,71.7300033569336,72.87000274658203,70.06999969482422,71.2300033569336,462753100
2009-03-05,SPY,50.31315231323242,68.80000305175781,71.7300033569336,68.16999816894531,70.0999984741211,485549400
2009-03-06,SPY,50.40090560913086,68.91999816894531,70.44999694824219,67.0999984741211,69.4000015258789,490470000
2009-03-09,SPY,49.808570861816406,68.11000061035156,70.0,67.7300033569336,67.94999694824219,379905300
2009-03-10,SPY,52.77762985229492,72.16999816894531,72.37000274658203,69.37000274658203,69.51000213623047,406227900
2009-03-11,SPY,53.121315002441406,72.63999938964844,73.75,71.83000183105469,73.0,356648300
2009-03-12,SPY,55.21284484863281,75.5,75.75,71.97000122070312,72.62000274658203,409702700
2009-03-13,SPY,55.644287109375,76.08999633789062,76.9800033569336,74.7300033569336,76.01000213623047,337474700
2009-03-16,SPY,55.47608184814453,75.86000061035156,77.97000122070312,75.80999755859375,76.95999908447266,360644900
2009-03-17,SPY,57.17272186279297,78.18000030517578,78.36000061035156,75.44999694824219,76.06999969482422,356814300
2009-03-18,SPY,58.45247268676758,79.93000030517578,80.9000015258789,77.06999969482422,77.80999755859375,473273200
2009-03-19,SPY,57.728492736816406,78.94000244140625,81.0,78.69000244140625,80.93000030517578,428520400
2009-03-20,SPY,56.49921798706055,76.70999908447266,78.91000366210938,76.52999877929688,78.76000213623047,371078200
2009-03-23,SPY,60.5575065612793,82.22000122070312,82.29000091552734,78.30999755859375,78.73999786376953,419933300
2009-03-24,SPY,59.36432647705078,80.5999984741211,82.36000061035156,80.51000213623047,81.23999786376953,330271000
2009-03-25,SPY,59.99039840698242,81.44999694824219,82.69999694824219,79.05999755859375,81.2300033569336,441775100
2009-03-26,SPY,61.21302032470703,83.11000061035156,83.30000305175781,81.31999969482422,82.25,422025200
2009-03-27,SPY,60.108245849609375,81.61000061035156,82.52999877929688,81.30999755859375,82.05000305175781,322332300
2009-03-30,SPY,58.03120803833008,78.79000091552734,79.87000274658203,77.95999908447266,79.80000305175781,324108500
2009-03-31,SPY,58.56888198852539,79.5199966430664,81.08000183105469,79.05000305175781,79.55999755859375,364238300
2009-04-01,SPY,59.70311737060547,81.05999755859375,81.41999816894531,78.33000183105469,78.52999877929688,377018300
2009-04-02,SPY,61.44871520996094,83.43000030517578,84.61000061035156,81.12999725341797,83.08000183105469,476230700
2009-04-03,SPY,62.0600471496582,84.26000213623047,84.27999877929688,82.66999816894531,83.48999786376953,284646300
2009-04-06,SPY,61.57392883300781,83.5999984741211,84.27999877929688,82.29000091552734,83.33999633789062,264866600
2009-04-07,SPY,60.13771438598633,81.6500015258789,82.6500015258789,81.51000213623047,82.25,258947800
2009-04-08,SPY,60.78583526611328,82.52999877929688,82.94000244140625,81.54000091552734,82.05999755859375,230402800
2009-04-09,SPY,63.201637268066406,85.80999755859375,85.81999969482422,84.33000183105469,84.66999816894531,269653500
2009-04-13,SPY,63.216392517089844,85.83000183105469,86.54000091552734,84.58000183105469,84.91999816894531,224847500
2009-04-14,SPY,62.126312255859375,84.3499984741211,85.76000213623047,84.08000183105469,85.02999877929688,276598800
2009-04-15,SPY,62.78919982910156,85.25,85.41999816894531,83.61000061035156,83.83999633789062,250726100
2009-04-16,SPY,63.70988464355469,86.5,87.1500015258789,84.7699966430664,85.93000030517578,335202900
2009-04-17,SPY,64.13706970214844,87.08000183105469,87.6500015258789,86.13999938964844,86.83000183105469,262649000
2009-04-20,SPY,61.44871520996094,83.43000030517578,87.05000305175781,83.33999633789062,85.54000091552734,293690100
2009-04-21,SPY,62.64925003051758,85.05999755859375,85.12999725341797,82.75,82.81999969482422,114090900
2009-04-22,SPY,62.26625061035156,84.54000091552734,86.33999633789062,84.06999969482422,84.29000091552734,340395200
2009-04-23,SPY,62.87759017944336,85.37000274658203,85.41999816894531,83.62999725341797,84.70999908447266,324903700
2009-04-24,SPY,63.82769775390625,86.66000366210938,87.30999755859375,85.69000244140625,86.02999877929688,287703000
2009-04-27,SPY,63.2237434387207,85.83999633789062,87.01000213623047,85.54000091552734,85.68000030517578,289581600
2009-04-28,SPY,63.024879455566406,85.56999969482422,86.58999633789062,84.76000213623047,84.97000122070312,247926300
2009-04-29,SPY,64.3653564453125,87.38999938964844,88.36000061035156,86.30000305175781,86.5199966430664,311505700
2009-04-30,SPY,64.387451171875,87.41999816894531,89.0199966430664,86.91999816894531,88.55000305175781,301419800
2009-05-01,SPY,64.73365783691406,87.88999938964844,88.20999908447266,86.72000122070312,87.44000244140625,236110300
2009-05-04,SPY,66.93584442138672,90.87999725341797,90.94000244140625,88.37999725341797,88.55000305175781,287120000
2009-05-05,SPY,66.70753479003906,90.56999969482422,90.93000030517578,89.83999633789062,90.56999969482422,243036300
2009-05-06,SPY,67.8638916015625,92.13999938964844,92.19999694824219,90.61000061035156,91.68000030517578,291941000
2009-05-07,SPY,66.92111206054688,90.86000061035156,93.1500015258789,90.27999877929688,93.01000213623047,317728000
2009-05-08,SPY,68.48258972167969,92.9800033569336,93.22000122070312,91.44000244140625,92.02999877929688,299081700
2009-05-11,SPY,67.20098876953125,91.23999786376953,92.11000061035156,91.04000091552734,91.69999694824219,247923600
2009-05-12,SPY,67.00212860107422,90.97000122070312,91.83000183105469,89.8499984741211,91.62999725341797,282431300
2009-05-13,SPY,65.31549072265625,88.68000030517578,90.01000213623047,88.5,89.73999786376953,269619100
2009-05-14,SPY,65.87523651123047,89.44000244140625,90.12000274658203,88.5,88.72000122070312,260098700
2009-05-15,SPY,65.33757019042969,88.70999908447266,90.0,88.1500015258789,89.37000274658203,271502700
2009-05-18,SPY,67.19367980957031,91.2300033569336,91.33999633789062,88.56999969482422,89.55000305175781,241447400
2009-05-19,SPY,67.11260986328125,91.12000274658203,91.97000122070312,90.80999755859375,91.18000030517578,206102200
2009-05-20,SPY,66.66334533691406,90.51000213623047,92.80000305175781,90.41000366210938,91.94999694824219,285722200
2009-05-21,SPY,65.705810546875,89.20999908447266,89.80000305175781,88.26000213623047,89.45999908447266,258988400
2009-05-22,SPY,65.56592559814453,89.0199966430664,90.0,88.68000030517578,89.45999908447266,166811900
2009-05-26,SPY,67.24520874023438,91.30000305175781,91.55999755859375,88.31999969482422,88.36000061035156,236318500
2009-05-27,SPY,66.04463195800781,89.66999816894531,91.75,89.52999877929688,91.44000244140625,246015800
2009-05-28,SPY,66.96531677246094,90.91999816894531,91.33999633789062,89.0999984741211,90.45999908447266,289095000
2009-05-29,SPY,68.15113067626953,92.52999877929688,93.69999694824219,90.68000030517578,91.41999816894531,258641500
2009-06-01,SPY,69.80094909667969,94.7699966430664,95.16999816894531,93.43000030517578,93.66999816894531,276246800
2009-06-02,SPY,69.85989379882812,94.8499984741211,95.37000274658203,94.2300033569336,94.4000015258789,230874500
2009-06-03,SPY,68.9760513305664,93.6500015258789,94.12999725341797,92.76000213623047,94.04000091552734,235310500
2009-06-04,SPY,69.62421417236328,94.52999877929688,94.66999816894531,93.30000305175781,94.0,210102300
2009-06-05,SPY,69.63890838623047,94.55000305175781,95.66999816894531,93.80000305175781,95.48999786376953,284257900
2009-06-08,SPY,69.35167694091797,94.16000366210938,95.0999984741211,93.04000091552734,93.83999633789062,238565100
2009-06-09,SPY,69.70521545410156,94.63999938964844,95.13999938964844,94.0199966430664,94.69000244140625,225125500
2009-06-10,SPY,69.52842712402344,94.4000015258789,95.48999786376953,93.19000244140625,95.4800033569336,296100400
2009-06-11,SPY,69.83778381347656,94.81999969482422,96.11000061035156,94.55999755859375,94.58000183105469,275414200
2009-06-12,SPY,70.02928161621094,95.08000183105469,95.13999938964844,94.0,94.4000015258789,184361800
2009-06-15,SPY,68.42363739013672,92.9000015258789,94.0199966430664,92.4000015258789,93.95999908447266,224190500
2009-06-16,SPY,67.49561309814453,91.63999938964844,93.29000091552734,91.58000183105469,93.2300033569336,227319000
2009-06-17,SPY,67.42932891845703,91.55000305175781,92.33000183105469,90.83000183105469,91.5999984741211,223445200
2009-06-18,SPY,67.92281341552734,92.22000122070312,92.66999816894531,91.25,91.69000244140625,211725100
2009-06-19,SPY,68.17314147949219,92.04000091552734,92.69999694824219,91.5199966430664,92.58000183105469,215655600
2009-06-22,SPY,66.12886047363281,89.27999877929688,91.19000244140625,89.25,91.13999938964844,251913600
2009-06-23,SPY,66.18071746826172,89.3499984741211,89.87999725341797,88.8499984741211,89.47000122070312,188309800
2009-06-24,SPY,66.75102233886719,90.12000274658203,91.08000183105469,89.5999984741211,90.16000366210938,211577700
2009-06-25,SPY,68.20279693603516,92.08000183105469,92.16999816894531,89.56999969482422,89.66999816894531,279411000
2009-06-26,SPY,68.0250015258789,91.83999633789062,92.23999786376953,91.2699966430664,91.7699966430664,167579000
2009-06-29,SPY,68.66200256347656,92.69999694824219,92.81999969482422,91.5999984741211,92.11000061035156,168481300
2009-06-30,SPY,68.10651397705078,91.94999694824219,93.05999755859375,91.2699966430664,92.72000122070312,228888200
2009-07-01,SPY,68.38795471191406,92.33000183105469,93.2300033569336,92.20999908447266,92.33999633789062,173041100
2009-07-02,SPY,66.52142333984375,89.80999755859375,92.36000061035156,89.76000213623047,91.12999725341797,212309900
2009-07-06,SPY,66.51402282714844,89.80000305175781,89.93000030517578,88.66000366210938,88.94000244140625,174499600
2009-07-07,SPY,65.22521209716797,88.05999755859375,89.81999969482422,88.0,89.70999908447266,197088900
2009-07-08,SPY,65.1807861328125,88.0,88.80000305175781,87.0,88.58999633789062,248050500
2009-07-09,SPY,65.30667877197266,88.16999816894531,88.9000015258789,87.91000366210938,88.61000061035156,163777600
2009-07-10,SPY,65.15117645263672,87.95999908447266,88.48999786376953,87.3499984741211,87.69999694824219,173520300
2009-07-13,SPY,66.73623657226562,90.0999984741211,90.16999816894531,87.58999633789062,88.30999755859375,217413500
2009-07-14,SPY,67.11397552490234,90.61000061035156,90.69000244140625,89.7300033569336,90.37999725341797,181487400
2009-07-15,SPY,69.07683563232422,93.26000213623047,93.51000213623047,90.68000030517578,91.80999755859375,220877900
2009-07-16,SPY,68.96572875976562,93.11000061035156,94.51000213623047,92.81999969482422,93.0,231174500
2009-07-17,SPY,69.7212142944336,94.12999725341797,94.31999969482422,93.54000091552734,94.05999755859375,138561700
2009-07-20,SPY,70.4619140625,95.12999725341797,95.29000091552734,94.19000244140625,94.68000030517578,164179400
2009-07-21,SPY,70.7878189086914,95.56999969482422,95.9000015258789,94.41999816894531,95.87000274658203,217718300
2009-07-22,SPY,70.77301788330078,95.55000305175781,96.12999725341797,94.88999938964844,94.95999908447266,196068100
2009-07-23,SPY,72.3358383178711,97.66000366210938,98.08000183105469,95.52999877929688,95.61000061035156,258795500
2009-07-24,SPY,72.63211059570312,98.05999755859375,98.13999938964844,96.69000244140625,97.19999694824219,154003100
2009-07-27,SPY,72.846923828125,98.3499984741211,98.4000015258789,97.33999633789062,97.87999725341797,159259400
2009-07-28,SPY,72.5062026977539,97.88999938964844,98.37000274658203,97.05999755859375,97.66000366210938,186685200
2009-07-29,SPY,72.3284683227539,97.6500015258789,98.08999633789062,96.9800033569336,97.44000244140625,194399300
2009-07-30,SPY,73.08393096923828,98.66999816894531,99.83000183105469,98.5999984741211,98.83000183105469,225575400
2009-07-31,SPY,73.18767547607422,98.80999755859375,99.47000122070312,98.37999725341797,98.6500015258789,207358000
2009-08-03,SPY,74.39498901367188,100.44000244140625,100.52999877929688,99.30999755859375,99.8499984741211,175776900
2009-08-04,SPY,74.58753967285156,100.69999694824219,100.83999633789062,99.77999877929688,99.98999786376953,176714600
2009-08-05,SPY,74.37274169921875,100.41000366210938,100.86000061035156,99.58000183105469,100.7699966430664,184726400
2009-08-06,SPY,73.98757934570312,99.88999938964844,101.0199966430664,99.41999816894531,100.87000274658203,193203800
2009-08-07,SPY,74.9578857421875,101.19999694824219,102.02999877929688,100.38999938964844,100.94000244140625,220640900
2009-08-10,SPY,74.80235290527344,100.98999786376953,101.22000122070312,100.2699966430664,100.73999786376953,130898700
2009-08-11,SPY,73.86907196044922,99.7300033569336,100.61000061035156,99.45999908447266,100.54000091552734,157301000
2009-08-12,SPY,74.66162872314453,100.80000305175781,101.55999755859375,99.51000213623047,99.55999755859375,219052400
2009-08-13,SPY,75.23193359375,101.56999969482422,101.61000061035156,100.26000213623047,101.26000213623047,176449500
2009-08-14,SPY,74.6541976928711,100.79000091552734,101.5999984741211,99.69999694824219,101.5199966430664,199616100
2009-08-17,SPY,72.81729125976562,98.30999755859375,98.94999694824219,98.11000061035156,98.8499984741211,237667500
2009-08-18,SPY,73.39502716064453,99.08999633789062,99.44000244140625,98.3499984741211,98.52999877929688,173461500
2009-08-19,SPY,74.0394058227539,99.95999908447266,100.30000305175781,98.20999908447266,98.30999755859375,192812800
2009-08-20,SPY,74.80235290527344,100.98999786376953,101.22000122070312,99.87000274658203,100.08999633789062,174131300
2009-08-21,SPY,76.26890563964844,102.97000122070312,103.12999725341797,101.62000274658203,101.81999969482422,224605000
2009-08-24,SPY,76.26151275634766,102.95999908447266,103.94999694824219,102.58999633789062,103.38999938964844,191279000
2009-08-25,SPY,76.40962219238281,103.16000366210938,104.26000213623047,102.94000244140625,103.37000274658203,215310600
2009-08-26,SPY,76.41703796386719,103.16999816894531,103.63999938964844,102.48999786376953,102.83999633789062,194620700
2009-08-27,SPY,76.58740997314453,103.4000015258789,103.72000122070312,101.94000244140625,103.11000061035156,196230100
2009-08-28,SPY,76.57258605957031,103.37999725341797,104.3499984741211,102.66999816894531,104.2300033569336,147024400
2009-08-31,SPY,75.89114379882812,102.45999908447266,102.58000183105469,101.79000091552734,102.37000274658203,176051600
2009-09-01,SPY,74.21717071533203,100.19999694824219,103.23999786376953,99.98999786376953,101.94999694824219,321276800
2009-09-02,SPY,73.93575286865234,99.81999969482422,100.44000244140625,99.56999969482422,99.77999877929688,171805000
2009-09-03,SPY,74.55049896240234,100.6500015258789,100.7699966430664,99.58999633789062,100.4000015258789,143572300
2009-09-04,SPY,75.5948715209961,102.05999755859375,102.08999633789062,100.55000305175781,100.8499984741211,142687900
2009-09-08,SPY,76.24667358398438,102.94000244140625,103.05000305175781,102.38999938964844,103.0,132909100
2009-09-09,SPY,76.83187103271484,103.7300033569336,104.08000183105469,102.80000305175781,103.12000274658203,154612500
2009-09-10,SPY,77.61698913574219,104.79000091552734,104.86000061035156,103.22000122070312,103.80000305175781,162902400
2009-09-11,SPY,77.60215759277344,104.7699966430664,105.30000305175781,104.27999877929688,104.98999786376953,152360100
2009-09-14,SPY,77.97991180419922,105.27999877929688,105.45999908447266,103.1500015258789,103.87999725341797,149593800
2009-09-15,SPY,78.30580139160156,105.72000122070312,106.11000061035156,104.76000213623047,105.44999694824219,196795900
2009-09-16,SPY,79.49092864990234,107.31999969482422,107.33999633789062,105.7300033569336,106.0999984741211,206406300
2009-09-17,SPY,79.37237548828125,107.16000366210938,108.05999755859375,106.56999969482422,107.16999816894531,229170900
2009-09-18,SPY,79.42300415039062,106.72000122070312,107.16000366210938,106.36000061035156,107.1500015258789,153799100
2009-09-21,SPY,79.2220687866211,106.44999694824219,107.0,105.66000366210938,105.88999938964844,151892000
2009-09-22,SPY,79.68345642089844,107.06999969482422,107.37000274658203,106.5999984741211,107.08000183105469,143126700
2009-09-23,SPY,79.02113342285156,106.18000030517578,108.02999877929688,105.98999786376953,107.31999969482422,225947400
2009-09-24,SPY,78.1504135131836,105.01000213623047,106.63999938964844,104.55000305175781,106.41000366210938,228636800
2009-09-25,SPY,77.73362731933594,104.44999694824219,105.36000061035156,104.08999633789062,104.77999877929688,204059000
2009-09-28,SPY,79.12533569335938,106.31999969482422,106.55000305175781,104.83000183105469,104.8499984741211,118285800
2009-09-29,SPY,78.88716888427734,106.0,107.0199966430664,105.77999877929688,106.51000213623047,133733900
2009-09-30,SPY,78.58206939697266,105.58999633789062,106.45999908447266,104.62000274658203,106.36000061035156,254383000
2009-10-01,SPY,76.63218688964844,102.97000122070312,105.7300033569336,102.94999694824219,103.0,281840600
2009-10-02,SPY,76.27497100830078,102.48999786376953,103.0999984741211,101.98999786376953,102.0199966430664,224748800
2009-10-05,SPY,77.41361999511719,104.0199966430664,104.31999969482422,102.5999984741211,102.9000015258789,149875000
2009-10-06,SPY,78.52252960205078,105.51000213623047,106.11000061035156,104.70999908447266,104.7699966430664,202491100
2009-10-07,SPY,78.73834991455078,105.80000305175781,105.91000366210938,105.06999969482422,105.2699966430664,159200300
2009-10-08,SPY,79.34114074707031,106.61000061035156,107.16999816894531,105.8499984741211,106.55000305175781,183305800
2009-10-09,SPY,79.82489013671875,107.26000213623047,107.26000213623047,106.36000061035156,106.63999938964844,135008300
2009-10-12,SPY,80.13748931884766,107.68000030517578,108.08999633789062,107.27999877929688,107.76000213623047,118031000
2009-10-13,SPY,79.97371673583984,107.45999908447266,107.70999908447266,106.76000213623047,107.38999938964844,157692700
2009-10-14,SPY,81.35054016113281,109.30999755859375,109.41999816894531,107.41999816894531,108.72000122070312,191421600
2009-10-15,SPY,81.64822387695312,109.70999908447266,109.70999908447266,108.7300033569336,108.77999877929688,173873600
2009-10-16,SPY,81.03797149658203,108.88999938964844,109.2699966430664,108.2300033569336,108.80000305175781,192069400
2009-10-19,SPY,81.70777893066406,109.79000091552734,110.12999725341797,108.7300033569336,109.06999969482422,159530400
2009-10-20,SPY,81.2761459350586,109.20999908447266,109.98999786376953,108.68000030517578,109.94999694824219,180921100
2009-10-21,SPY,80.54679870605469,108.2300033569336,110.30999755859375,108.1500015258789,109.04000091552734,225379300
2009-10-22,SPY,81.36540985107422,109.33000183105469,109.68000030517578,107.5,108.19000244140625,238444000
2009-10-23,SPY,80.43515014648438,108.08000183105469,109.76000213623047,107.62999725341797,109.69000244140625,240033200
2009-10-26,SPY,79.56444549560547,106.91000366210938,109.30999755859375,106.61000061035156,108.19999694824219,242028200
2009-10-27,SPY,79.19973754882812,106.41999816894531,107.38999938964844,106.16000366210938,107.02999877929688,253266300
2009-10-28,SPY,77.70387268066406,104.41000366210938,106.4800033569336,104.3499984741211,106.1500015258789,248821400
2009-10-29,SPY,79.37093353271484,106.6500015258789,106.86000061035156,104.94000244140625,105.19000244140625,198110600
2009-10-30,SPY,77.0712890625,103.55999755859375,106.62000274658203,103.44000244140625,106.30000305175781,325608100
2009-11-02,SPY,77.63688659667969,104.31999969482422,105.41000366210938,103.08000183105469,104.12999725341797,254222900
2009-11-03,SPY,77.8824691772461,104.6500015258789,104.80000305175781,103.54000091552734,103.73999786376953,228362600
2009-11-04,SPY,78.08344268798828,104.91999816894531,106.33000183105469,104.6500015258789,105.51000213623047,247996700
2009-11-05,SPY,79.51973724365234,106.8499984741211,106.87999725341797,105.44000244140625,105.66000366210938,180015300
2009-11-06,SPY,79.72816467285156,107.12999725341797,107.4000015258789,106.05000305175781,106.26000213623047,170954100
2009-11-09,SPY,81.54401397705078,109.56999969482422,109.62999725341797,107.87000274658203,107.94999694824219,159495700
2009-11-10,SPY,81.55892181396484,109.58999633789062,109.93000030517578,108.97000122070312,109.30999755859375,171899800
2009-11-11,SPY,81.97571563720703,110.1500015258789,110.81999969482422,109.62000274658203,110.30999755859375,169466200
2009-11-12,SPY,81.14215087890625,109.02999877929688,110.56999969482422,108.75,110.0,157144500
2009-11-13,SPY,81.58126831054688,109.62000274658203,110.08999633789062,108.75,109.30999755859375,150963000
2009-11-16,SPY,82.76455688476562,111.20999908447266,111.69000244140625,110.31999969482422,110.37999725341797,210922200
2009-11-17,SPY,82.8613052368164,111.33999633789062,111.38999938964844,110.5,110.91999816894531,147134100
2009-11-18,SPY,82.8092041015625,111.2699966430664,111.43000030517578,110.56999969482422,111.26000213623047,156486800
2009-11-19,SPY,81.7301025390625,109.81999969482422,111.30999755859375,109.12999725341797,110.51000213623047,208734600
2009-11-20,SPY,81.43984985351562,109.43000030517578,109.76000213623047,109.01000213623047,109.25,134196000
2009-11-23,SPY,82.47430419921875,110.81999969482422,111.73999786376953,110.5999984741211,110.72000122070312,148010200
2009-11-24,SPY,82.60084533691406,110.98999786376953,111.19999694824219,110.01000213623047,111.0,138420100
2009-11-25,SPY,82.89106750488281,111.37999725341797,111.5,110.81999969482422,111.16999816894531,109564800
2009-11-27,SPY,81.54401397705078,109.56999969482422,110.31999969482422,108.29000091552734,108.4000015258789,126001800
2009-11-30,SPY,81.81936645507812,109.94000244140625,110.19999694824219,108.12000274658203,109.4800033569336,160874800
2009-12-01,SPY,82.83153533935547,111.30000305175781,111.66000366210938,110.7300033569336,110.91999816894531,159613700
2009-12-02,SPY,82.7943344116211,111.25,112.01000213623047,110.91999816894531,111.27999877929688,132315100
2009-12-03,SPY,82.1468505859375,110.37999725341797,112.18000030517578,110.29000091552734,111.55000305175781,167324900
2009-12-04,SPY,82.61573791503906,111.01000213623047,112.37999725341797,110.04000091552734,111.83999633789062,274907800
2009-12-07,SPY,82.48918151855469,110.83999633789062,111.52999877929688,110.48999786376953,110.91000366210938,127973800
2009-12-08,SPY,81.57380676269531,109.61000061035156,110.7699966430664,109.2699966430664,110.04000091552734,169863700
2009-12-09,SPY,81.87893676757812,110.0199966430664,110.18000030517578,109.0199966430664,109.58000183105469,155063400
2009-12-10,SPY,82.34037017822266,110.63999938964844,111.12000274658203,110.44999694824219,110.69999694824219,138014600
2009-12-11,SPY,82.69015502929688,111.11000061035156,111.36000061035156,110.61000061035156,111.11000061035156,124854000
2009-12-14,SPY,83.25574493408203,111.87000274658203,112.0,111.12999725341797,111.87000274658203,107141500
2009-12-15,SPY,82.8687515258789,111.3499984741211,111.91999816894531,111.0,111.45999908447266,120408800
2009-12-16,SPY,82.99524688720703,111.5199966430664,112.12999725341797,111.2699966430664,111.80000305175781,155358200
2009-12-17,SPY,81.998046875,110.18000030517578,110.93000030517578,110.08000183105469,110.72000122070312,183390100
2009-12-18,SPY,82.46190643310547,110.20999908447266,110.30000305175781,109.27999877929688,110.19999694824219,174591200
2009-12-21,SPY,83.29993438720703,111.33000183105469,111.69999694824219,110.76000213623047,110.76000213623047,118039600
2009-12-22,SPY,83.59920501708984,111.7300033569336,111.97000122070312,111.43000030517578,111.56999969482422,91707500
2009-12-23,SPY,83.76382446289062,111.94999694824219,112.11000061035156,111.5,112.0,111783100
2009-12-24,SPY,84.16039276123047,112.4800033569336,112.5999984741211,112.0,112.19000244140625,39677500
2009-12-28,SPY,84.33995819091797,112.72000122070312,112.98999786376953,112.31999969482422,112.9000015258789,87508500
2009-12-29,SPY,84.22023010253906,112.55999755859375,113.02999877929688,112.55000305175781,113.01000213623047,80572500
2009-12-30,SPY,84.1902847290039,112.5199966430664,112.6500015258789,112.16999816894531,112.2300033569336,73138400
2009-12-31,SPY,83.3822250366211,111.44000244140625,112.80000305175781,111.38999938964844,112.7699966430664,90637900
2010-01-04,SPY,84.7963638305664,113.33000183105469,113.38999938964844,111.51000213623047,112.37000274658203,118944600
2010-01-05,SPY,85.02085876464844,113.62999725341797,113.68000030517578,112.8499984741211,113.26000213623047,111579900
2010-01-06,SPY,85.0806884765625,113.70999908447266,113.98999786376953,113.43000030517578,113.5199966430664,116074400
2010-01-07,SPY,85.43984985351562,114.19000244140625,114.33000183105469,113.18000030517578,113.5,131091100
2010-01-08,SPY,85.72418212890625,114.56999969482422,114.62000274658203,113.66000366210938,113.88999938964844,126402800
2010-01-11,SPY,85.8438949584961,114.7300033569336,115.12999725341797,114.23999786376953,115.08000183105469,106375700
2010-01-12,SPY,85.04328918457031,113.66000366210938,114.20999908447266,113.22000122070312,113.97000122070312,163333500
2010-01-13,SPY,85.76158142089844,114.62000274658203,114.94000244140625,113.37000274658203,113.94999694824219,161822000
2010-01-14,SPY,85.99354553222656,114.93000030517578,115.13999938964844,114.41999816894531,114.48999786376953,115718800
2010-01-15,SPY,85.02832794189453,113.63999938964844,114.83999633789062,113.19999694824219,114.7300033569336,212283100
2010-01-19,SPY,86.0907974243164,115.05999755859375,115.12999725341797,113.58999633789062,113.62000274658203,139172700
2010-01-20,SPY,85.21537017822266,113.88999938964844,114.44999694824219,112.9800033569336,114.27999877929688,216490200
2010-01-21,SPY,83.5767822265625,111.69999694824219,114.2699966430664,111.55999755859375,113.91999816894531,344859600
2010-01-22,SPY,81.71370697021484,109.20999908447266,111.73999786376953,109.08999633789062,111.19999694824219,345942400
2010-01-25,SPY,82.1326675415039,109.7699966430664,110.41000366210938,109.41000366210938,110.20999908447266,186937500
2010-01-26,SPY,81.78849792480469,109.30999755859375,110.47000122070312,109.04000091552734,109.33999633789062,211168800
2010-01-27,SPY,82.17762756347656,109.83000183105469,110.08000183105469,108.33000183105469,109.16999816894531,271863600
2010-01-28,SPY,81.23481750488281,108.56999969482422,110.25,107.91000366210938,110.19000244140625,316104000
2010-01-29,SPY,80.35191345214844,107.38999938964844,109.80000305175781,107.22000122070312,109.04000091552734,310677600
2010-02-01,SPY,81.6014633178711,109.05999755859375,109.06999969482422,107.5,108.1500015258789,187865000
2010-02-02,SPY,82.589111328125,110.37999725341797,110.58999633789062,108.87999725341797,109.26000213623047,216327900
2010-02-03,SPY,82.17762756347656,109.83000183105469,110.4800033569336,109.51000213623047,109.87999725341797,172730700
2010-02-04,SPY,79.64112854003906,106.44000244140625,109.02999877929688,106.41999816894531,108.9800033569336,356715700
2010-02-05,SPY,79.80570220947266,106.66000366210938,106.87999725341797,104.58000183105469,106.55999755859375,493585800
2010-02-08,SPY,79.22958374023438,105.88999938964844,107.33000183105469,105.80999755859375,106.73999786376953,224166900
2010-02-09,SPY,80.2247314453125,107.22000122070312,108.1500015258789,106.2699966430664,107.12999725341797,337820500
2010-02-10,SPY,80.06758880615234,107.01000213623047,107.5999984741211,106.11000061035156,107.05000305175781,240511500
2010-02-11,SPY,80.90558624267578,108.12999725341797,108.25,106.25,106.87000274658203,223591600
2010-02-12,SPY,80.8382568359375,108.04000091552734,108.0999984741211,106.51000213623047,106.98999786376953,304622100
2010-02-16,SPY,82.11023712158203,109.73999786376953,109.8499984741211,107.81999969482422,108.86000061035156,159317500
2010-02-17,SPY,82.49930572509766,110.26000213623047,110.41000366210938,109.73999786376953,110.2699966430664,168845100
2010-02-18,SPY,82.98568725585938,110.91000366210938,111.13999938964844,110.04000091552734,110.08000183105469,193708600
2010-02-19,SPY,83.15778350830078,111.13999938964844,111.56999969482422,110.36000061035156,110.62000274658203,222684900
2010-02-22,SPY,83.17272186279297,111.16000366210938,111.58000183105469,110.83000183105469,111.55000305175781,132346900
2010-02-23,SPY,82.1626205444336,109.80999755859375,111.19999694824219,109.5199966430664,110.86000061035156,207497000
2010-02-24,SPY,82.91831970214844,110.81999969482422,111.0,109.86000061035156,110.13999938964844,176350700
2010-02-25,SPY,82.80608367919922,110.66999816894531,110.75,108.94000244140625,109.23999786376953,259634700
2010-02-26,SPY,82.85847473144531,110.73999786376953,111.12000274658203,110.11000061035156,110.7699966430664,173589300
2010-03-01,SPY,83.71894836425781,111.88999938964844,112.0,111.16999816894531,111.19999694824219,147709700
2010-03-02,SPY,83.95089721679688,112.19999694824219,112.73999786376953,112.0,112.37000274658203,160992400
2010-03-03,SPY,84.02571105957031,112.30000305175781,112.97000122070312,112.0199966430664,112.48999786376953,150785000
2010-03-04,SPY,84.28010559082031,112.63999938964844,112.80000305175781,112.02999877929688,112.44999694824219,135770400
2010-03-05,SPY,85.48473358154297,114.25,114.33999633789062,113.0999984741211,113.37000274658203,176118800
2010-03-08,SPY,85.49970245361328,114.2699966430664,114.5199966430664,114.06999969482422,114.26000213623047,114631200
2010-03-09,SPY,85.64185333251953,114.45999908447266,114.98999786376953,113.87000274658203,113.93000030517578,154556700
2010-03-10,SPY,86.02344512939453,114.97000122070312,115.27999877929688,114.41000366210938,114.51000213623047,186088800
2010-03-11,SPY,86.38262939453125,115.44999694824219,115.4800033569336,114.3499984741211,114.69999694824219,160791100
2010-03-12,SPY,86.39008331298828,115.45999908447266,115.97000122070312,115.13999938964844,115.94999694824219,162074800
2010-03-15,SPY,86.41255187988281,115.48999786376953,115.56999969482422,114.5999984741211,115.26000213623047,146816800
2010-03-16,SPY,87.10088348388672,116.41000366210938,116.5199966430664,115.48999786376953,115.80999755859375,168673000
2010-03-17,SPY,87.6171875,117.0999984741211,117.4800033569336,116.41999816894531,116.76000213623047,177468100
2010-03-18,SPY,87.57230377197266,117.04000091552734,117.2699966430664,116.56999969482422,117.11000061035156,196509100
2010-03-19,SPY,87.12902069091797,115.97000122070312,117.29000091552734,115.5199966430664,115.97000122070312,226641100
2010-03-22,SPY,87.59481811523438,116.58999633789062,116.80000305175781,115.23999786376953,115.30999755859375,184477800
2010-03-23,SPY,88.2109146118164,117.41000366210938,117.51000213623047,116.37999725341797,116.76000213623047,182941600
2010-03-24,SPY,87.78263092041016,116.83999633789062,117.43000030517578,115.58000183105469,116.97000122070312,196072600
2010-03-25,SPY,87.63988494873047,116.6500015258789,118.16999816894531,116.51000213623047,117.62999725341797,223396300
2010-03-26,SPY,87.58731079101562,116.58000183105469,117.41999816894531,116.12000274658203,116.87000274658203,205808500
2010-03-29,SPY,88.14330291748047,117.31999969482422,117.52999877929688,116.69000244140625,117.16999816894531,134513500
2010-03-30,SPY,88.20340728759766,117.4000015258789,117.83000183105469,116.91000366210938,117.45999908447266,145772500
2010-03-31,SPY,87.90287780761719,117.0,117.5199966430664,116.61000061035156,116.94999694824219,161078700
2010-04-01,SPY,88.50390625,117.80000305175781,118.25,117.0999984741211,117.80000305175781,161215200
2010-04-05,SPY,89.22517395019531,118.76000213623047,118.83999633789062,117.91999816894531,118.25,105847600
2010-04-06,SPY,89.43553924560547,119.04000091552734,119.25,118.29000091552734,118.41999816894531,110384200
2010-04-07,SPY,88.92463684082031,118.36000061035156,119.36000061035156,117.80999755859375,118.80000305175781,184576300
2010-04-08,SPY,89.23265838623047,118.7699966430664,118.97000122070312,117.5999984741211,117.94999694824219,158704000
2010-04-09,SPY,89.81871795654297,119.55000305175781,119.5999984741211,118.80000305175781,119.0199966430664,133006500
2010-04-12,SPY,89.96146392822266,119.73999786376953,120.05000305175781,119.55999755859375,119.69999694824219,110279000
2010-04-13,SPY,90.02906799316406,119.83000183105469,120.04000091552734,119.0,119.62000274658203,125043600
2010-04-14,SPY,91.05084991455078,121.19000244140625,121.19000244140625,120.08000183105469,120.2699966430664,161609000
2010-04-15,SPY,91.12596893310547,121.29000091552734,121.56999969482422,120.94999694824219,120.98999786376953,144615300
2010-04-16,SPY,89.6759262084961,119.36000061035156,121.29000091552734,118.75,120.86000061035156,366786700
2010-04-19,SPY,90.01404571533203,119.80999755859375,119.93000030517578,118.47000122070312,119.01000213623047,217947800
2010-04-20,SPY,90.81792449951172,120.87999725341797,120.9800033569336,119.87000274658203,120.55999755859375,157708000
2010-04-21,SPY,90.65266418457031,120.66000366210938,121.2300033569336,119.98999786376953,120.94999694824219,192910100
2010-04-22,SPY,90.9231185913086,121.0199966430664,121.16999816894531,119.12000274658203,119.80999755859375,115360300
2010-04-23,SPY,91.5166244506836,121.80999755859375,121.86000061035156,120.62999725341797,120.94000244140625,177335500
2010-04-26,SPY,91.1710433959961,121.3499984741211,122.12000274658203,121.2300033569336,121.8499984741211,143457300
2010-04-27,SPY,89.01483154296875,118.4800033569336,121.33999633789062,118.25,120.6500015258789,355853300
2010-04-28,SPY,89.69098663330078,119.37999725341797,119.68000030517578,118.2699966430664,119.05000305175781,300674100
2010-04-29,SPY,90.80289459228516,120.86000061035156,121.11000061035156,120.06999969482422,120.0999984741211,193775000
2010-04-30,SPY,89.26272583007812,118.80999755859375,121.01000213623047,118.77999877929688,120.87999725341797,270000900
2010-05-03,SPY,90.41971588134766,120.3499984741211,120.68000030517578,119.19999694824219,119.37999725341797,182747900
2010-05-04,SPY,88.29351806640625,117.5199966430664,119.02999877929688,116.91999816894531,119.01000213623047,360353400
2010-05-05,SPY,87.76765441894531,116.81999969482422,117.80000305175781,115.97000122070312,116.55999755859375,328973200
2010-05-06,SPY,84.85258483886719,112.94000244140625,117.0,105.0,116.26000213623047,647356600
2010-05-07,SPY,83.59034729003906,111.26000213623047,113.7699966430664,109.41000366210938,112.63999938964844,637558800
2010-05-10,SPY,87.27179718017578,116.16000366210938,116.6500015258789,114.91000366210938,115.80999755859375,396159600
2010-05-11,SPY,87.02383422851562,115.83000183105469,117.36000061035156,114.91000366210938,115.06999969482422,317849800
2010-05-12,SPY,88.24098205566406,117.44999694824219,117.62000274658203,116.08999633789062,116.29000091552734,235607100
2010-05-13,SPY,87.14404296875,115.98999786376953,117.68000030517578,115.88999938964844,117.12999725341797,234452500
2010-05-14,SPY,85.56629943847656,113.88999938964844,115.33000183105469,112.87000274658203,115.12000274658203,345601400
2010-05-17,SPY,85.61137390136719,113.94999694824219,114.5199966430664,111.7699966430664,114.19999694824219,325739800
2010-05-18,SPY,84.44685363769531,112.4000015258789,115.22000122070312,112.02999877929688,114.87999725341797,360556800
2010-05-19,SPY,83.96602630615234,111.76000213623047,112.7699966430664,110.36000061035156,111.7699966430664,394742700
2010-05-20,SPY,80.7955093383789,107.54000091552734,109.88999938964844,107.47000122070312,109.37999725341797,530418300
2010-05-21,SPY,81.97505187988281,109.11000061035156,109.37999725341797,105.36000061035156,105.91000366210938,500909400
2010-05-24,SPY,80.9232406616211,107.70999908447266,109.38999938964844,107.61000061035156,108.5199966430664,269823000
2010-05-25,SPY,81.00588989257812,107.81999969482422,107.87000274658203,104.37999725341797,105.11000061035156,396505200
2010-05-26,SPY,80.51752471923828,107.16999816894531,109.47000122070312,106.8499984741211,108.4800033569336,349719300
2010-05-27,SPY,83.21470642089844,110.76000213623047,110.80000305175781,108.77999877929688,109.19000244140625,300870500
2010-05-28,SPY,82.17041015625,109.37000274658203,110.72000122070312,108.8499984741211,110.63999938964844,297933500
2010-06-01,SPY,80.7879867553711,107.52999877929688,109.94999694824219,107.37000274658203,108.3499984741211,277909400
2010-06-02,SPY,82.89163970947266,110.33000183105469,110.33999633789062,107.51000213623047,108.08000183105469,240243700
2010-06-03,SPY,83.17716217041016,110.70999908447266,111.05999755859375,109.58000183105469,110.6500015258789,226618300
2010-06-04,SPY,80.25454711914062,106.81999969482422,109.33000183105469,106.45999908447266,108.61000061035156,398475600
2010-06-07,SPY,79.25533294677734,105.48999786376953,107.61000061035156,105.41000366210938,107.19999694824219,264609100
2010-06-08,SPY,80.10427856445312,106.62000274658203,106.83000183105469,104.6500015258789,105.56999969482422,357774300
2010-06-09,SPY,79.67605590820312,106.05000305175781,108.27999877929688,105.5999984741211,107.23999786376953,268023300
2010-06-10,SPY,82.00508880615234,109.1500015258789,109.27999877929688,106.04000091552734,107.86000061035156,317890600
2010-06-11,SPY,82.40333557128906,109.68000030517578,109.75,108.12000274658203,108.19000244140625,214128200
2010-06-14,SPY,82.27559661865234,109.51000213623047,111.12000274658203,109.4000015258789,110.5199966430664,207196100
2010-06-15,SPY,84.14632415771484,112.0,112.0999984741211,110.08999633789062,110.27999877929688,238268700
2010-06-16,SPY,84.11626434326172,111.95999908447266,112.41999816894531,111.19999694824219,111.41999816894531,216374000
2010-06-17,SPY,84.25151824951172,112.13999938964844,112.33000183105469,111.05000305175781,112.27999877929688,263185800
2010-06-18,SPY,84.34286499023438,111.7300033569336,112.12999725341797,111.37000274658203,111.83000183105469,174006600
2010-06-21,SPY,84.10130310058594,111.41000366210938,113.19999694824219,110.79000091552734,113.12000274658203,213140700
2010-06-22,SPY,82.71229553222656,109.56999969482422,111.9000015258789,109.41000366210938,111.41000366210938,239355400
2010-06-23,SPY,82.4556655883789,109.2300033569336,110.02999877929688,108.4800033569336,109.63999938964844,254639900
2010-06-24,SPY,81.08931732177734,107.41999816894531,108.83000183105469,107.13999938964844,108.69000244140625,268523600
2010-06-25,SPY,81.42900848388672,107.87000274658203,108.41999816894531,106.7699966430664,107.73999786376953,238726500
2010-06-28,SPY,81.17235565185547,107.52999877929688,108.31999969482422,107.13999938964844,108.02999877929688,169218600
2010-06-29,SPY,78.66615295410156,104.20999908447266,107.51000213623047,103.55000305175781,106.0199966430664,373649500
2010-06-30,SPY,77.91883850097656,103.22000122070312,104.87999725341797,102.87999725341797,103.91999816894531,284101700
2010-07-01,SPY,77.57157135009766,102.76000213623047,103.48999786376953,101.12999725341797,103.1500015258789,382924800
2010-07-02,SPY,77.14883422851562,102.19999694824219,103.41999816894531,101.62000274658203,103.11000061035156,233385200
2010-07-06,SPY,77.65460968017578,102.87000274658203,104.37000274658203,101.87999725341797,103.63999938964844,256935300
2010-07-07,SPY,80.10041046142578,106.11000061035156,106.23999786376953,103.0199966430664,103.12999725341797,253769400
2010-07-08,SPY,80.89303588867188,107.16000366210938,107.27999877929688,105.91000366210938,107.0,210842100
2010-07-09,SPY,81.4969711303711,107.95999908447266,107.97000122070312,106.93000030517578,107.12999725341797,144999900
2010-07-12,SPY,81.54979705810547,108.02999877929688,108.23999786376953,107.1500015258789,107.5999984741211,131283600
2010-07-13,SPY,82.78024291992188,109.66000366210938,110.08999633789062,108.93000030517578,109.1500015258789,213025900
2010-07-14,SPY,82.772705078125,109.6500015258789,110.08000183105469,108.86000061035156,109.30999755859375,184426800
2010-07-15,SPY,82.79539489746094,109.68000030517578,110.05999755859375,108.16999816894531,109.61000061035156,232337900
2010-07-16,SPY,80.51560974121094,106.66000366210938,109.20999908447266,106.44999694824219,109.08999633789062,282693400
2010-07-19,SPY,80.99119567871094,107.29000091552734,107.62999725341797,106.22000122070312,107.05000305175781,186709000
2010-07-20,SPY,81.88948059082031,108.4800033569336,108.55999755859375,105.81999969482422,105.87000274658203,258162400
2010-07-21,SPY,80.82512664794922,107.06999969482422,109.06999969482422,106.62999725341797,109.04000091552734,264527000
2010-07-22,SPY,82.6292724609375,109.45999908447266,109.94000244140625,108.33000183105469,108.33999633789062,274781300
2010-07-23,SPY,83.34640502929688,110.41000366210938,110.56999969482422,108.93000030517578,109.23999786376953,222020800
2010-07-26,SPY,84.21455383300781,111.55999755859375,111.66999816894531,110.29000091552734,110.5999984741211,184445700
2010-07-27,SPY,84.2070083618164,111.55000305175781,112.29000091552734,111.11000061035156,112.16999816894531,204855600
2010-07-28,SPY,83.66345977783203,110.83000183105469,111.66000366210938,110.45999908447266,111.31999969482422,163056200
2010-07-29,SPY,83.25582885742188,110.29000091552734,111.81999969482422,109.41000366210938,111.5199966430664,220149100
2010-07-30,SPY,83.24071502685547,110.2699966430664,110.86000061035156,108.9800033569336,109.16999816894531,220070600
2010-08-02,SPY,85.12039947509766,112.76000213623047,112.94000244140625,111.54000091552734,111.98999786376953,188263200
2010-08-03,SPY,84.71273803710938,112.22000122070312,112.7699966430664,111.8499984741211,112.4800033569336,146657300
2010-08-04,SPY,85.27892303466797,112.97000122070312,113.11000061035156,112.16000366210938,112.52999877929688,158171700
2010-08-05,SPY,85.18831634521484,112.8499984741211,112.91000366210938,112.08000183105469,112.25,140473800
2010-08-06,SPY,84.84109497070312,112.38999938964844,112.56999969482422,110.91999816894531,111.73999786376953,239728300
2010-08-09,SPY,85.29402160644531,112.98999786376953,113.18000030517578,112.31999969482422,112.91999816894531,120800400
2010-08-10,SPY,84.83353424072266,112.37999725341797,112.9800033569336,111.37000274658203,112.02999877929688,242916300
2010-08-11,SPY,82.50846862792969,109.30000305175781,110.69000244140625,109.12000274658203,110.6500015258789,273406900
2010-08-12,SPY,82.00272369384766,108.62999725341797,109.0199966430664,107.5999984741211,107.6500015258789,239542600
2010-08-13,SPY,81.76116943359375,108.30999755859375,108.95999908447266,108.18000030517578,108.29000091552734,158698500
2010-08-16,SPY,81.72343444824219,108.26000213623047,108.61000061035156,107.18000030517578,107.56999969482422,147895300
2010-08-17,SPY,82.72743225097656,109.58999633789062,110.38999938964844,108.87999725341797,109.19000244140625,172270300
2010-08-18,SPY,82.87840270996094,109.79000091552734,110.37999725341797,108.91000366210938,109.54000091552734,182922100
2010-08-19,SPY,81.43658447265625,107.87999725341797,109.48999786376953,107.43000030517578,109.22000122070312,265847600
2010-08-20,SPY,81.17235565185547,107.52999877929688,107.94000244140625,106.75,107.55999755859375,209714200
2010-08-23,SPY,80.86286926269531,107.12000274658203,108.56999969482422,107.06999969482422,108.04000091552734,163490300
2010-08-24,SPY,79.66259002685547,105.52999877929688,106.38999938964844,104.97000122070312,105.94999694824219,280677800
2010-08-25,SPY,79.97208404541016,105.94000244140625,106.33999633789062,104.29000091552734,104.94999694824219,272234800
2010-08-26,SPY,79.43614196777344,105.2300033569336,106.58000183105469,104.87999725341797,106.44000244140625,224439500
2010-08-27,SPY,80.66658782958984,106.86000061035156,106.97000122070312,104.30999755859375,105.88999938964844,272649000
2010-08-30,SPY,79.49652099609375,105.30999755859375,106.91000366210938,105.30000305175781,106.58000183105469,167238600
2010-08-31,SPY,79.49652099609375,105.30999755859375,105.9800033569336,104.48999786376953,104.91999816894531,273933100
2010-09-01,SPY,81.8744125366211,108.45999908447266,108.61000061035156,106.66000366210938,106.7300033569336,256828100
2010-09-02,SPY,82.63684844970703,109.47000122070312,109.48999786376953,108.48999786376953,108.72000122070312,156112200
2010-09-03,SPY,83.7087631225586,110.88999938964844,110.98999786376953,109.94999694824219,110.54000091552734,212197300
2010-09-07,SPY,82.76516723632812,109.63999938964844,110.51000213623047,109.55000305175781,110.37000274658203,141973700
2010-09-08,SPY,83.34640502929688,110.41000366210938,110.8499984741211,109.80999755859375,109.86000061035156,149924400
2010-09-09,SPY,83.73139190673828,110.91999816894531,111.68000030517578,110.62000274658203,111.6500015258789,147017900
2010-09-10,SPY,84.15413665771484,111.4800033569336,111.61000061035156,110.87000274658203,111.12000274658203,127819000
2010-09-13,SPY,85.09017944335938,112.72000122070312,112.94999694824219,112.12999725341797,112.58000183105469,178503500
2010-09-14,SPY,85.037353515625,112.6500015258789,113.29000091552734,112.08000183105469,112.5,209823600
2010-09-15,SPY,85.36193084716797,113.08000183105469,113.20999908447266,111.9800033569336,112.31999969482422,168608400
2010-09-16,SPY,85.33930206298828,113.05000305175781,113.12000274658203,112.3499984741211,112.7300033569336,199962900
2010-09-17,SPY,85.37117004394531,112.48999786376953,113.1500015258789,112.18000030517578,113.04000091552734,195836900
2010-09-20,SPY,86.6765365600586,114.20999908447266,114.45999908447266,112.5199966430664,112.87999725341797,214555200
2010-09-21,SPY,86.50196075439453,113.9800033569336,114.83999633789062,113.51000213623047,114.30000305175781,268389100
2010-09-22,SPY,86.07699584960938,113.41999816894531,114.44000244140625,113.0999984741211,113.80000305175781,191322400
2010-09-23,SPY,85.37875366210938,112.5,113.66999816894531,112.18000030517578,112.48999786376953,202354300
2010-09-24,SPY,87.13945770263672,114.81999969482422,114.9000015258789,113.6500015258789,113.75,209671800
2010-09-27,SPY,86.72203826904297,114.2699966430664,114.98999786376953,114.16000366210938,114.86000061035156,128761800
2010-09-28,SPY,87.02562713623047,114.66999816894531,115.04000091552734,113.18000030517578,114.41999816894531,209207500
2010-09-29,SPY,86.87385559082031,114.47000122070312,114.91000366210938,114.0199966430664,114.37999725341797,179665800
2010-09-30,SPY,86.61579132080078,114.12999725341797,115.79000091552734,113.58999633789062,115.05000305175781,287106700
2010-10-01,SPY,86.98008728027344,114.61000061035156,115.12000274658203,113.93000030517578,114.98999786376953,174638700
2010-10-04,SPY,86.3274154663086,113.75,114.8499984741211,113.18000030517578,114.37000274658203,166153200
2010-10-05,SPY,88.06532287597656,116.04000091552734,116.31999969482422,114.66999816894531,114.80000305175781,229634100
2010-10-06,SPY,88.05778503417969,116.02999877929688,116.33000183105469,115.55999755859375,116.0199966430664,148626600
2010-10-07,SPY,87.95149993896484,115.88999938964844,116.52999877929688,115.19000244140625,116.5,164860000
2010-10-08,SPY,88.44478607177734,116.54000091552734,116.86000061035156,115.61000061035156,116.05000305175781,177760100
2010-10-11,SPY,88.52827453613281,116.6500015258789,116.97000122070312,116.25,116.72000122070312,103098300
2010-10-12,SPY,88.80152893066406,117.01000213623047,117.3499984741211,115.6500015258789,116.2699966430664,182210000
2010-10-13,SPY,89.49214935302734,117.91999816894531,118.55000305175781,117.37999725341797,117.66000366210938,194347200
2010-10-14,SPY,89.14300537109375,117.45999908447266,118.01000213623047,116.72000122070312,117.80999755859375,217764300
2010-10-15,SPY,89.32515716552734,117.69999694824219,118.3499984741211,116.76000213623047,118.27999877929688,243705000
2010-10-18,SPY,89.76536560058594,118.27999877929688,118.66999816894531,117.30999755859375,117.73999786376953,141204800
2010-10-19,SPY,88.5890121459961,116.7300033569336,117.8499984741211,116.0199966430664,117.19000244140625,280604700
2010-10-20,SPY,89.45416259765625,117.87000274658203,118.44000244140625,116.87000274658203,116.94000244140625,200051800
2010-10-21,SPY,89.65147399902344,118.12999725341797,119.08999633789062,117.20999908447266,118.4000015258789,221585500
2010-10-22,SPY,89.81844329833984,118.3499984741211,118.52999877929688,118.0,118.30999755859375,108212400
2010-10-25,SPY,90.08407592773438,118.69999694824219,119.76000213623047,118.61000061035156,119.13999938964844,151145700
2010-10-26,SPY,90.09930419921875,118.72000122070312,118.83999633789062,117.87000274658203,118.0999984741211,158982900
2010-10-27,SPY,89.84123229980469,118.37999725341797,118.51000213623047,117.26000213623047,117.88999938964844,190024000
2010-10-28,SPY,89.85639953613281,118.4000015258789,119.11000061035156,117.83000183105469,119.05999755859375,168576000
2010-10-29,SPY,89.92467498779297,118.48999786376953,118.72000122070312,118.06999969482422,118.27999877929688,144305500
2010-11-01,SPY,89.95507049560547,118.52999877929688,119.75,117.8499984741211,119.06999969482422,174074800
2010-11-02,SPY,90.66847229003906,119.47000122070312,119.75,119.0999984741211,119.41999816894531,158345900
2010-11-03,SPY,91.0327377319336,119.94999694824219,120.0199966430664,118.44999694824219,119.68000030517578,226702800
2010-11-04,SPY,92.78584289550781,122.26000213623047,122.31999969482422,119.97000122070312,121.27999877929688,215039400
2010-11-05,SPY,93.13496398925781,122.72000122070312,122.91999816894531,122.18000030517578,122.33999633789062,180654100
2010-11-08,SPY,92.96041107177734,122.48999786376953,122.69000244140625,121.94000244140625,122.33999633789062,156107100
2010-11-09,SPY,92.29253387451172,121.61000061035156,122.94999694824219,121.12000274658203,122.81999969482422,186621600
2010-11-10,SPY,92.66444396972656,122.0999984741211,122.16000366210938,120.66000366210938,121.58000183105469,221387400
2010-11-11,SPY,92.31532287597656,121.63999938964844,121.81999969482422,120.68000030517578,121.05000305175781,158017600
2010-11-12,SPY,91.22245788574219,120.19999694824219,121.3499984741211,119.6500015258789,120.81999969482422,239068800
2010-11-15,SPY,91.09344482421875,120.02999877929688,121.05000305175781,119.9800033569336,120.58000183105469,163940800
2010-11-16,SPY,89.67424774169922,118.16000366210938,119.48999786376953,117.58999633789062,119.29000091552734,299566200
2010-11-17,SPY,89.71978759765625,118.22000122070312,118.70999908447266,117.86000061035156,118.20999908447266,172308900
2010-11-18,SPY,91.04034423828125,119.95999908447266,120.38999938964844,119.3499984741211,119.36000061035156,197723700
2010-11-19,SPY,91.29076385498047,120.29000091552734,120.33999633789062,119.25,119.9000015258789,156852900
2010-11-22,SPY,91.21488189697266,120.19000244140625,120.23999786376953,118.7699966430664,119.69000244140625,181361000
2010-11-23,SPY,89.89435577392578,118.44999694824219,119.0199966430664,117.98999786376953,118.7699966430664,222309000
2010-11-24,SPY,91.22245788574219,120.19999694824219,120.2300033569336,119.18000030517578,119.19999694824219,140046100
2010-11-26,SPY,90.15998840332031,118.80000305175781,119.80999755859375,118.80000305175781,119.16000366210938,76007800
2010-11-29,SPY,90.43318939208984,119.16000366210938,119.4800033569336,117.73999786376953,118.5,223642300
2010-11-30,SPY,89.92467498779297,118.48999786376953,119.16999816894531,117.80999755859375,117.9800033569336,233930700
2010-12-01,SPY,91.83719635009766,121.01000213623047,121.23999786376953,120.19000244140625,120.19999694824219,221037200
2010-12-02,SPY,93.01351928710938,122.55999755859375,122.6500015258789,121.12999725341797,121.19999694824219,191213600
2010-12-03,SPY,93.26396179199219,122.88999938964844,123.02999877929688,122.11000061035156,122.13999938964844,151288900
2010-12-06,SPY,93.16529083251953,122.76000213623047,123.04000091552734,122.5,122.62999725341797,103050500
2010-12-07,SPY,93.21841430664062,122.83000183105469,124.01000213623047,122.76000213623047,123.94000244140625,206581000
2010-12-08,SPY,93.55994415283203,123.27999877929688,123.37999725341797,122.41000366210938,122.9800033569336,138019200
2010-12-09,SPY,93.92422485351562,123.76000213623047,124.0199966430664,123.1500015258789,123.97000122070312,123705100
2010-12-10,SPY,94.47067260742188,124.4800033569336,124.5999984741211,123.7300033569336,124.13999938964844,117571700
2010-12-13,SPY,94.53136444091797,124.55999755859375,125.19999694824219,124.5199966430664,125.05000305175781,133812700
2010-12-14,SPY,94.6148681640625,124.66999816894531,125.2300033569336,124.29000091552734,124.75,147249600
2010-12-15,SPY,94.18226623535156,124.0999984741211,124.93000030517578,123.88999938964844,124.44000244140625,160823100
2010-12-16,SPY,94.72867584228516,124.81999969482422,124.91000366210938,123.75,124.18000030517578,185035200
2010-12-17,SPY,94.83015441894531,124.30000305175781,124.45999908447266,123.81999969482422,124.08000183105469,141075300
2010-12-20,SPY,95.05902862548828,124.5999984741211,124.9000015258789,123.9800033569336,124.63999938964844,119085500
2010-12-21,SPY,95.66172790527344,125.38999938964844,125.47000122070312,124.87000274658203,124.98999786376953,94965500
2010-12-22,SPY,95.95925903320312,125.77999877929688,125.81999969482422,125.41000366210938,125.4800033569336,78878100
2010-12-23,SPY,95.82193756103516,125.5999984741211,125.77999877929688,125.29000091552734,125.63999938964844,70053700
2010-12-27,SPY,95.860107421875,125.6500015258789,125.7699966430664,125.04000091552734,125.12999725341797,58126000
2010-12-28,SPY,95.9974365234375,125.83000183105469,125.94999694824219,125.5,125.9000015258789,55309100
2010-12-29,SPY,96.06607055664062,125.91999816894531,126.19999694824219,125.9000015258789,125.9800033569336,58033100
2010-12-30,SPY,95.91346740722656,125.72000122070312,126.12999725341797,125.52999877929688,125.80000305175781,76616900
2010-12-31,SPY,95.93638610839844,125.75,125.87000274658203,125.33000183105469,125.52999877929688,91218900
2011-01-03,SPY,96.92814636230469,127.05000305175781,127.5999984741211,125.69999694824219,126.70999908447266,138725200
2011-01-04,SPY,96.874755859375,126.9800033569336,127.37000274658203,126.19000244140625,127.33000183105469,137409700
2011-01-05,SPY,97.37830352783203,127.63999938964844,127.72000122070312,126.45999908447266,126.58000183105469,133975300
2011-01-06,SPY,97.18756103515625,127.38999938964844,127.83000183105469,127.01000213623047,127.69000244140625,122519000
2011-01-07,SPY,96.99681091308594,127.13999938964844,127.7699966430664,126.1500015258789,127.55999755859375,156034600
2011-01-10,SPY,96.874755859375,126.9800033569336,127.16000366210938,126.19999694824219,126.58000183105469,122401700
2011-01-11,SPY,97.21810150146484,127.43000030517578,127.73999786376953,126.94999694824219,127.44000244140625,110287000
2011-01-12,SPY,98.09542846679688,128.5800018310547,128.72000122070312,127.45999908447266,128.2100067138672,107929200
2011-01-13,SPY,97.93521118164062,128.3699951171875,128.69000244140625,128.0500030517578,128.6300048828125,129048400
2011-01-14,SPY,98.64472961425781,129.3000030517578,129.3300018310547,128.10000610351562,128.19000244140625,117677900
2011-01-18,SPY,98.81257629394531,129.52000427246094,129.63999938964844,129.02999877929688,129.17999267578125,114401300
2011-01-19,SPY,97.84367370605469,128.25,129.5399932861328,127.91000366210938,129.41000366210938,151958400
2011-01-20,SPY,97.71395874023438,128.0800018310547,128.39999389648438,127.12999725341797,127.95999908447266,175745700
2011-01-21,SPY,97.93521118164062,128.3699951171875,129.1699981689453,128.22999572753906,128.8800048828125,151462900
2011-01-24,SPY,98.49214935302734,129.10000610351562,129.25,128.25999450683594,128.2899932861328,113715500
2011-01-25,SPY,98.5455551147461,129.1699981689453,129.27999877929688,128.11000061035156,128.75999450683594,167552200
2011-01-26,SPY,98.92700958251953,129.6699981689453,130.0500030517578,129.22999572753906,129.49000549316406,141281500
2011-01-27,SPY,99.17113494873047,129.99000549316406,130.2100067138672,129.47000122070312,129.6999969482422,123302700
2011-01-28,SPY,97.43931579589844,127.72000122070312,130.35000610351562,127.51000213623047,130.13999938964844,295637300
2011-01-31,SPY,98.17170715332031,128.67999267578125,128.77999877929688,127.75,128.07000732421875,149249200
2011-02-01,SPY,99.74331665039062,130.74000549316406,130.97000122070312,129.3800048828125,129.4600067138672,167194300
2011-02-02,SPY,99.55257415771484,130.49000549316406,130.83999633789062,130.3300018310547,130.39999389648438,118323600
2011-02-03,SPY,99.77384185791016,130.77999877929688,130.97999572753906,129.57000732421875,130.25999450683594,145886700
2011-02-04,SPY,100.05612182617188,131.14999389648438,131.1999969482422,130.22999572753906,130.8300018310547,134634800
2011-02-07,SPY,100.68170166015625,131.97000122070312,132.39999389648438,131.42999267578125,131.44000244140625,112439100
2011-02-08,SPY,101.13945007324219,132.57000732421875,132.63999938964844,131.72999572753906,132.08999633789062,99072800
2011-02-09,SPY,100.91059112548828,132.27000427246094,132.6300048828125,131.61000061035156,132.2100067138672,146436700
2011-02-10,SPY,100.94871520996094,132.32000732421875,132.47000122070312,131.3000030517578,131.60000610351562,162708500
2011-02-11,SPY,101.55142211914062,133.11000061035156,133.27999877929688,131.77000427246094,131.8000030517578,137710300
2011-02-14,SPY,101.7955551147461,133.42999267578125,133.5399932861328,132.8800048828125,133.02999877929688,101690700
2011-02-15,SPY,101.47510528564453,133.00999450683594,133.22000122070312,132.32000732421875,133.02000427246094,119575400
2011-02-16,SPY,102.11597442626953,133.85000610351562,134.00999450683594,133.19000244140625,133.4600067138672,130183500
2011-02-17,SPY,102.42117309570312,134.25,134.42999267578125,133.33999633789062,133.4600067138672,109810500
2011-02-18,SPY,102.63473510742188,134.52999877929688,134.69000244140625,134.05999755859375,134.3699951171875,130002400
2011-02-22,SPY,100.57491302490234,131.8300018310547,134.55999755859375,131.47000122070312,133.1199951171875,233116400
2011-02-23,SPY,99.95696258544922,131.02000427246094,132.07000732421875,130.2100067138672,131.75,227584000
2011-02-24,SPY,99.88824462890625,130.92999267578125,131.44000244140625,129.6999969482422,130.8800048828125,260431400
2011-02-25,SPY,100.95636749267578,132.3300018310547,132.41000366210938,131.39999389648438,131.47999572753906,141686900
2011-02-28,SPY,101.5819091796875,133.14999389648438,133.32000732421875,132.3800048828125,132.82000732421875,141585500
2011-03-01,SPY,99.88824462890625,130.92999267578125,133.69000244140625,130.88999938964844,133.57000732421875,258565500
2011-03-02,SPY,100.10189056396484,131.2100067138672,131.82000732421875,130.35000610351562,130.75,200277400
2011-03-03,SPY,101.8260726928711,133.47000122070312,133.6199951171875,132.38999938964844,132.39999389648438,176480100
2011-03-04,SPY,101.0631332397461,132.47000122070312,133.6300048828125,131.60000610351562,133.3699951171875,277202300
2011-03-07,SPY,100.26973724365234,131.42999267578125,133.16000366210938,130.74000549316406,132.86000061035156,216790400
2011-03-08,SPY,101.14707946777344,132.5800018310547,133.0,131.07000732421875,131.63999938964844,174615000
2011-03-09,SPY,101.00215148925781,132.38999938964844,132.8000030517578,131.60000610351562,132.32000732421875,153806000
2011-03-10,SPY,99.13300323486328,129.94000244140625,131.17999267578125,129.80999755859375,131.0,301291800
2011-03-11,SPY,99.81962585449219,130.83999633789062,131.30999755859375,129.49000549316406,129.52000427246094,225621800
2011-03-14,SPY,99.21691131591797,130.0500030517578,130.47999572753906,129.05999755859375,129.99000549316406,234974100
2011-03-15,SPY,98.08015441894531,128.55999755859375,129.3300018310547,126.5,126.58999633789062,359585400
2011-03-16,SPY,96.26443481445312,126.18000030517578,128.57000732421875,125.27999877929688,128.14999389648438,468670300
2011-03-17,SPY,97.53849792480469,127.8499984741211,128.38999938964844,127.0999984741211,128.0,254303700
2011-03-18,SPY,97.89328002929688,127.76000213623047,128.8800048828125,127.51000213623047,128.83999633789062,230435400
2011-03-21,SPY,99.410400390625,129.74000549316406,130.00999450683594,129.1999969482422,129.35000610351562,153992600
2011-03-22,SPY,99.0655746459961,129.2899932861328,129.88999938964844,129.1699981689453,129.72000122070312,129538600
2011-03-23,SPY,99.34909057617188,129.66000366210938,130.0,128.32000732421875,128.92999267578125,148603100
2011-03-24,SPY,100.29923248291016,130.89999389648438,131.08999633789062,129.6699981689453,130.39999389648438,159129800
2011-03-25,SPY,100.605712890625,131.3000030517578,131.8699951171875,130.88999938964844,131.24000549316406,155642800
2011-03-28,SPY,100.36053466796875,130.97999572753906,131.9199981689453,130.94000244140625,131.5800018310547,109762400
2011-03-29,SPY,101.03480529785156,131.86000061035156,131.89999389648438,130.44000244140625,130.8699951171875,129798800
2011-03-30,SPY,101.7320785522461,132.77000427246094,133.16000366210938,132.36000061035156,132.5500030517578,135835000
2011-03-31,SPY,101.59414672851562,132.58999633789062,132.9600067138672,132.4499969482422,132.60000610351562,132537100
2011-04-01,SPY,102.02322387695312,133.14999389648438,133.77000427246094,132.8300018310547,133.41000366210938,153850100
2011-04-04,SPY,102.10749816894531,133.25999450683594,133.6699981689453,132.8800048828125,133.42999267578125,100768900
2011-04-05,SPY,102.09220886230469,133.24000549316406,133.8300018310547,132.94000244140625,133.0,120791500
2011-04-06,SPY,102.41401672363281,133.66000366210938,134.0,133.1199951171875,133.8800048828125,120411600
2011-04-07,SPY,102.15350341796875,133.32000732421875,133.97999572753906,132.66000366210938,133.4199981689453,170731500
2011-04-08,SPY,101.801025390625,132.86000061035156,133.99000549316406,132.30999755859375,133.91000366210938,147945400
2011-04-11,SPY,101.49456024169922,132.4600067138672,133.4499969482422,132.13999938964844,133.0,121385400
2011-04-12,SPY,100.73596954345703,131.47000122070312,131.97999572753906,130.99000549316406,131.72000122070312,161187400
2011-04-13,SPY,100.72831726074219,131.4600067138672,132.17999267578125,130.9600067138672,132.0800018310547,162059000
2011-04-14,SPY,100.8049545288086,131.55999755859375,131.75999450683594,130.27000427246094,130.6999969482422,161220400
2011-04-15,SPY,101.17269897460938,132.0399932861328,132.3699951171875,131.41000366210938,131.8000030517578,170006700
2011-04-18,SPY,100.03871154785156,130.55999755859375,132.02999877929688,129.50999450683594,130.58999633789062,210759300
2011-04-19,SPY,100.61338806152344,131.30999755859375,131.35000610351562,130.44000244140625,130.75999450683594,124258800
2011-04-20,SPY,101.98489379882812,133.10000610351562,133.38999938964844,132.7899932861328,132.8800048828125,156133800
2011-04-21,SPY,102.5059585571289,133.77999877929688,133.83999633789062,133.10000610351562,133.7899932861328,135935400
2011-04-25,SPY,102.398681640625,133.63999938964844,133.86000061035156,133.1999969482422,133.67999267578125,65757100
2011-04-26,SPY,103.27986145019531,134.7899932861328,135.05999755859375,133.91000366210938,134.0500030517578,146600000
2011-04-27,SPY,103.95413208007812,135.6699981689453,135.8699951171875,134.5,135.0500030517578,143031000
2011-04-28,SPY,104.29125213623047,136.11000061035156,136.2899932861328,135.41000366210938,135.42999267578125,124791100
2011-04-29,SPY,104.53643798828125,136.42999267578125,136.57000732421875,135.97999572753906,136.16000366210938,115094100
2011-05-02,SPY,104.37557220458984,136.22000122070312,137.17999267578125,135.9499969482422,137.07000732421875,126278700
2011-05-03,SPY,104.00010681152344,135.72999572753906,136.19000244140625,135.0399932861328,135.9600067138672,138375000
2011-05-04,SPY,103.31050872802734,134.8300018310547,135.72999572753906,134.22999572753906,135.6699981689453,182678500
2011-05-05,SPY,102.3757095336914,133.61000061035156,134.9499969482422,133.02000427246094,134.0800018310547,226900000
2011-05-06,SPY,102.82778930664062,134.1999969482422,135.6300048828125,133.67999267578125,134.94000244140625,222787200
2011-05-09,SPY,103.2262191772461,134.72000122070312,135.11000061035156,133.97999572753906,134.19000244140625,114104500
2011-05-10,SPY,104.10737609863281,135.8699951171875,136.11000061035156,135.0,135.1699981689453,114806900
2011-05-11,SPY,103.01166534423828,134.44000244140625,135.69000244140625,133.82000732421875,135.6699981689453,193564200
2011-05-12,SPY,103.5020751953125,135.0800018310547,135.36000061035156,133.38999938964844,134.0800018310547,171550700
2011-05-13,SPY,102.7051773071289,134.0399932861328,135.33999633789062,133.55999755859375,135.14999389648438,157444900
2011-05-16,SPY,102.05386352539062,133.19000244140625,134.61000061035156,132.97000122070312,133.55999755859375,141675400
2011-05-17,SPY,102.03858947753906,133.1699981689453,133.35000610351562,132.1199951171875,132.69000244140625,192686200
2011-05-18,SPY,102.95037841796875,134.36000061035156,134.5,132.9499969482422,133.24000549316406,135217900
2011-05-19,SPY,103.1955795288086,134.67999267578125,135.02999877929688,133.94000244140625,134.8000030517578,119489500
2011-05-20,SPY,102.3757095336914,133.61000061035156,134.67999267578125,133.36000061035156,134.3300018310547,182594900
2011-05-23,SPY,101.18803405761719,132.05999755859375,132.72000122070312,131.58999633789062,131.97999572753906,168700000
2011-05-24,SPY,101.10375213623047,131.9499969482422,132.72999572753906,131.6999969482422,132.44000244140625,147199600
2011-05-25,SPY,101.44092559814453,132.38999938964844,132.94000244140625,131.3800048828125,131.4199981689453,151050100
2011-05-26,SPY,101.90829467773438,133.0,133.24000549316406,131.77999877929688,132.02999877929688,164850000
2011-05-27,SPY,102.29905700683594,133.50999450683594,133.8699951171875,132.9600067138672,133.3699951171875,120921900
2011-05-31,SPY,103.36412811279297,134.89999389648438,134.9199981689453,133.83999633789062,134.77000427246094,164731200
2011-06-01,SPY,101.04244995117188,131.8699951171875,134.9199981689453,131.75999450683594,134.50999450683594,233094300
2011-06-02,SPY,100.93518829345703,131.72999572753906,132.24000549316406,130.9600067138672,131.9600067138672,200466800
2011-06-03,SPY,99.9314193725586,130.4199981689453,131.4199981689453,130.0800018310547,130.14999389648438,234690200
2011-06-06,SPY,98.8740234375,129.0399932861328,130.36000061035156,128.8699951171875,130.08999633789062,179951200
2011-06-07,SPY,98.81273651123047,128.9600067138672,130.07000732421875,128.85000610351562,129.6999969482422,161660500
2011-06-08,SPY,98.39897155761719,128.4199981689453,129.19000244140625,128.17999267578125,128.75999450683594,198696400
2011-06-09,SPY,99.14984893798828,129.39999389648438,129.92999267578125,128.4600067138672,128.77000427246094,160964400
2011-06-10,SPY,97.77068328857422,127.5999984741211,128.92999267578125,127.26000213623047,128.85000610351562,238629400
2011-06-13,SPY,97.8472671508789,127.69999694824219,128.24000549316406,127.05000305175781,127.88999938964844,207599800
2011-06-14,SPY,99.0886001586914,129.32000732421875,129.77000427246094,128.82000732421875,128.8699951171875,160570400
2011-06-15,SPY,97.32625579833984,127.0199966430664,129.3000030517578,126.68000030517578,128.24000549316406,300958000
2011-06-16,SPY,97.54080963134766,127.30000305175781,127.97000122070312,126.31999969482422,127.05999755859375,308032800
2011-06-17,SPY,97.83187866210938,127.05000305175781,127.94000244140625,126.62000274658203,127.93000030517578,233284900
2011-06-20,SPY,98.33238220214844,127.69999694824219,127.97000122070312,126.58000183105469,126.62000274658203,159479000
2011-06-21,SPY,99.67993927001953,129.4499969482422,129.6999969482422,127.75,128.36000061035156,193157300
2011-06-22,SPY,99.07929992675781,128.6699981689453,129.80999755859375,128.58999633789062,129.0500030517578,176703000
2011-06-23,SPY,98.79442596435547,128.3000030517578,128.63999938964844,126.19000244140625,127.16000366210938,334286500
2011-06-24,SPY,97.64703369140625,126.80999755859375,128.3699951171875,126.62000274658203,128.27000427246094,226129300
2011-06-27,SPY,98.51719665527344,127.94000244140625,128.42999267578125,126.63999938964844,126.88999938964844,168904700
2011-06-28,SPY,99.80314636230469,129.61000061035156,129.6300048828125,128.27000427246094,128.4499969482422,165556300
2011-06-29,SPY,100.65786743164062,130.72000122070312,130.92999267578125,129.6300048828125,130.1999969482422,244295500
2011-06-30,SPY,101.62040710449219,131.97000122070312,132.17999267578125,130.7100067138672,131.13999938964844,223322700
2011-07-01,SPY,103.12195587158203,133.9199981689453,134.10000610351562,131.77999877929688,132.08999633789062,202385700
2011-07-05,SPY,103.03723907470703,133.80999755859375,134.0800018310547,133.38999938964844,133.77999877929688,165936000
2011-07-06,SPY,103.16047668457031,133.97000122070312,134.13999938964844,133.11000061035156,133.49000549316406,143331600
2011-07-07,SPY,104.23076629638672,135.36000061035156,135.6999969482422,134.8800048828125,135.16000366210938,170464200
2011-07-08,SPY,103.49156951904297,134.39999389648438,135.36000061035156,133.38999938964844,133.8300018310547,194100500
2011-07-11,SPY,101.62040710449219,131.97000122070312,133.17999267578125,131.66000366210938,132.75,195918600
2011-07-12,SPY,101.18146514892578,131.39999389648438,132.77999877929688,131.36000061035156,131.69000244140625,214675700
2011-07-13,SPY,101.52027130126953,131.83999633789062,133.22000122070312,131.52000427246094,132.08999633789062,204062600
2011-07-14,SPY,100.81957244873047,130.92999267578125,132.77999877929688,130.67999267578125,132.1699981689453,226111800
2011-07-15,SPY,101.40482330322266,131.69000244140625,131.8699951171875,130.77000427246094,131.66000366210938,220012800
2011-07-18,SPY,100.57318115234375,130.61000061035156,131.27999877929688,129.6300048828125,131.0800018310547,196872100
2011-07-19,SPY,102.20561218261719,132.72999572753906,132.88999938964844,131.30999755859375,131.33999633789062,166554900
2011-07-20,SPY,102.14400482177734,132.64999389648438,133.14999389648438,132.4199981689453,133.07000732421875,137145400
2011-07-21,SPY,103.56086730957031,134.49000549316406,134.82000732421875,132.6699981689453,133.39999389648438,245246300
2011-07-22,SPY,103.63016510009766,134.5800018310547,134.72000122070312,133.75999450683594,134.52000427246094,126019400
2011-07-25,SPY,103.0526351928711,133.8300018310547,134.49000549316406,133.16000366210938,133.3000030517578,136653800
2011-07-26,SPY,102.66766357421875,133.3300018310547,133.9600067138672,133.02999877929688,133.74000549316406,131278200
2011-07-27,SPY,100.56546020507812,130.60000610351562,132.6300048828125,130.42999267578125,132.58999633789062,249020100
2011-07-28,SPY,100.27284240722656,130.22000122070312,131.77000427246094,130.00999450683594,130.60000610351562,207939900
2011-07-29,SPY,99.58753967285156,129.3300018310547,130.5500030517578,127.97000122070312,128.91000366210938,307038400
2011-08-01,SPY,99.16400909423828,128.77999877929688,130.9600067138672,127.52999877929688,130.83999633789062,325790900
2011-08-02,SPY,96.63060760498047,125.48999786376953,128.5,125.48999786376953,127.80999755859375,346653800
2011-08-03,SPY,97.15423583984375,126.16999816894531,126.30999755859375,123.52999877929688,125.66000366210938,370830800
2011-08-04,SPY,92.60340118408203,120.26000213623047,124.62000274658203,120.05999755859375,124.41999816894531,520721800
2011-08-05,SPY,92.46478271484375,120.08000183105469,122.06999969482422,116.86000061035156,121.76000213623047,655619200
2011-08-08,SPY,86.44319152832031,112.26000213623047,120.12000274658203,112.0199966430664,116.91000366210938,702263900
2011-08-09,SPY,90.46273803710938,117.4800033569336,117.63999938964844,110.2699966430664,114.06999969482422,717828700
2011-08-10,SPY,86.4662857055664,112.29000091552734,116.27999877929688,111.94999694824219,115.26000213623047,662607400
2011-08-11,SPY,90.34722137451172,117.33000183105469,118.91999816894531,112.31999969482422,113.26000213623047,487979700
2011-08-12,SPY,90.95556640625,118.12000274658203,119.20999908447266,117.27999877929688,118.4000015258789,313731600
2011-08-15,SPY,92.88062286376953,120.62000274658203,120.73999786376953,119.0,119.19000244140625,258810600
2011-08-16,SPY,92.08744049072266,119.58999633789062,120.69000244140625,118.30999755859375,119.47000122070312,294095200
2011-08-17,SPY,92.14909362792969,119.66999816894531,121.19999694824219,118.72000122070312,120.25,238201100
2011-08-18,SPY,88.17573547363281,114.51000213623047,119.70999908447266,113.38999938964844,116.5,512956300
2011-08-19,SPY,86.73578643798828,112.63999938964844,115.87999725341797,112.5,112.95999908447266,428281300
2011-08-22,SPY,86.80511474609375,112.7300033569336,115.2300033569336,112.41000366210938,115.16999816894531,275090600
2011-08-23,SPY,89.661865234375,116.44000244140625,116.56999969482422,112.58000183105469,113.1500015258789,331136600
2011-08-24,SPY,90.92472839355469,118.08000183105469,118.23999786376953,115.91999816894531,116.19000244140625,246869700
2011-08-25,SPY,89.53868103027344,116.27999877929688,119.4000015258789,115.87000274658203,118.7300033569336,312365400
2011-08-26,SPY,90.83999633789062,117.97000122070312,118.51000213623047,113.8499984741211,115.69000244140625,314495900
2011-08-29,SPY,93.45040893554688,121.36000061035156,121.43000030517578,118.05999755859375,119.55999755859375,190977200
2011-08-30,SPY,93.69682312011719,121.68000030517578,122.43000030517578,119.26000213623047,120.83000183105469,241315700
2011-08-31,SPY,94.11264038085938,122.22000122070312,123.51000213623047,121.30000305175781,122.45999908447266,301828400
2011-09-01,SPY,93.12700653076172,120.94000244140625,123.4000015258789,120.77999877929688,122.29000091552734,254585900
2011-09-02,SPY,90.74760437011719,117.8499984741211,120.87000274658203,117.43000030517578,118.41999816894531,255517200
2011-09-06,SPY,90.08537292480469,116.98999786376953,117.16000366210938,114.37999725341797,114.38999938964844,285130500
2011-09-07,SPY,92.62651062011719,120.29000091552734,120.33999633789062,118.36000061035156,118.76000213623047,209803200
2011-09-08,SPY,91.6639404296875,119.04000091552734,120.94000244140625,118.7699966430664,119.56999969482422,250568200
2011-09-09,SPY,89.2614517211914,115.91999816894531,119.05999755859375,115.27999877929688,117.68000030517578,380195100
2011-09-12,SPY,89.83899688720703,116.66999816894531,116.76000213623047,114.05000305175781,114.47000122070312,305793500
2011-09-13,SPY,90.66291809082031,117.73999786376953,118.18000030517578,116.22000122070312,117.05000305175781,272514700
2011-09-14,SPY,91.91806030273438,119.37000274658203,120.80000305175781,116.72000122070312,118.33999633789062,319389500
2011-09-15,SPY,93.50432586669922,121.43000030517578,121.47000122070312,119.4000015258789,120.6500015258789,326777200
2011-09-16,SPY,94.0577621459961,121.5199966430664,121.97000122070312,120.31999969482422,121.29000091552734,284528300
2011-09-19,SPY,93.12120056152344,120.30999755859375,120.93000030517578,118.72000122070312,119.52999877929688,241517000
2011-09-20,SPY,93.01283264160156,120.16999816894531,121.98999786376953,120.01000213623047,120.81999969482422,218932200
2011-09-21,SPY,90.27281951904297,116.62999725341797,120.5999984741211,116.44000244140625,120.2300033569336,316251300
2011-09-22,SPY,87.35478973388672,112.86000061035156,114.20999908447266,111.30000305175781,113.25,513911300
2011-09-23,SPY,87.88116455078125,113.54000091552734,114.16000366210938,112.0199966430664,112.11000061035156,307242500
2011-09-26,SPY,89.97093963623047,116.23999786376953,116.4000015258789,112.9800033569336,114.61000061035156,260673700
2011-09-27,SPY,90.97718811035156,117.54000091552734,119.55999755859375,116.83999633789062,118.52999877929688,311753900
2011-09-28,SPY,89.11952209472656,115.13999938964844,118.48999786376953,114.97000122070312,117.77999877929688,286696800
2011-09-29,SPY,89.8238754272461,116.05000305175781,117.62999725341797,113.93000030517578,117.05000305175781,298108900
2011-09-30,SPY,87.57927703857422,113.1500015258789,115.44999694824219,113.06999969482422,114.44999694824219,288392300
2011-10-03,SPY,85.08695983886719,109.93000030517578,113.94999694824219,109.80999755859375,112.48999786376953,365136800
2011-10-04,SPY,86.95231628417969,112.33999633789062,112.58000183105469,107.43000030517578,108.3499984741211,459177500
2011-10-05,SPY,88.56227111816406,114.41999816894531,114.72000122070312,111.58000183105469,112.62000274658203,284108000
2011-10-06,SPY,90.16444396972656,116.48999786376953,116.66000366210938,113.51000213623047,114.36000061035156,257800800
2011-10-07,SPY,89.56076049804688,115.70999908447266,117.25,115.05999755859375,117.16999816894531,312657900
2011-10-10,SPY,92.55616760253906,119.58000183105469,119.62999725341797,117.66999816894531,117.68000030517578,230666300
2011-10-11,SPY,92.6490478515625,119.69999694824219,120.04000091552734,118.75,118.87000274658203,209088000
2011-10-12,SPY,93.4617691040039,120.75,122.13999938964844,120.33000183105469,120.5999984741211,281544900
2011-10-13,SPY,93.2760009765625,120.51000213623047,120.87000274658203,119.12000274658203,120.04000091552734,212538800
2011-10-14,SPY,94.87044525146484,122.56999969482422,122.5999984741211,121.2300033569336,121.91000366210938,211397600
2011-10-17,SPY,93.05925750732422,120.2300033569336,122.55000305175781,119.93000030517578,121.98999786376953,202311600
2011-10-18,SPY,94.878173828125,122.58000183105469,123.5,119.19999694824219,120.13999938964844,318857900
2011-10-19,SPY,93.75588989257812,121.12999725341797,123.08000183105469,120.70999908447266,122.37999725341797,226601300
2011-10-20,SPY,94.16609191894531,121.66000366210938,122.0999984741211,119.81999969482422,121.43000030517578,262075600
2011-10-21,SPY,95.95406341552734,123.97000122070312,124.12000274658203,122.72000122070312,123.08999633789062,278999400
2011-10-24,SPY,97.13055419921875,125.48999786376953,125.80000305175781,124.05999755859375,124.16999816894531,203215600
2011-10-25,SPY,95.241943359375,123.05000305175781,124.94999694824219,122.77999877929688,124.88999938964844,268596800
2011-10-26,SPY,96.20950317382812,124.30000305175781,124.7699966430664,122.20999908447266,124.3499984741211,289053800
2011-10-27,SPY,99.56096649169922,128.6300048828125,129.4199981689453,126.61000061035156,127.62999725341797,393220200
2011-10-28,SPY,99.5377197265625,128.60000610351562,128.85000610351562,127.80000305175781,128.0,225906500
2011-10-31,SPY,97.13832092285156,125.5,128.6199951171875,125.31999969482422,127.16000366210938,228146700
2011-11-01,SPY,94.42926025390625,122.0,123.51000213623047,121.5199966430664,122.02999877929688,416565800
2011-11-02,SPY,95.96953582763672,123.98999786376953,124.4000015258789,122.79000091552734,123.83000183105469,244717600
2011-11-03,SPY,97.71879577636719,126.25,126.5,123.5999984741211,125.2699966430664,291174800
2011-11-04,SPY,97.1228256225586,125.4800033569336,125.69999694824219,124.01000213623047,125.2300033569336,249401600
2011-11-07,SPY,97.72655487060547,126.26000213623047,126.38999938964844,124.19999694824219,125.38999938964844,196617200
2011-11-08,SPY,98.98043060302734,127.87999725341797,128.02000427246094,125.70999908447266,126.91999816894531,224426300
2011-11-09,SPY,95.32707214355469,123.16000366210938,125.80000305175781,122.86000061035156,124.88999938964844,337982000
2011-11-10,SPY,96.22498321533203,124.31999969482422,124.94000244140625,123.0199966430664,124.79000091552734,231866500
2011-11-11,SPY,98.03614044189453,126.66000366210938,126.98999786376953,125.79000091552734,125.83000183105469,189924400
2011-11-14,SPY,97.10736083984375,125.45999908447266,127.44999694824219,124.91999816894531,126.19000244140625,159258300
2011-11-15,SPY,97.58722686767578,126.08000183105469,126.75,124.72000122070312,125.16999816894531,184709400
2011-11-16,SPY,96.03919982910156,124.08000183105469,126.33999633789062,123.9000015258789,124.80999755859375,235782500
2011-11-17,SPY,94.514404296875,122.11000061035156,124.16000366210938,121.2300033569336,123.8499984741211,331219600
2011-11-18,SPY,94.41376495361328,121.9800033569336,122.75,121.47000122070312,122.5,215580400
2011-11-21,SPY,92.61808013916016,119.66000366210938,120.3499984741211,118.6500015258789,120.19999694824219,229611600
2011-11-22,SPY,92.25430297851562,119.19000244140625,120.0999984741211,118.5199966430664,119.4000015258789,216494900
2011-11-23,SPY,90.21864318847656,116.55999755859375,119.19000244140625,116.55999755859375,118.06999969482422,224329100
2011-11-25,SPY,90.04835510253906,116.33999633789062,117.69999694824219,116.19999694824219,116.37999725341797,99557000
2011-11-28,SPY,92.65677642822266,119.70999908447266,120.18000030517578,118.81999969482422,119.54000091552734,210686000
2011-11-29,SPY,92.91995239257812,120.05000305175781,121.0,119.61000061035156,120.05000305175781,199241500
2011-11-30,SPY,96.74356079101562,124.98999786376953,125.22000122070312,120.0,123.48999786376953,324439500
2011-12-01,SPY,96.72807312011719,124.97000122070312,125.63999938964844,124.43000030517578,124.8499984741211,176954800
2011-12-02,SPY,96.64292907714844,124.86000061035156,126.5,124.77999877929688,126.12000274658203,221109700
2011-12-05,SPY,97.69559478759766,126.22000122070312,127.18000030517578,125.44000244140625,126.83999633789062,225263900
2011-12-06,SPY,97.72655487060547,126.26000213623047,127.11000061035156,125.76000213623047,126.20999908447266,178842100
2011-12-07,SPY,98.0903091430664,126.7300033569336,127.26000213623047,124.97000122070312,125.83999633789062,237802500
2011-12-08,SPY,95.9385757446289,123.94999694824219,126.18000030517578,123.6500015258789,125.9000015258789,240862800
2011-12-09,SPY,97.56401824951172,126.05000305175781,126.37000274658203,124.4000015258789,124.51000213623047,209111400
2011-12-12,SPY,96.13983154296875,124.20999908447266,124.97000122070312,123.16000366210938,124.94999694824219,215826100
2011-12-13,SPY,95.241943359375,123.05000305175781,125.56999969482422,122.44999694824219,124.86000061035156,245159800
2011-12-14,SPY,94.22804260253906,121.73999786376953,123.02999877929688,121.47000122070312,122.55999755859375,238618800
2011-12-15,SPY,94.56857299804688,122.18000030517578,123.19999694824219,121.98999786376953,123.02999877929688,199109200
2011-12-16,SPY,94.70880889892578,121.58999633789062,122.94999694824219,121.30000305175781,122.2300033569336,220481400
2011-12-19,SPY,93.69621276855469,120.29000091552734,122.31999969482422,120.02999877929688,122.05999755859375,183903000
2011-12-20,SPY,96.53147888183594,123.93000030517578,124.13999938964844,120.37000274658203,122.18000030517578,225418100
2011-12-21,SPY,96.71839904785156,124.16999816894531,124.36000061035156,122.75,123.93000030517578,194230900
2011-12-22,SPY,97.5751953125,125.2699966430664,125.4000015258789,124.2300033569336,124.62999725341797,119465400
2011-12-23,SPY,98.44758605957031,126.38999938964844,126.43000030517578,125.41000366210938,125.66999816894531,92187200
2011-12-27,SPY,98.52546691894531,126.48999786376953,126.81999969482422,126.05999755859375,126.16999816894531,86075700
2011-12-28,SPY,97.23249053955078,124.83000183105469,126.52999877929688,124.7300033569336,126.51000213623047,119107100
2011-12-29,SPY,98.2373275756836,126.12000274658203,126.25,124.86000061035156,125.23999786376953,123507200
2011-12-30,SPY,97.75437927246094,125.5,126.33000183105469,125.5,126.0199966430664,95599000
2012-01-03,SPY,99.31222534179688,127.5,128.3800048828125,127.43000030517578,127.76000213623047,193697900
2012-01-04,SPY,99.46797943115234,127.69999694824219,127.80999755859375,126.70999908447266,127.19999694824219,127186500
2012-01-05,SPY,99.7328109741211,128.0399932861328,128.22999572753906,126.43000030517578,127.01000213623047,173895000
2012-01-06,SPY,99.47579956054688,127.70999908447266,128.22000122070312,127.29000091552734,128.1999969482422,148050000
2012-01-09,SPY,99.71723175048828,128.02000427246094,128.17999267578125,127.41000366210938,128.0,99530200
2012-01-10,SPY,100.58186340332031,129.1300048828125,129.64999389648438,128.9499969482422,129.38999938964844,115282000
2012-01-11,SPY,100.6363754272461,129.1999969482422,129.3699951171875,128.52000427246094,128.72999572753906,111540700
2012-01-12,SPY,100.87783813476562,129.50999450683594,129.6999969482422,128.5399932861328,129.57000732421875,118983700
2012-01-13,SPY,100.35595703125,128.83999633789062,129.0500030517578,127.72000122070312,128.63999938964844,179836200
2012-01-17,SPY,100.74541473388672,129.33999633789062,130.32000732421875,128.89999389648438,130.0800018310547,132209200
2012-01-18,SPY,101.85924530029297,130.77000427246094,130.83999633789062,129.0800018310547,129.30999755859375,163395200
2012-01-19,SPY,102.39671325683594,131.4600067138672,131.57000732421875,130.8000030517578,131.22000122070312,126328900
2012-01-20,SPY,102.7784194946289,131.9499969482422,131.9499969482422,130.9199981689453,131.24000549316406,138230200
2012-01-23,SPY,102.51354217529297,131.61000061035156,132.25,130.97999572753906,131.50999450683594,129295800
2012-01-24,SPY,102.39671325683594,131.4600067138672,131.5,130.60000610351562,130.8000030517578,103083300
2012-01-25,SPY,103.2535400390625,132.55999755859375,132.8699951171875,130.75,131.25999450683594,198613200
2012-01-26,SPY,102.7238540649414,131.8800048828125,133.39999389648438,131.36000061035156,133.14999389648438,184880500
2012-01-27,SPY,102.6771240234375,131.82000732421875,132.0500030517578,131.14999389648438,131.24000549316406,135259100
2012-01-30,SPY,102.32659149169922,131.3699951171875,131.44000244140625,130.05999755859375,130.50999450683594,147311800
2012-01-31,SPY,102.28765106201172,131.32000732421875,132.17999267578125,130.67999267578125,132.02000427246094,157212000
2012-02-01,SPY,103.18344116210938,132.47000122070312,133.13999938964844,132.1300048828125,132.2899932861328,166234500
2012-02-02,SPY,103.34699249267578,132.67999267578125,133.02000427246094,132.2100067138672,132.72999572753906,113090400
2012-02-03,SPY,104.79579162597656,134.5399932861328,134.6199951171875,133.77000427246094,134.0,160598500
2012-02-06,SPY,104.72565460205078,134.4499969482422,134.50999450683594,133.8300018310547,133.97999572753906,107694500
2012-02-07,SPY,104.99050903320312,134.7899932861328,135.02000427246094,133.63999938964844,134.1699981689453,135528100
2012-02-08,SPY,105.30207061767578,135.19000244140625,135.22000122070312,134.30999755859375,134.86000061035156,139361400
2012-02-09,SPY,105.43451690673828,135.36000061035156,135.58999633789062,134.55999755859375,135.41000366210938,148602900
2012-02-10,SPY,104.65559387207031,134.36000061035156,134.47000122070312,133.83999633789062,134.16000366210938,167907500
2012-02-13,SPY,105.43451690673828,135.36000061035156,135.52000427246094,134.74000549316406,135.32000732421875,115841900
2012-02-14,SPY,105.30207061767578,135.19000244140625,135.27000427246094,134.25,135.0,165329500
2012-02-15,SPY,104.8114013671875,134.55999755859375,135.8300018310547,134.2899932861328,135.6300048828125,195195100
2012-02-16,SPY,105.97197723388672,136.0500030517578,136.1699981689453,134.3300018310547,134.57000732421875,186567800
2012-02-17,SPY,106.25237274169922,136.41000366210938,136.6300048828125,135.9600067138672,136.52000427246094,129869400
2012-02-21,SPY,106.29911041259766,136.47000122070312,137.0500030517578,136.0500030517578,136.72999572753906,134042300
2012-02-22,SPY,105.9563980102539,136.02999877929688,136.5500030517578,135.7899932861328,136.25999450683594,124455300
2012-02-23,SPY,106.42373657226562,136.6300048828125,136.72999572753906,135.5,135.9600067138672,137704300
2012-02-24,SPY,106.65742492675781,136.92999267578125,137.1999969482422,136.6300048828125,136.92999267578125,105539100
2012-02-27,SPY,106.83654022216797,137.16000366210938,137.52999877929688,135.8000030517578,136.02000427246094,145728900
2012-02-28,SPY,107.14813995361328,137.55999755859375,137.72000122070312,136.92999267578125,137.1999969482422,129355900
2012-02-29,SPY,106.7275161743164,137.02000427246094,138.19000244140625,136.5399932861328,137.75999450683594,185934700
2012-03-01,SPY,107.28055572509766,137.72999572753906,137.99000549316406,136.92999267578125,137.30999755859375,145023500
2012-03-02,SPY,106.9533920288086,137.30999755859375,137.82000732421875,137.0,137.63999938964844,120638300
2012-03-05,SPY,106.51716613769531,136.75,137.1999969482422,136.27999877929688,137.10000610351562,140765000
2012-03-06,SPY,104.9593505859375,134.75,135.42999267578125,134.36000061035156,135.35000610351562,202129900
2012-03-07,SPY,105.69158172607422,135.69000244140625,135.91000366210938,134.92999267578125,135.05999755859375,143692200
2012-03-08,SPY,106.74308013916016,137.0399932861328,137.32000732421875,136.24000549316406,136.52000427246094,116968900
2012-03-09,SPY,107.15593719482422,137.57000732421875,137.92999267578125,137.1300048828125,137.3000030517578,122836800
2012-03-12,SPY,107.16371154785156,137.5800018310547,137.75999450683594,137.08999633789062,137.5500030517578,104003500
2012-03-13,SPY,109.09542846679688,140.05999755859375,140.1300048828125,138.08999633789062,138.32000732421875,184090500
2012-03-14,SPY,108.97860717773438,139.91000366210938,140.4499969482422,139.47999572753906,140.10000610351562,145163600
2012-03-15,SPY,109.60952758789062,140.72000122070312,140.77999877929688,139.75999450683594,140.1199951171875,165118500
2012-03-16,SPY,109.76127624511719,140.3000030517578,140.47999572753906,140.0,140.36000061035156,152893500
2012-03-19,SPY,110.1915512084961,140.85000610351562,141.27999877929688,140.11000061035156,140.2100067138672,125291100
2012-03-20,SPY,109.8708267211914,140.44000244140625,140.61000061035156,139.63999938964844,140.0500030517578,121729700
2012-03-21,SPY,109.69092559814453,140.2100067138672,140.64999389648438,139.9199981689453,140.52000427246094,122388400
2012-03-22,SPY,108.90071105957031,139.1999969482422,139.5500030517578,138.74000549316406,139.17999267578125,135216700
2012-03-23,SPY,109.25276947021484,139.64999389648438,139.80999755859375,138.5500030517578,139.32000732421875,120521000
2012-03-26,SPY,110.78614044189453,141.61000061035156,141.61000061035156,140.60000610351562,140.64999389648438,120164000
2012-03-27,SPY,110.44189453125,141.1699981689453,141.8300018310547,141.0800018310547,141.74000549316406,119868500
2012-03-28,SPY,109.89427947998047,140.47000122070312,141.32000732421875,139.63999938964844,141.10000610351562,148562100
2012-03-29,SPY,109.70652770996094,140.22999572753906,140.49000549316406,139.08999633789062,139.63999938964844,164963700
2012-03-30,SPY,110.16027069091797,140.80999755859375,141.0500030517578,140.0500030517578,140.9199981689453,135486800
2012-04-02,SPY,110.96607208251953,141.83999633789062,142.2100067138672,140.36000061035156,140.63999938964844,151741100
2012-04-03,SPY,110.51233673095703,141.25999450683594,141.8800048828125,140.42999267578125,141.63999938964844,155806700
2012-04-04,SPY,109.41703796386719,139.86000061035156,140.33999633789062,139.33999633789062,140.22000122070312,146896000
2012-04-05,SPY,109.3623275756836,139.7899932861328,140.1999969482422,139.25999450683594,139.3800048828125,137439400
2012-04-09,SPY,108.13404846191406,138.22000122070312,139.83999633789062,137.83999633789062,138.02999877929688,127555900
2012-04-10,SPY,106.31897735595703,135.89999389648438,138.33999633789062,135.75999450683594,137.9499969482422,235360300
2012-04-11,SPY,107.17955017089844,137.0,137.5399932861328,136.75,137.2899932861328,154133000
2012-04-12,SPY,108.5799789428711,138.7899932861328,138.89999389648438,137.02999877929688,137.1300048828125,154321500
2012-04-13,SPY,107.28911590576172,137.13999938964844,138.82000732421875,137.00999450683594,138.47000122070312,169246700
2012-04-16,SPY,107.21871185302734,137.0500030517578,138.0399932861328,136.5800018310547,137.83999633789062,147825300
2012-04-17,SPY,108.80685424804688,139.0800018310547,139.36000061035156,137.6999969482422,137.83999633789062,147877600
2012-04-18,SPY,108.43914031982422,138.61000061035156,139.0800018310547,138.3800048828125,138.4600067138672,123884200
2012-04-19,SPY,107.74284362792969,137.72000122070312,139.14999389648438,137.07000732421875,138.6300048828125,198666700
2012-04-20,SPY,107.92281341552734,137.9499969482422,138.8300018310547,137.8699951171875,138.3300018310547,143199600
2012-04-23,SPY,107.01528930664062,136.7899932861328,136.91000366210938,135.94000244140625,136.5399932861328,171844900
2012-04-24,SPY,107.42210388183594,137.30999755859375,137.66000366210938,136.8000030517578,136.91000366210938,137484200
2012-04-25,SPY,108.89291381835938,139.19000244140625,139.25,138.52999877929688,138.64999389648438,150252200
2012-04-26,SPY,109.65177917480469,140.16000366210938,140.32000732421875,138.80999755859375,138.88999938964844,136291600
2012-04-27,SPY,109.83169555664062,140.38999938964844,140.7899932861328,139.8000030517578,140.5800018310547,130725000
2012-04-30,SPY,109.42486572265625,139.8699951171875,140.2100067138672,139.49000549316406,140.11000061035156,115092200
2012-05-01,SPY,110.10552978515625,140.74000549316406,141.66000366210938,139.6300048828125,139.7899932861328,138832200
2012-05-02,SPY,109.77693176269531,140.32000732421875,140.4600067138672,139.4600067138672,139.9199981689453,121081000
2012-05-03,SPY,108.93982696533203,139.25,140.4499969482422,138.99000549316406,140.33999633789062,143759700
2012-05-04,SPY,107.17955017089844,137.0,139.3000030517578,136.9199981689453,138.52000427246094,193927300
2012-05-07,SPY,107.25777435302734,137.10000610351562,137.55999755859375,136.4600067138672,136.50999450683594,127765900
2012-05-08,SPY,106.82756042480469,136.5500030517578,136.77000427246094,134.9199981689453,136.27999877929688,213377700
2012-05-09,SPY,106.19386291503906,135.74000549316406,136.61000061035156,134.49000549316406,135.10000610351562,220752500
2012-05-10,SPY,106.41293334960938,136.02000427246094,136.85000610351562,135.7100067138672,136.67999267578125,150600000
2012-05-11,SPY,106.09212493896484,135.61000061035156,136.8699951171875,135.11000061035156,135.1699981689453,153032400
2012-05-14,SPY,104.9186782836914,134.11000061035156,135.61000061035156,133.91000366210938,134.30999755859375,163910000
2012-05-15,SPY,104.3162612915039,133.33999633789062,134.80999755859375,133.1300048828125,134.02000427246094,207629300
2012-05-16,SPY,103.91727447509766,132.8300018310547,134.5500030517578,132.8000030517578,133.94000244140625,207265500
2012-05-17,SPY,102.37606811523438,130.86000061035156,133.02000427246094,130.7899932861328,132.86000061035156,247992900
2012-05-18,SPY,101.49984741210938,129.74000549316406,131.60000610351562,129.5500030517578,131.3699951171875,319615900
2012-05-21,SPY,103.24446105957031,131.97000122070312,132.02000427246094,129.9499969482422,130.16000366210938,177861100
2012-05-22,SPY,103.42440795898438,132.1999969482422,133.22999572753906,131.33999633789062,132.30999755859375,197531200
2012-05-23,SPY,103.4791488647461,132.27000427246094,132.4600067138672,129.99000549316406,131.25,204958400
2012-05-24,SPY,103.68255615234375,132.52999877929688,132.83999633789062,131.4199981689453,132.6300048828125,167357600
2012-05-25,SPY,103.34616088867188,132.10000610351562,132.85000610351562,131.77999877929688,132.47999572753906,135465600
2012-05-29,SPY,104.59788513183594,133.6999969482422,133.92999267578125,131.1699981689453,133.16000366210938,152883500
2012-05-30,SPY,103.08016204833984,131.75999450683594,133.69000244140625,131.49000549316406,132.55999755859375,162370400
2012-05-31,SPY,102.85326385498047,131.47000122070312,132.4499969482422,130.33999633789062,131.7100067138672,196186000
2012-06-01,SPY,100.26378631591797,128.16000366210938,131.5,128.16000366210938,129.41000366210938,253240900
2012-06-04,SPY,100.21684265136719,128.10000610351562,128.74000549316406,127.13999938964844,128.38999938964844,202545800
2012-06-05,SPY,100.9756851196289,129.07000732421875,129.25999450683594,127.77999877929688,127.8499984741211,164149400
2012-06-06,SPY,103.24446105957031,131.97000122070312,132.02999877929688,129.92999267578125,129.97000122070312,184202800
2012-06-07,SPY,103.30706024169922,132.0500030517578,133.52999877929688,131.77999877929688,133.47000122070312,184772700
2012-06-08,SPY,104.12849426269531,133.10000610351562,133.1300048828125,131.2899932861328,131.7100067138672,143915400
2012-06-11,SPY,102.80635833740234,131.41000366210938,134.25,131.27999877929688,134.1699981689453,169756100
2012-06-12,SPY,103.98764038085938,132.9199981689453,133.00999450683594,131.16000366210938,131.7899932861328,181931800
2012-06-13,SPY,103.32270050048828,132.07000732421875,133.36000061035156,131.6199951171875,132.52999877929688,172223900
2012-06-14,SPY,104.4179916381836,133.47000122070312,134.0,131.97999572753906,132.33999633789062,230615500
2012-06-15,SPY,105.48583221435547,134.13999938964844,134.25999450683594,133.10000610351562,133.3800048828125,169444500
2012-06-18,SPY,105.69032287597656,134.39999389648438,134.72999572753906,133.27999877929688,133.5800018310547,131360900
2012-06-19,SPY,106.71260833740234,135.6999969482422,136.25,134.3699951171875,135.0800018310547,137382600
2012-06-20,SPY,106.53960418701172,135.47999572753906,136.10000610351562,134.27000427246094,135.7100067138672,206451800
2012-06-21,SPY,104.14904022216797,132.44000244140625,135.77999877929688,132.3300018310547,135.63999938964844,205272200
2012-06-22,SPY,104.95112609863281,133.4600067138672,133.7100067138672,132.6199951171875,133.1300048828125,130029200
2012-06-25,SPY,103.26824188232422,131.32000732421875,132.10000610351562,130.85000610351562,132.0500030517578,146375700
2012-06-26,SPY,103.78728485107422,131.97999572753906,132.3800048828125,130.92999267578125,131.6999969482422,141634000
2012-06-27,SPY,104.72305297851562,133.1699981689453,133.42999267578125,131.97000122070312,132.4199981689453,108088000
2012-06-28,SPY,104.42426300048828,132.7899932861328,132.99000549316406,131.27999877929688,132.2899932861328,169242100
2012-06-29,SPY,107.02721405029297,136.10000610351562,136.27000427246094,134.85000610351562,135.1999969482422,212250900
2012-07-02,SPY,107.34962463378906,136.50999450683594,136.64999389648438,135.52000427246094,136.47999572753906,129524500
2012-07-03,SPY,108.05731201171875,137.41000366210938,137.50999450683594,136.33999633789062,136.47999572753906,80450000
2012-07-05,SPY,107.56977844238281,136.7899932861328,137.8000030517578,136.2899932861328,136.89999389648438,126177500
2012-07-06,SPY,106.5474853515625,135.49000549316406,135.77000427246094,134.85000610351562,135.47000122070312,151192100
2012-07-09,SPY,106.41384887695312,135.32000732421875,135.57000732421875,134.6999969482422,135.3800048828125,103780500
2012-07-10,SPY,105.48583221435547,134.13999938964844,136.22999572753906,133.67999267578125,136.00999450683594,167884800
2012-07-11,SPY,105.50157165527344,134.16000366210938,134.60000610351562,133.3800048828125,134.2100067138672,141733400
2012-07-12,SPY,104.99048614501953,133.50999450683594,134.22999572753906,132.60000610351562,133.3800048828125,143583200
2012-07-13,SPY,106.75198364257812,135.75,135.88999938964844,133.83999633789062,133.86000061035156,129642600
2012-07-16,SPY,106.50028991699219,135.42999267578125,135.8300018310547,134.89999389648438,135.44000244140625,97525200
2012-07-17,SPY,107.23162841796875,136.36000061035156,136.63999938964844,134.5500030517578,135.97000122070312,138860300
2012-07-18,SPY,108.02588653564453,137.3699951171875,137.63999938964844,135.9600067138672,136.0399932861328,113349700
2012-07-19,SPY,108.30900573730469,137.72999572753906,138.17999267578125,137.2100067138672,137.64999389648438,129847300
2012-07-20,SPY,107.31814575195312,136.47000122070312,137.16000366210938,136.32000732421875,136.9499969482422,142904500
2012-07-23,SPY,106.23292541503906,135.08999633789062,136.3800048828125,133.83999633789062,134.47000122070312,145210900
2012-07-24,SPY,105.32070922851562,133.92999267578125,135.25,133.02999877929688,135.19000244140625,173301200
2012-07-25,SPY,105.34432220458984,133.9600067138672,134.55999755859375,133.25,134.2100067138672,129122300
2012-07-26,SPY,107.08222198486328,136.1699981689453,136.4600067138672,135.25999450683594,135.88999938964844,156526500
2012-07-27,SPY,109.05606079101562,138.67999267578125,139.07000732421875,136.13999938964844,136.88999938964844,236768900
2012-07-30,SPY,109.05606079101562,138.67999267578125,139.33999633789062,138.27000427246094,138.52000427246094,106782000
2012-07-31,SPY,108.29330444335938,137.7100067138672,138.8699951171875,137.7100067138672,138.49000549316406,120575900
2012-08-01,SPY,108.19888305664062,137.58999633789062,138.72999572753906,137.39999389648438,138.6999969482422,138293800
2012-08-02,SPY,107.45185089111328,136.63999938964844,137.57000732421875,135.5800018310547,136.5500030517578,199556600
2012-08-03,SPY,109.58293914794922,139.35000610351562,139.63999938964844,136.67999267578125,138.55999755859375,157825000
2012-08-06,SPY,109.79528045654297,139.6199951171875,140.1699981689453,139.55999755859375,139.72000122070312,86326200
2012-08-07,SPY,110.34573364257812,140.32000732421875,140.9199981689453,140.02999877929688,140.17999267578125,109545100
2012-08-08,SPY,110.47943115234375,140.49000549316406,140.64999389648438,139.80999755859375,139.85000610351562,89754700
2012-08-09,SPY,110.57377624511719,140.61000061035156,140.88999938964844,140.14999389648438,140.2899932861328,90291700
2012-08-10,SPY,110.75468444824219,140.83999633789062,140.88999938964844,139.80999755859375,140.0399932861328,99792700
2012-08-13,SPY,110.69965362548828,140.77000427246094,140.83999633789062,140.0399932861328,140.60000610351562,79426900
2012-08-14,SPY,110.71527862548828,140.7899932861328,141.3800048828125,140.3699951171875,141.2899932861328,102379400
2012-08-15,SPY,110.84114837646484,140.9499969482422,141.19000244140625,140.5500030517578,140.63999938964844,71085900
2012-08-16,SPY,111.65896606445312,141.99000549316406,142.16000366210938,140.8000030517578,141.14999389648438,112014200
2012-08-17,SPY,111.80840301513672,142.17999267578125,142.3000030517578,141.86000061035156,142.22999572753906,90813700
2012-08-20,SPY,111.81626892089844,142.19000244140625,142.22000122070312,141.58999633789062,141.97999572753906,78255700
2012-08-21,SPY,111.47813415527344,141.75999450683594,143.08999633789062,141.4499969482422,142.5399932861328,105581100
2012-08-22,SPY,111.52533721923828,141.82000732421875,142.0500030517578,141.07000732421875,141.39999389648438,133243500
2012-08-23,SPY,110.61312866210938,140.66000366210938,141.47999572753906,140.44000244140625,141.47000122070312,111466400
2012-08-24,SPY,111.28154754638672,141.50999450683594,141.8300018310547,140.22000122070312,140.30999755859375,99481200
2012-08-27,SPY,111.30514526367188,141.5399932861328,142.0800018310547,141.33999633789062,141.88999938964844,68785900
2012-08-28,SPY,111.19501495361328,141.39999389648438,141.83999633789062,140.97000122070312,141.17999267578125,75689600
2012-08-29,SPY,111.28154754638672,141.50999450683594,141.88999938964844,141.1199951171875,141.52000427246094,65421300
2012-08-30,SPY,110.47943115234375,140.49000549316406,140.94000244140625,140.19000244140625,140.89999389648438,96589900
2012-08-31,SPY,111.00629425048828,141.16000366210938,141.82000732421875,140.36000061035156,141.2899932861328,151970400
2012-09-04,SPY,110.90406799316406,141.02999877929688,141.4600067138672,140.1300048828125,141.0399932861328,120226200
2012-09-05,SPY,110.8096694946289,140.91000366210938,141.47000122070312,140.6300048828125,141.08999633789062,100660300
2012-09-06,SPY,113.0588150024414,143.77000427246094,143.77999877929688,141.75,141.75999450683594,158272500
2012-09-07,SPY,113.49916076660156,144.3300018310547,144.38999938964844,143.8800048828125,144.00999450683594,107272100
2012-09-10,SPY,112.85429382324219,143.50999450683594,144.44000244140625,143.4600067138672,144.19000244140625,86458500
2012-09-11,SPY,113.16886901855469,143.91000366210938,144.3699951171875,143.55999755859375,143.60000610351562,88760000
2012-09-12,SPY,113.54630279541016,144.38999938964844,144.5500030517578,143.89999389648438,144.38999938964844,87640900
2012-09-13,SPY,115.2763900756836,146.58999633789062,147.0399932861328,143.99000549316406,144.3699951171875,225470200
2012-09-14,SPY,115.78755187988281,147.24000549316406,148.11000061035156,146.75999450683594,146.8800048828125,169777000
2012-09-17,SPY,115.39434051513672,146.74000549316406,147.19000244140625,146.3699951171875,146.94000244140625,119427800
2012-09-18,SPY,115.30000305175781,146.6199951171875,146.80999755859375,146.25,146.49000549316406,98326600
2012-09-19,SPY,115.36288452148438,146.6999969482422,147.1699981689453,146.41000366210938,146.7899932861328,128318300
2012-09-20,SPY,115.37074279785156,146.7100067138672,146.7899932861328,145.6300048828125,146.02999877929688,154009800
2012-09-21,SPY,115.3225326538086,145.8699951171875,146.6699981689453,145.80999755859375,146.63999938964844,108737500
2012-09-24,SPY,115.14856719970703,145.64999389648438,145.97999572753906,145.0399932861328,145.14999389648438,95682000
2012-09-25,SPY,113.92321014404297,144.10000610351562,146.24000549316406,144.05999755859375,145.9600067138672,133165200
2012-09-26,SPY,113.28280639648438,143.2899932861328,144.11000061035156,142.9499969482422,144.07000732421875,146502200
2012-09-27,SPY,114.35012817382812,144.63999938964844,144.97000122070312,143.50999450683594,143.88999938964844,111830300
2012-09-28,SPY,113.82041931152344,143.97000122070312,144.55999755859375,143.4600067138672,144.08999633789062,150696100
2012-10-01,SPY,114.12084197998047,144.35000610351562,145.69000244140625,144.00999450683594,144.52000427246094,135911200
2012-10-02,SPY,114.23944091796875,144.5,145.14999389648438,143.8300018310547,144.9199981689453,113422200
2012-10-03,SPY,114.70590209960938,145.08999633789062,145.42999267578125,144.1300048828125,144.88999938964844,121283100
2012-10-04,SPY,115.5280990600586,146.1300048828125,146.33999633789062,145.44000244140625,145.63999938964844,124311600
2012-10-05,SPY,115.53599548339844,146.13999938964844,147.16000366210938,145.6999969482422,146.91000366210938,124842100
2012-10-08,SPY,115.14071655273438,145.63999938964844,146.1199951171875,145.30999755859375,145.60000610351562,78415400
2012-10-09,SPY,114.0022201538086,144.1999969482422,145.64999389648438,144.14999389648438,145.52999877929688,148872900
2012-10-10,SPY,113.27495574951172,143.27999877929688,144.32000732421875,143.08999633789062,144.17999267578125,124247500
2012-10-11,SPY,113.3381576538086,143.36000061035156,144.49000549316406,143.3300018310547,144.27999877929688,123601500
2012-10-12,SPY,112.96656036376953,142.88999938964844,143.9499969482422,142.5800018310547,143.4600067138672,124181900
2012-10-15,SPY,113.90738677978516,144.0800018310547,144.22999572753906,142.77000427246094,143.22999572753906,107689100
2012-10-16,SPY,115.06161499023438,145.5399932861328,145.63999938964844,144.66000366210938,144.75999450683594,108815500
2012-10-17,SPY,115.58342742919922,146.1999969482422,146.32000732421875,145.4199981689453,145.63999938964844,128834100
2012-10-18,SPY,115.28300476074219,145.82000732421875,146.52000427246094,145.3300018310547,145.82000732421875,148108500
2012-10-19,SPY,113.36187744140625,143.38999938964844,145.55999755859375,143.0500030517578,145.5500030517578,185645200
2012-10-22,SPY,113.37769317626953,143.41000366210938,143.6699981689453,142.27999877929688,143.14999389648438,125578600
2012-10-23,SPY,111.80440521240234,141.4199981689453,142.05999755859375,140.8300018310547,141.86000061035156,192056300
2012-10-24,SPY,111.48820495605469,141.02000427246094,142.10000610351562,140.8000030517578,141.92999267578125,120179400
2012-10-25,SPY,111.81232452392578,141.42999267578125,142.27999877929688,140.57000732421875,142.02000427246094,134457400
2012-10-26,SPY,111.74909973144531,141.35000610351562,141.83999633789062,140.38999938964844,141.3000030517578,146023500
2012-10-31,SPY,111.74909973144531,141.35000610351562,142.02999877929688,140.67999267578125,141.85000610351562,103438500
2012-11-01,SPY,112.91912841796875,142.8300018310547,143.00999450683594,141.52000427246094,141.64999389648438,100995600
2012-11-02,SPY,111.91510772705078,141.55999755859375,143.72000122070312,141.41000366210938,143.67999267578125,137702200
2012-11-05,SPY,112.1444091796875,141.85000610351562,142.1699981689453,140.92999267578125,141.35000610351562,98378500
2012-11-06,SPY,113.02192687988281,142.9600067138672,143.52000427246094,142.1300048828125,142.27999877929688,107068100
2012-11-07,SPY,110.46044921875,139.72000122070312,141.67999267578125,139.05999755859375,141.66000366210938,264304500
2012-11-08,SPY,109.13223266601562,138.0399932861328,140.41000366210938,137.92999267578125,139.6999969482422,181517300
2012-11-09,SPY,109.22714233398438,138.16000366210938,139.44000244140625,137.5500030517578,137.6199951171875,201055300
2012-11-12,SPY,109.31412506103516,138.27000427246094,138.80999755859375,137.9600067138672,138.58999633789062,97677500
2012-11-13,SPY,108.93455505371094,137.7899932861328,139.25,137.36000061035156,137.5399932861328,123018300
2012-11-14,SPY,107.46414947509766,135.92999267578125,138.42999267578125,135.6199951171875,138.2100067138672,191505000
2012-11-15,SPY,107.28226470947266,135.6999969482422,136.49000549316406,135.17999267578125,135.97999572753906,178128400
2012-11-16,SPY,107.81196594238281,136.3699951171875,136.63999938964844,134.6999969482422,135.89999389648438,239483900
2012-11-19,SPY,109.99394989013672,139.1300048828125,139.14999389648438,136.41000366210938,137.89999389648438,151495800
2012-11-20,SPY,110.04143524169922,139.19000244140625,139.4199981689453,138.0800018310547,138.91000366210938,119807400
2012-11-21,SPY,110.2469711303711,139.4499969482422,139.57000732421875,139.02999877929688,139.30999755859375,81710800
2012-11-23,SPY,111.74909973144531,141.35000610351562,141.39999389648438,140.0399932861328,140.1300048828125,65409200
2012-11-26,SPY,111.51190948486328,141.0500030517578,141.36000061035156,140.19000244140625,140.64999389648438,100124400
2012-11-27,SPY,110.94269561767578,140.3300018310547,141.38999938964844,140.24000549316406,140.91000366210938,128646200
2012-11-28,SPY,111.83607482910156,141.4600067138672,141.5399932861328,139.0,139.75999450683594,177086500
2012-11-29,SPY,112.35784149169922,142.1199951171875,142.50999450683594,141.3699951171875,141.99000549316406,151085900
2012-11-30,SPY,112.38153839111328,142.14999389648438,142.4199981689453,141.66000366210938,142.13999938964844,136568300
2012-12-03,SPY,111.82816314697266,141.4499969482422,142.9199981689453,141.33999633789062,142.8000030517578,124656300
2012-12-04,SPY,111.6700668334961,141.25,141.8699951171875,140.8699951171875,141.44000244140625,127512200
2012-12-05,SPY,111.86767578125,141.5,142.16000366210938,140.3699951171875,141.3699951171875,147300500
2012-12-06,SPY,112.24713134765625,141.97999572753906,142.0399932861328,141.16000366210938,141.3699951171875,103220600
2012-12-07,SPY,112.58709716796875,142.41000366210938,142.69000244140625,141.6699981689453,142.52999877929688,108726400
2012-12-10,SPY,112.634521484375,142.47000122070312,142.80999755859375,142.14999389648438,142.2100067138672,98840700
2012-12-11,SPY,113.40139770507812,143.44000244140625,144.11000061035156,142.99000549316406,143.05999755859375,152570400
2012-12-12,SPY,113.45672607421875,143.50999450683594,144.5500030517578,143.30999755859375,144.0,145880100
2012-12-13,SPY,112.76106262207031,142.6300048828125,143.8300018310547,142.27000427246094,143.4199981689453,135715000
2012-12-14,SPY,112.34201049804688,142.10000610351562,142.5800018310547,141.8800048828125,142.32000732421875,137701700
2012-12-17,SPY,113.6623306274414,143.77000427246094,143.85000610351562,142.42999267578125,142.47000122070312,143238200
2012-12-18,SPY,114.92723846435547,145.3699951171875,145.5,143.7899932861328,144.0,177762800
2012-12-19,SPY,114.07337951660156,144.2899932861328,145.5800018310547,144.24000549316406,145.52999877929688,150895400
2012-12-20,SPY,114.72962951660156,145.1199951171875,145.13999938964844,143.97999572753906,144.3800048828125,168487000
2012-12-21,SPY,113.68815612792969,142.7899932861328,144.08999633789062,141.94000244140625,142.1699981689453,245883800
2012-12-24,SPY,113.33786010742188,142.35000610351562,142.55999755859375,142.19000244140625,142.47999572753906,53874600
2012-12-26,SPY,112.86014556884766,141.75,142.7100067138672,141.35000610351562,142.63999938964844,106947700
2012-12-27,SPY,112.70884704589844,141.55999755859375,142.0800018310547,139.9199981689453,141.7899932861328,167920600
2012-12-28,SPY,111.49071502685547,140.02999877929688,141.4199981689453,139.8699951171875,140.63999938964844,148806700
2012-12-31,SPY,113.38561248779297,142.41000366210938,142.55999755859375,139.5399932861328,139.66000366210938,243935200
2013-01-02,SPY,116.29171752929688,146.05999755859375,146.14999389648438,144.72999572753906,145.11000061035156,192059000
2013-01-03,SPY,116.02896118164062,145.72999572753906,146.3699951171875,145.33999633789062,145.99000549316406,144761800
2013-01-04,SPY,116.53854370117188,146.3699951171875,146.61000061035156,145.6699981689453,145.97000122070312,116817700
2013-01-07,SPY,116.2200698852539,145.97000122070312,146.11000061035156,145.42999267578125,145.85000610351562,110002500
2013-01-08,SPY,115.88568878173828,145.5500030517578,145.91000366210938,144.97999572753906,145.7100067138672,121265100
2013-01-09,SPY,116.18024444580078,145.9199981689453,146.32000732421875,145.63999938964844,145.8699951171875,90745600
2013-01-10,SPY,117.10381317138672,147.0800018310547,147.08999633789062,145.97000122070312,146.72999572753906,130735400
2013-01-11,SPY,117.09589385986328,147.07000732421875,147.14999389648438,146.61000061035156,147.0399932861328,113917300
2013-01-14,SPY,117.0162582397461,146.97000122070312,147.07000732421875,146.42999267578125,146.88999938964844,89567200
2013-01-15,SPY,117.09589385986328,147.07000732421875,147.2100067138672,146.1999969482422,146.2899932861328,93172600
2013-01-16,SPY,117.07994079589844,147.0500030517578,147.27999877929688,146.61000061035156,146.77000427246094,104849500
2013-01-17,SPY,117.8363037109375,148.0,148.4199981689453,147.14999389648438,147.6999969482422,133833500
2013-01-18,SPY,118.09912872314453,148.3300018310547,148.49000549316406,147.42999267578125,147.97000122070312,169906000
2013-01-22,SPY,118.73603057861328,149.1300048828125,149.1300048828125,147.97999572753906,148.3300018310547,111797300
2013-01-23,SPY,118.92713928222656,149.3699951171875,149.5,148.86000061035156,149.1300048828125,104596100
2013-01-24,SPY,118.9589614868164,149.41000366210938,150.13999938964844,149.00999450683594,149.14999389648438,146426400
2013-01-25,SPY,119.62777709960938,150.25,150.25,149.3699951171875,149.8800048828125,147211600
2013-01-28,SPY,119.48446655273438,150.07000732421875,150.3300018310547,149.50999450683594,150.2899932861328,113357700
2013-01-29,SPY,119.9542465209961,150.66000366210938,150.85000610351562,149.6699981689453,149.77000427246094,105694400
2013-01-30,SPY,119.48446655273438,150.07000732421875,150.94000244140625,149.92999267578125,150.63999938964844,137447700
2013-01-31,SPY,119.1898422241211,149.6999969482422,150.3800048828125,149.60000610351562,149.88999938964844,108975800
2013-02-01,SPY,120.41597747802734,151.24000549316406,151.4199981689453,150.38999938964844,150.64999389648438,131173000
2013-02-04,SPY,119.06248474121094,149.5399932861328,151.27000427246094,149.42999267578125,150.32000732421875,159073600
2013-02-05,SPY,120.26468658447266,151.0500030517578,151.47999572753906,150.2899932861328,150.35000610351562,113912400
2013-02-06,SPY,120.35233306884766,151.16000366210938,151.25999450683594,150.41000366210938,150.52000427246094,138762800
2013-02-07,SPY,120.19306182861328,150.9600067138672,151.35000610351562,149.86000061035156,151.2100067138672,162490000
2013-02-08,SPY,120.8618392944336,151.8000030517578,151.88999938964844,151.22000122070312,151.22000122070312,103133700
2013-02-11,SPY,120.8380355834961,151.77000427246094,151.89999389648438,151.38999938964844,151.74000549316406,73775000
2013-02-12,SPY,121.03702545166016,152.02000427246094,152.3000030517578,151.61000061035156,151.77999877929688,65392700
2013-02-13,SPY,121.14051818847656,152.14999389648438,152.61000061035156,151.72000122070312,152.3300018310547,82322600
2013-02-14,SPY,121.25198364257812,152.2899932861328,152.47000122070312,151.52000427246094,151.69000244140625,80834300
2013-02-15,SPY,121.1086654663086,152.11000061035156,152.58999633789062,151.5500030517578,152.42999267578125,215226500
2013-02-19,SPY,122.016357421875,153.25,153.27999877929688,152.16000366210938,152.3699951171875,95105400
2013-02-20,SPY,120.4955825805664,151.33999633789062,153.19000244140625,151.25999450683594,153.13999938964844,160574800
2013-02-21,SPY,119.76309967041016,150.4199981689453,151.4199981689453,149.94000244140625,150.9600067138672,183257000
2013-02-22,SPY,120.93350219726562,151.88999938964844,151.88999938964844,150.49000549316406,151.14999389648438,106356600
2013-02-25,SPY,118.63252258300781,149.0,152.86000061035156,149.0,152.6300048828125,245824800
2013-02-26,SPY,119.44464874267578,150.02000427246094,150.1999969482422,148.72999572753906,149.72000122070312,186596200
2013-02-27,SPY,120.94944763183594,151.91000366210938,152.3300018310547,149.75999450683594,149.88999938964844,150781900
2013-02-28,SPY,120.71063995361328,151.61000061035156,152.8699951171875,151.41000366210938,151.89999389648438,126866000
2013-03-01,SPY,121.1086654663086,152.11000061035156,152.33999633789062,150.41000366210938,151.08999633789062,170634800
2013-03-04,SPY,121.75354766845703,152.9199981689453,152.9199981689453,151.52000427246094,151.75999450683594,99010200
2013-03-05,SPY,122.84439086914062,154.2899932861328,154.6999969482422,153.63999938964844,153.66000366210938,121431900
2013-03-06,SPY,123.0115966796875,154.5,154.9199981689453,154.16000366210938,154.83999633789062,94469900
2013-03-07,SPY,123.23454284667969,154.77999877929688,154.97999572753906,154.52000427246094,154.6999969482422,86101400
2013-03-08,SPY,123.760009765625,155.44000244140625,155.64999389648438,154.66000366210938,155.4600067138672,123477800
2013-03-11,SPY,124.22970581054688,156.02999877929688,156.0399932861328,155.1300048828125,155.32000732421875,83746800
2013-03-12,SPY,123.9510726928711,155.67999267578125,156.10000610351562,155.2100067138672,155.9199981689453,105755800
2013-03-13,SPY,124.12622833251953,155.89999389648438,156.1199951171875,155.22999572753906,155.75999450683594,92550900
2013-03-14,SPY,124.787109375,156.72999572753906,156.8000030517578,155.91000366210938,156.30999755859375,126329900
2013-03-15,SPY,124.62234497070312,155.8300018310547,156.0399932861328,155.30999755859375,155.85000610351562,138601100
2013-03-18,SPY,123.93457794189453,154.97000122070312,155.63999938964844,154.1999969482422,154.33999633789062,126704300
2013-03-19,SPY,123.64668273925781,154.61000061035156,155.50999450683594,153.58999633789062,155.3000030517578,167567300
2013-03-20,SPY,124.5103759765625,155.69000244140625,155.9499969482422,155.25999450683594,155.52000427246094,113759300
2013-03-21,SPY,123.44679260253906,154.36000061035156,155.63999938964844,154.10000610351562,154.75999450683594,128605000
2013-03-22,SPY,124.43840789794922,155.60000610351562,155.60000610351562,154.72999572753906,154.85000610351562,111163600
2013-03-25,SPY,123.91852569580078,154.9499969482422,156.27000427246094,154.35000610351562,156.00999450683594,151322300
2013-03-26,SPY,124.91026306152344,156.19000244140625,156.22999572753906,155.4199981689453,155.58999633789062,86856600
2013-03-27,SPY,124.91026306152344,156.19000244140625,156.24000549316406,155.0,155.25999450683594,99950600
2013-03-28,SPY,125.29410552978516,156.6699981689453,156.85000610351562,155.75,156.08999633789062,102932800
2013-04-01,SPY,124.79825592041016,156.0500030517578,156.91000366210938,155.6699981689453,156.58999633789062,99194100
2013-04-02,SPY,125.4140625,156.82000732421875,157.2100067138672,156.3699951171875,156.61000061035156,101504300
2013-04-03,SPY,124.14250946044922,155.22999572753906,157.02999877929688,154.82000732421875,156.91000366210938,154167400
2013-04-04,SPY,124.64634704589844,155.86000061035156,156.1699981689453,155.08999633789062,155.42999267578125,131885000
2013-04-05,SPY,124.08650970458984,155.16000366210938,155.35000610351562,153.77000427246094,153.9499969482422,159666000
2013-04-08,SPY,124.9262466430664,156.2100067138672,156.22000122070312,154.75,155.27000427246094,86571200
2013-04-09,SPY,125.35810089111328,156.75,157.32000732421875,155.97999572753906,156.5,101922200
2013-04-10,SPY,126.8935775756836,158.6699981689453,158.8699951171875,157.1300048828125,157.1699981689453,135711100
2013-04-11,SPY,127.3094482421875,159.19000244140625,159.7100067138672,158.5399932861328,158.6999969482422,110142500
2013-04-12,SPY,126.99747467041016,158.8000030517578,159.0399932861328,157.9199981689453,158.67999267578125,116359900
2013-04-15,SPY,124.05449676513672,155.1199951171875,158.1300048828125,155.10000610351562,158.0,217259000
2013-04-16,SPY,125.88591003417969,157.41000366210938,157.49000549316406,155.91000366210938,156.2899932861328,147507800
2013-04-17,SPY,124.04651641845703,155.11000061035156,156.32000732421875,154.27999877929688,156.2899932861328,226834800
2013-04-18,SPY,123.2707748413086,154.13999938964844,155.41000366210938,153.5500030517578,155.3699951171875,167583200
2013-04-19,SPY,124.34244537353516,155.47999572753906,155.5500030517578,154.1199951171875,154.5,149687600
2013-04-22,SPY,124.89420318603516,156.1699981689453,156.5399932861328,154.75,155.77999877929688,106553500
2013-04-23,SPY,126.18180847167969,157.77999877929688,157.92999267578125,156.1699981689453,156.9499969482422,166141300
2013-04-24,SPY,126.26181030273438,157.8800048828125,158.3000030517578,157.5399932861328,157.8300018310547,96781200
2013-04-25,SPY,126.77362823486328,158.52000427246094,159.27000427246094,158.10000610351562,158.33999633789062,131060600
2013-04-26,SPY,126.54969787597656,158.24000549316406,158.60000610351562,157.72999572753906,158.3300018310547,95918800
2013-04-29,SPY,127.39739990234375,159.3000030517578,159.64999389648438,158.4199981689453,158.6699981689453,88572800
2013-04-30,SPY,127.70130157470703,159.67999267578125,159.72000122070312,158.61000061035156,159.27000427246094,116010700
2013-05-01,SPY,126.58169555664062,158.27999877929688,159.41000366210938,158.10000610351562,159.3300018310547,138874200
2013-05-02,SPY,127.75727081298828,159.75,159.88999938964844,158.52999877929688,158.67999267578125,96407600
2013-05-03,SPY,129.05288696289062,161.3699951171875,161.8800048828125,159.77999877929688,161.13999938964844,144202300
2013-05-06,SPY,129.38075256347656,161.77999877929688,162.00999450683594,161.4199981689453,161.49000549316406,66882100
2013-05-07,SPY,130.03656005859375,162.60000610351562,162.64999389648438,161.6699981689453,162.1300048828125,90359200
2013-05-08,SPY,130.62831115722656,163.33999633789062,163.38999938964844,162.3300018310547,162.4199981689453,97419200
2013-05-09,SPY,130.26043701171875,162.8800048828125,163.6999969482422,162.47000122070312,163.27000427246094,106738600
2013-05-10,SPY,130.68429565429688,163.41000366210938,163.5500030517578,162.50999450683594,162.99000549316406,103203000
2013-05-13,SPY,130.78823852539062,163.5399932861328,163.80999755859375,162.82000732421875,163.1999969482422,81843200
2013-05-14,SPY,132.1398468017578,165.22999572753906,165.35000610351562,163.6699981689453,163.6699981689453,119000900
2013-05-15,SPY,132.85157775878906,166.1199951171875,166.4499969482422,164.91000366210938,164.9600067138672,120718500
2013-05-16,SPY,132.22781372070312,165.33999633789062,166.36000061035156,165.08999633789062,165.77999877929688,109913600
2013-05-17,SPY,133.50735473632812,166.94000244140625,167.0399932861328,165.72999572753906,165.9499969482422,129801000
2013-05-20,SPY,133.49932861328125,166.92999267578125,167.5800018310547,166.61000061035156,166.77999877929688,85071200
2013-05-21,SPY,133.69126892089844,167.1699981689453,167.8000030517578,166.5,167.0800018310547,95804200
2013-05-22,SPY,132.6996307373047,165.92999267578125,169.07000732421875,165.1699981689453,167.33999633789062,244031800
2013-05-23,SPY,132.31576538085938,165.4499969482422,165.91000366210938,163.94000244140625,164.16000366210938,211064400
2013-05-24,SPY,132.20376586914062,165.30999755859375,165.3800048828125,163.97999572753906,164.47000122070312,151573900
2013-05-28,SPY,132.9955596923828,166.3000030517578,167.77999877929688,165.80999755859375,167.0399932861328,143679800
2013-05-29,SPY,132.13185119628906,165.22000122070312,165.8000030517578,164.33999633789062,165.4199981689453,160363400
2013-05-30,SPY,132.61959838867188,165.8300018310547,166.58999633789062,165.22000122070312,165.35000610351562,107793800
2013-05-31,SPY,130.71629333496094,163.4499969482422,166.30999755859375,163.1300048828125,165.3699951171875,176850100
2013-06-03,SPY,131.4361114501953,164.35000610351562,164.4600067138672,162.66000366210938,163.8300018310547,168390700
2013-06-04,SPY,130.8042755126953,163.55999755859375,165.10000610351562,162.72999572753906,164.44000244140625,157631500
2013-06-05,SPY,128.97286987304688,161.27000427246094,163.4199981689453,161.1300048828125,163.08999633789062,211737800
2013-06-06,SPY,130.14051818847656,162.72999572753906,162.74000549316406,160.25,161.1999969482422,200225500
2013-06-07,SPY,131.7959442138672,164.8000030517578,164.9499969482422,163.13999938964844,163.85000610351562,188337800
2013-06-10,SPY,131.7959442138672,164.8000030517578,165.39999389648438,164.3699951171875,165.30999755859375,105667100
2013-06-11,SPY,130.4364013671875,163.10000610351562,164.5399932861328,162.74000549316406,163.3000030517578,159505400
2013-06-12,SPY,129.356689453125,161.75,164.38999938964844,161.60000610351562,164.22000122070312,177361500
2013-06-13,SPY,131.32415771484375,164.2100067138672,164.5,161.3000030517578,161.66000366210938,163587800
2013-06-14,SPY,130.50038146972656,163.17999267578125,164.6699981689453,162.91000366210938,164.02999877929688,141197500
2013-06-17,SPY,131.50804138183594,164.44000244140625,165.22000122070312,163.22000122070312,164.2899932861328,136295600
2013-06-18,SPY,132.54763793945312,165.74000549316406,165.99000549316406,164.52000427246094,164.52999877929688,114695600
2013-06-19,SPY,130.71629333496094,163.4499969482422,165.88999938964844,163.3800048828125,165.60000610351562,206149500
2013-06-20,SPY,127.47734832763672,159.39999389648438,163.47000122070312,158.97999572753906,161.86000061035156,321255900
2013-06-21,SPY,127.8866195678711,159.07000732421875,159.75999450683594,157.47000122070312,159.63999938964844,271956800
2013-06-24,SPY,126.27059173583984,157.05999755859375,158.42999267578125,155.72999572753906,157.41000366210938,222329000
2013-06-25,SPY,127.48461151123047,158.57000732421875,160.10000610351562,157.4199981689453,158.47999572753906,162262200
2013-06-26,SPY,128.74681091308594,160.13999938964844,160.5,159.25,159.8699951171875,134848000
2013-06-27,SPY,129.5025177001953,161.0800018310547,161.82000732421875,160.9499969482422,161.10000610351562,129483700
2013-06-28,SPY,128.97195434570312,160.4199981689453,161.39999389648438,159.86000061035156,160.6300048828125,160402900
2013-07-01,SPY,129.72764587402344,161.36000061035156,162.47999572753906,161.0800018310547,161.25999450683594,131954800
2013-07-02,SPY,129.60708618164062,161.2100067138672,162.3000030517578,160.5,161.1199951171875,154863700
2013-07-03,SPY,129.663330078125,161.27999877929688,161.77000427246094,160.22000122070312,160.47999572753906,75216400
2013-07-05,SPY,131.06227111816406,163.02000427246094,163.0800018310547,161.3000030517578,162.47000122070312,122416900
2013-07-08,SPY,131.80996704101562,163.9499969482422,164.38999938964844,163.0800018310547,163.86000061035156,108092500
2013-07-09,SPY,132.758544921875,165.1300048828125,165.3300018310547,164.27000427246094,164.97999572753906,119298000
2013-07-10,SPY,132.80685424804688,165.19000244140625,165.75,164.6300048828125,164.97000122070312,121410100
2013-07-11,SPY,134.61578369140625,167.44000244140625,167.61000061035156,165.17999267578125,167.11000061035156,135592200
2013-07-12,SPY,134.6720733642578,167.50999450683594,167.92999267578125,167.1300048828125,167.38999938964844,104212700
2013-07-15,SPY,135.1865692138672,168.14999389648438,168.38999938964844,167.67999267578125,167.97000122070312,69450600
2013-07-16,SPY,134.6800994873047,167.52000427246094,168.36000061035156,167.07000732421875,168.25999450683594,88702100
2013-07-17,SPY,135.0258026123047,167.9499969482422,168.47999572753906,167.72999572753906,168.16000366210938,92873900
2013-07-18,SPY,135.76544189453125,168.8699951171875,169.27000427246094,168.1999969482422,168.30999755859375,103620100
2013-07-19,SPY,136.0066375732422,169.1699981689453,169.22999572753906,168.30999755859375,168.52000427246094,103831700
2013-07-22,SPY,136.2719268798828,169.5,169.74000549316406,169.00999450683594,169.41000366210938,79428600
2013-07-23,SPY,135.98251342773438,169.13999938964844,169.8300018310547,169.0500030517578,169.8000030517578,80829700
2013-07-24,SPY,135.4840850830078,168.52000427246094,169.86000061035156,168.17999267578125,169.7899932861328,112914000
2013-07-25,SPY,135.8136749267578,168.92999267578125,169.0800018310547,167.94000244140625,168.22000122070312,111088600
2013-07-26,SPY,135.9584197998047,169.11000061035156,169.16000366210938,167.52000427246094,168.22000122070312,107814600
2013-07-29,SPY,135.54029846191406,168.58999633789062,169.05999755859375,168.11000061035156,168.67999267578125,79695000
2013-07-30,SPY,135.54029846191406,168.58999633789062,169.27999877929688,168.19000244140625,169.10000610351562,85209600
2013-07-31,SPY,135.63677978515625,168.7100067138672,169.85000610351562,168.49000549316406,168.94000244140625,142388700
2013-08-01,SPY,137.20458984375,170.66000366210938,170.80999755859375,169.89999389648438,169.99000549316406,110438400
2013-08-02,SPY,137.43772888183594,170.9499969482422,170.97000122070312,170.0500030517578,170.27999877929688,91116700
2013-08-05,SPY,137.23670959472656,170.6999969482422,170.9600067138672,170.35000610351562,170.57000732421875,54072700
2013-08-06,SPY,136.45687866210938,169.72999572753906,170.74000549316406,169.35000610351562,170.3699951171875,87495000
2013-08-07,SPY,136.0146484375,169.17999267578125,169.42999267578125,168.5500030517578,169.19000244140625,84854700
2013-08-08,SPY,136.51315307617188,169.8000030517578,170.17999267578125,168.92999267578125,169.97999572753906,102181300
2013-08-09,SPY,136.1192169189453,169.30999755859375,170.10000610351562,168.72000122070312,169.5800018310547,91757700
2013-08-12,SPY,135.9584197998047,169.11000061035156,169.30999755859375,168.3800048828125,168.4600067138672,68593300
2013-08-13,SPY,136.36038208007812,169.61000061035156,169.89999389648438,168.41000366210938,169.41000366210938,80806000
2013-08-14,SPY,135.66091918945312,168.74000549316406,169.8000030517578,168.6999969482422,169.52999877929688,79829200
2013-08-15,SPY,133.76358032226562,166.3800048828125,167.42999267578125,166.08999633789062,167.41000366210938,152931800
2013-08-16,SPY,133.32130432128906,165.8300018310547,166.6300048828125,165.5,166.05999755859375,130868200
2013-08-19,SPY,132.46922302246094,164.77000427246094,166.2100067138672,164.75999450683594,165.63999938964844,96437600
2013-08-20,SPY,133.12045288085938,165.5800018310547,166.1999969482422,164.86000061035156,165.0399932861328,89294400
2013-08-21,SPY,132.3003692626953,164.55999755859375,166.02999877929688,164.19000244140625,165.1199951171875,159530500
2013-08-22,SPY,133.5062255859375,166.05999755859375,166.3000030517578,164.88999938964844,164.89999389648438,101471400
2013-08-23,SPY,133.9564971923828,166.6199951171875,166.8300018310547,165.77000427246094,166.5500030517578,90888900
2013-08-26,SPY,133.45803833007812,166.0,167.3000030517578,165.88999938964844,166.7899932861328,89702100
2013-08-27,SPY,131.31150817871094,163.3300018310547,166.0,163.2100067138672,164.36000061035156,158619400
2013-08-28,SPY,131.77780151367188,163.91000366210938,164.49000549316406,163.0500030517578,163.25999450683594,108113000
2013-08-29,SPY,131.98678588867188,164.1699981689453,165.0399932861328,163.39999389648438,163.5500030517578,119200500
2013-08-30,SPY,131.5687255859375,163.64999389648438,164.52999877929688,163.1699981689453,164.50999450683594,134928900
2013-09-03,SPY,132.16366577148438,164.38999938964844,165.5800018310547,163.6999969482422,165.22999572753906,142375100
2013-09-04,SPY,133.2570343017578,165.75,166.02999877929688,164.1300048828125,164.42999267578125,97389400
2013-09-05,SPY,133.4259490966797,165.9600067138672,166.39999389648438,165.72999572753906,165.85000610351562,63090500
2013-09-06,SPY,133.490234375,166.0399932861328,166.97999572753906,164.47999572753906,166.50999450683594,159756500
2013-09-09,SPY,134.76852416992188,167.6300048828125,167.72999572753906,166.4499969482422,166.4499969482422,87559300
2013-09-10,SPY,135.76544189453125,168.8699951171875,168.89999389648438,168.25999450683594,168.63999938964844,105847200
2013-09-11,SPY,136.19149780273438,169.39999389648438,169.39999389648438,168.35000610351562,168.63999938964844,94545900
2013-09-12,SPY,135.82977294921875,168.9499969482422,169.55999755859375,168.72000122070312,169.33999633789062,83209000
2013-09-13,SPY,136.13531494140625,169.3300018310547,169.4600067138672,168.74000549316406,169.1300048828125,72727800
2013-09-16,SPY,136.9231719970703,170.30999755859375,171.24000549316406,170.0399932861328,171.16000366210938,106299200
2013-09-17,SPY,137.5341796875,171.07000732421875,171.11000061035156,170.4600067138672,170.4600067138672,82523300
2013-09-18,SPY,139.1260223388672,173.0500030517578,173.52000427246094,170.5800018310547,171.00999450683594,203460600
2013-09-19,SPY,138.89285278320312,172.75999450683594,173.60000610351562,172.58999633789062,173.52000427246094,146616900
2013-09-20,SPY,137.9218292236328,170.72000122070312,172.3300018310547,170.5800018310547,172.3300018310547,132867100
2013-09-23,SPY,137.2835235595703,169.92999267578125,170.64999389648438,169.38999938964844,170.49000549316406,104616500
2013-09-24,SPY,136.9603729248047,169.52999877929688,170.52999877929688,169.2100067138672,169.89999389648438,106333100
2013-09-25,SPY,136.56455993652344,169.0399932861328,169.97999572753906,168.88999938964844,169.63999938964844,117306500
2013-09-26,SPY,137.0896759033203,169.69000244140625,170.1699981689453,169.0500030517578,169.32000732421875,77146900
2013-09-27,SPY,136.45950317382812,168.91000366210938,169.13999938964844,168.47000122070312,168.83999633789062,99141800
2013-09-30,SPY,135.7324981689453,168.00999450683594,168.5399932861328,167.14999389648438,167.47999572753906,143937000
2013-10-01,SPY,136.806884765625,169.33999633789062,169.5,167.97000122070312,168.13999938964844,127160000
2013-10-02,SPY,136.67762756347656,169.17999267578125,169.33999633789062,167.8300018310547,168.35000610351562,113350000
2013-10-03,SPY,135.4173583984375,167.6199951171875,168.94000244140625,166.83999633789062,168.7899932861328,176698000
2013-10-04,SPY,136.44334411621094,168.88999938964844,169.05999755859375,167.52999877929688,167.75,96878000
2013-10-07,SPY,135.26388549804688,167.42999267578125,168.4499969482422,167.25,167.4199981689453,96295000
2013-10-08,SPY,133.68846130371094,165.47999572753906,167.6199951171875,165.36000061035156,167.39999389648438,178015000
2013-10-09,SPY,133.7854461669922,165.60000610351562,166.1999969482422,164.52999877929688,165.8000030517578,168973000
2013-10-10,SPY,136.66957092285156,169.1699981689453,169.25999450683594,167.22999572753906,167.2899932861328,195955000
2013-10-11,SPY,137.55015563964844,170.25999450683594,170.32000732421875,168.77000427246094,168.91000366210938,105040000
2013-10-14,SPY,138.0995330810547,170.94000244140625,171.0800018310547,169.0800018310547,169.2100067138672,112106000
2013-10-15,SPY,137.09776306152344,169.6999969482422,171.14999389648438,169.47000122070312,170.50999450683594,155485000
2013-10-16,SPY,139.012451171875,172.07000732421875,172.16000366210938,170.63999938964844,170.72000122070312,161676000
2013-10-17,SPY,139.9414825439453,173.22000122070312,173.32000732421875,171.33999633789062,171.3699951171875,129389000
2013-10-18,SPY,140.88671875,174.38999938964844,174.50999450683594,173.50999450683594,173.86000061035156,138316000
2013-10-21,SPY,140.89488220214844,174.39999389648438,174.75,174.00999450683594,174.4499969482422,104104000
2013-10-22,SPY,141.7107391357422,175.41000366210938,175.92999267578125,174.42999267578125,174.91000366210938,126663000
2013-10-23,SPY,141.0321502685547,174.57000732421875,174.88999938964844,173.9600067138672,174.80999755859375,105484000
2013-10-24,SPY,141.5006866455078,175.14999389648438,175.3699951171875,174.50999450683594,174.9199981689453,70350000
2013-10-25,SPY,142.1470489501953,175.9499969482422,176.0,175.1699981689453,175.50999450683594,93625000
2013-10-28,SPY,142.37318420410156,176.22999572753906,176.47000122070312,175.6999969482422,175.88999938964844,84979000
2013-10-29,SPY,143.13259887695312,177.1699981689453,177.24000549316406,176.3800048828125,176.6300048828125,87401000
2013-10-30,SPY,142.42173767089844,176.2899932861328,177.50999450683594,175.66000366210938,177.3800048828125,140002000
2013-10-31,SPY,142.01776123046875,175.7899932861328,176.88999938964844,175.52999877929688,176.14999389648438,133795000
2013-11-01,SPY,142.35708618164062,176.2100067138672,176.61000061035156,175.22000122070312,176.02000427246094,142805000
2013-11-04,SPY,142.85794067382812,176.8300018310547,176.89999389648438,175.97999572753906,176.69000244140625,85677000
2013-11-05,SPY,142.40554809570312,176.27000427246094,176.75,175.57000732421875,176.13999938964844,85825000
2013-11-06,SPY,143.13259887695312,177.1699981689453,177.5,176.5399932861328,177.02999877929688,87348000
2013-11-07,SPY,141.32298278808594,174.92999267578125,177.63999938964844,174.75999450683594,177.5,157000000
2013-11-08,SPY,143.2295379638672,177.2899932861328,177.30999755859375,174.85000610351562,174.8699951171875,136713000
2013-11-11,SPY,143.2538604736328,177.32000732421875,177.52999877929688,176.91000366210938,177.1199951171875,62614000
2013-11-12,SPY,142.96299743652344,176.9600067138672,177.36000061035156,176.3699951171875,176.94000244140625,83990000
2013-11-13,SPY,144.1101837158203,178.3800048828125,178.42999267578125,176.08999633789062,176.08999633789062,103844000
2013-11-14,SPY,144.8292236328125,179.27000427246094,179.4199981689453,178.25,178.5399932861328,103435000
2013-11-15,SPY,145.45936584472656,180.0500030517578,180.1199951171875,179.3300018310547,179.55999755859375,102818000
2013-11-18,SPY,144.9503631591797,179.4199981689453,180.5,179.02000427246094,180.35000610351562,104796000
2013-11-19,SPY,144.63536071777344,179.02999877929688,179.8699951171875,178.72000122070312,179.3300018310547,93891000
2013-11-20,SPY,144.18284606933594,178.47000122070312,179.92999267578125,177.97999572753906,179.38999938964844,124909000
2013-11-21,SPY,145.3462371826172,179.91000366210938,180.0500030517578,178.86000061035156,178.97000122070312,92841000
2013-11-22,SPY,146.0733642578125,180.80999755859375,180.8300018310547,179.77000427246094,179.97999572753906,81296000
2013-11-25,SPY,145.92788696289062,180.6300048828125,181.1699981689453,180.3699951171875,181.1300048828125,79486000
2013-11-26,SPY,145.96832275390625,180.67999267578125,181.22000122070312,180.41000366210938,180.72000122070312,86994000
2013-11-27,SPY,146.32382202148438,181.1199951171875,181.24000549316406,180.64999389648438,180.8699951171875,58800000
2013-11-29,SPY,146.22683715820312,181.0,181.75,180.8000030517578,181.32000732421875,55870900
2013-12-02,SPY,145.8471221923828,180.52999877929688,181.42999267578125,180.25,181.08999633789062,99726000
2013-12-03,SPY,145.2169189453125,179.75,180.38999938964844,179.1699981689453,179.94000244140625,116563000
2013-12-04,SPY,145.2008056640625,179.72999572753906,180.47999572753906,178.35000610351562,179.10000610351562,123033000
2013-12-05,SPY,144.56263732910156,178.94000244140625,179.74000549316406,178.77000427246094,179.41000366210938,106934000
2013-12-06,SPY,146.17835998535156,180.94000244140625,181.11000061035156,180.14999389648438,180.6699981689453,127728000
2013-12-09,SPY,146.5499725341797,181.39999389648438,181.6699981689453,181.16000366210938,181.47000122070312,70124000
2013-12-10,SPY,146.02487182617188,180.75,181.36000061035156,180.63999938964844,180.97999572753906,80976000
2013-12-11,SPY,144.38487243652344,178.72000122070312,180.85000610351562,178.5,180.82000732421875,130591000
2013-12-12,SPY,143.908203125,178.1300048828125,178.86000061035156,177.75999450683594,178.63999938964844,115565000
2013-12-13,SPY,143.89207458496094,178.11000061035156,178.66000366210938,177.77000427246094,178.5,107808000
2013-12-16,SPY,144.7887725830078,179.22000122070312,179.80999755859375,178.89999389648438,178.9499969482422,96195000
2013-12-17,SPY,144.3283233642578,178.64999389648438,179.41000366210938,178.25,179.3800048828125,89886000
2013-12-18,SPY,146.7924041748047,181.6999969482422,181.72999572753906,177.32000732421875,178.9199981689453,234906000
2013-12-19,SPY,146.6227569580078,181.49000549316406,181.6999969482422,180.7100067138672,181.17999267578125,136531200
2013-12-20,SPY,147.4755859375,181.55999755859375,181.99000549316406,180.57000732421875,180.69000244140625,197087000
2013-12-23,SPY,148.2634735107422,182.52999877929688,182.63999938964844,182.07000732421875,182.4499969482422,85598000
2013-12-24,SPY,148.58834838867188,182.92999267578125,183.00999450683594,182.52999877929688,182.5399932861328,45368800
2013-12-26,SPY,149.34378051757812,183.86000061035156,183.9600067138672,183.32000732421875,183.33999633789062,63365000
2013-12-27,SPY,149.33563232421875,183.85000610351562,184.17999267578125,183.66000366210938,184.10000610351562,61814000
2013-12-30,SPY,149.311279296875,183.82000732421875,184.02000427246094,183.5800018310547,183.8699951171875,56857000
2013-12-31,SPY,150.0179901123047,184.69000244140625,184.69000244140625,183.92999267578125,184.07000732421875,86119900
2014-01-02,SPY,148.58029174804688,182.9199981689453,184.07000732421875,182.47999572753906,183.97999572753906,119636900
2014-01-03,SPY,148.55593872070312,182.88999938964844,183.60000610351562,182.6300048828125,183.22999572753906,81390600
2014-01-06,SPY,148.12535095214844,182.36000061035156,183.55999755859375,182.0800018310547,183.49000549316406,108028200
2014-01-07,SPY,149.03506469726562,183.47999572753906,183.7899932861328,182.9499969482422,183.08999633789062,86144200
2014-01-08,SPY,149.06765747070312,183.52000427246094,183.8300018310547,182.88999938964844,183.4499969482422,96582300
2014-01-09,SPY,149.1650848388672,183.63999938964844,184.1300048828125,182.8000030517578,184.11000061035156,90683400
2014-01-10,SPY,149.57127380371094,184.13999938964844,184.22000122070312,183.00999450683594,183.9499969482422,102026400
2014-01-13,SPY,147.5812225341797,181.69000244140625,184.17999267578125,181.33999633789062,183.6699981689453,149892000
2014-01-14,SPY,149.18946838378906,183.6699981689453,183.77000427246094,181.9499969482422,182.2899932861328,105016100
2014-01-15,SPY,149.99359130859375,184.66000366210938,184.94000244140625,183.7100067138672,184.10000610351562,98525800
2014-01-16,SPY,149.79867553710938,184.4199981689453,184.66000366210938,183.8300018310547,184.27999877929688,72290600
2014-01-17,SPY,149.1650848388672,183.63999938964844,184.4499969482422,183.32000732421875,184.10000610351562,107848700
2014-01-21,SPY,149.60374450683594,184.17999267578125,184.77000427246094,183.0500030517578,184.6999969482422,88621200
2014-01-22,SPY,149.70120239257812,184.3000030517578,184.57000732421875,183.91000366210938,184.49000549316406,61270900
2014-01-23,SPY,148.47463989257812,182.7899932861328,183.39999389648438,181.82000732421875,183.3699951171875,132496900
2014-01-24,SPY,145.3068389892578,178.88999938964844,181.66000366210938,178.8300018310547,181.60000610351562,208677100
2014-01-27,SPY,144.59202575683594,178.00999450683594,179.52000427246094,177.1199951171875,179.05999755859375,180843100
2014-01-28,SPY,145.45301818847656,179.07000732421875,179.3000030517578,178.1199951171875,178.13999938964844,110463200
2014-01-29,SPY,144.05593872070312,177.35000610351562,178.5500030517578,176.8800048828125,177.5800018310547,216597300
2014-01-30,SPY,145.58297729492188,179.22999572753906,179.80999755859375,178.25999450683594,178.8300018310547,118938100
2014-01-31,SPY,144.73007202148438,178.17999267578125,179.2899932861328,176.9199981689453,177.00999450683594,194677900
2014-02-03,SPY,141.47291564941406,174.1699981689453,178.3699951171875,173.8300018310547,177.97000122070312,254837100
2014-02-04,SPY,142.46388244628906,175.38999938964844,175.83999633789062,174.11000061035156,174.9499969482422,165012400
2014-02-05,SPY,142.2852020263672,175.1699981689453,175.55999755859375,173.7100067138672,174.77999877929688,164230500
2014-02-06,SPY,144.16152954101562,177.47999572753906,177.47999572753906,175.22000122070312,175.5800018310547,132877600
2014-02-07,SPY,145.948486328125,179.67999267578125,179.8699951171875,177.72999572753906,178.30999755859375,170787200
2014-02-10,SPY,146.21653747558594,180.00999450683594,180.07000732421875,179.2100067138672,179.6999969482422,92218800
2014-02-11,SPY,147.8166961669922,181.97999572753906,182.44000244140625,180.0399932861328,180.16000366210938,117814100
2014-02-12,SPY,147.88983154296875,182.07000732421875,182.8300018310547,181.7100067138672,182.25,94717700
2014-02-13,SPY,148.6533660888672,183.00999450683594,183.1999969482422,180.8300018310547,180.83999633789062,100542200
2014-02-14,SPY,149.47378540039062,184.02000427246094,184.36000061035156,182.6699981689453,182.83999633789062,96498400
2014-02-18,SPY,149.65248107910156,184.24000549316406,184.49000549316406,183.64999389648438,184.17999267578125,80460900
2014-02-19,SPY,148.66146850585938,183.02000427246094,184.9499969482422,182.8699951171875,183.75999450683594,126524300
2014-02-20,SPY,149.53872680664062,184.10000610351562,184.52000427246094,182.60000610351562,183.27000427246094,104998100
2014-02-21,SPY,149.3681640625,183.88999938964844,184.88999938964844,183.8000030517578,184.4499969482422,118116400
2014-02-24,SPY,150.1967010498047,184.91000366210938,186.14999389648438,184.1999969482422,184.27999877929688,114063900
2014-02-25,SPY,150.13986206054688,184.83999633789062,185.58999633789062,184.22999572753906,185.05999755859375,117085000
2014-02-26,SPY,150.14801025390625,184.85000610351562,185.60000610351562,184.3300018310547,185.11000061035156,98677200
2014-02-27,SPY,150.93585205078125,185.82000732421875,185.8699951171875,184.3699951171875,184.5800018310547,93880800
2014-02-28,SPY,151.31761169433594,186.2899932861328,187.14999389648438,185.0500030517578,185.7899932861328,150842000
2014-03-03,SPY,150.25352478027344,184.97999572753906,185.4499969482422,183.75,184.64999389648438,167748500
2014-03-04,SPY,152.36546325683594,187.5800018310547,187.97999572753906,186.75,186.7899932861328,167545900
2014-03-05,SPY,152.5034942626953,187.75,188.07000732421875,187.4499969482422,187.74000549316406,88376900
2014-03-06,SPY,152.85281372070312,188.17999267578125,188.61000061035156,187.77999877929688,188.2100067138672,82516500
2014-03-07,SPY,152.91775512695312,188.25999450683594,188.9600067138672,187.42999267578125,188.9600067138672,114513500
2014-03-10,SPY,152.83656311035156,188.16000366210938,188.22999572753906,187.0800018310547,187.97000122070312,74939200
2014-03-11,SPY,152.08114624023438,187.22999572753906,188.7100067138672,186.8000030517578,188.44000244140625,99009100
2014-03-12,SPY,152.12173461914062,187.27999877929688,187.35000610351562,185.89999389648438,186.32000732421875,104824400
2014-03-13,SPY,150.416015625,185.17999267578125,187.99000549316406,184.66000366210938,187.83999633789062,155014300
2014-03-14,SPY,149.99359130859375,184.66000366210938,185.8000030517578,184.44000244140625,184.85000610351562,153919600
2014-03-17,SPY,151.35006713867188,186.3300018310547,186.77000427246094,185.50999450683594,185.58999633789062,98359500
2014-03-18,SPY,152.430419921875,187.66000366210938,187.91000366210938,186.50999450683594,186.7100067138672,101804600
2014-03-19,SPY,151.6181640625,186.66000366210938,187.94000244140625,185.47000122070312,187.67999267578125,176267300
2014-03-20,SPY,152.5034942626953,187.75,187.88999938964844,185.9199981689453,186.25,117241000
2014-03-21,SPY,151.9119873046875,186.1999969482422,189.02000427246094,186.02999877929688,187.7100067138672,163128000
2014-03-24,SPY,151.28384399414062,185.42999267578125,187.07000732421875,184.6199951171875,186.83999633789062,121411000
2014-03-25,SPY,152.00177001953125,186.30999755859375,186.94000244140625,185.27000427246094,186.3699951171875,103852000
2014-03-26,SPY,150.90853881835938,184.97000122070312,187.33999633789062,184.9199981689453,187.0399932861328,119843000
2014-03-27,SPY,150.59031677246094,184.5800018310547,185.33999633789062,183.89999389648438,184.75,142383000
2014-03-28,SPY,151.3328094482422,185.49000549316406,186.4199981689453,185.0,185.11000061035156,101642000
2014-03-31,SPY,152.5728759765625,187.00999450683594,187.3000030517578,185.52000427246094,186.6699981689453,99745000
2014-04-01,SPY,153.58448791503906,188.25,188.36000061035156,187.0,187.6199951171875,89193000
2014-04-02,SPY,154.09852600097656,188.8800048828125,189.1300048828125,188.13999938964844,188.49000549316406,78774000
2014-04-03,SPY,153.89456176757812,188.6300048828125,189.22000122070312,188.0500030517578,189.1699981689453,77435000
2014-04-04,SPY,152.07521057128906,186.39999389648438,189.6999969482422,186.10000610351562,189.66000366210938,169381000
2014-04-07,SPY,150.39453125,184.33999633789062,186.25999450683594,183.9600067138672,185.9499969482422,140803000
2014-04-08,SPY,151.0145721435547,185.10000610351562,185.39999389648438,183.58999633789062,184.25999450683594,112660000
2014-04-09,SPY,152.6381378173828,187.08999633789062,187.14999389648438,185.05999755859375,185.60000610351562,100254000
2014-04-10,SPY,149.43179321289062,183.16000366210938,187.1699981689453,182.92999267578125,187.0800018310547,172959000
2014-04-11,SPY,148.08566284179688,181.50999450683594,183.4199981689453,181.30999755859375,182.13999938964844,167251000
2014-04-14,SPY,149.2523651123047,182.94000244140625,183.3699951171875,181.44000244140625,182.92999267578125,132382000
2014-04-15,SPY,150.2803192138672,184.1999969482422,184.3300018310547,181.50999450683594,183.32000732421875,157093000
2014-04-16,SPY,151.85491943359375,186.1300048828125,186.13999938964844,184.64999389648438,185.47000122070312,105197000
2014-04-17,SPY,152.06704711914062,186.38999938964844,186.91000366210938,185.55999755859375,185.8800048828125,105255000
2014-04-21,SPY,152.59730529785156,187.0399932861328,187.10000610351562,186.2100067138672,186.44000244140625,68329000
2014-04-22,SPY,153.2908477783203,187.88999938964844,188.39999389648438,187.1300048828125,187.22999572753906,85790000
2014-04-23,SPY,152.9318389892578,187.4499969482422,187.9199981689453,187.3000030517578,187.82000732421875,73869000
2014-04-24,SPY,153.24188232421875,187.8300018310547,188.38999938964844,186.92999267578125,188.3699951171875,88170000
2014-04-25,SPY,151.98541259765625,186.2899932861328,187.3300018310547,185.8699951171875,187.22000122070312,100380000
2014-04-28,SPY,152.466796875,186.8800048828125,187.69000244140625,184.9600067138672,187.0500030517578,135121000
2014-04-29,SPY,153.1765899658203,187.75,188.0399932861328,187.0800018310547,187.47999572753906,84098000
2014-04-30,SPY,153.63345336914062,188.30999755859375,188.5,187.17999267578125,187.44000244140625,101508000
2014-05-01,SPY,153.64974975585938,188.3300018310547,188.83999633789062,187.72999572753906,188.22000122070312,93019000
2014-05-02,SPY,153.4295196533203,188.05999755859375,189.13999938964844,187.77999877929688,188.30999755859375,98122000
2014-05-05,SPY,153.7231903076172,188.4199981689453,188.5500030517578,186.6199951171875,187.13999938964844,75883000
2014-05-06,SPY,152.38526916503906,186.77999877929688,188.1300048828125,186.74000549316406,188.0,85454000
2014-05-07,SPY,153.28269958496094,187.8800048828125,187.97000122070312,186.00999450683594,187.41000366210938,106500000
2014-05-08,SPY,153.1194610595703,187.67999267578125,189.0500030517578,187.0800018310547,187.7100067138672,93618000
2014-05-09,SPY,153.34793090820312,187.9600067138672,188.0399932861328,186.8300018310547,187.7100067138672,83679000
2014-05-12,SPY,154.84092712402344,189.7899932861328,189.8800048828125,188.0,188.8000030517578,86940000
2014-05-13,SPY,154.97962951660156,189.9600067138672,190.4199981689453,189.77000427246094,190.0399932861328,66454000
2014-05-14,SPY,154.24534606933594,189.05999755859375,189.8800048828125,188.7899932861328,189.7899932861328,72367000
2014-05-15,SPY,152.89102172851562,187.39999389648438,188.72000122070312,186.47999572753906,188.67999267578125,154956000
2014-05-16,SPY,153.4213104248047,188.0500030517578,188.1300048828125,186.72000122070312,187.50999450683594,97458000
2014-05-19,SPY,153.98431396484375,188.74000549316406,188.88999938964844,187.52000427246094,187.69000244140625,63839000
2014-05-20,SPY,153.0134735107422,187.5500030517578,188.6699981689453,187.07000732421875,188.64999389648438,111644000
2014-05-21,SPY,154.30247497558594,189.1300048828125,189.22000122070312,188.05999755859375,188.08999633789062,89093000
2014-05-22,SPY,154.67779541015625,189.58999633789062,189.97999572753906,188.86000061035156,189.17999267578125,61549000
2014-05-23,SPY,155.29779052734375,190.35000610351562,190.47999572753906,189.58999633789062,189.75999450683594,61092800
2014-05-27,SPY,156.25238037109375,191.52000427246094,191.5800018310547,190.9499969482422,191.05999755859375,72010000
2014-05-28,SPY,156.13819885253906,191.3800048828125,191.82000732421875,191.05999755859375,191.52000427246094,66723000
2014-05-29,SPY,156.94583129882812,192.3699951171875,192.39999389648438,191.3300018310547,191.82000732421875,64377000
2014-05-30,SPY,157.19874572753906,192.67999267578125,192.8000030517578,192.02999877929688,192.19000244140625,76316000
2014-06-02,SPY,157.37818908691406,192.89999389648438,192.99000549316406,191.97000122070312,192.9499969482422,64656000
2014-06-03,SPY,157.29669189453125,192.8000030517578,192.89999389648438,192.25,192.42999267578125,65047000
2014-06-04,SPY,157.61485290527344,193.19000244140625,193.3000030517578,192.27000427246094,192.47000122070312,55529000
2014-06-05,SPY,158.64288330078125,194.4499969482422,194.64999389648438,192.6999969482422,193.41000366210938,92103000
2014-06-06,SPY,159.4015655517578,195.3800048828125,195.42999267578125,194.77999877929688,194.8699951171875,78696000
2014-06-09,SPY,159.56471252441406,195.5800018310547,196.0500030517578,195.1699981689453,195.35000610351562,65119000
2014-06-10,SPY,159.58103942871094,195.60000610351562,195.63999938964844,194.9199981689453,195.33999633789062,57129000
2014-06-11,SPY,159.0262451171875,194.9199981689453,195.1199951171875,194.47999572753906,194.89999389648438,68772000
2014-06-12,SPY,157.900390625,193.5399932861328,194.8000030517578,193.11000061035156,194.69000244140625,106350000
2014-06-13,SPY,158.3817596435547,194.1300048828125,194.32000732421875,193.3000030517578,193.9199981689453,82017000
2014-06-16,SPY,158.5122833251953,194.2899932861328,194.6999969482422,193.66000366210938,193.88999938964844,87424000
2014-06-17,SPY,158.9528045654297,194.8300018310547,194.97000122070312,193.80999755859375,194.02000427246094,84834000
2014-06-18,SPY,160.11953735351562,196.25999450683594,196.3699951171875,194.39999389648438,194.8300018310547,105267000
2014-06-19,SPY,160.2990264892578,196.47999572753906,196.60000610351562,195.8000030517578,196.42999267578125,85929000
2014-06-20,SPY,160.6244354248047,195.94000244140625,196.10000610351562,195.6999969482422,196.02999877929688,100587000
2014-06-23,SPY,160.57528686523438,195.8800048828125,196.0500030517578,195.52000427246094,195.99000549316406,70611000
2014-06-24,SPY,159.6079559326172,194.6999969482422,196.5,194.47999572753906,195.52999877929688,96237000
2014-06-25,SPY,160.329345703125,195.5800018310547,195.77999877929688,194.25,194.2899932861328,82782000
2014-06-26,SPY,160.21458435058594,195.44000244140625,195.6300048828125,194.1300048828125,195.61000061035156,84312000
2014-06-27,SPY,160.52610778808594,195.82000732421875,195.8800048828125,194.88999938964844,194.97999572753906,71445100
2014-06-30,SPY,160.4441375732422,195.72000122070312,196.1699981689453,195.52999877929688,195.6999969482422,70201200
2014-07-01,SPY,161.51795959472656,197.02999877929688,197.6300048828125,196.1300048828125,196.1999969482422,90470000
2014-07-02,SPY,161.6819610595703,197.22999572753906,197.47999572753906,196.9600067138672,197.0500030517578,52475000
2014-07-03,SPY,162.4770965576172,198.1999969482422,198.2899932861328,197.63999938964844,197.7899932861328,52938800
2014-07-07,SPY,161.91146850585938,197.50999450683594,197.97999572753906,197.22000122070312,197.82000732421875,61696000
2014-07-08,SPY,160.8704376220703,196.24000549316406,197.22000122070312,195.75999450683594,197.14999389648438,108143000
2014-07-09,SPY,161.59176635742188,197.1199951171875,197.3000030517578,196.30999755859375,196.72999572753906,72992000
2014-07-10,SPY,160.9523468017578,196.33999633789062,196.86000061035156,195.05999755859375,195.22000122070312,99040000
2014-07-11,SPY,161.17373657226562,196.61000061035156,196.75,195.77999877929688,196.22000122070312,64243000
2014-07-14,SPY,161.98519897460938,197.60000610351562,197.86000061035156,197.44000244140625,197.61000061035156,58658000
2014-07-15,SPY,161.6819610595703,197.22999572753906,198.10000610351562,196.36000061035156,197.72000122070312,111307000
2014-07-16,SPY,162.28036499023438,197.9600067138672,198.25999450683594,197.4199981689453,198.11000061035156,79986400
2014-07-17,SPY,160.43588256835938,195.7100067138672,198.10000610351562,195.42999267578125,197.35000610351562,145398000
2014-07-18,SPY,162.075439453125,197.7100067138672,197.91000366210938,196.24000549316406,196.35000610351562,124330000
2014-07-21,SPY,161.77210998535156,197.33999633789062,197.5,196.42999267578125,197.08999633789062,67592000
2014-07-22,SPY,162.4770965576172,198.1999969482422,198.55999755859375,197.8699951171875,198.00999450683594,67678000
2014-07-23,SPY,162.83779907226562,198.63999938964844,198.85000610351562,198.10000610351562,198.5,65612000
2014-07-24,SPY,162.8460235595703,198.64999389648438,199.05999755859375,198.4499969482422,198.8300018310547,56888000
2014-07-25,SPY,162.08364868164062,197.72000122070312,198.25999450683594,197.3300018310547,198.08999633789062,76837000
2014-07-28,SPY,162.149169921875,197.8000030517578,198.08999633789062,196.6199951171875,197.75999450683594,69259000
2014-07-29,SPY,161.45245361328125,196.9499969482422,198.4499969482422,196.9199981689453,198.1699981689453,80466000
2014-07-30,SPY,161.4770050048828,196.97999572753906,197.91000366210938,196.16000366210938,197.64999389648438,104222000
2014-07-31,SPY,158.2881317138672,193.08999633789062,195.77999877929688,192.97000122070312,195.61000061035156,183479000
2014-08-01,SPY,157.80445861816406,192.5,193.75999450683594,191.57000732421875,192.55999755859375,189261000
2014-08-04,SPY,158.94393920898438,193.88999938964844,194.3000030517578,192.0500030517578,192.8699951171875,91340000
2014-08-05,SPY,157.40277099609375,192.00999450683594,193.60000610351562,191.30999755859375,193.10000610351562,152690000
2014-08-06,SPY,157.45196533203125,192.07000732421875,192.88999938964844,191.0800018310547,191.11000061035156,94818000
2014-08-07,SPY,156.59945678710938,191.02999877929688,193.1300048828125,190.5500030517578,192.94000244140625,135733000
2014-08-08,SPY,158.41110229492188,193.24000549316406,193.3699951171875,190.9499969482422,191.4600067138672,117014000
2014-08-11,SPY,158.8701629638672,193.8000030517578,194.66000366210938,193.7100067138672,193.97000122070312,74544000
2014-08-12,SPY,158.64886474609375,193.52999877929688,194.14999389648438,192.94000244140625,193.61000061035156,73632000
2014-08-13,SPY,159.72268676757812,194.83999633789062,195.05999755859375,193.9600067138672,194.2899932861328,69047000
2014-08-14,SPY,160.47689819335938,195.75999450683594,195.75999450683594,194.97999572753906,195.16000366210938,57371000
2014-08-15,SPY,160.4441375732422,195.72000122070312,196.64999389648438,194.30999755859375,196.47000122070312,139951000
2014-08-18,SPY,161.78854370117188,197.36000061035156,197.4499969482422,196.69000244140625,196.8000030517578,75424000
2014-08-19,SPY,162.6328887939453,198.38999938964844,198.5399932861328,197.44000244140625,197.83999633789062,59135000
2014-08-20,SPY,163.06735229492188,198.9199981689453,199.16000366210938,198.0800018310547,198.1199951171875,72763000
2014-08-21,SPY,163.54286193847656,199.5,199.75999450683594,198.92999267578125,199.08999633789062,67791000
2014-08-22,SPY,163.28868103027344,199.19000244140625,199.69000244140625,198.74000549316406,199.33999633789062,76107000
2014-08-25,SPY,164.11666870117188,200.1999969482422,200.58999633789062,199.14999389648438,200.13999938964844,63855000
2014-08-26,SPY,164.2231903076172,200.3300018310547,200.82000732421875,200.27999877929688,200.3300018310547,47298000
2014-08-27,SPY,164.15762329101562,200.25,200.57000732421875,199.94000244140625,200.42999267578125,47874000
2014-08-28,SPY,164.0674591064453,200.13999938964844,200.27000427246094,199.38999938964844,199.58999633789062,58330000
2014-08-29,SPY,164.53472900390625,200.7100067138672,200.72999572753906,199.82000732421875,200.4499969482422,65907000
2014-09-02,SPY,164.4528350830078,200.61000061035156,201.0,199.86000061035156,200.97000122070312,72426000
2014-09-03,SPY,164.36256408691406,200.5,201.41000366210938,200.22000122070312,201.3800048828125,57462000
2014-09-04,SPY,164.12484741210938,200.2100067138672,201.5800018310547,199.66000366210938,200.83999633789062,85236000
2014-09-05,SPY,164.86264038085938,201.11000061035156,201.19000244140625,199.41000366210938,200.1699981689453,102177000
2014-09-08,SPY,164.436279296875,200.58999633789062,201.2100067138672,200.0,200.9199981689453,64146000
2014-09-09,SPY,163.395263671875,199.32000732421875,200.5500030517578,198.91000366210938,200.41000366210938,88591000
2014-09-10,SPY,164.01004028320312,200.07000732421875,200.1999969482422,198.77000427246094,199.42999267578125,67251000
2014-09-11,SPY,164.1986083984375,200.3000030517578,200.3300018310547,199.1199951171875,199.27000427246094,66774400
2014-09-12,SPY,163.23948669433594,199.1300048828125,200.1199951171875,198.55999755859375,200.10000610351562,117409300
2014-09-15,SPY,163.11654663085938,198.97999572753906,199.32000732421875,198.3800048828125,199.16000366210938,76401000
2014-09-16,SPY,164.34619140625,200.47999572753906,200.83999633789062,198.5,198.61000061035156,116201000
2014-09-17,SPY,164.56752014160156,200.75,201.67999267578125,199.75,200.77000427246094,151266000
2014-09-18,SPY,165.4446563720703,201.82000732421875,201.85000610351562,201.10000610351562,201.36000061035156,94990000
2014-09-19,SPY,165.29562377929688,200.6999969482422,201.89999389648438,200.2899932861328,201.52000427246094,121649000
2014-09-22,SPY,164.0189971923828,199.14999389648438,200.3800048828125,198.72999572753906,200.35000610351562,125553000
2014-09-23,SPY,163.0801544189453,198.00999450683594,199.25999450683594,197.9499969482422,198.42999267578125,111393000
2014-09-24,SPY,164.35665893554688,199.55999755859375,199.69000244140625,197.52000427246094,198.0399932861328,107276000
2014-09-25,SPY,161.7047119140625,196.33999633789062,199.0500030517578,196.27000427246094,199.0399932861328,150300000
2014-09-26,SPY,162.9895477294922,197.89999389648438,198.38999938964844,196.4199981689453,196.6999969482422,103547000
2014-09-29,SPY,162.6930389404297,197.5399932861328,197.88999938964844,196.0500030517578,196.1999969482422,95112000
2014-09-30,SPY,162.2647705078125,197.02000427246094,198.3000030517578,196.61000061035156,197.69000244140625,131302000
2014-10-01,SPY,160.06582641601562,194.35000610351562,196.77000427246094,193.91000366210938,196.6999969482422,177798000
2014-10-02,SPY,160.09048461914062,194.3800048828125,195.05999755859375,192.35000610351562,194.17999267578125,157285000
2014-10-03,SPY,161.8529815673828,196.52000427246094,196.94000244140625,195.0800018310547,195.67999267578125,121569000
2014-10-06,SPY,161.6634979248047,196.2899932861328,197.60000610351562,195.5800018310547,197.33999633789062,104778000
2014-10-07,SPY,159.16802978515625,193.25999450683594,195.72000122070312,193.22000122070312,195.27999877929688,147913000
2014-10-08,SPY,161.95181274414062,196.63999938964844,196.9199981689453,192.36000061035156,193.3699951171875,186461000
2014-10-09,SPY,158.73974609375,192.74000549316406,196.60000610351562,192.5800018310547,196.3300018310547,210705000
2014-10-10,SPY,156.9278564453125,190.5399932861328,193.64999389648438,190.49000549316406,192.69000244140625,221909000
2014-10-13,SPY,154.35000610351562,187.41000366210938,191.14999389648438,187.3000030517578,190.4600067138672,230939000
2014-10-14,SPY,154.5888671875,187.6999969482422,189.82000732421875,187.0399932861328,188.4199981689453,215847000
2014-10-15,SPY,153.54293823242188,186.42999267578125,187.69000244140625,181.9199981689453,185.16000366210938,380715000
2014-10-16,SPY,153.41110229492188,186.27000427246094,187.5800018310547,182.88999938964844,183.05999755859375,270391000
2014-10-17,SPY,155.22305297851562,188.47000122070312,189.75,187.6199951171875,188.4199981689453,214625000
2014-10-20,SPY,156.7301788330078,190.3000030517578,190.4499969482422,188.07000732421875,188.1300048828125,130011000
2014-10-21,SPY,159.83517456054688,194.07000732421875,194.1999969482422,191.47999572753906,191.67999267578125,154949000
2014-10-22,SPY,158.69854736328125,192.69000244140625,194.91000366210938,192.61000061035156,194.41000366210938,151822000
2014-10-23,SPY,160.54344177246094,194.92999267578125,196.1999969482422,194.25999450683594,194.6199951171875,154944000
2014-10-24,SPY,161.7788543701172,196.42999267578125,196.49000549316406,194.49000549316406,195.25,117927000
2014-10-27,SPY,161.55648803710938,196.16000366210938,196.4499969482422,195.02999877929688,195.72999572753906,82954000
2014-10-28,SPY,163.4095458984375,198.41000366210938,198.4199981689453,196.72999572753906,196.82000732421875,106736000
2014-10-29,SPY,163.1624755859375,198.11000061035156,199.1199951171875,196.8000030517578,198.5500030517578,142557000
2014-10-30,SPY,164.20849609375,199.3800048828125,199.9499969482422,197.39999389648438,197.5800018310547,113330000
2014-10-31,SPY,166.08627319335938,201.66000366210938,201.82000732421875,200.77000427246094,201.77999877929688,146903000
2014-11-03,SPY,166.17684936523438,201.77000427246094,202.4499969482422,201.30999755859375,201.9199981689453,93600000
2014-11-04,SPY,165.600341796875,201.07000732421875,201.60000610351562,200.05999755859375,201.22999572753906,93343000
2014-11-05,SPY,166.64633178710938,202.33999633789062,202.58999633789062,201.4499969482422,202.5399932861328,91709000
2014-11-06,SPY,167.31336975097656,203.14999389648438,203.25999450683594,201.63999938964844,202.38999938964844,107089000
2014-11-07,SPY,167.4698944091797,203.33999633789062,203.60000610351562,202.61000061035156,203.1699981689453,89540000
2014-11-10,SPY,167.99700927734375,203.97999572753906,204.0399932861328,203.1300048828125,203.3800048828125,66319000
2014-11-11,SPY,168.16171264648438,204.17999267578125,204.30999755859375,203.64999389648438,204.05999755859375,54499400
2014-11-12,SPY,167.98049926757812,203.9600067138672,204.24000549316406,203.30999755859375,203.35000610351562,90120300
2014-11-13,SPY,168.16998291015625,204.19000244140625,204.8300018310547,203.2100067138672,204.16000366210938,85357900
2014-11-14,SPY,168.2111053466797,204.24000549316406,204.49000549316406,203.72000122070312,204.10000610351562,80417500
2014-11-17,SPY,168.31813049316406,204.3699951171875,204.5800018310547,203.64999389648438,203.85000610351562,80441000
2014-11-18,SPY,169.2900390625,205.5500030517578,205.9199981689453,204.44000244140625,204.44000244140625,76068100
2014-11-19,SPY,169.01824951171875,205.22000122070312,205.5500030517578,204.3000030517578,205.30999755859375,82373000
2014-11-20,SPY,169.31471252441406,205.5800018310547,205.7100067138672,204.17999267578125,204.25999450683594,72840300
2014-11-21,SPY,170.22061157226562,206.67999267578125,207.83999633789062,205.97999572753906,207.63999938964844,142327300
2014-11-24,SPY,170.6984100341797,207.25999450683594,207.38999938964844,206.91000366210938,207.1699981689453,65880800
2014-11-25,SPY,170.57479858398438,207.11000061035156,207.7899932861328,206.8000030517578,207.5399932861328,79108300
2014-11-26,SPY,171.0113525390625,207.63999938964844,207.75999450683594,207.02999877929688,207.2899932861328,62167800
2014-11-28,SPY,170.6490020751953,207.1999969482422,207.8699951171875,206.91000366210938,207.49000549316406,57890100
2014-12-01,SPY,169.4629364013672,205.75999450683594,206.5399932861328,205.3800048828125,206.39999389648438,103968400
2014-12-02,SPY,170.55833435058594,207.08999633789062,207.33999633789062,205.77999877929688,205.80999755859375,74507200
2014-12-03,SPY,171.2172393798828,207.88999938964844,208.14999389648438,207.10000610351562,207.3000030517578,68952000
2014-12-04,SPY,171.02783203125,207.66000366210938,208.27000427246094,206.6999969482422,207.5399932861328,91316600
2014-12-05,SPY,171.30780029296875,208.0,208.47000122070312,207.5500030517578,207.8699951171875,91025500
2014-12-08,SPY,170.1630859375,206.61000061035156,208.1199951171875,205.92999267578125,207.52000427246094,108588200
2014-12-09,SPY,170.04769897460938,206.47000122070312,206.60000610351562,203.91000366210938,204.3699951171875,125180100
2014-12-10,SPY,167.32164001464844,203.16000366210938,205.97999572753906,202.92999267578125,205.91000366210938,159856400
2014-12-11,SPY,168.16998291015625,204.19000244140625,206.19000244140625,203.7100067138672,203.8800048828125,159012800
2014-12-12,SPY,165.4520721435547,200.88999938964844,203.82000732421875,200.85000610351562,202.63999938964844,202330200
2014-12-15,SPY,164.3155517578125,199.50999450683594,202.52999877929688,198.77999877929688,201.97999572753906,189965800
2014-12-16,SPY,162.99777221679688,197.91000366210938,202.39999389648438,197.86000061035156,198.5800018310547,259543800
2014-12-17,SPY,166.1933135986328,201.7899932861328,202.33999633789062,198.2899932861328,198.44000244140625,253910100
2014-12-18,SPY,170.3031005859375,206.77999877929688,212.97000122070312,203.9199981689453,204.74000549316406,257633900
2014-12-19,SPY,171.02764892578125,206.52000427246094,207.3300018310547,205.61000061035156,206.42999267578125,245084600
2014-12-22,SPY,171.81439208984375,207.47000122070312,207.47000122070312,206.4600067138672,206.75,148318900
2014-12-23,SPY,172.04632568359375,207.75,208.22999572753906,207.39999389648438,208.1699981689453,122167900
2014-12-24,SPY,172.06285095214844,207.77000427246094,208.33999633789062,207.72000122070312,208.02000427246094,42963400
2014-12-26,SPY,172.61769104003906,208.44000244140625,208.85000610351562,208.25,208.30999755859375,57326700
2014-12-29,SPY,172.84963989257812,208.72000122070312,208.97000122070312,208.13999938964844,208.22000122070312,79643900
2014-12-30,SPY,171.92205810546875,207.60000610351562,208.3699951171875,207.50999450683594,208.2100067138672,73540800
2014-12-31,SPY,170.21609497070312,205.5399932861328,208.19000244140625,205.38999938964844,207.99000549316406,130333800
2015-01-02,SPY,170.12496948242188,205.42999267578125,206.8800048828125,204.17999267578125,206.3800048828125,121465900
2015-01-05,SPY,167.05262756347656,201.72000122070312,204.3699951171875,201.35000610351562,204.1699981689453,169632600
2015-01-06,SPY,165.47914123535156,199.82000732421875,202.72000122070312,198.86000061035156,202.08999633789062,209151400
2015-01-07,SPY,167.54122924804688,202.30999755859375,202.72000122070312,200.8800048828125,201.4199981689453,125346700
2015-01-08,SPY,170.51425170898438,205.89999389648438,206.16000366210938,203.99000549316406,204.00999450683594,147217800
2015-01-09,SPY,169.1477508544922,204.25,206.4199981689453,203.50999450683594,206.39999389648438,158567300
2015-01-12,SPY,167.82278442382812,202.64999389648438,204.60000610351562,201.9199981689453,204.41000366210938,144396100
2015-01-13,SPY,167.35076904296875,202.0800018310547,205.47999572753906,200.50999450683594,204.1199951171875,214553300
2015-01-14,SPY,166.34039306640625,200.86000061035156,201.10000610351562,198.57000732421875,199.64999389648438,192991100
2015-01-15,SPY,164.81666564941406,199.02000427246094,202.00999450683594,198.8800048828125,201.6300048828125,176613900
2015-01-16,SPY,166.9780731201172,201.6300048828125,201.82000732421875,198.5500030517578,198.77000427246094,211879600
2015-01-20,SPY,167.3341522216797,202.05999755859375,202.72000122070312,200.1699981689453,202.39999389648438,130991100
2015-01-21,SPY,168.1788787841797,203.0800018310547,203.66000366210938,200.94000244140625,201.5,122942700
2015-01-22,SPY,170.67990112304688,206.10000610351562,206.25999450683594,202.3300018310547,203.99000549316406,174356000
2015-01-23,SPY,169.7440643310547,204.97000122070312,206.10000610351562,204.80999755859375,205.7899932861328,117516800
2015-01-26,SPY,170.1415252685547,205.4499969482422,205.55999755859375,203.85000610351562,204.7100067138672,92009700
2015-01-27,SPY,167.89732360839844,202.74000549316406,204.1199951171875,201.74000549316406,202.97000122070312,134044600
2015-01-28,SPY,165.744140625,200.13999938964844,204.2899932861328,199.91000366210938,204.1699981689453,168514300
2015-01-29,SPY,167.2761993408203,201.99000549316406,202.3000030517578,198.67999267578125,200.3800048828125,173585400
2015-01-30,SPY,165.17274475097656,199.4499969482422,202.1699981689453,199.1300048828125,200.57000732421875,197729700
2015-02-02,SPY,167.21823120117188,201.9199981689453,202.02999877929688,197.86000061035156,200.0500030517578,163107000
2015-02-03,SPY,169.63638305664062,204.83999633789062,204.85000610351562,202.5500030517578,203.0,124212900
2015-02-04,SPY,168.99044799804688,204.05999755859375,205.3800048828125,203.50999450683594,203.9199981689453,134306700
2015-02-05,SPY,170.69638061523438,206.1199951171875,206.3000030517578,204.77000427246094,204.86000061035156,97953200
2015-02-06,SPY,170.224365234375,205.5500030517578,207.24000549316406,204.9199981689453,206.55999755859375,125672000
2015-02-09,SPY,169.46250915527344,204.6300048828125,205.63999938964844,204.13999938964844,204.77000427246094,87219000
2015-02-10,SPY,171.26780700683594,206.80999755859375,207.1199951171875,204.67999267578125,205.8800048828125,96164200
2015-02-11,SPY,171.3671875,206.92999267578125,207.4499969482422,205.8300018310547,206.61000061035156,91087800
2015-02-12,SPY,173.0152130126953,208.9199981689453,208.99000549316406,206.97000122070312,207.88999938964844,97545900
2015-02-13,SPY,173.72743225097656,209.77999877929688,209.83999633789062,208.75999450683594,209.07000732421875,93670400
2015-02-17,SPY,174.00071716308594,210.11000061035156,210.32000732421875,209.10000610351562,209.39999389648438,76968200
2015-02-18,SPY,174.0172119140625,210.1300048828125,210.22000122070312,209.33999633789062,209.66000366210938,80652900
2015-02-19,SPY,173.89303588867188,209.97999572753906,210.4199981689453,209.24000549316406,209.41000366210938,91462500
2015-02-20,SPY,174.93653869628906,211.24000549316406,211.3300018310547,208.72999572753906,209.47999572753906,140896400
2015-02-23,SPY,174.91171264648438,211.2100067138672,211.2100067138672,210.47999572753906,210.94000244140625,74411100
2015-02-24,SPY,175.40853881835938,211.80999755859375,212.0500030517578,210.75999450683594,211.1199951171875,72472300
2015-02-25,SPY,175.25949096679688,211.6300048828125,212.24000549316406,211.22000122070312,211.66000366210938,73061700
2015-02-26,SPY,175.05242919921875,211.3800048828125,211.7100067138672,210.64999389648438,211.52000427246094,72697900
2015-02-27,SPY,174.45616149902344,210.66000366210938,211.5800018310547,210.60000610351562,211.25999450683594,108076000
2015-03-02,SPY,175.5576171875,211.99000549316406,212.05999755859375,210.72000122070312,210.77999877929688,87491400
2015-03-03,SPY,174.8370819091797,211.1199951171875,212.0500030517578,210.0800018310547,211.47000122070312,110325800
2015-03-04,SPY,174.10008239746094,210.22999572753906,210.49000549316406,209.05999755859375,210.39999389648438,114497200
2015-03-05,SPY,174.29055786132812,210.4600067138672,210.8000030517578,209.85000610351562,210.6199951171875,76873000
2015-03-06,SPY,171.83926391601562,207.5,209.94000244140625,207.10000610351562,209.4199981689453,188128000
2015-03-09,SPY,172.55148315429688,208.36000061035156,208.7899932861328,207.5500030517578,207.74000549316406,89818900
2015-03-10,SPY,169.75233459472656,204.97999572753906,206.80999755859375,204.92999267578125,206.7100067138672,157121300
2015-03-11,SPY,169.35482788085938,204.5,205.5,204.39999389648438,205.2899932861328,110145700
2015-03-12,SPY,171.50802612304688,207.10000610351562,207.17999267578125,205.1999969482422,205.25999450683594,93993500
2015-03-13,SPY,170.4562530517578,205.8300018310547,207.92999267578125,204.5800018310547,206.77000427246094,162410900
2015-03-16,SPY,172.733642578125,208.5800018310547,208.69000244140625,205.86000061035156,206.7100067138672,136099200
2015-03-17,SPY,172.22021484375,207.9600067138672,208.4199981689453,206.97999572753906,207.69000244140625,94510400
2015-03-18,SPY,174.29055786132812,210.4600067138672,211.27000427246094,206.6199951171875,207.38999938964844,228808500
2015-03-19,SPY,173.49557495117188,209.5,210.47000122070312,209.02999877929688,209.9600067138672,117917300
2015-03-20,SPY,175.02691650390625,210.41000366210938,211.02000427246094,209.49000549316406,209.7100067138672,177715100
2015-03-23,SPY,174.68592834472656,210.0,211.11000061035156,210.0,210.4199981689453,71784500
2015-03-24,SPY,173.70437622070312,208.82000732421875,210.39999389648438,208.74000549316406,209.85000610351562,77805300
2015-03-25,SPY,171.15884399414062,205.75999450683594,209.35000610351562,205.7100067138672,209.07000732421875,159521700
2015-03-26,SPY,170.75135803222656,205.27000427246094,206.3699951171875,204.1199951171875,204.9600067138672,153067200
2015-03-27,SPY,171.14230346679688,205.74000549316406,205.9499969482422,204.89999389648438,205.1300048828125,118939000
2015-03-30,SPY,173.23020935058594,208.25,208.61000061035156,206.9600067138672,206.97999572753906,96180400
2015-03-31,SPY,171.71624755859375,206.42999267578125,208.10000610351562,206.36000061035156,207.25999450683594,126768700
2015-04-01,SPY,171.10897827148438,205.6999969482422,206.4199981689453,204.50999450683594,206.38999938964844,137303600
2015-04-02,SPY,171.72459411621094,206.44000244140625,206.97999572753906,205.39999389648438,205.6199951171875,86900900
2015-04-06,SPY,172.88082885742188,207.8300018310547,208.4499969482422,205.2100067138672,205.3699951171875,114368200
2015-04-07,SPY,172.42337036132812,207.27999877929688,208.75999450683594,207.24000549316406,207.86000061035156,81236300
2015-04-08,SPY,173.0055694580078,207.97999572753906,208.50999450683594,207.0800018310547,207.5500030517578,89351900
2015-04-09,SPY,173.7709197998047,208.89999389648438,209.17999267578125,207.19000244140625,207.77999877929688,85548900
2015-04-10,SPY,174.7191619873047,210.0399932861328,210.08999633789062,208.9600067138672,209.1999969482422,72722900
2015-04-13,SPY,173.92893981933594,209.08999633789062,210.6300048828125,209.02999877929688,209.8699951171875,74436600
2015-04-14,SPY,174.26162719726562,209.49000549316406,209.7100067138672,208.10000610351562,208.85000610351562,75099900
2015-04-15,SPY,175.0435791015625,210.42999267578125,211.0399932861328,209.9499969482422,210.0500030517578,99529300
2015-04-16,SPY,174.9937286376953,210.3699951171875,210.97999572753906,209.7899932861328,210.02999877929688,68934900
2015-04-17,SPY,172.98060607910156,207.9499969482422,209.22999572753906,207.00999450683594,208.94000244140625,191113200
2015-04-20,SPY,174.56112670898438,209.85000610351562,210.25,208.9600067138672,209.05999755859375,92189500
2015-04-21,SPY,174.3531494140625,209.60000610351562,210.86000061035156,209.24000549316406,210.6699981689453,72559800
2015-04-22,SPY,175.20993041992188,210.6300048828125,210.85000610351562,208.89999389648438,210.00999450683594,78264600
2015-04-23,SPY,175.6508331298828,211.16000366210938,211.94000244140625,210.00999450683594,210.14999389648438,102585900
2015-04-24,SPY,176.05841064453125,211.64999389648438,211.97000122070312,211.11000061035156,211.66000366210938,61327400
2015-04-27,SPY,175.326416015625,210.77000427246094,212.47999572753906,210.5399932861328,212.3300018310547,79358100
2015-04-28,SPY,175.88375854492188,211.44000244140625,211.5,209.3300018310547,210.74000549316406,86863500
2015-04-29,SPY,175.16006469726562,210.57000732421875,211.2899932861328,209.60000610351562,210.3699951171875,125684900
2015-04-30,SPY,173.40489196777344,208.4600067138672,210.35000610351562,207.6199951171875,209.8800048828125,161304900
2015-05-01,SPY,175.2848358154297,210.72000122070312,210.77000427246094,209.27999877929688,209.39999389648438,103399700
2015-05-04,SPY,175.7838592529297,211.32000732421875,212.02000427246094,211.10000610351562,211.22999572753906,70927200
2015-05-05,SPY,173.7709197998047,208.89999389648438,211.4600067138672,208.72999572753906,211.02999877929688,113326200
2015-05-06,SPY,173.05552673339844,208.0399932861328,209.92999267578125,206.75999450683594,209.55999755859375,135060200
2015-05-07,SPY,173.74594116210938,208.8699951171875,209.3800048828125,207.52000427246094,207.9199981689453,88244900
2015-05-08,SPY,176.03350830078125,211.6199951171875,211.86000061035156,210.77999877929688,210.8800048828125,155877300
2015-05-11,SPY,175.19332885742188,210.61000061035156,211.88999938964844,210.52000427246094,211.57000732421875,75708100
2015-05-12,SPY,174.66925048828125,209.97999572753906,210.6300048828125,208.6199951171875,209.61000061035156,119727600
2015-05-13,SPY,174.7025604248047,210.02000427246094,211.22000122070312,209.74000549316406,210.47000122070312,94667900
2015-05-14,SPY,176.5242919921875,212.2100067138672,212.32000732421875,210.91000366210938,211.24000549316406,95934000
2015-05-15,SPY,176.71556091308594,212.44000244140625,212.61000061035156,211.86000061035156,212.44000244140625,76510100
2015-05-18,SPY,177.2645721435547,213.10000610351562,213.39999389648438,212.16000366210938,212.24000549316406,74549700
2015-05-19,SPY,177.20635986328125,213.02999877929688,213.57000732421875,212.69000244140625,213.24000549316406,72114600
2015-05-20,SPY,177.0815887451172,212.8800048828125,213.77999877929688,212.5,213.14999389648438,76857500
2015-05-21,SPY,177.59730529785156,213.5,213.75,212.50999450683594,212.7100067138672,64764600
2015-05-22,SPY,177.17312622070312,212.99000549316406,213.5399932861328,212.91000366210938,213.0399932861328,57433500
2015-05-26,SPY,175.26817321777344,210.6999969482422,212.91000366210938,210.1999969482422,212.39999389648438,124308600
2015-05-27,SPY,176.93190002441406,212.6999969482422,212.97999572753906,210.75999450683594,211.25,93214000
2015-05-28,SPY,176.7322235107422,212.4600067138672,212.58999633789062,211.6300048828125,212.3300018310547,74974600
2015-05-29,SPY,175.6341552734375,211.13999938964844,212.42999267578125,210.82000732421875,212.3800048828125,124919600
2015-06-01,SPY,175.99185180664062,211.57000732421875,212.33999633789062,210.6199951171875,211.94000244140625,93338800
2015-06-02,SPY,175.81723022460938,211.36000061035156,212.19000244140625,210.27000427246094,211.02000427246094,91531000
2015-06-03,SPY,176.2830352783203,211.9199981689453,212.6699981689453,211.3300018310547,212.0,87820900
2015-06-04,SPY,174.79400634765625,210.1300048828125,211.86000061035156,209.75,211.07000732421875,151882800
2015-06-05,SPY,174.49452209472656,209.77000427246094,210.5800018310547,208.97999572753906,209.9499969482422,121704700
2015-06-08,SPY,173.4214630126953,208.47999572753906,209.82000732421875,208.38999938964844,209.63999938964844,89063300
2015-06-09,SPY,173.3965606689453,208.4499969482422,209.10000610351562,207.69000244140625,208.4499969482422,105034700
2015-06-10,SPY,175.47613525390625,210.9499969482422,211.41000366210938,209.3000030517578,209.3699951171875,134551300
2015-06-11,SPY,176.0418243408203,211.6300048828125,212.08999633789062,211.1999969482422,211.47999572753906,73876400
2015-06-12,SPY,174.6942138671875,210.00999450683594,211.47999572753906,209.67999267578125,210.63999938964844,135382400
2015-06-15,SPY,173.945556640625,209.11000061035156,209.4499969482422,207.7899932861328,208.63999938964844,124384200
2015-06-16,SPY,174.8938446044922,210.25,210.35000610351562,208.72000122070312,208.92999267578125,85308200
2015-06-17,SPY,175.17672729492188,210.58999633789062,211.32000732421875,209.36000061035156,210.58999633789062,126708600
2015-06-18,SPY,176.99844360351562,212.77999877929688,213.33999633789062,210.6300048828125,211.30999755859375,165867900
2015-06-19,SPY,176.21266174316406,210.80999755859375,211.5500030517578,210.36000061035156,211.4600067138672,130478700
2015-06-22,SPY,177.11544799804688,211.88999938964844,212.58999633789062,211.63999938964844,211.91000366210938,70696000
2015-06-23,SPY,177.24085998535156,212.0399932861328,212.44000244140625,211.57000732421875,212.13999938964844,68476800
2015-06-24,SPY,175.95359802246094,210.5,212.1699981689453,210.47000122070312,211.72000122070312,92307300
2015-06-25,SPY,175.41859436035156,209.86000061035156,211.25,209.77000427246094,211.10000610351562,97107400
2015-06-26,SPY,175.38514709472656,209.82000732421875,210.5800018310547,209.16000366210938,210.2899932861328,104174800
2015-06-29,SPY,171.70724487304688,205.4199981689453,209.8300018310547,205.3300018310547,208.0500030517578,202621300
2015-06-30,SPY,172.0666961669922,205.85000610351562,207.32000732421875,205.27999877929688,207.25999450683594,182925100
2015-07-01,SPY,173.44589233398438,207.5,208.02999877929688,206.55999755859375,207.72999572753906,135979900
2015-07-02,SPY,173.2870635986328,207.30999755859375,208.27000427246094,206.80999755859375,208.07000732421875,104373700
2015-07-06,SPY,172.79391479492188,206.72000122070312,207.64999389648438,205.52999877929688,205.77000427246094,117975400
2015-07-07,SPY,173.8805389404297,208.02000427246094,208.1699981689453,204.11000061035156,206.9600067138672,173820200
2015-07-08,SPY,170.9633331298828,204.52999877929688,206.75999450683594,204.25,206.4199981689453,164020100
2015-07-09,SPY,171.27259826660156,204.89999389648438,207.35000610351562,204.77000427246094,207.0399932861328,144113100
2015-07-10,SPY,173.42921447753906,207.47999572753906,207.97999572753906,204.9499969482422,207.2899932861328,129456900
2015-07-13,SPY,175.3433380126953,209.77000427246094,209.89999389648438,208.94000244140625,208.99000549316406,106069400
2015-07-14,SPY,176.10406494140625,210.67999267578125,211.0500030517578,209.64999389648438,209.72000122070312,81709600
2015-07-15,SPY,176.04550170898438,210.61000061035156,211.27999877929688,210.0399932861328,210.72999572753906,97914100
2015-07-16,SPY,177.45814514160156,212.3000030517578,212.3000030517578,211.5800018310547,211.8699951171875,106683300
2015-07-17,SPY,177.60867309570312,212.47999572753906,212.5500030517578,211.8000030517578,212.2899932861328,89030000
2015-07-20,SPY,177.70054626464844,212.58999633789062,213.17999267578125,212.2100067138672,212.75,70446800
2015-07-21,SPY,176.99842834472656,211.75,212.74000549316406,211.38999938964844,212.42999267578125,77965000
2015-07-22,SPY,176.68077087402344,211.3699951171875,211.77000427246094,210.88999938964844,210.92999267578125,88667900
2015-07-23,SPY,175.6860809326172,210.17999267578125,211.64999389648438,209.75,211.52999877929688,90509100
2015-07-24,SPY,173.8638458251953,208.0,210.3699951171875,207.60000610351562,210.3000030517578,117755000
2015-07-27,SPY,172.85240173339844,206.7899932861328,207.5500030517578,206.25999450683594,206.94000244140625,132361100
2015-07-28,SPY,174.97561645507812,209.3300018310547,209.5,206.8000030517578,207.7899932861328,123544800
2015-07-29,SPY,176.17922973632812,210.77000427246094,211.0399932861328,209.30999755859375,209.47999572753906,105791300
2015-07-30,SPY,176.22105407714844,210.82000732421875,211.02000427246094,209.4199981689453,210.16000366210938,91304400
2015-07-31,SPY,175.95359802246094,210.5,211.4499969482422,210.16000366210938,211.4199981689453,103266900
2015-08-03,SPY,175.360107421875,209.7899932861328,210.52999877929688,208.64999389648438,210.4600067138672,113965700
2015-08-04,SPY,175.0173797607422,209.3800048828125,210.25,208.8000030517578,209.6999969482422,81820800
2015-08-05,SPY,175.5940704345703,210.07000732421875,211.30999755859375,209.72999572753906,210.4499969482422,85786800
2015-08-06,SPY,174.15635681152344,208.35000610351562,210.4199981689453,207.64999389648438,210.2899932861328,116030800
2015-08-07,SPY,173.82205200195312,207.9499969482422,208.33999633789062,206.8699951171875,208.16000366210938,117858000
2015-08-10,SPY,176.01210021972656,210.57000732421875,210.6699981689453,209.27999877929688,209.27999877929688,80270700
2015-08-11,SPY,174.4239044189453,208.6699981689453,209.47000122070312,207.75999450683594,208.97000122070312,126081400
2015-08-12,SPY,174.6328582763672,208.9199981689453,209.13999938964844,205.36000061035156,207.11000061035156,172123700
2015-08-13,SPY,174.41554260253906,208.66000366210938,209.5500030517578,208.00999450683594,208.72999572753906,89383300
2015-08-14,SPY,175.05081176757812,209.4199981689453,209.50999450683594,208.25999450683594,208.42999267578125,72786500
2015-08-17,SPY,176.02882385253906,210.58999633789062,210.58999633789062,208.16000366210938,208.7100067138672,79072600
2015-08-18,SPY,175.5188446044922,209.97999572753906,210.67999267578125,209.6999969482422,210.25999450683594,71692700
2015-08-19,SPY,174.13133239746094,208.32000732421875,210.00999450683594,207.35000610351562,209.08999633789062,172946000
2015-08-20,SPY,170.49522399902344,203.97000122070312,208.2899932861328,203.89999389648438,206.50999450683594,194327900
2015-08-21,SPY,165.36289978027344,197.8300018310547,203.94000244140625,197.52000427246094,201.72999572753906,346588500
2015-08-24,SPY,158.40000915527344,189.5,197.47999572753906,182.39999389648438,187.49000549316406,507244300
2015-08-25,SPY,156.5359649658203,187.27000427246094,195.4499969482422,186.9199981689453,195.42999267578125,369833100
2015-08-26,SPY,162.54600524902344,194.4600067138672,194.7899932861328,188.3699951171875,192.0800018310547,339257000
2015-08-27,SPY,166.5665740966797,199.27000427246094,199.4199981689453,195.2100067138672,197.02000427246094,274143900
2015-08-28,SPY,166.57493591308594,199.27999877929688,199.83999633789062,197.9199981689453,198.5,160414400
2015-08-31,SPY,165.22915649414062,197.6699981689453,199.1300048828125,197.00999450683594,198.11000061035156,163298800
2015-09-01,SPY,160.2974090576172,191.77000427246094,194.77000427246094,190.72999572753906,193.1199951171875,256000400
2015-09-02,SPY,163.340087890625,195.41000366210938,195.4600067138672,192.4199981689453,194.6199951171875,160269300
2015-09-03,SPY,163.4571075439453,195.5500030517578,198.0500030517578,194.9600067138672,196.25999450683594,152087800
2015-09-04,SPY,160.9828338623047,192.58999633789062,193.86000061035156,191.61000061035156,192.85000610351562,207081000
2015-09-08,SPY,165.028564453125,197.42999267578125,197.61000061035156,195.1699981689453,195.94000244140625,116025700
2015-09-09,SPY,162.8218536376953,194.7899932861328,199.47000122070312,194.35000610351562,199.32000732421875,149347700
2015-09-10,SPY,163.70787048339844,195.85000610351562,197.22000122070312,194.25,194.55999755859375,158611100
2015-09-11,SPY,164.4518280029297,196.74000549316406,196.82000732421875,194.52999877929688,195.3800048828125,119691200
2015-09-14,SPY,163.84164428710938,196.00999450683594,197.00999450683594,195.42999267578125,196.9499969482422,79452000
2015-09-15,SPY,165.88949584960938,198.4600067138672,198.99000549316406,195.9600067138672,196.61000061035156,113806200
2015-09-16,SPY,167.32720947265625,200.17999267578125,200.41000366210938,198.41000366210938,198.82000732421875,99581600
2015-09-17,SPY,166.95108032226562,199.72999572753906,202.88999938964844,199.27999877929688,200.02000427246094,276046600
2015-09-18,SPY,164.22283935546875,195.4499969482422,198.67999267578125,194.9600067138672,195.7100067138672,223657500
2015-09-21,SPY,165.07150268554688,196.4600067138672,197.67999267578125,195.2100067138672,196.44000244140625,105726200
2015-09-22,SPY,162.9289093017578,193.91000366210938,194.4600067138672,192.55999755859375,193.8800048828125,153890900
2015-09-23,SPY,162.66842651367188,193.60000610351562,194.6699981689453,192.91000366210938,194.11000061035156,92790600
2015-09-24,SPY,162.08023071289062,192.89999389648438,193.4499969482422,190.55999755859375,192.14999389648438,159378800
2015-09-25,SPY,162.0382843017578,192.85000610351562,195.0,191.80999755859375,194.63999938964844,155054800
2015-09-28,SPY,157.9716033935547,188.00999450683594,191.91000366210938,187.63999938964844,191.77999877929688,178515900
2015-09-29,SPY,158.06394958496094,188.1199951171875,189.74000549316406,186.92999267578125,188.27000427246094,159045600
2015-09-30,SPY,161.01316833496094,191.6300048828125,191.8300018310547,189.44000244140625,190.3699951171875,163452000
2015-10-01,SPY,161.4332733154297,192.1300048828125,192.49000549316406,189.82000732421875,192.0800018310547,131079000
2015-10-02,SPY,163.84475708007812,195.0,195.02999877929688,189.1199951171875,189.77000427246094,211003300
2015-10-05,SPY,166.76036071777344,198.47000122070312,198.74000549316406,196.3300018310547,196.4600067138672,126320800
2015-10-06,SPY,166.18894958496094,197.7899932861328,198.97999572753906,197.0,198.30999755859375,110274500
2015-10-07,SPY,167.55018615722656,199.41000366210938,199.8300018310547,197.47999572753906,198.89999389648438,124307300
2015-10-08,SPY,169.0626220703125,201.2100067138672,201.5500030517578,198.58999633789062,198.9499969482422,153055200
2015-10-09,SPY,169.1634063720703,201.3300018310547,201.89999389648438,200.5800018310547,201.3800048828125,107069200
2015-10-12,SPY,169.32305908203125,201.52000427246094,201.75999450683594,200.91000366210938,201.4199981689453,56395600
2015-10-13,SPY,168.2559356689453,200.25,202.16000366210938,200.0500030517578,200.64999389648438,88038700
2015-10-14,SPY,167.4493408203125,199.2899932861328,200.8699951171875,198.94000244140625,200.17999267578125,99106200
2015-10-15,SPY,170.02047729492188,202.35000610351562,202.36000061035156,199.63999938964844,200.0800018310547,134142200
2015-10-16,SPY,170.79345703125,203.27000427246094,203.2899932861328,201.9199981689453,202.8300018310547,114580100
2015-10-19,SPY,170.87747192382812,203.3699951171875,203.3699951171875,202.1300048828125,202.5,76523900
2015-10-20,SPY,170.6590576171875,203.11000061035156,203.83999633789062,202.5500030517578,202.85000610351562,78448500
2015-10-21,SPY,169.6002960205078,201.85000610351562,203.7899932861328,201.64999389648438,203.61000061035156,102038000
2015-10-22,SPY,172.46543884277344,205.25999450683594,205.50999450683594,201.85000610351562,202.97999572753906,174911700
2015-10-23,SPY,174.35597229003906,207.50999450683594,207.9499969482422,206.3000030517578,207.25,144442300
2015-10-26,SPY,173.92750549316406,207.0,207.3699951171875,206.55999755859375,207.3000030517578,69033000
2015-10-27,SPY,173.59140014648438,206.60000610351562,207.0,205.7899932861328,206.1999969482422,77905800
2015-10-28,SPY,175.5659637451172,208.9499969482422,208.97999572753906,206.2100067138672,207.0,135906700
2015-10-29,SPY,175.46510314941406,208.8300018310547,209.27000427246094,208.2100067138672,208.35000610351562,90525500
2015-10-30,SPY,174.70889282226562,207.92999267578125,209.44000244140625,207.74000549316406,209.05999755859375,131076900
2015-11-02,SPY,176.7759246826172,210.38999938964844,210.6199951171875,208.1699981689453,208.32000732421875,86270800
2015-11-03,SPY,177.28843688964844,211.0,211.66000366210938,209.6999969482422,209.97000122070312,95246100
2015-11-04,SPY,176.75067138671875,210.36000061035156,211.5,209.72000122070312,211.35000610351562,96224500
2015-11-05,SPY,176.57423400878906,210.14999389648438,210.97999572753906,209.08999633789062,210.42999267578125,78408700
2015-11-06,SPY,176.48179626464844,210.0399932861328,210.32000732421875,208.4600067138672,209.74000549316406,110471500
2015-11-09,SPY,174.83493041992188,208.0800018310547,209.49000549316406,206.9499969482422,209.30999755859375,131008700
2015-11-10,SPY,175.23828125,208.55999755859375,208.60000610351562,207.19000244140625,207.50999450683594,75874600
2015-11-11,SPY,174.54928588867188,207.74000549316406,208.94000244140625,207.66000366210938,208.8800048828125,67846000
2015-11-12,SPY,172.11264038085938,204.83999633789062,207.05999755859375,204.82000732421875,206.5,121315200
2015-11-13,SPY,170.1800994873047,202.5399932861328,204.6699981689453,202.44000244140625,204.35000610351562,153577100
2015-11-16,SPY,172.76800537109375,205.6199951171875,205.69000244140625,202.17999267578125,202.32000732421875,117645200
2015-11-17,SPY,172.6419677734375,205.47000122070312,207.0399932861328,204.8800048828125,205.99000549316406,121123700
2015-11-18,SPY,175.38108825683594,208.72999572753906,208.89999389648438,205.99000549316406,206.0399932861328,121342500
2015-11-19,SPY,175.2298583984375,208.5500030517578,209.0500030517578,208.1999969482422,208.58999633789062,88220500
2015-11-20,SPY,175.86843872070312,209.30999755859375,210.1199951171875,208.86000061035156,209.4499969482422,94011500
2015-11-23,SPY,175.66680908203125,209.07000732421875,209.97999572753906,208.52000427246094,209.3800048828125,64931200
2015-11-24,SPY,175.9020538330078,209.35000610351562,209.8300018310547,207.41000366210938,207.8699951171875,98874400
2015-11-25,SPY,175.8768310546875,209.32000732421875,209.74000549316406,209.00999450683594,209.5,51980100
2015-11-27,SPY,176.07847595214844,209.55999755859375,209.8000030517578,208.86000061035156,209.42999267578125,37317800
2015-11-30,SPY,175.34750366210938,208.69000244140625,209.88999938964844,208.55999755859375,209.75,112822700
2015-12-01,SPY,177.01953125,210.67999267578125,210.82000732421875,209.11000061035156,209.44000244140625,97858400
2015-12-02,SPY,175.21299743652344,208.52999877929688,211.0,208.22999572753906,210.6199951171875,108441300
2015-12-03,SPY,172.7595672607422,205.61000061035156,209.14999389648438,204.75,208.8300018310547,166224200
2015-12-04,SPY,176.12890625,209.6199951171875,209.97000122070312,205.61000061035156,205.61000061035156,192913900
2015-12-07,SPY,175.06182861328125,208.35000610351562,209.72999572753906,207.1999969482422,209.22999572753906,102027100
2015-12-08,SPY,173.88551330566406,206.9499969482422,208.2899932861328,205.77999877929688,206.49000549316406,103372400
2015-12-09,SPY,172.53269958496094,205.33999633789062,208.67999267578125,204.17999267578125,206.19000244140625,162401500
2015-12-10,SPY,172.97804260253906,205.8699951171875,207.42999267578125,205.13999938964844,205.4199981689453,116128900
2015-12-11,SPY,169.62557983398438,201.8800048828125,204.13999938964844,201.50999450683594,203.35000610351562,211173300
2015-12-14,SPY,170.48257446289062,202.89999389648438,203.0500030517578,199.9499969482422,202.07000732421875,182385200
2015-12-15,SPY,172.27227783203125,205.02999877929688,206.11000061035156,202.8699951171875,204.6999969482422,154069600
2015-12-16,SPY,174.7928924560547,208.02999877929688,208.38999938964844,204.8000030517578,206.3699951171875,197017000
2015-12-17,SPY,172.12942504882812,204.86000061035156,208.47999572753906,204.83999633789062,208.39999389648438,173092500
2015-12-18,SPY,169.06289672851562,200.02000427246094,202.92999267578125,199.8300018310547,202.77000427246094,251393500
2015-12-21,SPY,170.45755004882812,201.6699981689453,201.8800048828125,200.08999633789062,201.41000366210938,99094300
2015-12-22,SPY,172.00428771972656,203.5,203.85000610351562,201.5500030517578,202.72000122070312,111026200
2015-12-23,SPY,174.13430786132812,206.02000427246094,206.07000732421875,204.5800018310547,204.69000244140625,110987200
2015-12-24,SPY,173.84695434570312,205.67999267578125,206.3300018310547,205.4199981689453,205.72000122070312,48539600
2015-12-28,SPY,173.44964599609375,205.2100067138672,205.25999450683594,203.94000244140625,204.86000061035156,65899900
2015-12-29,SPY,175.30068969726562,207.39999389648438,207.7899932861328,206.47000122070312,206.50999450683594,92640700
2015-12-30,SPY,174.0582275390625,205.92999267578125,207.2100067138672,205.75999450683594,207.11000061035156,63317700
2015-12-31,SPY,172.31707763671875,203.8699951171875,205.88999938964844,203.8699951171875,205.1300048828125,114877900
2016-01-04,SPY,169.9081573486328,201.02000427246094,201.02999877929688,198.58999633789062,200.49000549316406,222353500
2016-01-05,SPY,170.19552612304688,201.36000061035156,201.89999389648438,200.0500030517578,201.39999389648438,110845800
2016-01-06,SPY,168.0486602783203,198.82000732421875,200.05999755859375,197.60000610351562,198.33999633789062,152112600
2016-01-07,SPY,164.0168914794922,194.0500030517578,197.44000244140625,193.58999633789062,195.3300018310547,213436100
2016-01-08,SPY,162.2165985107422,191.9199981689453,195.85000610351562,191.5800018310547,195.19000244140625,209817200
2016-01-11,SPY,162.37718200683594,192.11000061035156,193.41000366210938,189.82000732421875,193.00999450683594,187941300
2016-01-12,SPY,163.687255859375,193.66000366210938,194.5500030517578,191.13999938964844,193.82000732421875,172330500
2016-01-13,SPY,159.6047821044922,188.8300018310547,194.86000061035156,188.3800048828125,194.4499969482422,221168900
2016-01-14,SPY,162.22500610351562,191.92999267578125,193.25999450683594,187.66000366210938,189.5500030517578,240795600
2016-01-15,SPY,158.74269104003906,187.80999755859375,188.75999450683594,185.52000427246094,186.77000427246094,324846400
2016-01-19,SPY,158.95399475097656,188.05999755859375,190.11000061035156,186.1999969482422,189.9600067138672,195244400
2016-01-20,SPY,156.91697692871094,185.64999389648438,187.5,181.02000427246094,185.02999877929688,286547800
2016-01-21,SPY,157.79598999023438,186.69000244140625,188.8699951171875,184.63999938964844,186.2100067138672,195772900
2016-01-22,SPY,161.033203125,190.52000427246094,190.75999450683594,188.8800048828125,189.77999877929688,168319600
2016-01-25,SPY,158.59896850585938,187.63999938964844,190.14999389648438,187.41000366210938,189.9199981689453,130371700
2016-01-26,SPY,160.76278686523438,190.1999969482422,190.52999877929688,188.02000427246094,188.4199981689453,141036800
2016-01-27,SPY,159.01316833496094,188.1300048828125,191.55999755859375,187.05999755859375,189.5800018310547,185681700
2016-01-28,SPY,159.84149169921875,189.11000061035156,190.1999969482422,187.16000366210938,189.9600067138672,143798800
2016-01-29,SPY,163.7379608154297,193.72000122070312,193.8800048828125,189.8800048828125,190.02000427246094,210529300
2016-02-01,SPY,163.67881774902344,193.64999389648438,194.5800018310547,191.83999633789062,192.52999877929688,136061600
2016-02-02,SPY,160.7289581298828,190.16000366210938,191.97000122070312,189.5399932861328,191.9600067138672,182564900
2016-02-03,SPY,161.69252014160156,191.3000030517578,191.77999877929688,187.10000610351562,191.41000366210938,205054900
2016-02-04,SPY,161.9460906982422,191.60000610351562,192.75,189.9600067138672,190.7100067138672,139531800
2016-02-05,SPY,158.86094665527344,187.9499969482422,191.6699981689453,187.1999969482422,190.99000549316406,180788300
2016-02-08,SPY,156.72256469726562,185.4199981689453,186.1199951171875,182.8000030517578,185.77000427246094,191526700
2016-02-09,SPY,156.7310333251953,185.42999267578125,186.94000244140625,183.1999969482422,183.36000061035156,184513100
2016-02-10,SPY,156.5957794189453,185.27000427246094,188.33999633789062,185.1199951171875,186.41000366210938,148214100
2016-02-11,SPY,154.558837890625,182.86000061035156,184.10000610351562,181.08999633789062,182.33999633789062,219058900
2016-02-12,SPY,157.74534606933594,186.6300048828125,186.64999389648438,183.9600067138672,184.9600067138672,127632400
2016-02-16,SPY,160.4077606201172,189.77999877929688,189.80999755859375,187.6300048828125,188.77000427246094,120250700
2016-02-17,SPY,163.02796936035156,192.8800048828125,193.32000732421875,191.00999450683594,191.16000366210938,136009500
2016-02-18,SPY,162.3602294921875,192.08999633789062,193.27000427246094,191.72000122070312,193.1999969482422,102343000
2016-02-19,SPY,162.28416442871094,192.0,192.17999267578125,190.4499969482422,191.1699981689453,114793000
2016-02-22,SPY,164.63394165039062,194.77999877929688,194.9499969482422,193.7899932861328,193.8699951171875,103640300
2016-02-23,SPY,162.5546875,192.32000732421875,194.32000732421875,192.17999267578125,194.0,111455300
2016-02-24,SPY,163.2984619140625,193.1999969482422,193.52999877929688,189.32000732421875,190.6300048828125,150812200
2016-02-25,SPY,165.27627563476562,195.5399932861328,195.5500030517578,192.8300018310547,193.72999572753906,110728300
2016-02-26,SPY,164.89601135253906,195.08999633789062,196.67999267578125,194.89999389648438,196.57000732421875,129833700
2016-02-29,SPY,163.60272216796875,193.55999755859375,196.22999572753906,193.3300018310547,195.11000061035156,125918100
2016-03-01,SPY,167.4485321044922,198.11000061035156,198.2100067138672,194.4499969482422,195.00999450683594,141799700
2016-03-02,SPY,168.2007598876953,199.0,199.05999755859375,197.25,197.74000549316406,102415000
2016-03-03,SPY,168.8600311279297,199.77999877929688,199.8000030517578,198.11000061035156,198.7899932861328,95172200
2016-03-04,SPY,169.4094696044922,200.42999267578125,201.35000610351562,199.02999877929688,200.00999450683594,129293600
2016-03-07,SPY,169.544677734375,200.58999633789062,201.07000732421875,199.25,199.33999633789062,100219000
2016-03-08,SPY,167.6936798095703,198.39999389648438,199.9199981689453,198.2100067138672,199.32000732421875,123974900
2016-03-09,SPY,168.52200317382812,199.3800048828125,199.7899932861328,198.42999267578125,199.36000061035156,94801200
2016-03-10,SPY,168.6571807861328,199.5399932861328,201.07000732421875,197.3800048828125,199.9600067138672,156838700
2016-03-11,SPY,171.37884521484375,202.75999450683594,202.80999755859375,199.52000427246094,201.25999450683594,137964500
2016-03-14,SPY,171.15907287597656,202.5,203.0399932861328,201.77000427246094,202.16000366210938,73612000
2016-03-15,SPY,170.8802032470703,202.1699981689453,202.52999877929688,201.0500030517578,201.36000061035156,93169100
2016-03-16,SPY,171.8690948486328,203.33999633789062,203.82000732421875,201.5500030517578,201.60000610351562,129303200
2016-03-17,SPY,172.9594268798828,204.6300048828125,205.22999572753906,202.77000427246094,203.24000549316406,134278500
2016-03-18,SPY,173.63912963867188,204.3800048828125,204.77999877929688,203.8000030517578,204.1699981689453,138372400
2016-03-21,SPY,173.88548278808594,204.6699981689453,204.94000244140625,203.8000030517578,204.07000732421875,72926700
2016-03-22,SPY,173.79205322265625,204.55999755859375,205.22999572753906,203.57000732421875,203.75999450683594,97471900
2016-03-23,SPY,172.64511108398438,203.2100067138672,204.3300018310547,203.00999450683594,204.11000061035156,81052500
2016-03-24,SPY,172.56861877441406,203.1199951171875,203.16000366210938,201.74000549316406,202.0,84360900
2016-03-28,SPY,172.67059326171875,203.24000549316406,203.86000061035156,202.7100067138672,203.61000061035156,62408200
2016-03-29,SPY,174.26779174804688,205.1199951171875,205.25,202.39999389648438,202.75999450683594,92922900
2016-03-30,SPY,175.03248596191406,206.02000427246094,206.8699951171875,205.58999633789062,206.3000030517578,86365300
2016-03-31,SPY,174.60757446289062,205.52000427246094,206.41000366210938,205.3300018310547,205.91000366210938,94584100
2016-04-01,SPY,175.79705810546875,206.9199981689453,207.13999938964844,203.97999572753906,204.35000610351562,114423500
2016-04-04,SPY,175.22781372070312,206.25,207.07000732421875,205.88999938964844,206.8300018310547,63497000
2016-04-05,SPY,173.47772216796875,204.19000244140625,206.25999450683594,203.88999938964844,204.6699981689453,99662200
2016-04-06,SPY,175.3722381591797,206.4199981689453,206.49000549316406,203.97999572753906,204.19000244140625,91839800
2016-04-07,SPY,173.27378845214844,203.9499969482422,205.55999755859375,203.08999633789062,205.13999938964844,113859000
2016-04-08,SPY,173.7410430908203,204.5,205.85000610351562,203.8699951171875,205.33999633789062,95040600
2016-04-11,SPY,173.33326721191406,204.02000427246094,206.07000732421875,203.91000366210938,205.25,83757500
2016-04-12,SPY,174.94747924804688,205.9199981689453,206.25,203.6999969482422,204.22000122070312,115350600
2016-04-13,SPY,176.714599609375,208.0,208.10000610351562,206.83999633789062,207.0,96336400
2016-04-14,SPY,176.72312927246094,208.00999450683594,208.60000610351562,207.60000610351562,208.07000732421875,65212900
2016-04-15,SPY,176.52769470214844,207.77999877929688,208.1699981689453,207.39999389648438,208.00999450683594,75761600
2016-04-18,SPY,177.76815795898438,209.24000549316406,209.27999877929688,207.0,207.77999877929688,82531000
2016-04-19,SPY,178.3288116455078,209.89999389648438,210.1999969482422,208.94000244140625,209.74000549316406,88316100
2016-04-20,SPY,178.498779296875,210.10000610351562,210.9199981689453,209.38999938964844,209.9499969482422,81100300
2016-04-21,SPY,177.53871154785156,208.97000122070312,210.25,208.64999389648438,210.1199951171875,85695000
2016-04-22,SPY,177.53871154785156,208.97000122070312,209.2899932861328,207.91000366210938,208.5500030517578,99251700
2016-04-25,SPY,177.2328643798828,208.61000061035156,208.66000366210938,207.5399932861328,208.25999450683594,66166500
2016-04-26,SPY,177.49618530273438,208.9199981689453,209.52000427246094,208.36000061035156,209.0399932861328,75864200
2016-04-27,SPY,177.861572265625,209.35000610351562,209.80999755859375,208.0500030517578,208.47000122070312,77329400
2016-04-28,SPY,176.24732971191406,207.4499969482422,209.75999450683594,206.9600067138672,208.4600067138672,97216200
2016-04-29,SPY,175.29576110839844,206.3300018310547,207.1300048828125,205.02999877929688,206.72000122070312,142424100
2016-05-02,SPY,176.6891632080078,207.97000122070312,208.17999267578125,206.41000366210938,206.9199981689453,62188000
2016-05-03,SPY,175.1514129638672,206.16000366210938,206.8000030517578,205.27999877929688,206.52000427246094,106422100
2016-05-04,SPY,174.17430114746094,205.00999450683594,205.85000610351562,204.4199981689453,204.99000549316406,92243800
2016-05-05,SPY,174.14036560058594,204.97000122070312,205.97999572753906,204.47000122070312,205.55999755859375,67619200
2016-05-06,SPY,174.7775421142578,205.72000122070312,205.77000427246094,203.8800048828125,204.05999755859375,89315000
2016-05-09,SPY,174.92198181152344,205.88999938964844,206.39999389648438,205.36000061035156,205.57000732421875,74374900
2016-05-10,SPY,177.09693908691406,208.4499969482422,208.47000122070312,206.63999938964844,206.72000122070312,77472200
2016-05-11,SPY,175.4403076171875,206.5,208.5399932861328,206.5,207.91000366210938,81727000
2016-05-12,SPY,175.4911651611328,206.55999755859375,207.49000549316406,205.3699951171875,207.2899932861328,89586300
2016-05-13,SPY,173.9619140625,204.75999450683594,206.86000061035156,204.3800048828125,206.2100067138672,96474600
2016-05-16,SPY,175.67808532714844,206.77999877929688,207.33999633789062,204.88999938964844,204.9600067138672,77486800
2016-05-17,SPY,174.03839111328125,204.85000610351562,206.8000030517578,204.22999572753906,206.4600067138672,114924900
2016-05-18,SPY,174.08935546875,204.91000366210938,206.3000030517578,203.6300048828125,204.44000244140625,120062100
2016-05-19,SPY,173.48619079589844,204.1999969482422,204.5399932861328,202.77999877929688,204.05999755859375,115430500
2016-05-20,SPY,174.5821075439453,205.49000549316406,206.10000610351562,204.86000061035156,204.9199981689453,104990400
2016-05-23,SPY,174.34422302246094,205.2100067138672,205.83999633789062,204.99000549316406,205.50999450683594,58682600
2016-05-24,SPY,176.6041259765625,207.8699951171875,208.24000549316406,206.13999938964844,206.1699981689453,93537800
2016-05-25,SPY,177.8020782470703,209.27999877929688,209.77000427246094,207.8699951171875,208.6699981689453,76621400
2016-05-26,SPY,177.85304260253906,209.33999633789062,209.7100067138672,208.97000122070312,209.44000244140625,55280700
2016-05-27,SPY,178.61769104003906,210.24000549316406,210.25,209.47000122070312,209.52999877929688,64211200
2016-05-31,SPY,178.27789306640625,209.83999633789062,210.69000244140625,209.17999267578125,210.55999755859375,109879400
2016-06-01,SPY,178.64320373535156,210.27000427246094,210.47999572753906,208.88999938964844,209.1199951171875,69936200
2016-06-02,SPY,179.1868896484375,210.91000366210938,210.92999267578125,209.24000549316406,209.8000030517578,63044700
2016-06-03,SPY,178.65170288085938,210.27999877929688,210.69000244140625,208.86000061035156,210.25,101757100
2016-06-06,SPY,179.56072998046875,211.35000610351562,211.77000427246094,210.50999450683594,210.6999969482422,64887000
2016-06-07,SPY,179.841064453125,211.67999267578125,212.33999633789062,211.5,211.52999877929688,60974800
2016-06-08,SPY,180.42735290527344,212.3699951171875,212.52000427246094,211.69000244140625,211.83999633789062,66170900
2016-06-09,SPY,180.1809539794922,212.0800018310547,212.22000122070312,211.19000244140625,211.50999450683594,73786900
2016-06-10,SPY,178.47325134277344,210.07000732421875,210.86000061035156,209.42999267578125,210.4600067138672,113829200
2016-06-13,SPY,177.09693908691406,208.4499969482422,210.3699951171875,208.35000610351562,209.36000061035156,117751200
2016-06-14,SPY,176.74856567382812,208.0399932861328,208.74000549316406,206.9199981689453,208.0,125059300
2016-06-15,SPY,176.502197265625,207.75,209.36000061035156,207.52999877929688,208.0399932861328,109124500
2016-06-16,SPY,177.0289764404297,208.3699951171875,208.57000732421875,205.58999633789062,207.75,149533100
2016-06-17,SPY,176.3696746826172,206.52000427246094,207.1999969482422,205.75,207.1699981689453,117055700
2016-06-20,SPY,177.50552368164062,207.85000610351562,209.61000061035156,207.75,208.82000732421875,82789600
2016-06-21,SPY,178.00933837890625,208.44000244140625,208.9199981689453,207.77999877929688,208.3000030517578,72461700
2016-06-22,SPY,177.7190399169922,208.10000610351562,209.5,207.92999267578125,208.64999389648438,95560500
2016-06-23,SPY,180.0333709716797,210.80999755859375,210.8699951171875,209.27000427246094,209.80999755859375,102731400
2016-06-24,SPY,173.5685272216797,203.24000549316406,210.85000610351562,202.72000122070312,203.6300048828125,333444400
2016-06-27,SPY,170.4598846435547,199.60000610351562,201.60000610351562,198.64999389648438,201.58999633789062,230775800
2016-06-28,SPY,173.53431701660156,203.1999969482422,203.22999572753906,201.1199951171875,201.47999572753906,159382400
2016-06-29,SPY,176.4892578125,206.66000366210938,206.92999267578125,204.72000122070312,204.83999633789062,137328600
2016-06-30,SPY,178.89752197265625,209.47999572753906,209.5399932861328,206.55999755859375,207.2100067138672,165021900
2016-07-01,SPY,179.27330017089844,209.9199981689453,210.49000549316406,209.2899932861328,209.47999572753906,106055300
2016-07-05,SPY,177.98374938964844,208.41000366210938,209.0800018310547,207.7100067138672,208.9499969482422,109803700
2016-07-06,SPY,179.05123901367188,209.66000366210938,209.8000030517578,207.05999755859375,207.8300018310547,96021500
2016-07-07,SPY,178.94021606445312,209.52999877929688,210.64999389648438,208.6300048828125,209.8699951171875,85593800
2016-07-08,SPY,181.60475158691406,212.64999389648438,212.94000244140625,210.77999877929688,211.0500030517578,133971000
2016-07-11,SPY,182.24525451660156,213.39999389648438,214.07000732421875,212.9499969482422,213.19000244140625,73633900
2016-07-12,SPY,183.56895446777344,214.9499969482422,215.3000030517578,213.42999267578125,214.52999877929688,101275600
2016-07-13,SPY,183.54335021972656,214.9199981689453,215.4499969482422,214.35000610351562,215.44000244140625,87324100
2016-07-14,SPY,184.5681610107422,216.1199951171875,216.6699981689453,215.66000366210938,216.39999389648438,91230900
2016-07-15,SPY,184.3204803466797,215.8300018310547,217.00999450683594,215.30999755859375,216.77999877929688,107155400
2016-07-18,SPY,184.81581115722656,216.41000366210938,216.60000610351562,215.6699981689453,215.97000122070312,58725900
2016-07-19,SPY,184.62791442871094,216.19000244140625,216.22999572753906,215.6300048828125,215.9199981689453,54345700
2016-07-20,SPY,185.39654541015625,217.08999633789062,217.3699951171875,216.19000244140625,216.19000244140625,58159500
2016-07-21,SPY,184.69622802734375,216.27000427246094,217.22000122070312,215.75,216.9600067138672,67777300
2016-07-22,SPY,185.524658203125,217.24000549316406,217.3000030517578,216.10000610351562,216.41000366210938,62787500
2016-07-25,SPY,185.02076721191406,216.64999389648438,217.05999755859375,215.97000122070312,217.0,55873100
2016-07-26,SPY,185.10618591308594,216.75,217.1699981689453,215.75999450683594,216.52999877929688,70080500
2016-07-27,SPY,184.9097442626953,216.52000427246094,217.27000427246094,215.6199951171875,217.19000244140625,84083900
2016-07-28,SPY,185.12322998046875,216.77000427246094,217.11000061035156,215.75,216.2899932861328,65035700
2016-07-29,SPY,185.42222595214844,217.1199951171875,217.5399932861328,216.1300048828125,216.4600067138672,79519400
2016-08-01,SPY,185.26840209960938,216.94000244140625,217.64999389648438,216.41000366210938,217.19000244140625,73311400
2016-08-02,SPY,184.08139038085938,215.5500030517578,216.8300018310547,214.57000732421875,216.64999389648438,92295500
2016-08-03,SPY,184.619384765625,216.17999267578125,216.25,215.1300048828125,215.47999572753906,53993600
2016-08-04,SPY,184.81581115722656,216.41000366210938,216.77999877929688,214.25,216.30999755859375,46585500
2016-08-05,SPY,186.32740783691406,218.17999267578125,218.22999572753906,216.41000366210938,216.41000366210938,71892200
2016-08-08,SPY,186.21636962890625,218.0500030517578,218.52000427246094,217.74000549316406,218.39999389648438,39906500
2016-08-09,SPY,186.32740783691406,218.17999267578125,218.75999450683594,217.8000030517578,218.1300048828125,51251700
2016-08-10,SPY,185.86622619628906,217.63999938964844,218.39999389648438,217.22999572753906,218.30999755859375,57941100
2016-08-11,SPY,186.72877502441406,218.64999389648438,218.94000244140625,217.9499969482422,218.25999450683594,72504300
2016-08-12,SPY,186.56655883789062,218.4600067138672,218.7100067138672,217.99000549316406,218.2899932861328,61313500
2016-08-15,SPY,187.1045684814453,219.08999633789062,219.5,218.8800048828125,218.88999938964844,49813500
2016-08-16,SPY,186.13954162597656,217.9600067138672,218.67999267578125,217.9600067138672,218.60000610351562,53213600
2016-08-17,SPY,186.48959350585938,218.3699951171875,218.52999877929688,217.02000427246094,218.0,75134300
2016-08-18,SPY,186.9081573486328,218.86000061035156,218.89999389648438,218.2100067138672,218.33999633789062,52989300
2016-08-19,SPY,186.63485717773438,218.5399932861328,218.75,217.74000549316406,218.30999755859375,75443000
2016-08-22,SPY,186.62631225585938,218.52999877929688,218.8000030517578,217.8300018310547,218.25999450683594,61368800
2016-08-23,SPY,187.00201416015625,218.97000122070312,219.60000610351562,218.89999389648438,219.25,53399200
2016-08-24,SPY,186.04554748535156,217.85000610351562,218.91000366210938,217.36000061035156,218.8000030517578,71728900
2016-08-25,SPY,185.91746520996094,217.6999969482422,218.19000244140625,217.22000122070312,217.39999389648438,69224800
2016-08-26,SPY,185.5673370361328,217.2899932861328,219.1199951171875,216.25,217.9199981689453,122506300
2016-08-29,SPY,186.48110961914062,218.36000061035156,218.6699981689453,217.39999389648438,217.44000244140625,70502200
2016-08-30,SPY,186.17369079589844,218.0,218.58999633789062,217.35000610351562,218.25999450683594,58114500
2016-08-31,SPY,185.6442108154297,217.3800048828125,217.75,216.47000122070312,217.61000061035156,85269500
2016-09-01,SPY,185.65269470214844,217.38999938964844,217.72999572753906,216.02999877929688,217.3699951171875,97844200
2016-09-02,SPY,186.48959350585938,218.3699951171875,218.8699951171875,217.6999969482422,218.38999938964844,79293900
2016-09-06,SPY,187.05331420898438,219.02999877929688,219.1199951171875,217.86000061035156,218.6999969482422,56702100
2016-09-07,SPY,187.03616333007812,219.00999450683594,219.22000122070312,218.3000030517578,218.83999633789062,76554900
2016-09-08,SPY,186.60922241210938,218.50999450683594,218.94000244140625,218.14999389648438,218.6199951171875,74102900
2016-09-09,SPY,182.14276123046875,213.27999877929688,217.02999877929688,213.25,216.97000122070312,221589100
2016-09-12,SPY,184.75596618652344,216.33999633789062,216.80999755859375,212.30999755859375,212.38999938964844,168110900
2016-09-13,SPY,182.1000213623047,213.22999572753906,215.14999389648438,212.5,214.83999633789062,182828800
2016-09-14,SPY,182.03170776367188,213.14999389648438,214.6999969482422,212.5,213.2899932861328,134185500
2016-09-15,SPY,183.85081481933594,215.27999877929688,215.72999572753906,212.75,212.9600067138672,134427900
2016-09-16,SPY,183.1400604248047,213.3699951171875,213.69000244140625,212.57000732421875,213.47999572753906,155236400
2016-09-19,SPY,183.1744384765625,213.41000366210938,214.8800048828125,213.02999877929688,214.1300048828125,80250500
2016-09-20,SPY,183.18299865722656,213.4199981689453,214.58999633789062,213.3800048828125,214.41000366210938,69665300
2016-09-21,SPY,185.24295043945312,215.82000732421875,216.02999877929688,213.44000244140625,214.24000549316406,110284400
2016-09-22,SPY,186.4102783203125,217.17999267578125,217.52999877929688,216.7100067138672,217.0,76678700
2016-09-23,SPY,185.38888549804688,215.99000549316406,216.8800048828125,215.8800048828125,216.72000122070312,73630900
2016-09-26,SPY,183.8867950439453,214.24000549316406,215.22999572753906,214.00999450683594,215.02000427246094,89827300
2016-09-27,SPY,185.0284423828125,215.57000732421875,215.67999267578125,213.6199951171875,214.0500030517578,78494800
2016-09-28,SPY,185.94677734375,216.63999938964844,216.82000732421875,214.7100067138672,215.8300018310547,87411000
2016-09-29,SPY,184.26446533203125,214.67999267578125,216.8699951171875,214.0399932861328,216.39999389648438,128070600
2016-09-30,SPY,185.65499877929688,216.3000030517578,217.1199951171875,215.36000061035156,215.64999389648438,117202900
2016-10-03,SPY,185.20867919921875,215.77999877929688,216.0399932861328,215.0399932861328,215.82000732421875,83512100
2016-10-04,SPY,184.26446533203125,214.67999267578125,216.1699981689453,213.99000549316406,215.91000366210938,119948100
2016-10-05,SPY,185.0798797607422,215.6300048828125,216.1300048828125,215.3300018310547,215.41000366210938,72816000
2016-10-06,SPY,185.20867919921875,215.77999877929688,216.0399932861328,214.74000549316406,215.3699951171875,62927400
2016-10-07,SPY,184.573486328125,215.0399932861328,216.3000030517578,214.19000244140625,216.10000610351562,89788300
2016-10-10,SPY,185.5347900390625,216.16000366210938,216.6999969482422,215.99000549316406,216.16000366210938,51855000
2016-10-11,SPY,183.19155883789062,213.42999267578125,215.74000549316406,212.5800018310547,215.66000366210938,130367400
2016-10-12,SPY,183.43194580078125,213.7100067138672,214.32000732421875,213.00999450683594,213.58999633789062,73866100
2016-10-13,SPY,182.8311004638672,213.00999450683594,213.58999633789062,211.2100067138672,212.16000366210938,101357000
2016-10-14,SPY,182.925537109375,213.1199951171875,214.69000244140625,213.02999877929688,214.14999389648438,93346200
2016-10-17,SPY,182.29039001464844,212.3800048828125,213.38999938964844,212.1699981689453,213.08999633789062,58275700
2016-10-18,SPY,183.43194580078125,213.7100067138672,214.30999755859375,213.27000427246094,214.24000549316406,76869700
2016-10-19,SPY,183.921142578125,214.27999877929688,214.63999938964844,213.60000610351562,214.02000427246094,66519200
2016-10-20,SPY,183.5778350830078,213.8800048828125,214.52999877929688,213.11000061035156,213.8699951171875,73639800
2016-10-21,SPY,183.66368103027344,213.97999572753906,214.0800018310547,212.75999450683594,213.8800048828125,89089100
2016-10-24,SPY,184.4447021484375,214.88999938964844,215.32000732421875,214.47999572753906,215.0,60146600
2016-10-25,SPY,183.8267822265625,214.1699981689453,214.97999572753906,213.97999572753906,214.67999267578125,66542300
2016-10-26,SPY,183.4576873779297,213.74000549316406,214.4199981689453,212.92999267578125,213.2100067138672,75705500
2016-10-27,SPY,182.96844482421875,213.1699981689453,214.6199951171875,213.0800018310547,214.5800018310547,77220200
2016-10-28,SPY,182.42767333984375,212.5399932861328,213.92999267578125,211.7100067138672,213.13999938964844,140623200
2016-10-31,SPY,182.436279296875,212.5500030517578,213.19000244140625,212.36000061035156,212.92999267578125,61272500
2016-11-01,SPY,181.11444091796875,211.00999450683594,212.99000549316406,209.60000610351562,212.92999267578125,122781800
2016-11-02,SPY,180.0243377685547,209.74000549316406,211.10000610351562,209.22999572753906,210.64999389648438,103330800
2016-11-03,SPY,179.20034790039062,208.77999877929688,210.24000549316406,208.4600067138672,209.99000549316406,88939300
2016-11-04,SPY,179.00296020507812,208.5500030517578,209.88999938964844,208.3800048828125,208.91000366210938,109122100
2016-11-07,SPY,182.95120239257812,213.14999389648438,213.19000244140625,208.5500030517578,208.5500030517578,109794900
2016-11-08,SPY,183.77523803710938,214.11000061035156,214.77000427246094,212.3800048828125,212.69000244140625,106772100
2016-11-09,SPY,185.72366333007812,216.3800048828125,217.10000610351562,212.33999633789062,212.3699951171875,258429000
2016-11-10,SPY,186.1870880126953,216.9199981689453,218.30999755859375,215.22000122070312,217.3000030517578,172113300
2016-11-11,SPY,185.7579803466797,216.4199981689453,216.6999969482422,215.32000732421875,216.0800018310547,100552700
2016-11-14,SPY,185.9038543701172,216.58999633789062,217.27000427246094,215.72000122070312,217.02999877929688,94580000
2016-11-15,SPY,187.35440063476562,218.27999877929688,218.27999877929688,216.8000030517578,217.0399932861328,91652600
2016-11-16,SPY,187.00250244140625,217.8699951171875,218.13999938964844,217.4199981689453,217.55999755859375,65617700
2016-11-17,SPY,187.9638214111328,218.99000549316406,219.05999755859375,217.9199981689453,218.0500030517578,69797200
2016-11-18,SPY,187.5432891845703,218.5,219.27000427246094,218.2899932861328,219.07000732421875,86265800
2016-11-21,SPY,188.95953369140625,220.14999389648438,220.17999267578125,219.0,219.1699981689453,72402600
2016-11-22,SPY,189.32859802246094,220.5800018310547,220.7899932861328,219.72999572753906,220.50999450683594,67429000
2016-11-23,SPY,189.43157958984375,220.6999969482422,220.75999450683594,219.75,219.97999572753906,56620200
2016-11-25,SPY,190.13543701171875,221.52000427246094,221.55999755859375,221.00999450683594,221.10000610351562,37872300
2016-11-28,SPY,189.2427520751953,220.47999572753906,221.47999572753906,220.36000061035156,221.16000366210938,76572500
2016-11-29,SPY,189.61184692382812,220.91000366210938,221.44000244140625,220.1699981689453,220.52000427246094,69886700
2016-11-30,SPY,189.15696716308594,220.3800048828125,221.82000732421875,220.30999755859375,221.6300048828125,113291800
2016-12-01,SPY,188.4617156982422,219.57000732421875,220.72999572753906,219.14999389648438,220.72999572753906,79040500
2016-12-02,SPY,188.55612182617188,219.67999267578125,220.25,219.25999450683594,219.6699981689453,74840300
2016-12-05,SPY,189.68907165527344,221.0,221.39999389648438,220.4199981689453,220.64999389648438,67837800
2016-12-06,SPY,190.2899169921875,221.6999969482422,221.74000549316406,220.66000366210938,221.22000122070312,59877400
2016-12-07,SPY,192.77903747558594,224.60000610351562,224.6699981689453,221.3800048828125,221.52000427246094,110738100
2016-12-08,SPY,193.25115966796875,225.14999389648438,225.6999969482422,224.25999450683594,224.57000732421875,99714400
2016-12-09,SPY,194.41839599609375,226.50999450683594,226.52999877929688,225.3699951171875,225.41000366210938,88005800
2016-12-12,SPY,194.19529724121094,226.25,226.9600067138672,225.75999450683594,226.39999389648438,102016100
2016-12-13,SPY,195.4913330078125,227.75999450683594,228.33999633789062,227.0,227.02000427246094,110477500
2016-12-14,SPY,193.877685546875,225.8800048828125,228.22999572753906,225.3699951171875,227.41000366210938,142501800
2016-12-15,SPY,194.67591857910156,226.80999755859375,227.80999755859375,225.88999938964844,226.16000366210938,124972600
2016-12-16,SPY,194.29518127441406,225.0399932861328,226.0800018310547,224.6699981689453,226.00999450683594,156420200
2016-12-19,SPY,194.71823120117188,225.52999877929688,226.02000427246094,225.0800018310547,225.25,90341100
2016-12-20,SPY,195.46937561035156,226.39999389648438,226.57000732421875,225.8800048828125,226.14999389648438,89838800
2016-12-21,SPY,194.92543029785156,225.77000427246094,226.4499969482422,225.77000427246094,226.25,67909000
2016-12-22,SPY,194.58871459960938,225.3800048828125,225.74000549316406,224.9199981689453,225.60000610351562,56219100
2016-12-23,SPY,194.87362670898438,225.7100067138672,225.72000122070312,225.2100067138672,225.42999267578125,36697800
2016-12-27,SPY,195.3571319580078,226.27000427246094,226.72999572753906,226.0,226.02000427246094,42672500
2016-12-28,SPY,193.74264526367188,224.39999389648438,226.58999633789062,224.27000427246094,226.57000732421875,64095000
2016-12-29,SPY,193.69943237304688,224.35000610351562,224.88999938964844,223.83999633789062,224.47999572753906,48696100
2016-12-30,SPY,192.9915008544922,223.52999877929688,224.8300018310547,222.72999572753906,224.72999572753906,108998300
2017-01-03,SPY,194.4678497314453,225.24000549316406,225.8300018310547,223.8800048828125,225.0399932861328,91366500
2017-01-04,SPY,195.6248016357422,226.5800018310547,226.75,225.61000061035156,225.6199951171875,78744400
2017-01-05,SPY,195.46937561035156,226.39999389648438,226.5800018310547,225.47999572753906,226.27000427246094,78379000
2017-01-06,SPY,196.16873168945312,227.2100067138672,227.75,225.89999389648438,226.52999877929688,71559900
2017-01-09,SPY,195.52122497558594,226.4600067138672,227.07000732421875,226.4199981689453,226.91000366210938,46939700
2017-01-10,SPY,195.52122497558594,226.4600067138672,227.4499969482422,226.00999450683594,226.47999572753906,63771900
2017-01-11,SPY,196.07376098632812,227.10000610351562,227.10000610351562,225.58999633789062,226.36000061035156,74650000
2017-01-12,SPY,195.58160400390625,226.52999877929688,226.75,224.9600067138672,226.5,72113200
2017-01-13,SPY,196.0305633544922,227.0500030517578,227.39999389648438,226.69000244140625,226.72999572753906,62717900
2017-01-17,SPY,195.33990478515625,226.25,226.77999877929688,225.8000030517578,226.30999755859375,61240800
2017-01-18,SPY,195.77157592773438,226.75,226.8000030517578,225.89999389648438,226.5399932861328,54793300
2017-01-19,SPY,195.0462646484375,225.91000366210938,227.0,225.41000366210938,226.83999633789062,66608800
2017-01-20,SPY,195.76292419433594,226.74000549316406,227.30999755859375,225.97000122070312,226.6999969482422,129168600
2017-01-23,SPY,195.2535858154297,226.14999389648438,226.80999755859375,225.27000427246094,226.74000549316406,75061600
2017-01-24,SPY,196.50540161132812,227.60000610351562,228.0800018310547,226.27000427246094,226.39999389648438,95555300
2017-01-25,SPY,198.206298828125,229.57000732421875,229.57000732421875,228.50999450683594,228.6999969482422,84437700
2017-01-26,SPY,197.9990997314453,229.3300018310547,229.7100067138672,229.00999450683594,229.39999389648438,59970700
2017-01-27,SPY,197.688232421875,228.97000122070312,229.58999633789062,228.75999450683594,229.4199981689453,59711100
2017-01-30,SPY,196.4622802734375,227.5500030517578,228.1999969482422,226.41000366210938,228.1699981689453,79737300
2017-01-31,SPY,196.4449462890625,227.52999877929688,227.60000610351562,226.32000732421875,226.97999572753906,75880800
2017-02-01,SPY,196.52264404296875,227.6199951171875,228.58999633789062,226.94000244140625,227.52999877929688,79117700
2017-02-02,SPY,196.65223693847656,227.77000427246094,228.10000610351562,226.82000732421875,227.6199951171875,69657600
2017-02-03,SPY,198.0077362060547,229.33999633789062,229.5500030517578,228.4600067138672,228.82000732421875,80563200
2017-02-06,SPY,197.6537322998047,228.92999267578125,229.3300018310547,228.5399932861328,228.8699951171875,57790100
2017-02-07,SPY,197.66232299804688,228.94000244140625,229.66000366210938,228.72000122070312,229.3800048828125,57931200
2017-02-08,SPY,197.92140197753906,229.24000549316406,229.38999938964844,228.30999755859375,228.94000244140625,51566200
2017-02-09,SPY,199.0955810546875,230.60000610351562,230.9499969482422,229.24000549316406,229.24000549316406,65955200
2017-02-10,SPY,199.8812255859375,231.50999450683594,231.77000427246094,230.6199951171875,231.0,66015900
2017-02-13,SPY,200.96913146972656,232.77000427246094,233.07000732421875,232.0500030517578,232.0800018310547,55182100
2017-02-14,SPY,201.77203369140625,233.6999969482422,233.7100067138672,232.16000366210938,232.55999755859375,71109000
2017-02-15,SPY,202.82537841796875,234.9199981689453,235.13999938964844,233.38999938964844,233.4499969482422,86785800
2017-02-16,SPY,202.6526641845703,234.72000122070312,235.16000366210938,233.85000610351562,234.9499969482422,84722400
2017-02-17,SPY,202.97213745117188,235.08999633789062,235.08999633789062,233.92999267578125,233.9499969482422,77204100
2017-02-21,SPY,204.18089294433594,236.49000549316406,236.69000244140625,235.50999450683594,235.52000427246094,88946100
2017-02-22,SPY,203.99954223632812,236.27999877929688,236.5399932861328,235.8300018310547,236.02000427246094,62115200
2017-02-23,SPY,204.1377410888672,236.44000244140625,236.89999389648438,235.55999755859375,236.8800048828125,74615900
2017-02-24,SPY,204.39671325683594,236.74000549316406,236.7899932861328,235.41000366210938,235.4600067138672,82381600
2017-02-27,SPY,204.71617126464844,237.11000061035156,237.30999755859375,236.35000610351562,236.63999938964844,56515400
2017-02-28,SPY,204.16360473632812,236.47000122070312,236.9499969482422,236.02000427246094,236.6699981689453,96961900
2017-03-01,SPY,207.0214080810547,239.77999877929688,240.32000732421875,238.3699951171875,238.38999938964844,149158200
2017-03-02,SPY,205.7177276611328,238.27000427246094,239.57000732421875,238.2100067138672,239.55999755859375,70246000
2017-03-03,SPY,205.8472137451172,238.4199981689453,238.61000061035156,237.72999572753906,238.1699981689453,81974300
2017-03-06,SPY,205.23423767089844,237.7100067138672,238.1199951171875,237.00999450683594,237.5,55391500
2017-03-07,SPY,204.6212158203125,237.0,237.77000427246094,236.75999450683594,237.36000061035156,65103700
2017-03-08,SPY,204.2412872314453,236.55999755859375,237.63999938964844,236.39999389648438,237.33999633789062,78168800
2017-03-09,SPY,204.50030517578125,236.86000061035156,237.24000549316406,235.74000549316406,236.6999969482422,90683900
2017-03-10,SPY,205.21694946289062,237.69000244140625,238.02000427246094,236.58999633789062,237.97000122070312,81991700
2017-03-13,SPY,205.32054138183594,237.80999755859375,237.86000061035156,237.24000549316406,237.6199951171875,57256800
2017-03-14,SPY,204.5348663330078,236.89999389648438,237.24000549316406,236.19000244140625,237.17999267578125,59880800
2017-03-15,SPY,206.30479431152344,238.9499969482422,239.44000244140625,237.2899932861328,237.55999755859375,96081800
2017-03-16,SPY,205.89898681640625,238.47999572753906,239.1999969482422,238.10000610351562,239.11000061035156,78344000
2017-03-17,SPY,205.53741455078125,237.02999877929688,237.97000122070312,237.02999877929688,237.75,89002100
2017-03-20,SPY,205.3119659423828,236.77000427246094,237.36000061035156,236.32000732421875,237.02999877929688,52537000
2017-03-21,SPY,202.67588806152344,233.72999572753906,237.61000061035156,233.5800018310547,237.47000122070312,131809300
2017-03-22,SPY,203.15283203125,234.27999877929688,234.61000061035156,233.0500030517578,233.77000427246094,97569200
2017-03-23,SPY,202.9359893798828,234.02999877929688,235.33999633789062,233.60000610351562,234.27999877929688,100410300
2017-03-24,SPY,202.78857421875,233.86000061035156,235.0399932861328,232.9600067138672,234.3800048828125,112504900
2017-03-27,SPY,202.58041381835938,233.6199951171875,233.9199981689453,231.61000061035156,231.92999267578125,87454500
2017-03-28,SPY,204.05459594726562,235.32000732421875,235.80999755859375,233.13999938964844,233.27000427246094,93483900
2017-03-29,SPY,204.245361328125,235.5399932861328,235.80999755859375,234.72999572753906,234.99000549316406,61950400
2017-03-30,SPY,204.8957061767578,236.2899932861328,236.52000427246094,235.27000427246094,235.47000122070312,56737900
2017-03-31,SPY,204.41885375976562,235.74000549316406,236.50999450683594,235.67999267578125,235.89999389648438,73733100
2017-04-03,SPY,204.06329345703125,235.3300018310547,236.02999877929688,233.91000366210938,235.8000030517578,85546500
2017-04-04,SPY,204.19338989257812,235.47999572753906,235.5800018310547,234.55999755859375,235.0,56466200
2017-04-05,SPY,203.58633422851562,234.77999877929688,237.38999938964844,234.5399932861328,236.25999450683594,108800600
2017-04-06,SPY,204.15869140625,235.44000244140625,236.0399932861328,234.42999267578125,234.94000244140625,69135800
2017-04-07,SPY,203.95054626464844,235.1999969482422,236.0,234.63999938964844,235.14999389648438,74412300
2017-04-10,SPY,204.0718994140625,235.33999633789062,236.25999450683594,234.72999572753906,235.36000061035156,67615300
2017-04-11,SPY,203.8291473388672,235.05999755859375,235.17999267578125,233.33999633789062,234.89999389648438,88045300
2017-04-12,SPY,202.9359893798828,234.02999877929688,234.9600067138672,233.77000427246094,234.74000549316406,81864400
2017-04-13,SPY,201.61798095703125,232.50999450683594,234.49000549316406,232.50999450683594,233.63999938964844,92880400
2017-04-17,SPY,203.40426635742188,234.57000732421875,234.57000732421875,232.8800048828125,233.11000061035156,68405400
2017-04-18,SPY,202.79721069335938,233.8699951171875,234.49000549316406,233.0800018310547,233.72000122070312,83225800
2017-04-19,SPY,202.4243927001953,233.44000244140625,234.9499969482422,233.17999267578125,234.52000427246094,68699900
2017-04-20,SPY,204.0718994140625,235.33999633789062,235.85000610351562,233.77999877929688,234.14999389648438,92572200
2017-04-21,SPY,203.42160034179688,234.58999633789062,235.30999755859375,234.1300048828125,235.25,110389800
2017-04-24,SPY,205.65884399414062,237.1699981689453,237.41000366210938,234.55999755859375,237.17999267578125,119209900
2017-04-25,SPY,206.85543823242188,238.5500030517578,238.9499969482422,237.80999755859375,237.91000366210938,76698300
2017-04-26,SPY,206.72540283203125,238.39999389648438,239.52999877929688,238.35000610351562,238.50999450683594,84702500
2017-04-27,SPY,206.8988037109375,238.60000610351562,238.9499969482422,237.97999572753906,238.77000427246094,57410300
2017-04-28,SPY,206.44793701171875,238.0800018310547,238.92999267578125,237.92999267578125,238.89999389648438,63532800
2017-05-01,SPY,206.9681854248047,238.67999267578125,239.1699981689453,238.1999969482422,238.67999267578125,66882500
2017-05-02,SPY,207.0462646484375,238.77000427246094,238.97999572753906,238.3000030517578,238.83999633789062,57375700
2017-05-03,SPY,206.79473876953125,238.47999572753906,238.8800048828125,237.6999969482422,238.77000427246094,73137700
2017-05-04,SPY,207.03762817382812,238.75999450683594,238.9199981689453,237.77999877929688,238.8300018310547,61462700
2017-05-05,SPY,207.85263061523438,239.6999969482422,239.72000122070312,238.67999267578125,239.19000244140625,62001300
2017-05-08,SPY,207.81800842285156,239.66000366210938,239.9199981689453,239.1699981689453,239.75,48385700
2017-05-09,SPY,207.6272735595703,239.44000244140625,240.19000244140625,239.0399932861328,239.9600067138672,51363200
2017-05-10,SPY,208.0000457763672,239.8699951171875,239.8699951171875,239.14999389648438,239.38999938964844,54293800
2017-05-11,SPY,207.57522583007812,239.3800048828125,239.57000732421875,238.1300048828125,239.35000610351562,62358300
2017-05-12,SPY,207.22830200195312,238.97999572753906,239.42999267578125,238.6699981689453,239.08999633789062,53912700
2017-05-15,SPY,208.37294006347656,240.3000030517578,240.44000244140625,239.4499969482422,239.47000122070312,61918900
2017-05-16,SPY,208.1821746826172,240.0800018310547,240.6699981689453,239.6300048828125,240.63999938964844,51241800
2017-05-17,SPY,204.48822021484375,235.82000732421875,240.0800018310547,235.75,240.0800018310547,172174100
2017-05-18,SPY,205.3119659423828,236.77000427246094,237.75,235.42999267578125,235.72999572753906,107047700
2017-05-19,SPY,206.6473388671875,238.30999755859375,239.0800018310547,237.27000427246094,237.3300018310547,115011400
2017-05-22,SPY,207.69659423828125,239.52000427246094,239.7100067138672,238.82000732421875,238.89999389648438,61010600
2017-05-23,SPY,208.15615844726562,240.0500030517578,240.24000549316406,239.50999450683594,239.9499969482422,48341700
2017-05-24,SPY,208.6417694091797,240.61000061035156,240.72999572753906,239.92999267578125,240.32000732421875,46927700
2017-05-25,SPY,209.63893127441406,241.75999450683594,242.0800018310547,240.9600067138672,241.1999969482422,64071700
2017-05-26,SPY,209.59564208984375,241.7100067138672,241.89999389648438,241.4499969482422,241.5399932861328,46629900
2017-05-30,SPY,209.41351318359375,241.5,241.7899932861328,241.16000366210938,241.33999633789062,35201900
2017-05-31,SPY,209.3614959716797,241.44000244140625,241.8800048828125,240.63999938964844,241.83999633789062,91796000
2017-06-01,SPY,211.02638244628906,243.36000061035156,243.3800048828125,241.63999938964844,241.97000122070312,68962000
2017-06-02,SPY,211.728759765625,244.1699981689453,244.35000610351562,243.0800018310547,243.4199981689453,88666100
2017-06-05,SPY,211.57269287109375,243.99000549316406,244.3000030517578,243.75999450683594,243.97000122070312,44698800
2017-06-06,SPY,210.8963165283203,243.2100067138672,243.97999572753906,243.1199951171875,243.33999633789062,50375400
2017-06-07,SPY,211.28651428222656,243.66000366210938,243.9199981689453,242.8300018310547,243.60000610351562,54144300
2017-06-08,SPY,211.39056396484375,243.77999877929688,244.3300018310547,243.1699981689453,243.77000427246094,65950700
2017-06-09,SPY,211.06976318359375,243.41000366210938,245.00999450683594,241.9499969482422,244.08999633789062,132256400
2017-06-12,SPY,211.02638244628906,243.36000061035156,243.4199981689453,242.3800048828125,243.1300048828125,86108100
2017-06-13,SPY,212.0582733154297,244.5500030517578,244.61000061035156,243.5800018310547,243.97999572753906,60067000
2017-06-14,SPY,211.78953552246094,244.24000549316406,244.8699951171875,243.2899932861328,244.86000061035156,78602300
2017-06-15,SPY,211.3818817138672,243.77000427246094,243.91000366210938,242.36000061035156,242.67999267578125,66464900
2017-06-16,SPY,211.42813110351562,242.63999938964844,242.8300018310547,241.6300048828125,242.77000427246094,84553100
2017-06-19,SPY,213.18829345703125,244.66000366210938,244.72999572753906,243.47999572753906,243.58999633789062,65123800
2017-06-20,SPY,211.75050354003906,243.00999450683594,244.25999450683594,242.99000549316406,244.25,56906400
2017-06-21,SPY,211.6981964111328,242.9499969482422,243.58999633789062,242.41000366210938,243.4600067138672,55977600
2017-06-22,SPY,211.60231018066406,242.83999633789062,243.52999877929688,242.63999938964844,242.9600067138672,44148100
2017-06-23,SPY,211.85507202148438,243.1300048828125,243.50999450683594,242.47000122070312,242.91000366210938,66986800
2017-06-26,SPY,211.99452209472656,243.2899932861328,244.3800048828125,243.0500030517578,243.89999389648438,56700500
2017-06-27,SPY,210.28660583496094,241.3300018310547,243.3800048828125,241.30999755859375,243.0399932861328,82247700
2017-06-28,SPY,212.1687774658203,243.49000549316406,243.72000122070312,242.22999572753906,242.5,70042600
2017-06-29,SPY,210.30404663085938,241.35000610351562,243.72000122070312,239.9600067138672,243.66000366210938,106949700
2017-06-30,SPY,210.69615173339844,241.8000030517578,242.7100067138672,241.5800018310547,242.27999877929688,86820700
2017-07-03,SPY,211.05337524414062,242.2100067138672,243.3800048828125,242.2100067138672,242.8800048828125,39153800
2017-07-05,SPY,211.54139709472656,242.77000427246094,243.00999450683594,241.6999969482422,242.6300048828125,54427600
2017-07-06,SPY,209.60691833496094,240.5500030517578,242.02999877929688,240.33999633789062,241.88999938964844,65400800
2017-07-07,SPY,210.96630859375,242.11000061035156,242.27999877929688,240.55999755859375,241.2100067138672,57972300
2017-07-10,SPY,211.1928253173828,242.3699951171875,242.8000030517578,241.75999450683594,242.11000061035156,36663300
2017-07-11,SPY,211.0360107421875,242.19000244140625,242.5500030517578,240.85000610351562,242.3699951171875,50354600
2017-07-12,SPY,212.62188720703125,244.00999450683594,244.1999969482422,243.3000030517578,243.3000030517578,59610400
2017-07-13,SPY,212.9791259765625,244.4199981689453,244.5500030517578,243.75999450683594,244.02000427246094,39471600
2017-07-14,SPY,213.9724884033203,245.55999755859375,245.97000122070312,244.30999755859375,244.4199981689453,60262700
2017-07-17,SPY,213.9463348388672,245.52999877929688,245.91000366210938,245.3300018310547,245.47000122070312,33531900
2017-07-18,SPY,214.0595703125,245.66000366210938,245.72000122070312,244.6699981689453,245.05999755859375,42742500
2017-07-19,SPY,215.2185516357422,246.99000549316406,247.0,246.00999450683594,246.02000427246094,51034300
2017-07-20,SPY,215.31439208984375,247.10000610351562,247.4199981689453,246.47000122070312,247.27999877929688,47135200
2017-07-21,SPY,215.12269592285156,246.8800048828125,246.91000366210938,246.17999267578125,246.44000244140625,82340800
2017-07-24,SPY,215.07037353515625,246.82000732421875,246.97999572753906,246.27999877929688,246.7899932861328,46622300
2017-07-25,SPY,215.59324645996094,247.4199981689453,247.8000030517578,247.16000366210938,247.67999267578125,54915600
2017-07-26,SPY,215.60189819335938,247.42999267578125,247.7899932861328,247.1300048828125,247.75,47575400
2017-07-27,SPY,215.40155029296875,247.1999969482422,248.0,245.67999267578125,247.9600067138672,70766600
2017-07-28,SPY,215.14886474609375,246.91000366210938,247.05999755859375,246.1300048828125,246.64999389648438,50088400
2017-07-31,SPY,215.02684020996094,246.77000427246094,247.47999572753906,246.52999877929688,247.3699951171875,65838700
2017-08-01,SPY,215.50607299804688,247.32000732421875,247.5,246.72000122070312,247.4600067138672,55050400
2017-08-02,SPY,215.61065673828125,247.44000244140625,247.60000610351562,246.3699951171875,247.47000122070312,47211200
2017-08-03,SPY,215.1923828125,246.9600067138672,247.33999633789062,246.63999938964844,247.30999755859375,40856000
2017-08-04,SPY,215.5845184326172,247.41000366210938,247.7899932861328,246.97000122070312,247.52000427246094,60191800
2017-08-07,SPY,215.98536682128906,247.8699951171875,247.8699951171875,247.3699951171875,247.49000549316406,31995000
2017-08-08,SPY,215.45379638671875,247.25999450683594,248.91000366210938,246.8300018310547,247.50999450683594,61719400
2017-08-09,SPY,215.44512939453125,247.25,247.30999755859375,246.05999755859375,246.47000122070312,62632600
2017-08-10,SPY,212.40403747558594,243.75999450683594,246.44000244140625,243.6999969482422,246.2899932861328,120479500
2017-08-11,SPY,212.71771240234375,244.1199951171875,244.8000030517578,243.75,244.02000427246094,74869900
2017-08-14,SPY,214.82644653320312,246.5399932861328,246.7899932861328,245.5500030517578,245.58999633789062,73291900
2017-08-15,SPY,214.80030822753906,246.50999450683594,247.0,246.16000366210938,246.97999572753906,55242700
2017-08-16,SPY,215.17498779296875,246.94000244140625,247.57000732421875,246.4499969482422,247.11000061035156,56715500
2017-08-17,SPY,211.8201446533203,243.08999633789062,246.60000610351562,243.08999633789062,246.24000549316406,128490400
2017-08-18,SPY,211.48910522460938,242.7100067138672,244.19000244140625,242.1999969482422,242.89999389648438,136748000
2017-08-21,SPY,211.6546173095703,242.89999389648438,243.1999969482422,241.8300018310547,242.63999938964844,65469700
2017-08-22,SPY,213.8679656982422,245.44000244140625,245.6199951171875,243.5500030517578,243.57000732421875,63140100
2017-08-23,SPY,213.1011199951172,244.55999755859375,245.0500030517578,244.16000366210938,244.3300018310547,50203800
2017-08-24,SPY,212.60446166992188,243.99000549316406,245.17999267578125,243.75,245.0,50741700
2017-08-25,SPY,213.1011199951172,244.55999755859375,245.61000061035156,244.38999938964844,244.89999389648438,64445900
2017-08-28,SPY,213.10986328125,244.57000732421875,245.1999969482422,244.08999633789062,245.1699981689453,40565600
2017-08-29,SPY,213.35385131835938,244.85000610351562,245.14999389648438,242.92999267578125,243.05999755859375,51135700
2017-08-30,SPY,214.3646240234375,246.00999450683594,246.32000732421875,244.6199951171875,244.8300018310547,62030800
2017-08-31,SPY,215.65420532226562,247.49000549316406,247.77000427246094,246.0500030517578,246.72000122070312,103803900
2017-09-01,SPY,215.9591827392578,247.83999633789062,248.3300018310547,247.6699981689453,247.9199981689453,62007000
2017-09-05,SPY,214.40817260742188,246.05999755859375,247.52000427246094,244.9499969482422,247.25999450683594,91398800
2017-09-06,SPY,215.14016723632812,246.89999389648438,247.27999877929688,246.22999572753906,246.83999633789062,57916900
2017-09-07,SPY,215.114013671875,246.8699951171875,247.27000427246094,246.39999389648438,247.25,58034700
2017-09-08,SPY,214.8612823486328,246.5800018310547,247.11000061035156,246.3000030517578,246.5399932861328,63832800
2017-09-11,SPY,217.15301513671875,249.2100067138672,249.3000030517578,248.02000427246094,248.0399932861328,71364800
2017-09-12,SPY,217.8849334716797,250.0500030517578,250.08999633789062,249.4199981689453,249.6300048828125,56896000
2017-09-13,SPY,217.989501953125,250.1699981689453,250.2100067138672,249.58999633789062,249.72000122070312,59228000
2017-09-14,SPY,217.91978454589844,250.08999633789062,250.32000732421875,249.60000610351562,249.8000030517578,95446300
2017-09-15,SPY,218.21315002441406,249.19000244140625,249.2899932861328,248.57000732421875,248.69000244140625,95432400
2017-09-18,SPY,218.67723083496094,249.72000122070312,250.1199951171875,249.27999877929688,249.61000061035156,46235200
2017-09-19,SPY,218.89617919921875,249.97000122070312,250.07000732421875,249.60000610351562,250.0,47108100
2017-09-20,SPY,218.97496032714844,250.05999755859375,250.19000244140625,248.9199981689453,250.07000732421875,59574100
2017-09-21,SPY,218.38824462890625,249.38999938964844,249.97999572753906,249.19000244140625,249.8800048828125,48211400
2017-09-22,SPY,218.43203735351562,249.44000244140625,249.6300048828125,249.02000427246094,249.0500030517578,51214000
2017-09-25,SPY,217.98544311523438,248.92999267578125,249.5500030517578,248.0800018310547,249.14999389648438,57064400
2017-09-26,SPY,218.1167755126953,249.0800018310547,249.6999969482422,248.80999755859375,249.4199981689453,54082000
2017-09-27,SPY,218.9662322998047,250.0500030517578,250.49000549316406,248.8699951171875,249.8800048828125,81001400
2017-09-28,SPY,219.22897338867188,250.35000610351562,250.44000244140625,249.6300048828125,249.72999572753906,44778800
2017-09-29,SPY,219.9995574951172,251.22999572753906,251.32000732421875,250.1300048828125,250.33999633789062,85578000
2017-10-02,SPY,220.95401000976562,252.32000732421875,252.32000732421875,251.2899932861328,251.49000549316406,59023000
2017-10-03,SPY,221.4269256591797,252.86000061035156,252.88999938964844,252.22999572753906,252.32000732421875,66810200
2017-10-04,SPY,221.6895751953125,253.16000366210938,253.44000244140625,252.55999755859375,252.69000244140625,55953600
2017-10-05,SPY,223.00314331054688,254.66000366210938,254.67999267578125,253.1999969482422,253.5399932861328,63522800
2017-10-06,SPY,222.7491912841797,254.3699951171875,254.6999969482422,253.85000610351562,254.14999389648438,80646000
2017-10-09,SPY,222.38140869140625,253.9499969482422,254.6999969482422,253.64999389648438,254.6300048828125,35803100
2017-10-10,SPY,222.96817016601562,254.6199951171875,255.0500030517578,253.97999572753906,254.60000610351562,43057400
2017-10-11,SPY,223.3184051513672,255.02000427246094,255.02000427246094,254.32000732421875,254.50999450683594,47674300
2017-10-12,SPY,222.98562622070312,254.63999938964844,255.05999755859375,254.3699951171875,254.66000366210938,47065100
2017-10-13,SPY,223.257080078125,254.9499969482422,255.27000427246094,254.63999938964844,255.13999938964844,54800400
2017-10-16,SPY,223.55484008789062,255.2899932861328,255.50999450683594,254.82000732421875,255.2100067138672,38221700
2017-10-17,SPY,223.7124481201172,255.47000122070312,255.52000427246094,254.97999572753906,255.22999572753906,31561000
2017-10-18,SPY,223.93138122558594,255.72000122070312,255.9499969482422,255.5,255.89999389648438,40888300
2017-10-19,SPY,223.99266052246094,255.7899932861328,255.8300018310547,254.35000610351562,254.8300018310547,61903800
2017-10-20,SPY,225.1486053466797,257.1099853515625,257.1400146484375,255.77000427246094,256.70001220703125,89176400
2017-10-23,SPY,224.27288818359375,256.1099853515625,257.510009765625,256.0199890136719,257.4800109863281,63915300
2017-10-24,SPY,224.66696166992188,256.55999755859375,256.8299865722656,256.1499938964844,256.6000061035156,66935900
2017-10-25,SPY,223.55484008789062,255.2899932861328,256.30999755859375,254.0,256.17999267578125,103715300
2017-10-26,SPY,223.84381103515625,255.6199951171875,256.29998779296875,255.47999572753906,255.99000549316406,69798000
2017-10-27,SPY,225.67398071289062,257.7099914550781,257.8900146484375,255.6300048828125,256.4700012207031,85562500
2017-10-30,SPY,224.83334350585938,256.75,257.6000061035156,256.4100036621094,256.4700012207031,54285700
2017-10-31,SPY,225.18360900878906,257.1499938964844,257.44000244140625,256.80999755859375,257.17999267578125,60304800
2017-11-01,SPY,225.48138427734375,257.489990234375,258.42999267578125,257.07000732421875,258.0400085449219,54202700
2017-11-02,SPY,225.56895446777344,257.5899963378906,257.75,256.19000244140625,257.4100036621094,56449500
2017-11-03,SPY,226.32203674316406,258.45001220703125,258.5,257.29998779296875,257.7699890136719,59589700
2017-11-06,SPY,226.6722869873047,258.8500061035156,259.0,258.2200012207031,258.29998779296875,49652600
2017-11-07,SPY,226.5146942138672,258.6700134277344,259.3500061035156,258.0899963378906,258.9700012207031,57502200
2017-11-08,SPY,226.89991760253906,259.1099853515625,259.2200012207031,258.1499938964844,258.4700012207031,50469600
2017-11-09,SPY,226.0768585205078,258.1700134277344,258.3900146484375,256.3599853515625,257.7300109863281,95085500
2017-11-10,SPY,226.0067901611328,258.0899963378906,258.2900085449219,257.3699951171875,257.7300109863281,59984700
2017-11-13,SPY,226.21690368652344,258.3299865722656,258.5899963378906,257.2699890136719,257.30999755859375,50228600
2017-11-14,SPY,225.69155883789062,257.7300109863281,257.8500061035156,256.5199890136719,257.4100036621094,61315200
2017-11-15,SPY,224.5618896484375,256.44000244140625,257.2200012207031,255.6300048828125,256.6199951171875,80811500
2017-11-16,SPY,226.47085571289062,258.6199951171875,259.0400085449219,257.4700012207031,257.5199890136719,67777000
2017-11-17,SPY,225.8053436279297,257.8599853515625,258.5899963378906,257.7699890136719,258.2200012207031,75756800
2017-11-20,SPY,226.19064331054688,258.29998779296875,258.5199890136719,257.8599853515625,258.1400146484375,48075500
2017-11-21,SPY,227.67056274414062,259.989990234375,260.20001220703125,258.260009765625,259.17999267578125,69176800
2017-11-22,SPY,227.46920776367188,259.760009765625,260.1499938964844,259.57000732421875,260.0,45033400
2017-11-24,SPY,227.99449157714844,260.3599853515625,260.4800109863281,260.1600036621094,260.32000732421875,27856500
2017-11-27,SPY,227.8808135986328,260.2300109863281,260.75,260.0,260.4100036621094,52274900
2017-11-28,SPY,230.19252014160156,262.8699951171875,262.8999938964844,260.6499938964844,260.760009765625,98971700
2017-11-29,SPY,230.0524444580078,262.7099914550781,263.6300048828125,262.20001220703125,263.0199890136719,77512100
2017-11-30,SPY,232.06654357910156,265.010009765625,266.04998779296875,263.6700134277344,263.760009765625,127894400
2017-12-01,SPY,231.5848846435547,264.4599914550781,265.30999755859375,260.760009765625,264.760009765625,164390900
2017-12-04,SPY,231.3047332763672,264.1400146484375,266.79998779296875,264.0799865722656,266.30999755859375,94040600
2017-12-05,SPY,230.4728240966797,263.19000244140625,265.1499938964844,263.0400085449219,263.19000244140625,77994500
2017-12-06,SPY,230.5166015625,263.239990234375,263.7300109863281,262.7099914550781,263.29998779296875,75898600
2017-12-07,SPY,231.243408203125,264.07000732421875,264.42999267578125,262.94000244140625,264.07000732421875,77218600
2017-12-08,SPY,232.50439453125,265.510009765625,265.5199890136719,264.0299987792969,265.1600036621094,76563900
2017-12-11,SPY,233.2050018310547,266.30999755859375,266.3800048828125,265.4800109863281,266.30999755859375,83077500
2017-12-12,SPY,233.61654663085938,266.7799987792969,267.32000732421875,266.3500061035156,267.2099914550781,85195800
2017-12-13,SPY,233.5902557373047,266.75,267.55999755859375,266.6499938964844,267.05999755859375,102905400
2017-12-14,SPY,232.63572692871094,265.6600036621094,267.2200012207031,265.6000061035156,267.0899963378906,100666700
2017-12-15,SPY,234.57298278808594,266.510009765625,267.0400085449219,265.3900146484375,265.45001220703125,144610300
2017-12-18,SPY,236.06051635742188,268.20001220703125,268.6000061035156,267.9800109863281,268.1000061035156,83653600
2017-12-19,SPY,235.1538848876953,267.1700134277344,268.5299987792969,267.0899963378906,268.4800109863281,82382900
2017-12-20,SPY,235.03067016601562,267.0299987792969,268.3299865722656,266.69000244140625,268.2699890136719,76751500
2017-12-21,SPY,235.51475524902344,267.5799865722656,268.3900146484375,267.29998779296875,267.739990234375,67032300
2017-12-22,SPY,235.45318603515625,267.510009765625,267.6400146484375,266.8999938964844,267.6000061035156,78720900
2017-12-26,SPY,235.17147827148438,267.19000244140625,267.44000244140625,266.8900146484375,267.04998779296875,45244400
2017-12-27,SPY,235.2859649658203,267.32000732421875,267.7300109863281,267.010009765625,267.3800048828125,57751000
2017-12-28,SPY,235.77000427246094,267.8699951171875,267.9200134277344,267.45001220703125,267.8900146484375,45116100
2017-12-29,SPY,234.8810577392578,266.8599853515625,268.54998779296875,266.6400146484375,268.5299987792969,96007400
2018-01-02,SPY,236.5621795654297,268.7699890136719,268.80999755859375,267.3999938964844,267.8399963378906,86655700
2018-01-03,SPY,238.05845642089844,270.4700012207031,270.6400146484375,268.9599914550781,268.9599914550781,90070400
2018-01-04,SPY,239.0618133544922,271.6099853515625,272.1600036621094,270.5400085449219,271.20001220703125,80636400
2018-01-05,SPY,240.65496826171875,273.4200134277344,273.55999755859375,271.95001220703125,272.510009765625,83524000
2018-01-08,SPY,241.0950469970703,273.9200134277344,274.1000061035156,272.9800109863281,273.30999755859375,57319200
2018-01-09,SPY,241.6407470703125,274.5400085449219,275.25,274.0799865722656,274.3999938964844,57254000
2018-01-10,SPY,241.2710418701172,274.1199951171875,274.4200134277344,272.9200134277344,273.67999267578125,69574300
2018-01-11,SPY,243.0314178466797,276.1199951171875,276.1199951171875,274.55999755859375,274.75,62361500
2018-01-12,SPY,244.61575317382812,277.9200134277344,278.1099853515625,276.0799865722656,276.4200134277344,90816100
2018-01-16,SPY,243.77955627441406,276.9700012207031,280.0899963378906,276.17999267578125,279.3500061035156,106555100
2018-01-17,SPY,246.1031494140625,279.6099853515625,280.04998779296875,276.9700012207031,278.0299987792969,113258800
2018-01-18,SPY,245.68955993652344,279.1400146484375,279.9599914550781,278.5799865722656,279.4800109863281,100728000
2018-01-19,SPY,246.80726623535156,280.4100036621094,280.4100036621094,279.1400146484375,279.79998779296875,140920100
2018-01-22,SPY,248.81410217285156,282.69000244140625,282.69000244140625,280.1099853515625,280.1700134277344,91322400
2018-01-23,SPY,249.3422088623047,283.2900085449219,283.6199951171875,282.3699951171875,282.739990234375,97084700
2018-01-24,SPY,249.245361328125,283.17999267578125,284.70001220703125,281.8399963378906,284.0199890136719,134816100
2018-01-25,SPY,249.35096740722656,283.29998779296875,284.2699890136719,282.3999938964844,284.1600036621094,84587300
2018-01-26,SPY,252.23800659179688,286.5799865722656,286.6300048828125,283.9599914550781,284.25,107743100
2018-01-29,SPY,250.56561279296875,284.67999267578125,286.42999267578125,284.5,285.92999267578125,90118300
2018-01-30,SPY,247.9955596923828,281.760009765625,284.739990234375,281.2200012207031,282.6000061035156,131796400
2018-01-31,SPY,248.11875915527344,281.8999938964844,283.29998779296875,280.67999267578125,282.7300109863281,108364800
2018-02-01,SPY,247.8370819091797,281.5799865722656,283.05999755859375,280.67999267578125,281.07000732421875,90102500
2018-02-02,SPY,242.44174194335938,275.45001220703125,280.2300109863281,275.4100036621094,280.0799865722656,173174800
2018-02-05,SPY,232.30215454101562,263.92999267578125,275.8500061035156,263.30999755859375,273.45001220703125,294681800
2018-02-06,SPY,236.8790740966797,269.1300048828125,269.70001220703125,258.70001220703125,259.94000244140625,355026800
2018-02-07,SPY,235.5939483642578,267.6700134277344,272.3599853515625,267.5799865722656,268.5,167376100
2018-02-08,SPY,226.75711059570312,257.6300048828125,268.1700134277344,257.5899963378906,268.010009765625,246449500
2018-02-09,SPY,230.1633758544922,261.5,263.6099853515625,252.9199981689453,260.79998779296875,283565300
2018-02-12,SPY,233.54318237304688,265.3399963378906,267.010009765625,261.6600036621094,263.8299865722656,143736000
2018-02-13,SPY,234.12411499023438,266.0,266.6199951171875,263.30999755859375,263.9700012207031,81223600
2018-02-14,SPY,237.2838592529297,269.5899963378906,270.0,264.29998779296875,264.30999755859375,120735700
2018-02-15,SPY,240.3116912841797,273.0299987792969,273.0400085449219,268.7699890136719,271.57000732421875,111200300
2018-02-16,SPY,240.38211059570312,273.1099853515625,275.32000732421875,272.2699890136719,272.32000732421875,160420100
2018-02-20,SPY,238.87696838378906,271.3999938964844,273.6700134277344,270.5,272.0299987792969,86369700
2018-02-21,SPY,237.6887664794922,270.04998779296875,274.7200012207031,269.94000244140625,271.8999938964844,98883700
2018-02-22,SPY,237.996826171875,270.3999938964844,273.04998779296875,269.6400146484375,271.1000061035156,110511300
2018-02-23,SPY,241.79039001464844,274.7099914550781,274.7099914550781,271.25,271.7900085449219,92766400
2018-02-26,SPY,244.59811401367188,277.8999938964844,278.010009765625,275.260009765625,275.92999267578125,86491400
2018-02-27,SPY,241.54388427734375,274.42999267578125,278.9200134277344,274.3599853515625,278.1099853515625,99099200
2018-02-28,SPY,239.09701538085938,271.6499938964844,276.19000244140625,271.2900085449219,275.67999267578125,121907800
2018-03-01,SPY,235.62046813964844,267.70001220703125,273.1700134277344,266.0,271.4100036621094,176855100
2018-03-02,SPY,236.83499145507812,269.0799865722656,269.7200012207031,264.82000732421875,265.79998779296875,139083200
2018-03-05,SPY,239.5723114013672,272.19000244140625,272.8900146484375,267.6099853515625,267.7300109863281,97307400
2018-03-06,SPY,240.17967224121094,272.8800048828125,273.3900146484375,271.17999267578125,273.29998779296875,79213200
2018-03-07,SPY,240.09164428710938,272.7799987792969,273.17999267578125,270.20001220703125,270.4200134277344,87063500
2018-03-08,SPY,241.25347900390625,274.1000061035156,274.239990234375,272.4200134277344,273.54998779296875,66901200
2018-03-09,SPY,245.45184326171875,278.8699951171875,278.8699951171875,275.3399963378906,275.70001220703125,113625300
2018-03-12,SPY,245.1437225341797,278.5199890136719,279.9100036621094,278.0799865722656,279.20001220703125,71924800
2018-03-13,SPY,243.5595245361328,276.7200012207031,280.4100036621094,276.0299987792969,279.8399963378906,91968900
2018-03-14,SPY,242.3096160888672,275.29998779296875,278.0199890136719,274.6700134277344,277.80999755859375,105895100
2018-03-15,SPY,242.0455780029297,275.0,276.6099853515625,274.42999267578125,275.8800048828125,83433000
2018-03-16,SPY,242.30812072753906,274.20001220703125,275.3900146484375,274.1400146484375,274.5,100343700
2018-03-19,SPY,239.02947998046875,270.489990234375,274.3999938964844,268.6199951171875,273.3500061035156,109208400
2018-03-20,SPY,239.43612670898438,270.95001220703125,271.6700134277344,270.17999267578125,270.94000244140625,59757300
2018-03-21,SPY,238.9765167236328,270.42999267578125,273.2699890136719,270.19000244140625,270.8999938964844,78709600
2018-03-22,SPY,233.00279235839844,263.6700134277344,268.8699951171875,263.3599853515625,267.9100036621094,148785900
2018-03-23,SPY,228.03643798828125,258.04998779296875,264.5400085449219,257.8299865722656,264.1700134277344,183534800
2018-03-26,SPY,234.2752685546875,265.1099853515625,265.42999267578125,259.4100036621094,262.1300048828125,141956100
2018-03-27,SPY,230.28985595703125,260.6000061035156,266.7699890136719,258.8399963378906,266.1700134277344,129941400
2018-03-28,SPY,229.60940551757812,259.8299865722656,262.6400146484375,258.5799865722656,260.75,146452300
2018-03-29,SPY,232.54327392578125,263.1499938964844,265.260009765625,259.8399963378906,261.1199951171875,111601600
2018-04-02,SPY,227.52389526367188,257.4700012207031,263.1300048828125,254.6699981689453,262.54998779296875,186286300
2018-04-03,SPY,230.4400634765625,260.7699890136719,261.30999755859375,256.8399963378906,258.8699951171875,119956900
2018-04-04,SPY,232.9055633544922,263.55999755859375,264.3599853515625,256.6000061035156,256.75,123715300
2018-04-05,SPY,234.74368286132812,265.6400146484375,266.6400146484375,264.32000732421875,265.54998779296875,82652600
2018-04-06,SPY,229.51223754882812,259.7200012207031,265.1099853515625,258.0,263.4200134277344,179521200
2018-04-09,SPY,230.64334106445312,261.0,264.8399963378906,259.94000244140625,261.3699951171875,105442900
2018-04-10,SPY,234.31063842773438,265.1499938964844,266.0400085449219,262.9800109863281,264.2699890136719,103529000
2018-04-11,SPY,233.0823211669922,263.760009765625,265.6400146484375,263.3900146484375,263.4700012207031,91140200
2018-04-12,SPY,234.99990844726562,265.92999267578125,267.0,265.05999755859375,265.260009765625,68890500
2018-04-13,SPY,234.31063842773438,265.1499938964844,267.5400085449219,264.010009765625,267.4100036621094,85079200
2018-04-16,SPY,236.23709106445312,267.3299865722656,268.20001220703125,266.07000732421875,267.0,63405300
2018-04-17,SPY,238.76438903808594,270.19000244140625,270.8699951171875,268.75,269.3299865722656,64682000
2018-04-18,SPY,238.94125366210938,270.3900146484375,271.29998779296875,269.8699951171875,270.69000244140625,57303900
2018-04-19,SPY,237.6156768798828,268.8900146484375,269.8800048828125,267.7200012207031,269.6499938964844,77655900
2018-04-20,SPY,235.60079956054688,266.6099853515625,269.05999755859375,265.6099853515625,268.80999755859375,99953100
2018-04-23,SPY,235.5654754638672,266.57000732421875,267.8900146484375,265.3500061035156,267.260009765625,65558000
2018-04-24,SPY,232.39306640625,262.9800109863281,267.9800109863281,261.2799987792969,267.7300109863281,112885500
2018-04-25,SPY,232.96743774414062,263.6300048828125,264.1300048828125,260.8500061035156,262.9100036621094,103840900
2018-04-26,SPY,235.3358154296875,266.30999755859375,267.25,264.2900085449219,264.7900085449219,67731900
2018-04-27,SPY,235.55662536621094,266.55999755859375,267.3399963378906,265.5,267.0,57053600
2018-04-30,SPY,233.74508666992188,264.510009765625,267.8900146484375,264.42999267578125,267.260009765625,82182300
2018-05-01,SPY,234.16043090820312,264.9800109863281,265.1000061035156,262.1099853515625,263.8699951171875,74203400
2018-05-02,SPY,232.58746337890625,263.20001220703125,265.67999267578125,262.760009765625,264.760009765625,86368900
2018-05-03,SPY,232.07493591308594,262.6199951171875,263.3599853515625,259.04998779296875,262.260009765625,136311500
2018-05-04,SPY,235.07949829101562,266.0199890136719,266.7900085449219,261.1499938964844,261.5199890136719,91222100
2018-05-07,SPY,235.874755859375,266.9200134277344,268.0199890136719,266.1099853515625,266.8900146484375,55304900
2018-05-08,SPY,235.874755859375,266.9200134277344,267.3299865722656,265.1499938964844,266.5,67499200
2018-05-09,SPY,238.1547088623047,269.5,269.8699951171875,267.0899963378906,267.67999267578125,59666100
2018-05-10,SPY,240.381591796875,272.0199890136719,272.3900146484375,270.2200012207031,270.3399963378906,72063900
2018-05-11,SPY,241.1151123046875,272.8500061035156,273.1499938964844,271.5799865722656,272.1600036621094,59871500
2018-05-14,SPY,241.2300262451172,272.9800109863281,274.0799865722656,272.3599853515625,273.3399963378906,54790600
2018-05-15,SPY,239.568603515625,271.1000061035156,271.6099853515625,270.0299987792969,271.5899963378906,87036100
2018-05-16,SPY,240.57598876953125,272.239990234375,272.760009765625,271.1099853515625,271.1400146484375,53942600
2018-05-17,SPY,240.372802734375,272.010009765625,273.2300109863281,271.1300048828125,271.94000244140625,56536400
2018-05-18,SPY,239.77191162109375,271.3299865722656,272.0299987792969,270.92999267578125,271.6199951171875,64368000
2018-05-21,SPY,241.57461547851562,273.3699951171875,273.9800109863281,272.57000732421875,273.010009765625,58025900
2018-05-22,SPY,240.9029998779297,272.6099853515625,274.25,272.239990234375,273.9599914550781,52966400
2018-05-23,SPY,241.5657501220703,273.3599853515625,273.3900146484375,270.989990234375,271.1700134277344,64694200
2018-05-24,SPY,241.0708465576172,272.79998779296875,273.2200012207031,270.7799987792969,272.9100036621094,76043800
2018-05-25,SPY,240.49649047851562,272.1499938964844,272.8599853515625,271.5799865722656,272.1499938964844,56374800
2018-05-29,SPY,237.73049926757812,269.0199890136719,271.1700134277344,267.760009765625,270.30999755859375,115908600
2018-05-30,SPY,240.9029998779297,272.6099853515625,273.1099853515625,270.4200134277344,270.5,69678400
2018-05-31,SPY,239.42726135253906,270.94000244140625,272.489990234375,270.260009765625,272.1499938964844,93519900
2018-06-01,SPY,241.7778778076172,273.6000061035156,273.94000244140625,272.3299865722656,272.4100036621094,71258400
2018-06-04,SPY,242.9267120361328,274.8999938964844,275.19000244140625,274.260009765625,274.5299987792969,45385200
2018-06-05,SPY,243.1033935546875,275.1000061035156,275.5299987792969,274.17999267578125,275.04998779296875,51135000
2018-06-06,SPY,245.1358184814453,277.3999938964844,277.5199890136719,275.0899963378906,275.7900085449219,62732200
2018-06-07,SPY,245.10928344726562,277.3699951171875,278.2799987792969,276.3399963378906,277.95001220703125,72969400
2018-06-08,SPY,245.8339385986328,278.19000244140625,278.25,276.6600036621094,276.8500061035156,72139700
2018-06-11,SPY,246.16102600097656,278.55999755859375,279.3699951171875,278.30999755859375,278.44000244140625,58892500
2018-06-12,SPY,246.47915649414062,278.9200134277344,279.3299865722656,278.19000244140625,279.0299987792969,72329000
2018-06-13,SPY,245.6927032470703,278.0299987792969,279.4800109863281,277.79998779296875,279.19000244140625,79070600
2018-06-14,SPY,246.31114196777344,278.7300109863281,279.3299865722656,278.05999755859375,279.010009765625,77097600
2018-06-15,SPY,245.99693298339844,277.1300048828125,277.510009765625,275.3500061035156,276.6000061035156,120041600
2018-06-18,SPY,245.49102783203125,276.55999755859375,276.70001220703125,274.95001220703125,275.489990234375,52917600
2018-06-19,SPY,244.55006408691406,275.5,275.75,273.5299987792969,274.0,97531500
2018-06-20,SPY,244.96726989746094,275.9700012207031,276.7200012207031,275.5899963378906,276.2699890136719,53785500
2018-06-21,SPY,243.431640625,274.239990234375,275.9800109863281,273.67999267578125,275.9599914550781,71061400
2018-06-22,SPY,243.87545776367188,274.739990234375,275.7900085449219,274.489990234375,275.6600036621094,54898500
2018-06-25,SPY,240.5556640625,271.0,273.6199951171875,269.1000061035156,273.44000244140625,137854200
2018-06-26,SPY,241.08824157714844,271.6000061035156,272.55999755859375,270.7900085449219,271.6400146484375,68547400
2018-06-27,SPY,239.0909423828125,269.3500061035156,273.8699951171875,269.17999267578125,272.260009765625,105110700
2018-06-28,SPY,240.4580078125,270.8900146484375,271.75,268.489990234375,269.2900085449219,76650500
2018-06-29,SPY,240.80413818359375,271.2799987792969,273.6600036621094,271.1499938964844,272.1199951171875,97592500
2018-07-02,SPY,241.31898498535156,271.8599853515625,272.0400085449219,269.239990234375,269.510009765625,63554800
2018-07-03,SPY,240.46685791015625,270.8999938964844,272.9800109863281,270.4200134277344,272.8699951171875,42187100
2018-07-05,SPY,242.42855834960938,273.1099853515625,273.17999267578125,270.9599914550781,272.1700134277344,56925900
2018-07-06,SPY,244.47911071777344,275.4200134277344,275.8399963378906,272.7099914550781,273.1400146484375,66493700
2018-07-09,SPY,246.6804962158203,277.8999938964844,277.9599914550781,276.5,276.54998779296875,50550400
2018-07-10,SPY,247.56817626953125,278.8999938964844,279.010009765625,278.0799865722656,278.4100036621094,51966800
2018-07-11,SPY,245.75721740722656,276.8599853515625,278.0400085449219,276.5199890136719,277.1499938964844,77054700
2018-07-12,SPY,247.98532104492188,279.3699951171875,279.42999267578125,277.6000061035156,278.2799987792969,60124700
2018-07-13,SPY,248.1806640625,279.5899963378906,279.92999267578125,278.6600036621094,279.1700134277344,48216000
2018-07-16,SPY,247.95870971679688,279.3399963378906,279.79998779296875,278.8399963378906,279.6400146484375,48201000
2018-07-17,SPY,248.96180725097656,280.4700012207031,280.9100036621094,278.4100036621094,278.4700012207031,52315500
2018-07-18,SPY,249.4853973388672,281.05999755859375,281.17999267578125,280.05999755859375,280.55999755859375,44593500
2018-07-19,SPY,248.5445556640625,280.0,280.739990234375,279.4599914550781,280.30999755859375,61412100
2018-07-20,SPY,248.26043701171875,279.67999267578125,280.4800109863281,279.5,279.7699890136719,82337700
2018-07-23,SPY,248.7220916748047,280.20001220703125,280.42999267578125,279.05999755859375,279.45001220703125,47047600
2018-07-24,SPY,249.97369384765625,281.6099853515625,282.55999755859375,280.6300048828125,281.7900085449219,68026900
2018-07-25,SPY,252.1041259765625,284.010009765625,284.3699951171875,281.2799987792969,281.3299865722656,78882900
2018-07-26,SPY,251.50933837890625,283.3399963378906,284.1099853515625,283.0899963378906,283.20001220703125,57919500
2018-07-27,SPY,249.80502319335938,281.4200134277344,283.82000732421875,280.3800048828125,283.7099914550781,76768700
2018-07-30,SPY,248.50010681152344,279.95001220703125,281.69000244140625,279.3599853515625,281.510009765625,63742500
2018-07-31,SPY,249.72511291503906,281.3299865722656,282.0199890136719,280.3800048828125,280.80999755859375,68570500
2018-08-01,SPY,249.3078155517578,280.8599853515625,282.1300048828125,280.1300048828125,281.55999755859375,53853300
2018-08-02,SPY,250.66610717773438,282.3900146484375,282.5799865722656,279.1600036621094,279.3900146484375,63426400
2018-08-03,SPY,251.74014282226562,283.6000061035156,283.6600036621094,282.3299865722656,282.5299987792969,53935400
2018-08-06,SPY,252.6632843017578,284.6400146484375,284.989990234375,283.20001220703125,283.6400146484375,39400900
2018-08-07,SPY,253.49769592285156,285.5799865722656,286.010009765625,285.239990234375,285.3900146484375,43196600
2018-08-08,SPY,253.39114379882812,285.4599914550781,285.9100036621094,284.94000244140625,285.3900146484375,42114600
2018-08-09,SPY,253.044921875,285.07000732421875,285.9700012207031,284.9200134277344,285.5299987792969,35717000
2018-08-10,SPY,251.3495330810547,283.1600036621094,284.05999755859375,282.3599853515625,283.45001220703125,77076000
2018-08-13,SPY,250.40858459472656,282.1000061035156,284.1600036621094,281.7699890136719,283.4700012207031,65732900
2018-08-14,SPY,252.00637817382812,283.8999938964844,284.1700134277344,282.4800109863281,282.9200134277344,43842000
2018-08-15,SPY,250.12461853027344,281.7799987792969,282.5400085449219,280.1600036621094,282.3800048828125,102925400
2018-08-16,SPY,252.14845275878906,284.05999755859375,285.0400085449219,283.3599853515625,283.3999938964844,69967900
2018-08-17,SPY,253.0360107421875,285.05999755859375,285.55999755859375,283.3699951171875,283.8299865722656,65618500
2018-08-20,SPY,253.57748413085938,285.6700134277344,285.9700012207031,285.05999755859375,285.57000732421875,39807500
2018-08-21,SPY,254.1722869873047,286.3399963378906,287.30999755859375,285.7099914550781,286.25,67272000
2018-08-22,SPY,254.02142333984375,286.1700134277344,286.760009765625,285.5799865722656,285.8800048828125,44993300
2018-08-23,SPY,253.68406677246094,285.7900085449219,286.94000244140625,285.42999267578125,285.9700012207031,49204900
2018-08-24,SPY,255.21090698242188,287.510009765625,287.6700134277344,286.3800048828125,286.44000244140625,57487400
2018-08-27,SPY,257.22576904296875,289.7799987792969,289.8999938964844,288.67999267578125,288.8599853515625,57072400
2018-08-28,SPY,257.3501281738281,289.9200134277344,290.4200134277344,289.3999938964844,290.29998779296875,46943500
2018-08-29,SPY,258.73486328125,291.4800109863281,291.739990234375,289.8900146484375,290.1600036621094,61485500
2018-08-30,SPY,257.6873779296875,290.29998779296875,291.3599853515625,289.6300048828125,290.94000244140625,61229500
2018-08-31,SPY,257.69635009765625,290.30999755859375,290.80999755859375,289.2900085449219,289.8399963378906,66140800
2018-09-04,SPY,257.2525329589844,289.80999755859375,290.2099914550781,288.67999267578125,289.8399963378906,57594400
2018-09-05,SPY,256.5601501464844,289.0299987792969,289.6400146484375,287.8900146484375,289.4100036621094,72452400
2018-09-06,SPY,255.7877960205078,288.1600036621094,289.489990234375,287.0,289.1499938964844,65909900
2018-09-07,SPY,255.290771484375,287.6000061035156,288.70001220703125,286.7099914550781,286.9800109863281,73524800
2018-09-10,SPY,255.7345733642578,288.1000061035156,289.0400085449219,287.8800048828125,288.739990234375,50210900
2018-09-11,SPY,256.57781982421875,289.04998779296875,289.54998779296875,286.9800109863281,287.3699951171875,50530500
2018-09-12,SPY,256.6399230957031,289.1199951171875,289.79998779296875,288.2300109863281,289.05999755859375,59810800
2018-09-13,SPY,258.1578369140625,290.8299865722656,291.0400085449219,290.0,290.32000732421875,51034200
2018-09-14,SPY,258.2023010253906,290.8800048828125,291.2699890136719,290.0,291.05999755859375,55079900
2018-09-17,SPY,256.8352355957031,289.3399963378906,290.8599853515625,289.0299987792969,290.82000732421875,68244000
2018-09-18,SPY,258.2288818359375,290.9100036621094,291.5799865722656,289.54998779296875,289.5799865722656,61930400
2018-09-19,SPY,258.5039978027344,291.2200012207031,291.69000244140625,290.8299865722656,290.9700012207031,49080600
2018-09-20,SPY,260.59893798828125,293.5799865722656,293.94000244140625,291.239990234375,292.6400146484375,100360600
2018-09-21,SPY,260.36083984375,291.989990234375,293.2200012207031,291.80999755859375,293.0899963378906,105479700
2018-09-24,SPY,259.49591064453125,291.0199890136719,291.5,290.3699951171875,291.3399963378906,53409600
2018-09-25,SPY,259.25518798828125,290.75,291.6499938964844,290.4800109863281,291.5299987792969,44370000
2018-09-26,SPY,258.47943115234375,289.8800048828125,292.239990234375,289.4100036621094,290.9100036621094,79739700
2018-09-27,SPY,259.20172119140625,290.69000244140625,291.9100036621094,290.1000061035156,290.4100036621094,59249500
2018-09-28,SPY,259.22845458984375,290.7200012207031,291.2799987792969,289.95001220703125,289.989990234375,70091400
2018-10-01,SPY,260.1290588378906,291.7300109863281,292.92999267578125,290.9800109863281,292.1099853515625,62078900
2018-10-02,SPY,259.9774475097656,291.55999755859375,292.3599853515625,291.1400146484375,291.55999755859375,47258200
2018-10-03,SPY,260.1201477050781,291.7200012207031,293.2099914550781,291.32000732421875,292.739990234375,64694600
2018-10-04,SPY,258.0870666503906,289.44000244140625,291.239990234375,287.6600036621094,291.17999267578125,111545900
2018-10-05,SPY,256.6426086425781,287.82000732421875,290.2699890136719,286.2200012207031,289.69000244140625,105951700
2018-10-08,SPY,256.6426086425781,287.82000732421875,288.2200012207031,285.5,287.04998779296875,87742200
2018-10-09,SPY,256.26806640625,287.3999938964844,288.8599853515625,286.7699890136719,287.3900146484375,74339000
2018-10-10,SPY,248.15379333496094,278.29998779296875,286.9100036621094,277.8800048828125,286.8299865722656,214731000
2018-10-11,SPY,242.6878204345703,272.1700134277344,278.8999938964844,270.3599853515625,277.0799865722656,274840500
2018-10-12,SPY,246.05836486816406,275.95001220703125,277.0899963378906,272.3699951171875,276.7699890136719,183186500
2018-10-15,SPY,244.67620849609375,274.3999938964844,277.0400085449219,274.29998779296875,275.54998779296875,102263700
2018-10-16,SPY,250.02630615234375,280.3999938964844,280.82000732421875,276.07000732421875,276.6000061035156,118255800
2018-10-17,SPY,250.07089233398438,280.45001220703125,281.1499938964844,277.55999755859375,280.44000244140625,110626000
2018-10-18,SPY,246.4595947265625,276.3999938964844,280.07000732421875,274.9700012207031,279.3999938964844,134557500
2018-10-19,SPY,246.3258056640625,276.25,279.29998779296875,275.4700012207031,277.1300048828125,139901600
2018-10-22,SPY,245.22018432617188,275.010009765625,277.3599853515625,274.4100036621094,277.0,82415800
2018-10-23,SPY,243.9718475341797,273.6099853515625,274.8699951171875,268.6099853515625,270.95001220703125,146352700
2018-10-24,SPY,236.57980346679688,265.32000732421875,273.760009765625,264.70001220703125,273.3299865722656,177806700
2018-10-25,SPY,240.8241729736328,270.0799865722656,271.80999755859375,266.2300109863281,267.3800048828125,138061500
2018-10-26,SPY,236.5886993408203,265.3299865722656,271.0,262.2900085449219,265.9200134277344,201574600
2018-10-29,SPY,235.27793884277344,263.8599853515625,270.25,259.8500061035156,268.79998779296875,160749100
2018-10-30,SPY,238.76441955566406,267.7699890136719,268.1199951171875,263.1199951171875,263.6700134277344,157116000
2018-10-31,SPY,241.31472778320312,270.6300048828125,273.2300109863281,270.1199951171875,270.6499938964844,128296300
2018-11-01,SPY,243.8826904296875,273.510009765625,273.7300109863281,270.3800048828125,271.6000061035156,99495000
2018-11-02,SPY,242.43814086914062,271.8900146484375,275.2300109863281,269.5899963378906,274.75,122634100
2018-11-05,SPY,243.77569580078125,273.3900146484375,274.010009765625,271.3500061035156,272.44000244140625,65622500
2018-11-06,SPY,245.31826782226562,275.1199951171875,275.29998779296875,273.25,273.32000732421875,60085900
2018-11-07,SPY,250.57028198242188,281.010009765625,281.1000061035156,277.0799865722656,277.55999755859375,102752100
2018-11-08,SPY,250.1154327392578,280.5,281.2200012207031,279.2200012207031,280.1099853515625,65584900
2018-11-09,SPY,247.6723175048828,277.760009765625,279.239990234375,276.17999267578125,279.0299987792969,98812600
2018-11-12,SPY,243.04452514648438,272.57000732421875,277.4599914550781,271.989990234375,277.19000244140625,99673600
2018-11-13,SPY,242.5897216796875,272.05999755859375,275.3299865722656,271.25,273.0899963378906,98176600
2018-11-14,SPY,240.93116760253906,270.20001220703125,274.6099853515625,268.45001220703125,274.1600036621094,125335900
2018-11-15,SPY,243.44570922851562,273.0199890136719,273.5400085449219,267.010009765625,268.7799987792969,135101400
2018-11-16,SPY,244.07887268066406,273.7300109863281,274.75,271.2099914550781,271.7900085449219,126668000
2018-11-19,SPY,239.95033264160156,269.1000061035156,273.3800048828125,268.07000732421875,273.04998779296875,103061700
2018-11-20,SPY,235.50978088378906,264.1199951171875,267.0,263.1499938964844,265.3599853515625,136021300
2018-11-21,SPY,236.31231689453125,265.0199890136719,267.1499938964844,265.010009765625,265.8599853515625,75563700
2018-11-23,SPY,234.7340545654297,263.25,264.82000732421875,263.07000732421875,263.17999267578125,42807900
2018-11-26,SPY,238.523681640625,267.5,267.75,265.3399963378906,265.7799987792969,79981400
2018-11-27,SPY,239.32618713378906,268.3999938964844,268.3999938964844,265.6600036621094,266.3399963378906,75502400
2018-11-28,SPY,244.83670043945312,274.5799865722656,274.5799865722656,268.3299865722656,269.6000061035156,127629600
2018-11-29,SPY,244.3018035888672,273.9800109863281,275.54998779296875,272.42999267578125,273.7099914550781,82346400
2018-11-30,SPY,245.7908935546875,275.6499938964844,276.2799987792969,273.45001220703125,273.80999755859375,98204200
2018-12-03,SPY,249.0454864501953,279.29998779296875,280.3999938964844,277.510009765625,280.2799987792969,103176300
2018-12-04,SPY,240.9757843017578,270.25,278.8500061035156,269.8999938964844,278.3699951171875,177986000
2018-12-06,SPY,240.6102294921875,269.8399963378906,269.9700012207031,262.44000244140625,265.9200134277344,204185400
2018-12-07,SPY,235.01943969726562,263.57000732421875,271.2200012207031,262.6300048828125,269.4599914550781,161018900
2018-12-10,SPY,235.4652099609375,264.07000732421875,265.1600036621094,258.6199951171875,263.3699951171875,151445900
2018-12-11,SPY,235.5187225341797,264.1300048828125,267.8699951171875,262.4800109863281,267.6600036621094,121504400
2018-12-12,SPY,236.70465087890625,265.4599914550781,269.0,265.3699951171875,267.4700012207031,97976700
2018-12-13,SPY,236.62445068359375,265.3699951171875,267.489990234375,264.1199951171875,266.5199890136719,96662700
2018-12-14,SPY,232.2552032470703,260.4700012207031,264.0299987792969,259.8500061035156,262.9599914550781,116961100
2018-12-17,SPY,227.69876098632812,255.36000061035156,260.6499938964844,253.52999877929688,259.3999938964844,165492300
2018-12-18,SPY,227.4490509033203,255.0800018310547,257.95001220703125,253.27999877929688,257.20001220703125,134515100
2018-12-19,SPY,224.04286193847656,251.25999450683594,259.3999938964844,249.35000610351562,255.1699981689453,214992800
2018-12-20,SPY,220.39588928222656,247.1699981689453,251.6199951171875,244.64999389648438,249.86000061035156,252053400
2018-12-21,SPY,215.8800811767578,240.6999969482422,249.7100067138672,239.97999572753906,246.74000549316406,255345600
2018-12-24,SPY,210.1758575439453,234.33999633789062,240.83999633789062,234.27000427246094,239.0399932861328,147311600
2018-12-26,SPY,220.79498291015625,246.17999267578125,246.17999267578125,233.75999450683594,235.97000122070312,218485400
2018-12-27,SPY,222.49005126953125,248.07000732421875,248.2899932861328,238.9600067138672,242.57000732421875,186267300
2018-12-28,SPY,222.20309448242188,247.75,251.39999389648438,246.4499969482422,249.5800018310547,153100200
2018-12-31,SPY,224.1493377685547,249.9199981689453,250.19000244140625,247.47000122070312,249.55999755859375,144299400
2019-01-02,SPY,224.3825225830078,250.17999267578125,251.2100067138672,245.9499969482422,245.97999572753906,126925200
2019-01-03,SPY,219.0281219482422,244.2100067138672,248.57000732421875,243.6699981689453,248.22999572753906,144140700
2019-01-04,SPY,226.36465454101562,252.38999938964844,253.11000061035156,247.1699981689453,247.58999633789062,142628800
2019-01-07,SPY,228.1494140625,254.3800048828125,255.9499969482422,251.69000244140625,252.69000244140625,103139100
2019-01-08,SPY,230.29295349121094,256.7699890136719,257.30999755859375,254.0,256.82000732421875,102512600
2019-01-09,SPY,231.36927795410156,257.9700012207031,258.9100036621094,256.19000244140625,257.55999755859375,95006600
2019-01-10,SPY,232.18544006347656,258.8800048828125,259.1600036621094,255.5,256.260009765625,96823900
2019-01-11,SPY,232.27511596679688,258.9800109863281,259.010009765625,257.0299987792969,257.67999267578125,73858100
2019-01-14,SPY,230.85801696777344,257.3999938964844,258.29998779296875,256.4100036621094,256.8599853515625,70908200
2019-01-15,SPY,233.5038299560547,260.3500061035156,260.70001220703125,257.80999755859375,257.82000732421875,85208300
2019-01-16,SPY,234.06886291503906,260.9800109863281,261.9700012207031,260.6000061035156,260.8299865722656,77636700
2019-01-17,SPY,235.84466552734375,262.9599914550781,263.9200134277344,259.9599914550781,260.010009765625,96118400
2019-01-18,SPY,238.9837646484375,266.4599914550781,266.9800109863281,263.0,264.9800109863281,127900300
2019-01-22,SPY,235.7550506591797,262.8599853515625,265.05999755859375,261.05999755859375,264.82000732421875,115531200
2019-01-23,SPY,236.24832153320312,263.4100036621094,264.7900085449219,260.6600036621094,264.010009765625,86030300
2019-01-24,SPY,236.3738555908203,263.54998779296875,264.20001220703125,262.0799865722656,263.2099914550781,59204100
2019-01-25,SPY,238.37391662597656,265.7799987792969,266.70001220703125,263.6600036621094,265.6099853515625,96883400
2019-01-28,SPY,236.56224060058594,263.760009765625,263.8299865722656,261.7900085449219,263.3900146484375,85613700
2019-01-29,SPY,236.24832153320312,263.4100036621094,264.54998779296875,262.4800109863281,263.9200134277344,66136300
2019-01-30,SPY,239.98828125,267.5799865722656,268.5199890136719,264.25,265.1000061035156,92473700
2019-01-31,SPY,242.0959930419922,269.92999267578125,270.4700012207031,267.2699890136719,267.510009765625,104012100
2019-02-01,SPY,242.21258544921875,270.05999755859375,271.20001220703125,269.17999267578125,270.1499938964844,85782500
2019-02-04,SPY,243.91665649414062,271.9599914550781,272.0299987792969,269.3599853515625,270.1099853515625,60744800
2019-02-05,SPY,244.9391632080078,273.1000061035156,273.44000244140625,271.8800048828125,272.44000244140625,79552800
2019-02-06,SPY,244.6162109375,272.739990234375,273.3399963378906,271.9200134277344,272.7900085449219,58347800
2019-02-07,SPY,242.28428649902344,270.1400146484375,271.54998779296875,268.2900085449219,270.94000244140625,95482000
2019-02-08,SPY,242.580322265625,270.4700012207031,270.5799865722656,267.8299865722656,268.75,75788900
2019-02-11,SPY,242.7148895263672,270.6199951171875,271.489990234375,270.0299987792969,271.20001220703125,68021400
2019-02-12,SPY,245.8360137939453,274.1000061035156,274.5199890136719,272.3399963378906,272.4200134277344,72270200
2019-02-13,SPY,246.63421630859375,274.989990234375,275.92999267578125,274.55999755859375,275.0299987792969,65277200
2019-02-14,SPY,246.087158203125,274.3800048828125,275.6400146484375,272.8699951171875,273.7799987792969,83234400
2019-02-15,SPY,248.768798828125,277.3699951171875,277.4100036621094,276.1300048828125,276.3599853515625,97088700
2019-02-19,SPY,249.19937133789062,277.8500061035156,278.5799865722656,276.4700012207031,276.4800109863281,59120800
2019-02-20,SPY,249.7016143798828,278.4100036621094,278.9200134277344,277.25,277.80999755859375,76610800
2019-02-21,SPY,248.81369018554688,277.4200134277344,278.1000061035156,276.3500061035156,277.70001220703125,64214700
2019-02-22,SPY,250.35630798339844,279.1400146484375,279.3599853515625,277.3999938964844,278.1099853515625,78114600
2019-02-25,SPY,250.69712829589844,279.5199890136719,281.30999755859375,279.42999267578125,280.7300109863281,69030700
2019-02-26,SPY,250.51773071289062,279.32000732421875,280.29998779296875,278.8999938964844,279.1300048828125,56844100
2019-02-27,SPY,250.4100799560547,279.20001220703125,279.5899963378906,277.4800109863281,278.5199890136719,56921600
2019-02-28,SPY,249.94371032714844,278.67999267578125,279.45001220703125,278.32000732421875,278.9599914550781,69268300
2019-03-01,SPY,251.50436401367188,280.4200134277344,280.8800048828125,278.82000732421875,280.44000244140625,78880500
2019-03-04,SPY,250.58944702148438,279.3999938964844,281.8699951171875,276.8399963378906,281.6000061035156,106494600
2019-03-05,SPY,250.24871826171875,279.0199890136719,279.760009765625,278.4100036621094,279.5400085449219,59114600
2019-03-06,SPY,248.73301696777344,277.3299865722656,279.1600036621094,276.9700012207031,279.1499938964844,75039800
2019-03-07,SPY,246.6521759033203,275.010009765625,276.989990234375,274.07000732421875,276.8299865722656,94885100
2019-03-08,SPY,246.15890502929688,274.4599914550781,274.6499938964844,272.4200134277344,272.94000244140625,85795800
2019-03-11,SPY,249.72848510742188,278.44000244140625,278.6199951171875,275.2300109863281,275.260009765625,65098900
2019-03-12,SPY,250.67022705078125,279.489990234375,280.07000732421875,278.8500061035156,279.05999755859375,79667500
2019-03-13,SPY,252.32940673828125,281.3399963378906,282.3800048828125,280.29998779296875,280.4800109863281,80639200
2019-03-14,SPY,252.16802978515625,281.1600036621094,281.8399963378906,280.6700134277344,281.3699951171875,67518400
2019-03-15,SPY,253.413818359375,281.30999755859375,282.2099914550781,280.3299865722656,280.5400085449219,81309000
2019-03-18,SPY,254.33274841308594,282.3299865722656,282.6600036621094,281.29998779296875,281.54998779296875,62199800
2019-03-19,SPY,254.39573669433594,282.3999938964844,284.3599853515625,281.4100036621094,283.510009765625,90268100
2019-03-20,SPY,253.63006591796875,281.54998779296875,283.5,280.32000732421875,282.1600036621094,84609200
2019-03-21,SPY,256.49468994140625,284.7300109863281,285.17999267578125,280.5899963378906,280.6400146484375,79550400
2019-03-22,SPY,251.5581817626953,279.25,283.79998779296875,279.17999267578125,283.2200012207031,122659300
2019-03-25,SPY,251.3690185546875,279.0400085449219,280.19000244140625,277.6400146484375,278.8699951171875,85575200
2019-03-26,SPY,253.24270629882812,281.1199951171875,282.17999267578125,279.55999755859375,280.989990234375,68125900
2019-03-27,SPY,251.91848754882812,279.6499938964844,281.760009765625,277.92999267578125,281.1099853515625,72224700
2019-03-28,SPY,252.87338256835938,280.7099914550781,281.2099914550781,279.07000732421875,280.3500061035156,56238500
2019-03-29,SPY,254.4678497314453,282.4800109863281,282.8399963378906,281.1400146484375,282.3900146484375,82186800
2019-04-01,SPY,257.485595703125,285.8299865722656,286.1600036621094,284.3999938964844,284.70001220703125,77617900
2019-04-02,SPY,257.61175537109375,285.9700012207031,286.2300109863281,285.0899963378906,286.0400085449219,40070400
2019-04-03,SPY,258.01715087890625,286.4200134277344,287.760009765625,285.75,287.32000732421875,68243200
2019-04-04,SPY,258.7017517089844,287.17999267578125,287.4599914550781,286.010009765625,286.7799987792969,48997500
2019-04-05,SPY,259.953857421875,288.57000732421875,288.6300048828125,287.6000061035156,287.9200134277344,58621700
2019-04-08,SPY,260.1521301269531,288.7900085449219,288.9100036621094,287.3699951171875,288.1000061035156,53566300
2019-04-09,SPY,258.8188171386719,287.30999755859375,288.0799865722656,286.70001220703125,287.7200012207031,66142300
2019-04-10,SPY,259.7017517089844,288.2900085449219,288.3900146484375,287.30999755859375,287.7699890136719,52601500
2019-04-11,SPY,259.6296691894531,288.2099914550781,288.8399963378906,287.5799865722656,288.8299865722656,55093100
2019-04-12,SPY,261.38629150390625,290.1600036621094,290.4700012207031,288.260009765625,290.0,69727800
2019-04-15,SPY,261.2151794433594,289.9700012207031,290.3500061035156,289.0799865722656,290.239990234375,49596700
2019-04-16,SPY,261.38629150390625,290.1600036621094,291.010009765625,289.5,290.95001220703125,52153200
2019-04-17,SPY,260.7467041015625,289.45001220703125,291.42999267578125,288.989990234375,291.3999938964844,58268300
2019-04-18,SPY,261.26019287109375,290.0199890136719,290.32000732421875,288.6600036621094,290.1000061035156,68708500
2019-04-22,SPY,261.4853210449219,290.2699890136719,290.44000244140625,289.07000732421875,289.1700134277344,40160100
2019-04-23,SPY,263.8364562988281,292.8800048828125,293.1400146484375,290.4200134277344,290.67999267578125,52246600
2019-04-24,SPY,263.2511291503906,292.2300109863281,293.1600036621094,292.07000732421875,292.7900085449219,50392900
2019-04-25,SPY,263.0888366699219,292.04998779296875,292.7799987792969,290.7300109863281,292.1199951171875,57770900
2019-04-26,SPY,264.3139953613281,293.4100036621094,293.489990234375,291.239990234375,292.1000061035156,50916400
2019-04-29,SPY,264.7283935546875,293.8699951171875,294.45001220703125,293.4100036621094,293.510009765625,57197700
2019-04-30,SPY,264.86346435546875,294.0199890136719,294.3399963378906,291.9200134277344,293.489990234375,81111700
2019-05-01,SPY,262.87261962890625,291.80999755859375,294.95001220703125,291.79998779296875,294.7200012207031,71671900
2019-05-02,SPY,262.30511474609375,291.17999267578125,292.70001220703125,289.5199890136719,291.67999267578125,65030200
2019-05-03,SPY,264.87249755859375,294.0299987792969,294.3399963378906,291.29998779296875,292.82000732421875,56543700
2019-05-06,SPY,263.782470703125,292.82000732421875,293.30999755859375,288.8999938964844,289.25,107198100
2019-05-07,SPY,259.37738037109375,287.92999267578125,290.80999755859375,285.80999755859375,290.1499938964844,144729900
2019-05-08,SPY,259.0170593261719,287.5299987792969,289.42999267578125,286.8699951171875,287.5299987792969,91568300
2019-05-09,SPY,258.23333740234375,286.6600036621094,287.3299865722656,283.29998779296875,285.2300109863281,103471100
2019-05-10,SPY,259.53057861328125,288.1000061035156,288.94000244140625,282.29998779296875,285.6199951171875,112429300
2019-05-13,SPY,253.00848388671875,280.8599853515625,283.489990234375,279.92999267578125,282.4200134277344,127290500
2019-05-14,SPY,255.2965545654297,283.3999938964844,285.1000061035156,281.8500061035156,281.989990234375,77003200
2019-05-15,SPY,256.79205322265625,285.05999755859375,285.7699890136719,281.3599853515625,281.5899963378906,73956400
2019-05-16,SPY,259.170166015625,287.70001220703125,289.2099914550781,285.760009765625,285.8399963378906,76749600
2019-05-17,SPY,257.4945983886719,285.8399963378906,288.6000061035156,285.1199951171875,285.1400146484375,100353000
2019-05-20,SPY,255.7920379638672,283.95001220703125,285.9599914550781,283.1199951171875,284.05999755859375,62877600
2019-05-21,SPY,258.0981750488281,286.510009765625,286.92999267578125,285.54998779296875,285.8299865722656,46847100
2019-05-22,SPY,257.30548095703125,285.6300048828125,286.69000244140625,285.1000061035156,285.45001220703125,49482500
2019-05-23,SPY,254.16159057617188,282.1400146484375,283.2099914550781,280.57000732421875,283.1600036621094,98733800
2019-05-24,SPY,254.73812866210938,282.7799987792969,284.20001220703125,282.0899963378906,283.739990234375,55268100
2019-05-28,SPY,252.36888122558594,280.1499938964844,284.1499938964844,280.1300048828125,283.0899963378906,70029400
2019-05-29,SPY,250.67535400390625,278.2699890136719,279.3599853515625,276.7099914550781,278.9100036621094,104972900
2019-05-30,SPY,251.3599853515625,279.0299987792969,280.0400085449219,277.80999755859375,279.1099853515625,62523800
2019-05-31,SPY,247.97283935546875,275.2699890136719,277.1199951171875,275.239990234375,276.20001220703125,86862800
2019-06-03,SPY,247.34226989746094,274.57000732421875,276.54998779296875,273.0899963378906,275.30999755859375,96428000
2019-06-04,SPY,252.7112274169922,280.5299987792969,280.67999267578125,276.6199951171875,277.1199951171875,77231900
2019-06-05,SPY,254.9002685546875,282.9599914550781,282.989990234375,280.32000732421875,282.3299865722656,71169700
2019-06-06,SPY,256.5577392578125,284.79998779296875,285.54998779296875,282.57000732421875,283.2900085449219,69430400
2019-06-07,SPY,259.1251525878906,287.6499938964844,288.8500061035156,285.739990234375,285.92999267578125,74272200
2019-06-10,SPY,260.31427001953125,288.9700012207031,290.82000732421875,288.8699951171875,289.3699951171875,60799100
2019-06-11,SPY,260.2512512207031,288.8999938964844,291.3999938964844,288.17999267578125,290.989990234375,58641300
2019-06-12,SPY,259.791748046875,288.3900146484375,289.260009765625,287.82000732421875,288.6400146484375,47096300
2019-06-13,SPY,260.86370849609375,289.5799865722656,289.9800109863281,288.6199951171875,289.3999938964844,48945200
2019-06-14,SPY,260.57550048828125,289.260009765625,289.92999267578125,288.4100036621094,289.260009765625,52324700
2019-06-17,SPY,260.6745300292969,289.3699951171875,290.2200012207031,289.17999267578125,289.5199890136719,39205700
2019-06-18,SPY,263.4041748046875,292.3999938964844,293.57000732421875,290.989990234375,291.3900146484375,85434800
2019-06-19,SPY,263.99871826171875,293.05999755859375,293.6499938964844,291.4700012207031,292.54998779296875,78674400
2019-06-20,SPY,266.52093505859375,295.8599853515625,296.30999755859375,293.1300048828125,296.0400085449219,116570000
2019-06-21,SPY,266.13360595703125,294.0,295.5199890136719,293.760009765625,294.1300048828125,83309500
2019-06-24,SPY,265.8076477050781,293.6400146484375,294.5799865722656,293.4700012207031,294.2300109863281,47582700
2019-06-25,SPY,263.2006530761719,290.760009765625,293.7300109863281,290.6400146484375,293.70001220703125,82028700
2019-06-26,SPY,262.9381103515625,290.4700012207031,292.30999755859375,290.3500061035156,291.75,51584900
2019-06-27,SPY,263.8706359863281,291.5,292.05999755859375,290.8900146484375,291.30999755859375,40355200
2019-06-28,SPY,265.22845458984375,293.0,293.54998779296875,292.010009765625,292.5799865722656,59350900
2019-07-01,SPY,267.6362609863281,295.6600036621094,296.9200134277344,294.3299865722656,296.67999267578125,78705600
2019-07-02,SPY,268.3332214355469,296.42999267578125,296.489990234375,294.67999267578125,295.6099853515625,61504500
2019-07-03,SPY,270.4785461425781,298.79998779296875,298.82000732421875,297.0199890136719,297.17999267578125,40898900
2019-07-05,SPY,270.1708984375,298.4599914550781,298.6400146484375,296.010009765625,297.44000244140625,51677300
2019-07-08,SPY,268.686279296875,296.82000732421875,298.260009765625,296.2200012207031,297.010009765625,45841800
2019-07-09,SPY,269.0213317871094,297.19000244140625,297.5199890136719,295.4800109863281,295.5400085449219,41101300
2019-07-10,SPY,270.306640625,298.6099853515625,299.6600036621094,297.7799987792969,298.3699951171875,58448500
2019-07-11,SPY,270.94024658203125,299.30999755859375,299.5799865722656,298.20001220703125,299.32000732421875,50826100
2019-07-12,SPY,272.1532897949219,300.6499938964844,300.7300109863281,299.510009765625,299.8500061035156,40326000
2019-07-15,SPY,272.2438049316406,300.75,301.1300048828125,300.19000244140625,301.1300048828125,33900000
2019-07-16,SPY,271.3656311035156,299.7799987792969,300.8800048828125,299.44000244140625,300.6499938964844,36650100
2019-07-17,SPY,269.5190734863281,297.739990234375,299.92999267578125,297.739990234375,299.75,36036300
2019-07-18,SPY,270.50592041015625,298.8299865722656,299.25,296.70001220703125,297.19000244140625,51392600
2019-07-19,SPY,269.0030517578125,297.1700134277344,300.07000732421875,296.9800109863281,300.0400085449219,58678600
2019-07-22,SPY,269.66387939453125,297.8999938964844,298.5,297.0400085449219,297.6099853515625,43638100
2019-07-23,SPY,271.5920104980469,300.0299987792969,300.0299987792969,298.2200012207031,299.1400146484375,44564500
2019-07-24,SPY,272.86846923828125,301.44000244140625,301.44000244140625,299.0899963378906,299.19000244140625,47213200
2019-07-25,SPY,271.5649108886719,300.0,301.0,299.1099853515625,300.94000244140625,55394100
2019-07-26,SPY,273.3843994140625,302.010009765625,302.2300109863281,300.6199951171875,300.760009765625,45084100
2019-07-29,SPY,272.8864440917969,301.4599914550781,302.010009765625,300.8500061035156,301.8800048828125,38126500
2019-07-30,SPY,272.2166442871094,300.7200012207031,301.1700134277344,299.489990234375,299.9100036621094,45849000
2019-07-31,SPY,269.2384338378906,297.42999267578125,301.20001220703125,295.20001220703125,300.989990234375,104245200
2019-08-01,SPY,266.89398193359375,294.8399963378906,300.8699951171875,293.9599914550781,297.6000061035156,142646600
2019-08-02,SPY,264.88433837890625,292.6199951171875,294.1199951171875,290.8999938964844,293.8500061035156,116749700
2019-08-05,SPY,256.9184875488281,283.82000732421875,288.2099914550781,281.7200012207031,288.0899963378906,178745400
2019-08-06,SPY,260.52117919921875,287.79998779296875,288.0400085449219,284.2799987792969,285.9100036621094,120711700
2019-08-07,SPY,260.675048828125,287.9700012207031,288.82000732421875,282.0400085449219,284.3999938964844,140572300
2019-08-08,SPY,265.7895812988281,293.6199951171875,293.6199951171875,289.010009765625,289.6199951171875,87713900
2019-08-09,SPY,263.97918701171875,291.6199951171875,293.239990234375,289.6499938964844,292.5799865722656,93730000
2019-08-12,SPY,260.7656555175781,288.07000732421875,291.6099853515625,287.0199890136719,289.9599914550781,65527600
2019-08-13,SPY,264.82098388671875,292.54998779296875,294.1499938964844,287.3599853515625,287.739990234375,94299800
2019-08-14,SPY,256.99090576171875,283.8999938964844,288.739990234375,283.760009765625,288.07000732421875,135622100
2019-08-15,SPY,257.6697692871094,284.6499938964844,285.6400146484375,282.3900146484375,284.8800048828125,99556600
2019-08-16,SPY,261.47174072265625,288.8500061035156,289.3299865722656,284.7099914550781,286.4800109863281,83018300
2019-08-19,SPY,264.6219177246094,292.3299865722656,293.0799865722656,291.44000244140625,292.19000244140625,53571800
2019-08-20,SPY,262.59417724609375,290.0899963378906,292.3599853515625,289.95001220703125,291.7699890136719,51596400
2019-08-21,SPY,264.73052978515625,292.45001220703125,292.8599853515625,291.7200012207031,292.4800109863281,49524700
2019-08-22,SPY,264.6490478515625,292.3599853515625,293.92999267578125,290.3999938964844,293.2300109863281,51666400
2019-08-23,SPY,257.850830078125,284.8500061035156,292.760009765625,283.4700012207031,290.9200134277344,149161500
2019-08-26,SPY,260.7022705078125,288.0,288.0,285.5799865722656,287.2699890136719,72423800
2019-08-27,SPY,259.67938232421875,286.8699951171875,289.95001220703125,286.0299987792969,289.5400085449219,66668900
2019-08-28,SPY,261.5079345703125,288.8900146484375,289.07000732421875,285.25,286.1400146484375,59696700
2019-08-29,SPY,264.84808349609375,292.5799865722656,293.1600036621094,290.6099853515625,291.7200012207031,57899400
2019-08-30,SPY,264.73052978515625,292.45001220703125,294.239990234375,291.4200134277344,294.2200012207031,62901200
2019-09-03,SPY,263.18255615234375,290.739990234375,291.5799865722656,289.2699890136719,290.57000732421875,69101400
2019-09-04,SPY,266.1697998046875,294.0400085449219,294.05999755859375,292.30999755859375,293.1400146484375,46887300
2019-09-05,SPY,269.5914611816406,297.82000732421875,298.8299865722656,294.0,296.7900085449219,83258100
2019-09-06,SPY,269.7997131347656,298.04998779296875,298.760009765625,297.4200134277344,298.1700134277344,49584300
2019-09-09,SPY,269.935546875,298.20001220703125,299.239990234375,297.1600036621094,299.1400146484375,51260300
2019-09-10,SPY,269.8721618652344,298.1300048828125,298.20001220703125,295.9700012207031,297.3599853515625,57947100
2019-09-11,SPY,271.79119873046875,300.25,300.3399963378906,297.75,298.4700012207031,68821100
2019-09-12,SPY,272.73260498046875,301.2900085449219,302.4599914550781,300.4100036621094,301.25,72908700
2019-09-13,SPY,272.5515441894531,301.0899963378906,302.1700134277344,300.67999267578125,301.7799987792969,62104800
2019-09-16,SPY,271.7097473144531,300.1600036621094,301.1400146484375,299.45001220703125,299.8399963378906,58191200
2019-09-17,SPY,272.39764404296875,300.9200134277344,301.0199890136719,299.75,299.94000244140625,41475500
2019-09-18,SPY,272.5606689453125,301.1000061035156,301.2200012207031,298.239990234375,300.489990234375,73375800
2019-09-19,SPY,272.5425109863281,301.0799865722656,302.6300048828125,300.7099914550781,301.5299987792969,76560500
2019-09-20,SPY,271.2547607421875,298.2799987792969,300.6700134277344,297.4100036621094,300.3599853515625,89565000
2019-09-23,SPY,271.19122314453125,298.2099914550781,299.0,297.2699890136719,297.54998779296875,43476800
2019-09-24,SPY,269.06317138671875,295.8699951171875,299.8399963378906,294.80999755859375,299.4100036621094,94869400
2019-09-25,SPY,270.6545715332031,297.6199951171875,298.1099853515625,294.3299865722656,295.9599914550781,71854000
2019-09-26,SPY,270.09088134765625,297.0,297.8599853515625,295.45001220703125,297.6300048828125,56179700
2019-09-27,SPY,268.6357116699219,295.3999938964844,297.95001220703125,293.69000244140625,297.8299865722656,84746600
2019-09-30,SPY,269.881591796875,296.7699890136719,297.54998779296875,295.9200134277344,295.9700012207031,51662400
2019-10-01,SPY,266.67144775390625,293.239990234375,298.4599914550781,293.0,297.739990234375,88242400
2019-10-02,SPY,261.9608154296875,288.05999755859375,291.510009765625,286.6400146484375,291.5,122539500
2019-10-03,SPY,264.10699462890625,290.4200134277344,290.45001220703125,284.82000732421875,287.80999755859375,85278800
2019-10-04,SPY,267.68084716796875,294.3500061035156,294.6300048828125,291.0799865722656,291.1400146484375,65091200
2019-10-07,SPY,266.52593994140625,293.0799865722656,295.260009765625,292.7699890136719,293.4700012207031,59610500
2019-10-08,SPY,262.38824462890625,288.5299987792969,291.8500061035156,288.489990234375,291.0400085449219,95708100
2019-10-09,SPY,264.8798828125,291.2699890136719,292.29998779296875,290.05999755859375,290.75,62359400
2019-10-10,SPY,266.67144775390625,293.239990234375,294.2099914550781,291.0,291.17999267578125,55296300
2019-10-11,SPY,269.4360046386719,296.2799987792969,298.739990234375,296.1400146484375,296.2699890136719,98720400
2019-10-14,SPY,269.1359558105469,295.95001220703125,296.6700134277344,295.57000732421875,295.92999267578125,40394800
2019-10-15,SPY,271.800537109375,298.8800048828125,299.70001220703125,296.9700012207031,297.1000061035156,46754500
2019-10-16,SPY,271.36395263671875,298.3999938964844,299.1600036621094,297.9200134277344,298.3699951171875,48928200
2019-10-17,SPY,272.16424560546875,299.2799987792969,300.239990234375,298.5199890136719,299.67999267578125,45736600
2019-10-18,SPY,270.9728698730469,297.9700012207031,299.3999938964844,297.0299987792969,298.69000244140625,64304000
2019-10-21,SPY,272.80987548828125,299.989990234375,300.2099914550781,298.94000244140625,299.4200134277344,39048600
2019-10-22,SPY,271.918701171875,299.010009765625,300.8999938964844,298.9100036621094,300.5799865722656,48594700
2019-10-23,SPY,272.7098693847656,299.8800048828125,299.94000244140625,298.5,298.7300109863281,34352200
2019-10-24,SPY,273.1554870605469,300.3699951171875,301.07000732421875,299.4599914550781,300.9100036621094,35453100
2019-10-25,SPY,274.27410888671875,301.6000061035156,302.20001220703125,299.67999267578125,299.739990234375,45205400
2019-10-28,SPY,275.8199157714844,303.29998779296875,303.8500061035156,302.9100036621094,302.94000244140625,42147000
2019-10-29,SPY,275.7380676269531,303.2099914550781,304.2300109863281,302.8599853515625,303.0,44284900
2019-10-30,SPY,276.5838928222656,304.1400146484375,304.54998779296875,301.989990234375,303.42999267578125,49643900
2019-10-31,SPY,275.84722900390625,303.3299865722656,304.1300048828125,301.7300109863281,304.1300048828125,69053800
2019-11-01,SPY,278.40264892578125,306.1400146484375,306.19000244140625,304.739990234375,304.9200134277344,71141500
2019-11-04,SPY,279.52117919921875,307.3699951171875,308.0,306.9599914550781,307.8500061035156,60606900
2019-11-05,SPY,279.2120361328125,307.0299987792969,307.9200134277344,306.7099914550781,307.5899963378906,42933200
2019-11-06,SPY,279.2757263183594,307.1000061035156,307.3999938964844,306.05999755859375,307.0299987792969,46487100
2019-11-07,SPY,280.2578125,308.17999267578125,309.6499938964844,307.6600036621094,308.57000732421875,54272300
2019-11-08,SPY,280.9489440917969,308.94000244140625,309.0,307.0299987792969,307.79998779296875,49032100
2019-11-11,SPY,280.4124450683594,308.3500061035156,308.5400085449219,307.2699890136719,307.4200134277344,35797300
2019-11-12,SPY,281.0034484863281,309.0,309.989990234375,308.1499938964844,308.75,46484600
2019-11-13,SPY,281.0944519042969,309.1000061035156,309.5400085449219,307.6600036621094,307.9100036621094,53917700
2019-11-14,SPY,281.50372314453125,309.54998779296875,309.6400146484375,308.0899963378906,308.7900085449219,51219900
2019-11-15,SPY,283.5408020019531,311.7900085449219,311.8399963378906,310.260009765625,311.0199890136719,62023600
2019-11-18,SPY,283.7499084472656,312.0199890136719,312.2799987792969,311.0299987792969,311.5299987792969,49228000
2019-11-19,SPY,283.66796875,311.92999267578125,312.69000244140625,311.2200012207031,312.67999267578125,67804700
2019-11-20,SPY,282.6131591796875,310.7699890136719,311.8500061035156,309.05999755859375,311.2799987792969,79406200
2019-11-21,SPY,282.158447265625,310.2699890136719,311.010009765625,309.3900146484375,310.8900146484375,54664700
2019-11-22,SPY,282.7859191894531,310.9599914550781,311.239990234375,309.8500061035156,311.0899963378906,44850200
2019-11-25,SPY,284.9775390625,313.3699951171875,313.3699951171875,311.9800109863281,311.9800109863281,48647200
2019-11-26,SPY,285.6232604980469,314.0799865722656,314.2799987792969,313.05999755859375,313.4100036621094,37569000
2019-11-27,SPY,286.8964538574219,315.4800109863281,315.4800109863281,314.3699951171875,314.6099853515625,44444600
2019-11-29,SPY,285.8324279785156,314.30999755859375,315.1300048828125,314.05999755859375,314.8599853515625,36592700
2019-12-02,SPY,283.404296875,311.6400146484375,314.6600036621094,311.1700134277344,314.5899963378906,75767800
2019-12-03,SPY,281.50372314453125,309.54998779296875,309.6400146484375,307.1300048828125,308.6499938964844,73941700
2019-12-04,SPY,283.24066162109375,311.4599914550781,312.1199951171875,310.32000732421875,310.70001220703125,49080000
2019-12-05,SPY,283.7499084472656,312.0199890136719,312.25,310.5799865722656,312.2300109863281,40709000
2019-12-06,SPY,286.3416442871094,314.8699951171875,315.30999755859375,314.1099853515625,314.1199951171875,48927000
2019-12-09,SPY,285.44134521484375,313.8800048828125,315.17999267578125,313.79998779296875,314.44000244140625,34838500
2019-12-10,SPY,285.1231689453125,313.5299987792969,314.54998779296875,312.80999755859375,313.82000732421875,52649800
2019-12-11,SPY,285.9324645996094,314.4200134277344,314.70001220703125,313.44000244140625,314.0299987792969,53429100
2019-12-12,SPY,288.39697265625,317.1300048828125,317.989990234375,314.1700134277344,314.42999267578125,96389600
2019-12-13,SPY,288.5697021484375,317.32000732421875,318.6700134277344,316.0199890136719,316.8699951171875,81503900
2019-12-16,SPY,290.5522766113281,319.5,320.1499938964844,317.25,319.2200012207031,82749700
2019-12-17,SPY,290.6158447265625,319.57000732421875,320.25,319.4800109863281,319.9200134277344,61097700
2019-12-18,SPY,290.634033203125,319.5899963378906,320.25,319.5299987792969,320.0,48133000
2019-12-19,SPY,291.82537841796875,320.8999938964844,320.9800109863281,319.5199890136719,319.79998779296875,85310500
2019-12-20,SPY,293.1047668457031,320.7300109863281,321.9700012207031,319.3900146484375,320.4599914550781,147142100
2019-12-23,SPY,293.5525817871094,321.2200012207031,321.6499938964844,321.05999755859375,321.5899963378906,52990000
2019-12-24,SPY,293.56170654296875,321.2300109863281,321.5199890136719,320.8999938964844,321.4700012207031,20270000
2019-12-26,SPY,295.1243896484375,322.94000244140625,322.95001220703125,321.6400146484375,321.6499938964844,30911200
2019-12-27,SPY,295.05126953125,322.8599853515625,323.79998779296875,322.2799987792969,323.739990234375,42528800
2019-12-30,SPY,293.424560546875,321.0799865722656,323.1000061035156,320.54998779296875,322.95001220703125,49729100
2019-12-31,SPY,294.1374816894531,321.8599853515625,322.1300048828125,320.1499938964844,320.5299987792969,57077300
2020-01-02,SPY,296.8881530761719,324.8699951171875,324.8900146484375,322.5299987792969,323.5400085449219,59151200
2020-01-03,SPY,294.6400146484375,322.4100036621094,323.6400146484375,321.1000061035156,321.1600036621094,77709700
2020-01-06,SPY,295.76416015625,323.6400146484375,323.7300109863281,320.3599853515625,320.489990234375,55653900
2020-01-07,SPY,294.93255615234375,322.7300109863281,323.5400085449219,322.239990234375,323.0199890136719,40496400
2020-01-08,SPY,296.5043640136719,324.45001220703125,325.7799987792969,322.6700134277344,322.94000244140625,68296000
2020-01-09,SPY,298.51483154296875,326.6499938964844,326.7300109863281,325.5199890136719,326.1600036621094,48473300
2020-01-10,SPY,297.6557922363281,325.7099914550781,327.4599914550781,325.20001220703125,327.2900085449219,53029300
2020-01-13,SPY,299.702880859375,327.95001220703125,327.9599914550781,325.9200134277344,326.3900146484375,47086800
2020-01-14,SPY,299.2460021972656,327.45001220703125,328.6199951171875,326.8399963378906,327.4700012207031,62832800
2020-01-15,SPY,299.9222412109375,328.19000244140625,329.0199890136719,327.260009765625,327.3500061035156,72056600
2020-01-16,SPY,302.4170837402344,330.9200134277344,330.9200134277344,329.45001220703125,329.70001220703125,54050300
2020-01-17,SPY,303.3584289550781,331.95001220703125,332.17999267578125,330.8500061035156,331.70001220703125,95846000
2020-01-21,SPY,302.76434326171875,331.29998779296875,332.17999267578125,330.82000732421875,330.8999938964844,77742400
2020-01-22,SPY,302.80096435546875,331.3399963378906,332.95001220703125,331.1700134277344,332.239990234375,48914900
2020-01-23,SPY,303.1481628417969,331.7200012207031,332.1700134277344,329.4100036621094,330.6300048828125,51963000
2020-01-24,SPY,300.4522705078125,328.7699890136719,332.5299987792969,327.3599853515625,332.44000244140625,87578400
2020-01-27,SPY,295.6361999511719,323.5,325.1199951171875,322.6600036621094,323.0299987792969,84062500
2020-01-28,SPY,298.73419189453125,326.8900146484375,327.8500061035156,323.6000061035156,325.05999755859375,63834000
2020-01-29,SPY,298.4874267578125,326.6199951171875,328.6300048828125,326.3999938964844,328.3800048828125,53888900
2020-01-30,SPY,299.4561462402344,327.67999267578125,327.9100036621094,323.5400085449219,324.3599853515625,75491800
2020-01-31,SPY,294.01861572265625,321.7300109863281,327.1700134277344,320.7300109863281,327.0,113845600
2020-02-03,SPY,296.2027587890625,324.1199951171875,326.1600036621094,323.2200012207031,323.3500061035156,69083000
2020-02-04,SPY,300.7172546386719,329.05999755859375,330.010009765625,327.7200012207031,328.07000732421875,62573200
2020-02-05,SPY,304.18994140625,332.8599853515625,333.0899963378906,330.6700134277344,332.2699890136719,65951100
2020-02-06,SPY,305.21356201171875,333.9800109863281,334.19000244140625,332.79998779296875,333.9100036621094,50359700
2020-02-07,SPY,303.58685302734375,332.20001220703125,333.989990234375,331.6000061035156,332.82000732421875,64139400
2020-02-10,SPY,305.85321044921875,334.67999267578125,334.75,331.19000244140625,331.2300109863281,42070000
2020-02-11,SPY,306.38336181640625,335.260009765625,337.0199890136719,334.67999267578125,336.1600036621094,54864500
2020-02-12,SPY,308.3572082519531,337.4200134277344,337.6499938964844,336.42999267578125,336.8299865722656,43992700
2020-02-13,SPY,308.0282897949219,337.05999755859375,338.1199951171875,335.55999755859375,335.8599853515625,54501900
2020-02-14,SPY,308.5217590332031,337.6000061035156,337.7300109863281,336.20001220703125,337.510009765625,64582200
2020-02-18,SPY,307.72662353515625,336.7300109863281,337.6700134277344,335.2099914550781,336.510009765625,57226200
2020-02-19,SPY,309.1980285644531,338.3399963378906,339.0799865722656,337.4800109863281,337.7900085449219,48814700
2020-02-20,SPY,307.927734375,336.95001220703125,338.6400146484375,333.67999267578125,337.739990234375,74163400
2020-02-21,SPY,304.7565612792969,333.4800109863281,335.80999755859375,332.5799865722656,335.4700012207031,113788200
2020-02-24,SPY,294.6491394042969,322.4200134277344,333.55999755859375,321.239990234375,323.1400146484375,161088400
2020-02-25,SPY,285.7205810546875,312.6499938964844,324.6099853515625,311.69000244140625,323.94000244140625,218913200
2020-02-26,SPY,284.6697692871094,311.5,318.1099853515625,310.70001220703125,314.17999267578125,194773800
2020-02-27,SPY,271.8847351074219,297.510009765625,311.55999755859375,297.510009765625,305.4599914550781,284353500
2020-02-28,SPY,270.74237060546875,296.260009765625,297.8900146484375,285.5400085449219,288.70001220703125,384975800
2020-03-02,SPY,282.4673767089844,309.0899963378906,309.1600036621094,294.4599914550781,298.2099914550781,238703600
2020-03-03,SPY,274.379638671875,300.239990234375,313.8399963378906,297.57000732421875,309.5,300139100
2020-03-04,SPY,285.91259765625,312.8599853515625,313.1000061035156,303.3299865722656,306.1199951171875,176613400
2020-03-05,SPY,276.4085388183594,302.4599914550781,308.4700012207031,300.010009765625,304.9800109863281,186366800
2020-03-06,SPY,271.839111328125,297.4599914550781,298.7799987792969,290.2300109863281,293.1499938964844,228667200
2020-03-09,SPY,250.6099395751953,274.2300109863281,284.19000244140625,273.45001220703125,275.29998779296875,309417300
2020-03-10,SPY,263.5777893066406,288.4200134277344,288.5199890136719,273.5,284.6400146484375,276444100
2020-03-11,SPY,250.7286834716797,274.3599853515625,281.94000244140625,270.8800048828125,280.70001220703125,255316300
2020-03-12,SPY,226.73971557617188,248.11000061035156,266.6600036621094,247.67999267578125,256.0,392220700
2020-03-13,SPY,246.12283325195312,269.32000732421875,271.4800109863281,248.52000427246094,263.0899963378906,329566100
2020-03-16,SPY,219.191162109375,239.85000610351562,256.8999938964844,237.36000061035156,241.17999267578125,297240000
2020-03-17,SPY,231.02574157714844,252.8000030517578,256.1700134277344,237.07000732421875,245.0399932861328,262070500
2020-03-18,SPY,219.3282470703125,240.0,248.3699951171875,228.02000427246094,236.25,327597100
2020-03-19,SPY,219.79432678222656,240.50999450683594,247.3800048828125,232.22000122070312,239.25,289322000
2020-03-20,SPY,210.32241821289062,228.8000030517578,244.47000122070312,228.5,242.52999877929688,347158800
2020-03-23,SPY,204.9449005126953,222.9499969482422,229.67999267578125,218.25999450683594,228.19000244140625,326025200
2020-03-24,SPY,223.5135498046875,243.14999389648438,244.10000610351562,233.8000030517578,234.4199981689453,235494500
2020-03-25,SPY,226.85960388183594,246.7899932861328,256.3500061035156,239.75,244.8699951171875,299430300
2020-03-26,SPY,240.10581970214844,261.20001220703125,262.79998779296875,249.0500030517578,249.52000427246094,257632800
2020-03-27,SPY,232.95416259765625,253.4199981689453,260.80999755859375,251.0500030517578,253.27000427246094,224341200
2020-03-30,SPY,240.51951599121094,261.6499938964844,262.42999267578125,253.52999877929688,255.6999969482422,171369500
2020-03-31,SPY,236.9344940185547,257.75,263.3299865722656,256.2200012207031,260.55999755859375,194881100
2020-04-01,SPY,226.271240234375,246.14999389648438,257.6600036621094,243.89999389648438,247.97999572753906,189554600
2020-04-02,SPY,231.49258422851562,251.8300018310547,252.67999267578125,244.58999633789062,245.19000244140625,177660400
2020-04-03,SPY,228.14651489257812,248.19000244140625,253.32000732421875,245.22000122070312,250.75999450683594,135561200
2020-04-06,SPY,243.47023010253906,264.8599853515625,267.0,248.1699981689453,257.8399963378906,188061200
2020-04-07,SPY,243.71847534179688,265.1300048828125,275.0299987792969,264.8900146484375,274.2099914550781,201427200
2020-04-08,SPY,251.8998260498047,274.0299987792969,276.0,265.25,267.9599914550781,153774500
2020-04-09,SPY,255.7329559326172,278.20001220703125,281.20001220703125,275.4700012207031,277.5799865722656,189999200
2020-04-13,SPY,253.39810180664062,275.6600036621094,277.510009765625,271.4100036621094,277.1400146484375,114839100
2020-04-14,SPY,260.8714904785156,283.7900085449219,284.8999938964844,275.510009765625,280.9800109863281,134143400
2020-04-15,SPY,255.32850646972656,277.760009765625,283.94000244140625,275.4599914550781,277.57000732421875,121775000
2020-04-16,SPY,256.5603332519531,279.1000061035156,280.0299987792969,275.760009765625,279.1499938964844,131798300
2020-04-17,SPY,263.4913330078125,286.6400146484375,287.29998779296875,282.3999938964844,285.3800048828125,146684800
2020-04-20,SPY,258.8491516113281,281.5899963378906,286.7900085449219,281.3500061035156,282.6099853515625,100109300
2020-04-21,SPY,250.98963928222656,273.0400085449219,278.0400085449219,272.0199890136719,276.7300109863281,126385700
2020-04-22,SPY,256.5603332519531,279.1000061035156,281.0,276.9100036621094,278.3500061035156,92951600
2020-04-23,SPY,256.54180908203125,279.0799865722656,283.94000244140625,278.75,280.489990234375,104709700
2020-04-24,SPY,260.11773681640625,282.9700012207031,283.70001220703125,278.5,280.7300109863281,85063200
2020-04-27,SPY,263.8682556152344,287.04998779296875,288.2699890136719,284.6199951171875,285.1199951171875,77896600
2020-04-28,SPY,262.6548767089844,285.7300109863281,291.3999938964844,285.3999938964844,291.0199890136719,105270000
2020-04-29,SPY,269.53070068359375,293.2099914550781,294.8800048828125,290.4100036621094,291.5299987792969,118745600
2020-04-30,SPY,267.0212707519531,290.4800109863281,293.32000732421875,288.5899963378906,291.7099914550781,122901700
2020-05-01,SPY,259.9522705078125,282.7900085449219,290.6600036621094,281.5199890136719,285.30999755859375,125180000
2020-05-04,SPY,260.6693420410156,283.57000732421875,283.8999938964844,279.1300048828125,280.739990234375,80873200
2020-05-05,SPY,263.0776672363281,286.19000244140625,289.25,283.7099914550781,286.6400146484375,79569900
2020-05-06,SPY,261.2944030761719,284.25,288.4599914550781,283.7799987792969,288.0400085449219,73632600
2020-05-07,SPY,264.4473571777344,287.67999267578125,289.7799987792969,287.1300048828125,287.75,75250400
2020-05-08,SPY,268.82293701171875,292.44000244140625,292.95001220703125,289.8599853515625,291.0899963378906,76452400
2020-05-11,SPY,268.8781433105469,292.5,294.0,289.8800048828125,290.3399963378906,79514200
2020-05-12,SPY,263.5189208984375,286.6700134277344,294.239990234375,286.5199890136719,293.7900085449219,95870800
2020-05-13,SPY,258.8583984375,281.6000061035156,287.19000244140625,278.9599914550781,286.05999755859375,144721100
2020-05-14,SPY,261.9562072753906,284.9700012207031,285.1099853515625,272.989990234375,278.95001220703125,121977900
2020-05-15,SPY,263.1603698730469,286.2799987792969,286.3299865722656,281.3399963378906,282.3699951171875,111146300
2020-05-18,SPY,271.1761474609375,295.0,296.75,292.70001220703125,293.04998779296875,119703800
2020-05-19,SPY,268.3908996582031,291.9700012207031,296.2099914550781,291.95001220703125,294.3500061035156,95189300
2020-05-20,SPY,272.9502868652344,296.92999267578125,297.8699951171875,295.57000732421875,295.82000732421875,85861700
2020-05-21,SPY,271.0658874511719,294.8800048828125,297.6700134277344,293.69000244140625,296.7900085449219,78293900
2020-05-22,SPY,271.5807189941406,295.44000244140625,295.6300048828125,293.2200012207031,294.57000732421875,63958200
2020-05-26,SPY,274.9267272949219,299.0799865722656,302.19000244140625,295.4599914550781,301.92999267578125,88951400
2020-05-27,SPY,279.0173645019531,303.5299987792969,303.57000732421875,296.8699951171875,302.1199951171875,104817400
2020-05-28,SPY,278.50244140625,302.9700012207031,306.8399963378906,302.239990234375,304.6499938964844,90405200
2020-05-29,SPY,279.7435302734375,304.32000732421875,304.9599914550781,299.4700012207031,302.4599914550781,119090800
2020-06-01,SPY,280.8742370605469,305.54998779296875,306.2099914550781,303.05999755859375,303.6199951171875,55758300
2020-06-02,SPY,283.1999206542969,308.0799865722656,308.1300048828125,305.1000061035156,306.54998779296875,74267200
2020-06-03,SPY,286.96881103515625,312.17999267578125,313.2200012207031,309.94000244140625,310.239990234375,92567600
2020-06-04,SPY,286.21502685546875,311.3599853515625,313.0,309.0799865722656,311.1099853515625,75794400
2020-06-05,SPY,293.5506286621094,319.3399963378906,321.2699890136719,317.1600036621094,317.2300109863281,150524700
2020-06-08,SPY,297.0988464355469,323.20001220703125,323.4100036621094,319.6300048828125,320.2200012207031,73641200
2020-06-09,SPY,294.88348388671875,320.7900085449219,323.2799987792969,319.3599853515625,320.29998779296875,77479200
2020-06-10,SPY,293.2380065917969,319.0,322.3900146484375,318.2200012207031,321.4200134277344,95000800
2020-06-11,SPY,276.3330993652344,300.6099853515625,312.1499938964844,300.010009765625,311.4599914550781,209243600
2020-06-12,SPY,279.64239501953125,304.2099914550781,309.0799865722656,298.6000061035156,308.239990234375,194678900
2020-06-15,SPY,282.2530822753906,307.04998779296875,308.2799987792969,296.739990234375,298.0199890136719,135782700
2020-06-16,SPY,287.6858825683594,312.9599914550781,315.6400146484375,307.6700134277344,315.4800109863281,137627500
2020-06-17,SPY,286.49078369140625,311.6600036621094,314.3900146484375,310.8599853515625,314.07000732421875,83398900
2020-06-18,SPY,286.6011962890625,311.7799987792969,312.29998779296875,309.510009765625,310.010009765625,80828700
2020-06-19,SPY,284.9631652832031,308.6400146484375,314.3800048828125,306.5299987792969,314.1700134277344,135549600
2020-06-22,SPY,286.7912292480469,310.6199951171875,311.04998779296875,306.75,307.989990234375,74649400
2020-06-23,SPY,288.111572265625,312.04998779296875,314.5,311.6099853515625,313.489990234375,68471200
2020-06-24,SPY,280.7621765136719,304.0899963378906,310.510009765625,302.1000061035156,309.8399963378906,132813500
2020-06-25,SPY,283.77215576171875,307.3500061035156,307.6400146484375,301.2799987792969,303.4700012207031,89468000
2020-06-26,SPY,277.0321350097656,300.04998779296875,306.3900146484375,299.4200134277344,306.1600036621094,127961000
2020-06-29,SPY,281.1038818359375,304.4599914550781,304.6099853515625,298.92999267578125,301.4100036621094,79773300
2020-06-30,SPY,284.70465087890625,308.3599853515625,310.20001220703125,303.82000732421875,303.989990234375,113394800
2020-07-01,SPY,286.698974609375,310.5199890136719,311.8900146484375,309.07000732421875,309.57000732421875,72396500
2020-07-02,SPY,288.27783203125,312.2300109863281,315.70001220703125,311.510009765625,314.239990234375,69344200
2020-07-06,SPY,292.7279968261719,317.04998779296875,317.67999267578125,315.55999755859375,316.3699951171875,61713800
2020-07-07,SPY,289.7088317871094,313.7799987792969,317.5199890136719,313.3699951171875,315.3800048828125,82910000
2020-07-08,SPY,291.9248046875,316.17999267578125,316.29998779296875,312.70001220703125,314.6099853515625,54638600
2020-07-09,SPY,290.2629089355469,314.3800048828125,317.1000061035156,310.67999267578125,316.8399963378906,83354200
2020-07-10,SPY,293.2265930175781,317.5899963378906,317.8800048828125,312.760009765625,314.30999755859375,57550400
2020-07-13,SPY,290.6875305175781,314.8399963378906,322.7099914550781,314.1300048828125,320.1300048828125,102997500
2020-07-14,SPY,294.45452880859375,318.9200134277344,319.760009765625,312.0,313.29998779296875,93657000
2020-07-15,SPY,297.15985107421875,321.8500061035156,323.0400085449219,319.2699890136719,322.4100036621094,87196500
2020-07-16,SPY,296.18115234375,320.7900085449219,321.2799987792969,319.0899963378906,319.7900085449219,54622500
2020-07-17,SPY,297.0397033691406,321.7200012207031,322.57000732421875,319.739990234375,321.8800048828125,62774900
2020-07-20,SPY,299.4402770996094,324.32000732421875,325.1300048828125,320.6199951171875,321.42999267578125,56308800
2020-07-21,SPY,300.077392578125,325.010009765625,326.92999267578125,323.94000244140625,326.45001220703125,57292200
2020-07-22,SPY,301.7854309082031,326.8599853515625,327.20001220703125,324.5,324.6199951171875,57792900
2020-07-23,SPY,298.1846923828125,322.9599914550781,327.2300109863281,321.4800109863281,326.4700012207031,75738000
2020-07-24,SPY,296.2642517089844,320.8800048828125,321.989990234375,319.25,320.95001220703125,73766600
2020-07-27,SPY,298.4246520996094,323.2200012207031,323.4100036621094,320.7699890136719,321.6300048828125,48293000
2020-07-28,SPY,296.53204345703125,321.1700134277344,323.6400146484375,320.8500061035156,322.42999267578125,57495000
2020-07-29,SPY,300.178955078125,325.1199951171875,325.7300109863281,322.0799865722656,322.1199951171875,48454200
2020-07-30,SPY,299.1079406738281,323.9599914550781,324.4100036621094,319.6400146484375,321.8999938964844,61861700
2020-07-31,SPY,301.4715881347656,326.5199890136719,326.6300048828125,321.3299865722656,325.8999938964844,84986800
2020-08-03,SPY,303.5673828125,328.7900085449219,329.6199951171875,327.7300109863281,328.32000732421875,53077900
2020-08-04,SPY,304.7400207519531,330.05999755859375,330.05999755859375,327.8599853515625,327.8599853515625,41917900
2020-08-05,SPY,306.63275146484375,332.1099853515625,332.3900146484375,331.17999267578125,331.4700012207031,42697700
2020-08-06,SPY,308.682373046875,334.3299865722656,334.4599914550781,331.1300048828125,331.4800109863281,43679400
2020-08-07,SPY,308.904052734375,334.57000732421875,334.8800048828125,332.29998779296875,333.2799987792969,57308300
2020-08-10,SPY,309.827392578125,335.57000732421875,335.7699890136719,332.9599914550781,335.05999755859375,44282100
2020-08-11,SPY,307.2698669433594,332.79998779296875,337.5400085449219,332.010009765625,336.8500061035156,69601100
2020-08-12,SPY,311.5538024902344,337.44000244140625,338.2799987792969,335.4100036621094,335.44000244140625,53774400
2020-08-13,SPY,310.9906311035156,336.8299865722656,338.25,335.8299865722656,336.6099853515625,41816100
2020-08-14,SPY,310.9998474121094,336.8399963378906,337.4200134277344,335.6199951171875,336.4100036621094,47260400
2020-08-17,SPY,311.9877624511719,337.9100036621094,338.3399963378906,336.8500061035156,337.94000244140625,35481000
2020-08-18,SPY,312.6617736816406,338.6400146484375,339.1000061035156,336.6099853515625,338.3399963378906,38733900
2020-08-19,SPY,311.3598937988281,337.2300109863281,339.6099853515625,336.6199951171875,339.04998779296875,68054200
2020-08-20,SPY,312.32940673828125,338.2799987792969,338.79998779296875,335.2200012207031,335.3599853515625,42207800
2020-08-21,SPY,313.4373474121094,339.4800109863281,339.7200012207031,337.54998779296875,337.9200134277344,55106600
2020-08-24,SPY,316.6133728027344,342.9200134277344,343.0,339.45001220703125,342.1199951171875,48588700
2020-08-25,SPY,317.721435546875,344.1199951171875,344.2099914550781,342.2699890136719,343.5299987792969,38463400
2020-08-26,SPY,320.90673828125,347.57000732421875,347.8599853515625,344.1700134277344,344.760009765625,50790200
2020-08-27,SPY,321.6083984375,348.3299865722656,349.8999938964844,346.5299987792969,348.510009765625,58034100
2020-08-28,SPY,323.6857604980469,350.5799865722656,350.7200012207031,348.1499938964844,349.44000244140625,48588900
2020-08-31,SPY,322.51318359375,349.30999755859375,351.29998779296875,349.05999755859375,350.3500061035156,66099200
2020-09-01,SPY,325.55084228515625,352.6000061035156,352.7099914550781,349.239990234375,350.2099914550781,54908700
2020-09-02,SPY,330.2596435546875,357.70001220703125,358.75,353.42999267578125,354.6700134277344,69540000
2020-09-03,SPY,318.89398193359375,345.3900146484375,356.3800048828125,342.5899963378906,355.8699951171875,148011100
2020-09-04,SPY,316.29034423828125,342.57000732421875,347.8299865722656,334.8699951171875,346.1300048828125,139156300
2020-09-08,SPY,307.6483459472656,333.2099914550781,342.6400146484375,332.8800048828125,336.7099914550781,114465300
2020-09-09,SPY,313.72357177734375,339.7900085449219,342.4599914550781,336.6099853515625,337.54998779296875,91462300
2020-09-10,SPY,308.2762451171875,333.8900146484375,342.5299987792969,332.8500061035156,341.82000732421875,90569500
2020-09-11,SPY,308.43304443359375,334.05999755859375,336.9700012207031,331.0,335.82000732421875,84680200
2020-09-14,SPY,312.4955749511719,338.4599914550781,340.3800048828125,334.2200012207031,337.489990234375,65605700
2020-09-15,SPY,314.07440185546875,340.1700134277344,342.0199890136719,338.4700012207031,341.1199951171875,52920900
2020-09-16,SPY,312.8279113769531,338.82000732421875,343.05999755859375,338.5199890136719,341.510009765625,82096000
2020-09-17,SPY,310.0765380859375,335.8399963378906,337.70001220703125,332.989990234375,333.55999755859375,91523300
2020-09-18,SPY,306.5067138671875,330.6499938964844,335.489990234375,327.9700012207031,335.3699951171875,105877900
2020-09-21,SPY,303.095458984375,326.9700012207031,327.1300048828125,321.7300109863281,325.70001220703125,99450800
2020-09-22,SPY,306.18231201171875,330.29998779296875,330.8999938964844,325.8599853515625,328.57000732421875,63612100
2020-09-23,SPY,299.0816650390625,322.6400146484375,331.20001220703125,322.1000061035156,330.8999938964844,93112200
2020-09-24,SPY,299.87884521484375,323.5,326.79998779296875,319.79998779296875,321.2200012207031,76681300
2020-09-25,SPY,304.7269592285156,328.7300109863281,329.5799865722656,321.6400146484375,322.5799865722656,71069400
2020-09-28,SPY,309.7882385253906,334.19000244140625,334.9599914550781,332.1499938964844,333.2200012207031,64584600
2020-09-29,SPY,308.1011657714844,332.3699951171875,334.7699890136719,331.6199951171875,333.9700012207031,51304000
2020-09-30,SPY,310.437255859375,334.8900146484375,338.2900085449219,332.8800048828125,333.0899963378906,104081100
2020-10-01,SPY,312.4300842285156,337.0400085449219,338.739990234375,335.010009765625,337.69000244140625,88698700
2020-10-02,SPY,309.4638366699219,333.8399963378906,337.010009765625,331.19000244140625,331.70001220703125,89431100
2020-10-05,SPY,314.9516296386719,339.760009765625,339.9599914550781,336.010009765625,336.05999755859375,45713100
2020-10-06,SPY,310.47430419921875,334.92999267578125,342.1700134277344,334.3800048828125,339.9100036621094,90128900
2020-10-07,SPY,315.87860107421875,340.760009765625,341.6300048828125,338.0899963378906,338.1199951171875,56999600
2020-10-08,SPY,318.67803955078125,343.7799987792969,343.8500061035156,341.8599853515625,342.8500061035156,45242500
2020-10-09,SPY,321.52392578125,346.8500061035156,347.3500061035156,344.8900146484375,345.55999755859375,59528600
2020-10-12,SPY,326.69647216796875,352.42999267578125,354.0199890136719,349.05999755859375,349.5899963378906,80388500
2020-10-13,SPY,324.5643615722656,350.1300048828125,352.4700012207031,349.0899963378906,352.2799987792969,73255500
2020-10-14,SPY,322.52508544921875,347.92999267578125,351.92999267578125,347.1400146484375,350.75,57727900
2020-10-15,SPY,322.1264343261719,347.5,348.0199890136719,343.1300048828125,343.7099914550781,60357700
2020-10-16,SPY,321.9318542480469,347.2900085449219,350.75,347.1000061035156,348.9599914550781,89501900
2020-10-19,SPY,317.0372314453125,342.010009765625,349.3299865722656,341.0400085449219,348.6499938964844,68425600
2020-10-20,SPY,318.30731201171875,343.3800048828125,346.8800048828125,342.6400146484375,343.4599914550781,60051900
2020-10-21,SPY,317.7047424316406,342.7300109863281,345.6700134277344,342.3999938964844,343.3299865722656,63575000
2020-10-22,SPY,319.4474792480469,344.6099853515625,345.239990234375,340.6499938964844,342.9599914550781,55399300
2020-10-23,SPY,320.5320739746094,345.7799987792969,345.989990234375,343.1300048828125,345.92999267578125,49143900
2020-10-26,SPY,314.60858154296875,339.3900146484375,342.9800109863281,335.6199951171875,342.1300048828125,91473000
2020-10-27,SPY,313.5240783691406,338.2200012207031,340.1199951171875,337.989990234375,339.760009765625,65994100
2020-10-28,SPY,302.80816650390625,326.6600036621094,338.25,326.1300048828125,332.1000061035156,127094300
2020-10-29,SPY,305.8857116699219,329.9800109863281,333.3999938964844,325.0899963378906,326.9100036621094,90597700
2020-10-30,SPY,302.6969299316406,326.5400085449219,329.69000244140625,322.6000061035156,328.2799987792969,120287300
2020-11-02,SPY,306.0895690917969,330.20001220703125,332.3599853515625,327.239990234375,330.20001220703125,86068300
2020-11-03,SPY,311.49395751953125,336.0299987792969,338.25,330.2900085449219,333.69000244140625,93294200
2020-11-04,SPY,318.45556640625,343.5400085449219,347.94000244140625,339.5899963378906,340.8599853515625,126959700
2020-11-05,SPY,324.6663513183594,350.239990234375,352.19000244140625,348.8599853515625,349.239990234375,82039700
2020-11-06,SPY,324.5921630859375,350.1600036621094,351.510009765625,347.6499938964844,349.92999267578125,74973000
2020-11-09,SPY,328.6709289550781,354.55999755859375,364.3800048828125,354.05999755859375,363.9700012207031,172304200
2020-11-10,SPY,328.1888732910156,354.0400085449219,355.17999267578125,350.510009765625,353.489990234375,85552000
2020-11-11,SPY,330.6268615722656,356.6700134277344,357.55999755859375,355.05999755859375,356.3999938964844,58649000
2020-11-12,SPY,327.4194641113281,353.2099914550781,356.7200012207031,351.260009765625,355.5799865722656,67546200
2020-11-13,SPY,331.95245361328125,358.1000061035156,358.8999938964844,354.7099914550781,355.2699890136719,62892200
2020-11-16,SPY,336.0960388183594,362.57000732421875,362.7799987792969,359.5899963378906,360.9800109863281,74541100
2020-11-17,SPY,334.2884216308594,360.6199951171875,361.9200134277344,358.3399963378906,359.9700012207031,66111000
2020-11-18,SPY,330.265380859375,356.2799987792969,361.5,356.239990234375,360.9100036621094,70591300
2020-11-19,SPY,331.65582275390625,357.7799987792969,358.17999267578125,354.1499938964844,355.6000061035156,59940900
2020-11-20,SPY,329.3846130371094,355.3299865722656,357.7200012207031,355.25,357.5,70417300
2020-11-23,SPY,331.359130859375,357.4599914550781,358.82000732421875,354.8699951171875,357.2799987792969,63230600
2020-11-24,SPY,336.69866943359375,363.2200012207031,363.80999755859375,359.2900085449219,360.2099914550781,62415900
2020-11-25,SPY,336.179443359375,362.6600036621094,363.1600036621094,361.4800109863281,363.1300048828125,45330900
2020-11-27,SPY,337.11578369140625,363.6700134277344,364.17999267578125,362.5799865722656,363.8399963378906,28514100
2020-11-30,SPY,335.62322998046875,362.05999755859375,363.1199951171875,359.1700134277344,362.8299865722656,83872700
2020-12-01,SPY,339.2941589355469,366.0199890136719,367.67999267578125,364.92999267578125,365.57000732421875,74231400
2020-12-02,SPY,340.00787353515625,366.7900085449219,366.9599914550781,364.20001220703125,364.82000732421875,45927000
2020-12-03,SPY,339.9153137207031,366.69000244140625,368.19000244140625,365.5,366.67999267578125,62882000
2020-12-04,SPY,342.84454345703125,369.8500061035156,369.8500061035156,367.2200012207031,367.32000732421875,50749900
2020-12-07,SPY,342.1399841308594,369.0899963378906,369.6199951171875,367.7200012207031,369.0199890136719,48944300
2020-12-08,SPY,343.14111328125,370.1700134277344,370.7799987792969,367.6700134277344,367.7200012207031,42458900
2020-12-09,SPY,340.0634765625,366.8500061035156,371.04998779296875,365.95001220703125,370.8800048828125,74098300
2020-12-10,SPY,339.9522399902344,366.7300109863281,367.8599853515625,364.42999267578125,365.3699951171875,57735400
2020-12-11,SPY,339.5536804199219,366.29998779296875,366.739990234375,363.260009765625,364.8999938964844,57698600
2020-12-14,SPY,338.0334777832031,364.6600036621094,369.79998779296875,364.4700012207031,368.6400146484375,69216200
2020-12-15,SPY,342.60345458984375,369.5899963378906,369.5899963378906,365.9200134277344,367.3999938964844,63865300
2020-12-16,SPY,343.14111328125,370.1700134277344,371.1600036621094,368.8699951171875,369.82000732421875,58420500
2020-12-17,SPY,345.05999755859375,372.239990234375,372.4599914550781,371.04998779296875,371.94000244140625,64119500
2020-12-18,SPY,343.6822204589844,369.17999267578125,371.1499938964844,367.0199890136719,370.9700012207031,136542300
2020-12-21,SPY,342.45343017578125,367.8599853515625,378.4599914550781,362.0299987792969,364.9700012207031,96386700
2020-12-22,SPY,341.8762512207031,367.239990234375,368.3299865722656,366.0299987792969,368.2099914550781,47949000
2020-12-23,SPY,342.1833801269531,367.57000732421875,369.6199951171875,367.2200012207031,368.2799987792969,46201400
2020-12-24,SPY,343.51458740234375,369.0,369.0299987792969,367.45001220703125,368.0799865722656,26457900
2020-12-28,SPY,346.4656982421875,372.1700134277344,372.5899963378906,371.07000732421875,371.739990234375,39000400
2020-12-29,SPY,345.8047790527344,371.4599914550781,374.0,370.8299865722656,373.80999755859375,53680500
2020-12-30,SPY,346.298095703125,371.989990234375,373.1000061035156,371.57000732421875,372.3399963378906,49455300
2020-12-31,SPY,348.0575866699219,373.8800048828125,374.6600036621094,371.2300109863281,371.7799987792969,78520700
2021-01-04,SPY,343.3191223144531,368.7900085449219,375.45001220703125,364.82000732421875,375.30999755859375,110210800
2021-01-05,SPY,345.6837158203125,371.3299865722656,372.5,368.04998779296875,368.1000061035156,66426200
2021-01-06,SPY,347.7503662109375,373.54998779296875,376.9800109863281,369.1199951171875,369.7099914550781,107997700
2021-01-07,SPY,352.9169921875,379.1000061035156,379.8999938964844,375.9100036621094,376.1000061035156,68766800
2021-01-08,SPY,354.9278564453125,381.260009765625,381.489990234375,377.1000061035156,380.5899963378906,71677200
2021-01-11,SPY,352.5353698730469,378.69000244140625,380.5799865722656,377.7200012207031,377.8500061035156,51034700
2021-01-12,SPY,352.6097717285156,378.7699890136719,379.8599853515625,376.3599853515625,378.8900146484375,52547700
2021-01-13,SPY,353.5593566894531,379.7900085449219,380.8599853515625,377.8500061035156,378.69000244140625,45303600
2021-01-14,SPY,352.3212585449219,378.4599914550781,381.1300048828125,378.1000061035156,380.5899963378906,49989100
2021-01-15,SPY,349.7518615722656,375.70001220703125,377.5799865722656,373.70001220703125,376.7200012207031,107160000
2021-01-19,SPY,352.4981384277344,378.6499938964844,379.2300109863281,376.75,378.3399963378906,51233300
2021-01-20,SPY,357.376220703125,383.8900146484375,384.7900085449219,380.69000244140625,381.1099853515625,61836100
2021-01-21,SPY,357.7020568847656,384.239990234375,384.95001220703125,383.25,384.489990234375,47840100
2021-01-22,SPY,356.4360046386719,382.8800048828125,384.1300048828125,381.8399963378906,382.25,52860500
2021-01-25,SPY,357.8416442871094,384.3900146484375,384.7699890136719,378.4599914550781,383.6700134277344,70402000
2021-01-26,SPY,357.28314208984375,383.7900085449219,385.8500061035156,383.5400085449219,385.4100036621094,42665300
2021-01-27,SPY,348.5509948730469,374.4100036621094,380.32000732421875,372.010009765625,380.2200012207031,123351100
2021-01-28,SPY,351.5486145019531,377.6300048828125,381.92999267578125,375.8900146484375,376.3599853515625,94198100
2021-01-29,SPY,344.51068115234375,370.07000732421875,376.6700134277344,368.2699890136719,375.6300048828125,126765100
2021-02-01,SPY,350.2452392578125,376.2300109863281,377.3399963378906,370.3800048828125,373.7200012207031,75817600
2021-02-02,SPY,355.1978454589844,381.54998779296875,383.2200012207031,376.32000732421875,379.6499938964844,64450700
2021-02-03,SPY,355.4771423339844,381.8500061035156,383.70001220703125,380.4800109863281,382.44000244140625,52427100
2021-02-04,SPY,359.517333984375,386.19000244140625,386.239990234375,381.9700012207031,382.9599914550781,47142600
2021-02-05,SPY,360.932373046875,387.7099914550781,388.4700012207031,386.1400146484375,388.20001220703125,48669800
2021-02-08,SPY,363.53900146484375,390.510009765625,390.55999755859375,388.3500061035156,389.2699890136719,38365200
2021-02-09,SPY,363.2969055175781,390.25,390.8900146484375,389.1700134277344,389.6099853515625,35551100
2021-02-10,SPY,363.138671875,390.0799865722656,392.2799987792969,387.5,392.1199951171875,59154400
2021-02-11,SPY,363.7252197265625,390.7099914550781,391.69000244140625,388.1000061035156,391.239990234375,42913300
2021-02-12,SPY,365.52191162109375,392.6400146484375,392.8999938964844,389.7699890136719,389.8500061035156,50593300
2021-02-16,SPY,365.2053527832031,392.29998779296875,394.1700134277344,391.5299987792969,393.9599914550781,50972400
2021-02-17,SPY,365.2892150878906,392.3900146484375,392.6600036621094,389.3299865722656,390.4200134277344,52290600
2021-02-18,SPY,363.7345275878906,390.7200012207031,391.5199890136719,387.739990234375,389.5899963378906,59712800
2021-02-19,SPY,363.0921936035156,390.0299987792969,392.3800048828125,389.54998779296875,392.07000732421875,83241000
2021-02-22,SPY,360.2993469238281,387.0299987792969,389.6199951171875,386.739990234375,387.05999755859375,67414200
2021-02-23,SPY,360.73687744140625,387.5,388.95001220703125,380.20001220703125,384.6600036621094,107284100
2021-02-24,SPY,364.7120056152344,391.7699890136719,392.2300109863281,385.2699890136719,386.3299865722656,72433900
2021-02-25,SPY,355.9239501953125,382.3299865722656,391.8800048828125,380.7799987792969,390.4100036621094,146670500
2021-02-26,SPY,354.0899963378906,380.3599853515625,385.5799865722656,378.2300109863281,384.3500061035156,152701600
2021-03-01,SPY,362.6732177734375,389.5799865722656,390.9200134277344,380.57000732421875,385.5899963378906,105348800
2021-03-02,SPY,359.8432312011719,386.5400085449219,390.07000732421875,386.0,389.82000732421875,79595300
2021-03-03,SPY,355.07684326171875,381.4200134277344,386.8299865722656,381.30999755859375,385.7900085449219,119940200
2021-03-04,SPY,350.6828308105469,376.70001220703125,384.0,371.8800048828125,381.2200012207031,183433000
2021-03-05,SPY,357.13421630859375,383.6300048828125,384.760009765625,372.6400146484375,380.4599914550781,152039600
2021-03-08,SPY,355.3561096191406,381.7200012207031,387.67999267578125,381.4200134277344,384.6600036621094,123149200
2021-03-09,SPY,360.4297180175781,387.1700134277344,389.9100036621094,385.30999755859375,385.8500061035156,113633600
2021-03-10,SPY,362.6732177734375,389.5799865722656,391.3999938964844,388.1700134277344,389.69000244140625,109899400
2021-03-11,SPY,366.3504638671875,393.5299987792969,395.6499938964844,391.739990234375,392.2300109863281,86245000
2021-03-12,SPY,366.84381103515625,394.05999755859375,394.2099914550781,391.20001220703125,392.07000732421875,64653600
2021-03-15,SPY,369.0315246582031,396.4100036621094,396.69000244140625,392.0299987792969,394.3299865722656,73427200
2021-03-16,SPY,368.5660095214844,395.9100036621094,397.8299865722656,395.0799865722656,397.07000732421875,73722500
2021-03-17,SPY,369.82281494140625,397.260009765625,398.1199951171875,393.29998779296875,394.5299987792969,97959300
2021-03-18,SPY,364.4420471191406,391.4800109863281,396.7200012207031,390.75,394.4800109863281,115349100
2021-03-19,SPY,363.7677001953125,389.4800109863281,391.57000732421875,387.1499938964844,389.8800048828125,113624500
2021-03-22,SPY,366.67236328125,392.5899963378906,394.07000732421875,389.9700012207031,390.0299987792969,73778600
2021-03-23,SPY,363.786376953125,389.5,393.4599914550781,388.6600036621094,391.9100036621094,90686600
2021-03-24,SPY,361.9371032714844,387.5199890136719,392.75,387.4700012207031,391.0,97588600
2021-03-25,SPY,363.97314453125,389.70001220703125,390.54998779296875,383.8999938964844,385.9800109863281,116128600
2021-03-26,SPY,369.8385925292969,395.9800109863281,396.4100036621094,390.2900085449219,390.92999267578125,114409100
2021-03-29,SPY,369.6518249511719,395.7799987792969,396.75,392.80999755859375,394.3999938964844,108107600
2021-03-30,SPY,368.6711120605469,394.7300109863281,395.45001220703125,393.0199890136719,394.4200134277344,76262200
2021-03-31,SPY,370.16546630859375,396.3299865722656,398.0,395.30999755859375,395.3399963378906,112734200
2021-04-01,SPY,374.1628723144531,400.6099853515625,400.6700134277344,398.17999267578125,398.3999938964844,99682900
2021-04-05,SPY,379.5333251953125,406.3599853515625,406.94000244140625,403.3800048828125,403.4599914550781,91684800
2021-04-06,SPY,379.30908203125,406.1199951171875,407.239990234375,405.3999938964844,405.760009765625,62021000
2021-04-07,SPY,379.748046875,406.5899963378906,406.9599914550781,405.45001220703125,405.94000244140625,55836300
2021-04-08,SPY,381.55078125,408.5199890136719,408.5799865722656,406.92999267578125,407.92999267578125,57863100
2021-04-09,SPY,384.3246765136719,411.489990234375,411.6700134277344,408.260009765625,408.3900146484375,61104600
2021-04-12,SPY,384.4647521972656,411.6400146484375,411.92999267578125,410.20001220703125,410.8500061035156,56704900
2021-04-13,SPY,385.60418701171875,412.8599853515625,413.5299987792969,411.1199951171875,411.5299987792969,56551000
2021-04-14,SPY,384.287353515625,411.45001220703125,413.9599914550781,410.8699951171875,412.8299865722656,61659900
2021-04-15,SPY,388.41552734375,415.8699951171875,416.1600036621094,413.69000244140625,413.739990234375,60229800
2021-04-16,SPY,389.71380615234375,417.260009765625,417.9100036621094,415.7300109863281,417.25,82037300
2021-04-19,SPY,387.799072265625,415.2099914550781,416.739990234375,413.7900085449219,416.260009765625,78498500
2021-04-20,SPY,384.95977783203125,412.1700134277344,415.0899963378906,410.5899963378906,413.9100036621094,81851800
2021-04-21,SPY,388.60235595703125,416.07000732421875,416.2900085449219,411.3599853515625,411.510009765625,66793000
2021-04-22,SPY,385.05316162109375,412.2699890136719,416.7799987792969,411.1300048828125,415.8900146484375,97582800
2021-04-23,SPY,389.2279968261719,416.739990234375,418.25,412.7900085449219,412.8699951171875,73209200
2021-04-26,SPY,390.04058837890625,417.6099853515625,418.2200012207031,416.80999755859375,417.44000244140625,52182400
2021-04-27,SPY,389.95660400390625,417.5199890136719,418.1400146484375,416.29998779296875,417.92999267578125,51303100
2021-04-28,SPY,389.8445129394531,417.3999938964844,419.010009765625,416.8999938964844,417.80999755859375,51238900
2021-04-29,SPY,392.3289489746094,420.05999755859375,420.7200012207031,416.44000244140625,420.32000732421875,78544300
2021-04-30,SPY,389.7511291503906,417.29998779296875,418.5400085449219,416.3399963378906,417.6300048828125,85527000
2021-05-03,SPY,390.5916442871094,418.20001220703125,419.8399963378906,417.6700134277344,419.42999267578125,68128300
2021-05-04,SPY,388.1820373535156,415.6199951171875,416.6000061035156,411.6700134277344,416.07000732421875,101591200
2021-05-05,SPY,388.3034362792969,415.75,417.6300048828125,415.1499938964844,417.3800048828125,60162200
2021-05-06,SPY,391.40423583984375,419.07000732421875,419.2099914550781,413.67999267578125,415.8299865722656,74321400
2021-05-07,SPY,394.25286865234375,422.1199951171875,422.82000732421875,419.1600036621094,419.8900146484375,67733800
2021-05-10,SPY,390.3489074707031,417.94000244140625,422.739990234375,417.80999755859375,422.5,81852400
2021-05-11,SPY,386.8650207519531,414.2099914550781,415.2699890136719,410.05999755859375,413.1000061035156,116888000
2021-05-12,SPY,378.64605712890625,405.4100036621094,412.5899963378906,404.0,411.2300109863281,134811000
2021-05-13,SPY,383.1944274902344,410.2799987792969,412.3500061035156,407.0199890136719,407.07000732421875,106394000
2021-05-14,SPY,389.0785827636719,416.5799865722656,417.489990234375,413.17999267578125,413.2099914550781,82201600
2021-05-17,SPY,388.08856201171875,415.5199890136719,416.3900146484375,413.3599853515625,415.3900146484375,65129200
2021-05-18,SPY,384.7449645996094,411.94000244140625,416.05999755859375,411.7699890136719,415.79998779296875,59810200
2021-05-19,SPY,383.73626708984375,410.8599853515625,411.04998779296875,405.3299865722656,406.9200134277344,106467100
2021-05-20,SPY,387.8643798828125,415.2799987792969,416.6300048828125,411.6700134277344,411.79998779296875,78022200
2021-05-21,SPY,387.5468444824219,414.94000244140625,418.20001220703125,414.45001220703125,416.8699951171875,76578700
2021-05-24,SPY,391.4976501464844,419.1700134277344,420.32000732421875,417.0799865722656,417.3399963378906,51376700
2021-05-25,SPY,390.6289978027344,418.239990234375,420.7099914550781,417.6199951171875,420.3299865722656,57451400
2021-05-26,SPY,391.40423583984375,419.07000732421875,419.6099853515625,417.760009765625,418.8699951171875,43088600
2021-05-27,SPY,391.6097717285156,419.2900085449219,420.7200012207031,418.989990234375,420.1700134277344,56707700
2021-05-28,SPY,392.3102722167969,420.0400085449219,421.25,419.7900085449219,420.9700012207031,58520200
2021-06-01,SPY,391.9646911621094,419.6700134277344,422.7200012207031,419.20001220703125,422.57000732421875,54216600
2021-06-02,SPY,392.5810852050781,420.3299865722656,421.2300109863281,419.2900085449219,420.3699951171875,49097100
2021-06-03,SPY,391.1240539550781,418.7699890136719,419.989990234375,416.2799987792969,417.8500061035156,58138800
2021-06-04,SPY,394.701171875,422.6000061035156,422.9200134277344,418.8399963378906,420.75,55938800
2021-06-07,SPY,394.3182678222656,422.19000244140625,422.7799987792969,421.19000244140625,422.5899963378906,51555000
2021-06-08,SPY,394.40234375,422.2799987792969,423.2099914550781,420.32000732421875,423.1099853515625,47134300
2021-06-09,SPY,393.8138427734375,421.6499938964844,423.260009765625,421.4100036621094,423.17999267578125,48436300
2021-06-10,SPY,395.64447021484375,423.6099853515625,424.6300048828125,421.54998779296875,422.9599914550781,51020100
2021-06-11,SPY,396.29833984375,424.30999755859375,424.42999267578125,422.82000732421875,424.20001220703125,45570800
2021-06-14,SPY,397.1855773925781,425.260009765625,425.3699951171875,423.1000061035156,424.42999267578125,42358500
2021-06-15,SPY,396.45709228515625,424.4800109863281,425.4599914550781,423.5400085449219,425.4200134277344,51508500
2021-06-16,SPY,394.2435302734375,422.1099853515625,424.8699951171875,419.9200134277344,424.6300048828125,80386100
2021-06-17,SPY,394.11273193359375,421.9700012207031,423.0199890136719,419.32000732421875,421.6700134277344,90949700
2021-06-18,SPY,388.7959899902344,414.9200134277344,417.8299865722656,414.70001220703125,417.0899963378906,118676300
2021-06-21,SPY,394.362060546875,420.8599853515625,421.05999755859375,415.92999267578125,416.79998779296875,72822000
2021-06-22,SPY,396.47039794921875,423.1099853515625,424.0,420.0799865722656,420.8500061035156,57700300
2021-06-23,SPY,395.9924621582031,422.6000061035156,424.04998779296875,422.510009765625,423.19000244140625,49445400
2021-06-24,SPY,398.3351135253906,425.1000061035156,425.54998779296875,424.6199951171875,424.8900146484375,45110300
2021-06-25,SPY,399.7500305175781,426.6099853515625,427.0899963378906,425.54998779296875,425.8999938964844,58129500
2021-06-28,SPY,400.55584716796875,427.4700012207031,427.6499938964844,425.8900146484375,427.1700134277344,53159600
2021-06-29,SPY,400.7713623046875,427.70001220703125,428.55999755859375,427.1300048828125,427.8800048828125,35970500
2021-06-30,SPY,401.1087341308594,428.05999755859375,428.7799987792969,427.17999267578125,427.2099914550781,64827900
2021-07-01,SPY,403.3294982910156,430.42999267578125,430.6000061035156,428.79998779296875,428.8699951171875,53441000
2021-07-02,SPY,406.4123840332031,433.7200012207031,434.1000061035156,430.5199890136719,431.6700134277344,57697700
2021-07-06,SPY,405.6720886230469,432.92999267578125,434.010009765625,430.010009765625,433.7799987792969,68710400
2021-07-07,SPY,407.1058349609375,434.4599914550781,434.760009765625,431.510009765625,433.6600036621094,63549500
2021-07-08,SPY,403.78863525390625,430.9200134277344,431.7300109863281,427.5199890136719,428.7799987792969,97595200
2021-07-09,SPY,408.0990295410156,435.5199890136719,435.8399963378906,430.7099914550781,432.5299987792969,76238600
2021-07-12,SPY,409.560791015625,437.0799865722656,437.3500061035156,434.9700012207031,435.42999267578125,52889600
2021-07-13,SPY,408.1645812988281,435.5899963378906,437.8399963378906,435.30999755859375,436.239990234375,52911300
2021-07-14,SPY,408.7737731933594,436.239990234375,437.9200134277344,434.9100036621094,437.3999938964844,64130400
2021-07-15,SPY,407.3774719238281,434.75,435.5299987792969,432.7200012207031,434.80999755859375,55126400
2021-07-16,SPY,404.18212890625,431.3399963378906,436.05999755859375,430.9200134277344,436.010009765625,75874700
2021-07-19,SPY,398.2132873535156,424.9700012207031,431.4100036621094,421.9700012207031,426.19000244140625,147987000
2021-07-20,SPY,403.9198913574219,431.05999755859375,432.4200134277344,424.8299865722656,425.67999267578125,99608200
2021-07-21,SPY,407.19012451171875,434.54998779296875,434.70001220703125,431.010009765625,432.3399963378906,64724400
2021-07-22,SPY,408.0428161621094,435.4599914550781,435.7200012207031,433.69000244140625,434.739990234375,47878500
2021-07-23,SPY,412.2408142089844,439.94000244140625,440.29998779296875,436.7900085449219,437.5199890136719,63766600
2021-07-26,SPY,413.252685546875,441.0199890136719,441.0299987792969,439.260009765625,439.30999755859375,43719200
2021-07-27,SPY,411.3692932128906,439.010009765625,439.94000244140625,435.989990234375,439.9100036621094,67397100
2021-07-28,SPY,411.20062255859375,438.8299865722656,440.29998779296875,437.30999755859375,439.67999267578125,52472400
2021-07-29,SPY,412.90606689453125,440.6499938964844,441.79998779296875,439.80999755859375,439.82000732421875,47435300
2021-07-30,SPY,410.9007873535156,438.510009765625,440.05999755859375,437.7699890136719,437.9100036621094,68951200
2021-08-02,SPY,410.0386657714844,437.5899963378906,440.92999267578125,437.2099914550781,440.3399963378906,58783300
2021-08-03,SPY,413.3746032714844,441.1499938964844,441.2799987792969,436.1000061035156,438.44000244140625,58053900
2021-08-04,SPY,411.3412780761719,438.9800109863281,441.1199951171875,438.7300109863281,439.7799987792969,46732200
2021-08-05,SPY,413.9461975097656,441.760009765625,441.8500061035156,439.8800048828125,440.2200012207031,38969700
2021-08-06,SPY,414.6302185058594,442.489990234375,442.94000244140625,441.79998779296875,442.1000061035156,46930000
2021-08-09,SPY,414.2929382324219,442.1300048828125,442.79998779296875,441.30999755859375,442.4599914550781,41222600
2021-08-10,SPY,414.8082275390625,442.67999267578125,443.44000244140625,441.8800048828125,442.6099853515625,43339300
2021-08-11,SPY,415.8390197753906,443.7799987792969,443.8800048828125,442.6199951171875,443.82000732421875,44034300
2021-08-12,SPY,417.0852966308594,445.1099853515625,445.260009765625,442.6600036621094,443.6199951171875,38909400
2021-08-13,SPY,417.84423828125,445.9200134277344,445.94000244140625,445.07000732421875,445.5899963378906,39470300
2021-08-16,SPY,418.8280944824219,446.9700012207031,447.1099853515625,442.8699951171875,444.5299987792969,73740000
2021-08-17,SPY,416.0826721191406,444.0400085449219,444.9599914550781,440.8500061035156,444.239990234375,92673900
2021-08-18,SPY,411.5285949707031,439.17999267578125,444.6300048828125,438.9200134277344,442.9599914550781,89351900
2021-08-19,SPY,412.1658020019531,439.8599853515625,441.1400146484375,436.1199951171875,436.2699890136719,92812200
2021-08-20,SPY,415.4454040527344,443.3599853515625,443.7099914550781,439.7099914550781,440.2300109863281,72008700
2021-08-23,SPY,419.099853515625,447.260009765625,448.2300109863281,443.44000244140625,445.1600036621094,54973000
2021-08-24,SPY,419.7651062011719,447.9700012207031,448.5400085449219,447.4200134277344,447.9700012207031,38744700
2021-08-25,SPY,420.64599609375,448.9100036621094,449.4599914550781,447.7699890136719,448.1700134277344,40529700
2021-08-26,SPY,418.16278076171875,446.260009765625,448.8599853515625,446.1600036621094,448.6099853515625,57829600
2021-08-27,SPY,421.9015808105469,450.25,450.6499938964844,447.05999755859375,447.1199951171875,77235100
2021-08-30,SPY,423.7569580078125,452.2300109863281,453.07000732421875,450.7099914550781,450.9700012207031,48357400
2021-08-31,SPY,423.1291809082031,451.55999755859375,452.489990234375,450.9200134277344,452.1300048828125,59300200
2021-09-01,SPY,423.3539733886719,451.79998779296875,453.1099853515625,451.54998779296875,452.55999755859375,48721400
2021-09-02,SPY,424.65655517578125,453.19000244140625,454.04998779296875,451.9100036621094,453.32000732421875,42501000
2021-09-03,SPY,424.553466796875,453.0799865722656,453.6300048828125,451.54998779296875,451.9800109863281,47170500
2021-09-07,SPY,423.0354309082031,451.4599914550781,452.80999755859375,450.739990234375,452.7099914550781,51671500
2021-09-08,SPY,422.5200500488281,450.9100036621094,451.6700134277344,448.8599853515625,450.8900146484375,56181900
2021-09-09,SPY,420.7115783691406,448.9800109863281,452.57000732421875,448.7200012207031,450.70001220703125,57970400
2021-09-10,SPY,417.39453125,445.44000244140625,451.489990234375,445.30999755859375,451.0400085449219,89948200
2021-09-13,SPY,418.4626770019531,446.5799865722656,448.9200134277344,444.1099853515625,448.6400146484375,83738600
2021-09-14,SPY,416.2044372558594,444.1700134277344,448.3399963378906,443.2200012207031,448.1199951171875,78197100
2021-09-15,SPY,419.68084716796875,447.8800048828125,448.4100036621094,443.44000244140625,444.6199951171875,78792200
2021-09-16,SPY,419.0155029296875,447.1700134277344,448.3599853515625,444.0199890136719,447.32000732421875,77786700
2021-09-17,SPY,414.93389892578125,441.3999938964844,445.3699951171875,441.0199890136719,444.9200134277344,118425000
2021-09-20,SPY,408.0152893066406,434.0400085449219,436.55999755859375,428.8599853515625,434.8800048828125,166445500
2021-09-21,SPY,407.6297912597656,433.6300048828125,437.9100036621094,433.07000732421875,436.5299987792969,92526100
2021-09-22,SPY,411.60614013671875,437.8599853515625,440.0299987792969,433.75,436.04998779296875,102350100
2021-09-23,SPY,416.6070556640625,443.17999267578125,444.8900146484375,439.6000061035156,439.8500061035156,76396000
2021-09-24,SPY,417.2933654785156,443.9100036621094,444.6700134277344,441.2099914550781,441.44000244140625,62094800
2021-09-27,SPY,416.0995788574219,442.6400146484375,444.04998779296875,441.8999938964844,442.80999755859375,61371100
2021-09-28,SPY,407.7143859863281,433.7200012207031,440.0400085449219,432.94000244140625,439.69000244140625,130436300
2021-09-29,SPY,408.4006042480469,434.45001220703125,437.0400085449219,433.8500061035156,435.19000244140625,82329200
2021-09-30,SPY,403.408935546875,429.1400146484375,436.7699890136719,428.7799987792969,436.0199890136719,140506000
2021-10-01,SPY,408.203125,434.239990234375,436.0299987792969,427.2300109863281,430.9800109863281,129240100
2021-10-04,SPY,402.93896484375,428.6400146484375,433.9599914550781,426.3599853515625,433.0,128570000
2021-10-05,SPY,407.13153076171875,433.1000061035156,435.489990234375,429.3900146484375,430.239990234375,90682500
2021-10-06,SPY,408.8236999511719,434.8999938964844,435.1199951171875,427.5400085449219,429.2699890136719,113032200
2021-10-07,SPY,412.35821533203125,438.6600036621094,441.67999267578125,438.20001220703125,438.3900146484375,72437500
2021-10-08,SPY,411.60614013671875,437.8599853515625,439.8900146484375,437.19000244140625,439.4800109863281,74557400
2021-10-11,SPY,408.6262512207031,434.69000244140625,440.260009765625,434.6199951171875,437.1600036621094,65233300
2021-10-12,SPY,407.6203308105469,433.6199951171875,436.1000061035156,432.7799987792969,435.6700134277344,71181200
2021-10-13,SPY,409.0868225097656,435.17999267578125,436.04998779296875,431.5400085449219,434.7099914550781,72974000
2021-10-14,SPY,415.9680480957031,442.5,442.6600036621094,438.5799865722656,439.0799865722656,70236800
2021-10-15,SPY,419.13580322265625,445.8699951171875,446.260009765625,444.0899963378906,444.75,66260200
2021-10-18,SPY,420.3766784667969,447.19000244140625,447.54998779296875,443.2699890136719,443.9700012207031,62213200
2021-10-19,SPY,423.619873046875,450.6400146484375,450.7099914550781,448.2699890136719,448.9200134277344,46996800
2021-10-20,SPY,425.28375244140625,452.4100036621094,452.7300109863281,451.010009765625,451.1300048828125,49571600
2021-10-21,SPY,426.3929748535156,453.5899963378906,453.8299865722656,451.30999755859375,451.7699890136719,41305400
2021-10-22,SPY,425.9511413574219,453.1199951171875,454.6700134277344,451.04998779296875,453.1300048828125,58845100
2021-10-25,SPY,428.2354736328125,455.54998779296875,455.8999938964844,452.3900146484375,454.2799987792969,45214500
2021-10-26,SPY,428.6208801269531,455.9599914550781,458.489990234375,455.55999755859375,457.20001220703125,56075100
2021-10-27,SPY,426.7220764160156,453.94000244140625,457.1600036621094,453.8599853515625,456.45001220703125,72438000
2021-10-28,SPY,430.8393859863281,458.32000732421875,458.3999938964844,455.45001220703125,455.4599914550781,51437900
2021-10-29,SPY,431.7136535644531,459.25,459.55999755859375,455.55999755859375,455.8699951171875,70162400
2021-11-01,SPY,432.4561767578125,460.0400085449219,460.70001220703125,458.20001220703125,460.29998779296875,48433600
2021-11-02,SPY,434.20477294921875,461.8999938964844,462.2300109863281,460.0799865722656,460.2200012207031,48908400
2021-11-03,SPY,436.8556213378906,464.7200012207031,465.1499938964844,460.8299865722656,461.29998779296875,52509800
2021-11-04,SPY,438.9143371582031,466.9100036621094,467.0,464.989990234375,465.3599853515625,52847100
2021-11-05,SPY,440.4371337890625,468.5299987792969,470.6499938964844,466.9200134277344,469.2799987792969,66390600
2021-11-08,SPY,440.8131408691406,468.92999267578125,470.2300109863281,468.20001220703125,469.70001220703125,50405200
2021-11-09,SPY,439.35614013671875,467.3800048828125,469.57000732421875,465.8800048828125,469.32000732421875,51149100
2021-11-10,SPY,435.821533203125,463.6199951171875,467.3800048828125,462.0400085449219,465.5799865722656,69429700
2021-11-11,SPY,435.9625549316406,463.7699890136719,465.2900085449219,463.75,465.2099914550781,34848500
2021-11-12,SPY,439.2528076171875,467.2699890136719,467.8599853515625,464.1099853515625,465.1199951171875,53466700
2021-11-15,SPY,439.4031677246094,467.42999267578125,468.80999755859375,466.2300109863281,468.6400146484375,46980500
2021-11-16,SPY,441.1422424316406,469.2799987792969,470.489990234375,467.07000732421875,467.1499938964844,48857500
2021-11-17,SPY,440.0705871582031,468.1400146484375,469.19000244140625,467.4800109863281,469.0,47858300
2021-11-18,SPY,441.5652160644531,469.7300109863281,470.010009765625,466.3399963378906,469.239990234375,50625600
2021-11-19,SPY,440.7756652832031,468.8900146484375,470.94000244140625,468.5,469.6099853515625,57315600
2021-11-22,SPY,439.5346984863281,467.57000732421875,473.5400085449219,467.3500061035156,470.8900146484375,72762000
2021-11-23,SPY,440.11761474609375,468.19000244140625,469.1000061035156,464.45001220703125,467.2200012207031,73206500
2021-11-24,SPY,441.29254150390625,469.44000244140625,469.57000732421875,465.19000244140625,466.05999755859375,61858800
2021-11-26,SPY,431.4503479003906,458.9700012207031,463.8999938964844,457.7699890136719,462.3399963378906,112669600
2021-11-29,SPY,436.74285888671875,464.6000061035156,466.55999755859375,461.7300109863281,464.07000732421875,86268800
2021-11-30,SPY,428.244873046875,455.55999755859375,464.0299987792969,455.29998779296875,462.0,148559600
2021-12-01,SPY,423.48834228515625,450.5,464.6700134277344,450.2900085449219,461.6400146484375,131939200
2021-12-02,SPY,429.9744567871094,457.3999938964844,459.07000732421875,450.30999755859375,450.7300109863281,127637800
2021-12-03,SPY,426.2331848144531,453.4200134277344,460.29998779296875,448.9200134277344,459.1700134277344,137331600
2021-12-06,SPY,431.2812194824219,458.7900085449219,460.7900085449219,453.55999755859375,456.1300048828125,98977500
2021-12-07,SPY,440.2021789550781,468.2799987792969,468.8800048828125,458.6499938964844,464.4100036621094,95484700
2021-12-08,SPY,441.3677978515625,469.5199890136719,470.0,466.8299865722656,468.70001220703125,72238800
2021-12-09,SPY,438.3879089355469,466.3500061035156,469.6300048828125,466.1400146484375,468.1499938964844,61272600
2021-12-10,SPY,442.5146789550781,470.739990234375,470.8999938964844,466.510009765625,469.2300109863281,77159800
2021-12-13,SPY,438.5947265625,466.57000732421875,470.55999755859375,466.2699890136719,470.19000244140625,87724700
2021-12-14,SPY,435.5771789550781,463.3599853515625,465.739990234375,460.25,463.0899963378906,97264100
2021-12-15,SPY,442.38311767578125,470.6000061035156,470.8599853515625,460.739990234375,463.4200134277344,116899300
2021-12-16,SPY,438.48193359375,466.45001220703125,472.8699951171875,464.79998779296875,472.57000732421875,116568600
2021-12-17,SPY,433.815185546875,459.8699951171875,464.739990234375,458.05999755859375,461.54998779296875,135511600
2021-12-20,SPY,429.2023010253906,454.9800109863281,455.3999938964844,451.1400146484375,454.4800109863281,107134800
2021-12-21,SPY,436.824462890625,463.05999755859375,463.2099914550781,456.30999755859375,458.6099853515625,69806300
2021-12-22,SPY,441.1921081542969,467.69000244140625,467.80999755859375,462.5799865722656,462.7900085449219,58890200
2021-12-23,SPY,443.93731689453125,470.6000061035156,472.19000244140625,468.6400146484375,468.75,56439700
2021-12-27,SPY,450.21990966796875,477.260009765625,477.30999755859375,472.010009765625,472.05999755859375,56808600
2021-12-28,SPY,449.8520812988281,476.8699951171875,478.80999755859375,476.05999755859375,477.7200012207031,47274600
2021-12-29,SPY,450.427490234375,477.4800109863281,478.55999755859375,475.9200134277344,476.9800109863281,54503000
2021-12-30,SPY,449.1822509765625,476.1600036621094,479.0,475.6700134277344,477.92999267578125,55329000
2021-12-31,SPY,448.0502014160156,474.9599914550781,476.8599853515625,474.6700134277344,475.6400146484375,65237400
2022-01-03,SPY,450.6444396972656,477.7099914550781,477.8500061035156,473.8500061035156,476.29998779296875,72668200
2022-01-04,SPY,450.49346923828125,477.54998779296875,479.9800109863281,475.5799865722656,479.2200012207031,71178700
2022-01-05,SPY,441.84307861328125,468.3800048828125,477.9800109863281,468.2799987792969,477.1600036621094,104538900
2022-01-06,SPY,441.4279479980469,467.94000244140625,470.82000732421875,465.42999267578125,467.8900146484375,86858900
2022-01-07,SPY,439.68280029296875,466.0899963378906,469.20001220703125,464.6499938964844,467.95001220703125,85111600
2022-01-10,SPY,439.1356506347656,465.510009765625,465.739990234375,456.6000061035156,462.70001220703125,119362000
2022-01-11,SPY,443.13543701171875,469.75,469.8500061035156,462.04998779296875,465.2300109863281,74303100
2022-01-12,SPY,444.3334045410156,471.0199890136719,473.20001220703125,468.94000244140625,471.5899963378906,67605400
2022-01-13,SPY,438.211181640625,464.5299987792969,472.8800048828125,463.44000244140625,472.19000244140625,91173100
2022-01-14,SPY,438.390380859375,464.7200012207031,465.0899963378906,459.8999938964844,461.19000244140625,95890900
2022-01-18,SPY,430.62664794921875,456.489990234375,459.9599914550781,455.30999755859375,459.739990234375,109709100
2022-01-19,SPY,426.15521240234375,451.75,459.6099853515625,451.4599914550781,458.1300048828125,109357600
2022-01-20,SPY,421.4385070800781,446.75,458.739990234375,444.5,453.75,122379700
2022-01-21,SPY,413.1654357910156,437.9800109863281,448.05999755859375,437.95001220703125,445.55999755859375,202271200
2022-01-24,SPY,414.9201354980469,439.8399963378906,440.3800048828125,420.760009765625,432.0299987792969,251783900
2022-01-25,SPY,409.8542175292969,434.4700012207031,439.7200012207031,427.1499938964844,433.05999755859375,167997300
2022-01-26,SPY,408.8261413574219,433.3800048828125,444.0400085449219,428.8599853515625,440.7200012207031,186391100
2022-01-27,SPY,406.8072509765625,431.239990234375,441.5899963378906,429.45001220703125,438.260009765625,149878300
2022-01-28,SPY,416.9105529785156,441.95001220703125,442.0,427.82000732421875,432.67999267578125,164457400
2022-01-31,SPY,424.4195861816406,449.9100036621094,450.2799987792969,439.80999755859375,441.239990234375,152251400
2022-02-01,SPY,427.2872619628906,452.95001220703125,453.6300048828125,446.94000244140625,450.67999267578125,123155400
2022-02-02,SPY,431.4379577636719,457.3500061035156,458.1199951171875,453.04998779296875,455.5,117361000
2022-02-03,SPY,421.2970275878906,446.6000061035156,452.9700012207031,445.7099914550781,450.95001220703125,118024400
2022-02-04,SPY,423.278076171875,448.70001220703125,452.7799987792969,443.8299865722656,446.3500061035156,118454400
2022-02-07,SPY,421.9196472167969,447.260009765625,450.989990234375,445.8500061035156,449.510009765625,84472900
2022-02-08,SPY,425.39111328125,450.94000244140625,451.9200134277344,445.2200012207031,446.7300109863281,81012000
2022-02-09,SPY,431.61724853515625,457.5400085449219,457.8800048828125,455.010009765625,455.2200012207031,92589900
2022-02-10,SPY,423.86285400390625,449.32000732421875,457.7099914550781,447.20001220703125,451.3399963378906,140103700
2022-02-11,SPY,415.5049133300781,440.4599914550781,451.6099853515625,438.94000244140625,449.4100036621094,153214600
2022-02-14,SPY,414.14642333984375,439.0199890136719,441.6000061035156,435.3399963378906,439.9200134277344,123006300
2022-02-15,SPY,420.82537841796875,446.1000061035156,446.2799987792969,443.17999267578125,443.7300109863281,88482700
2022-02-16,SPY,421.2970275878906,446.6000061035156,448.05999755859375,441.94000244140625,443.92999267578125,84863600
2022-02-17,SPY,412.29754638671875,437.05999755859375,446.57000732421875,436.4200134277344,443.2200012207031,102259100
2022-02-18,SPY,409.6279296875,434.2300109863281,438.6600036621094,431.82000732421875,437.3299865722656,132642900
2022-02-22,SPY,405.2319030761719,429.57000732421875,435.5,425.8599853515625,431.8900146484375,124391800
2022-02-23,SPY,398.04364013671875,421.95001220703125,433.260009765625,421.3500061035156,432.6600036621094,132578000
2022-02-24,SPY,404.03387451171875,428.29998779296875,428.760009765625,410.6400146484375,411.0199890136719,213942900
2022-02-25,SPY,412.9484558105469,437.75,437.8399963378906,427.8599853515625,429.6099853515625,121804500
2022-02-28,SPY,411.8918762207031,436.6300048828125,438.20001220703125,430.70001220703125,432.0299987792969,145615000
2022-03-01,SPY,405.6186828613281,429.9800109863281,437.1700134277344,427.1099853515625,435.0400085449219,137785900
2022-03-02,SPY,413.0805358886719,437.8900146484375,439.7200012207031,431.57000732421875,432.3699951171875,117726500
2022-03-03,SPY,411.0240173339844,435.7099914550781,441.1099853515625,433.79998779296875,440.4700012207031,105501700
2022-03-04,SPY,407.68463134765625,432.1700134277344,433.3699951171875,427.8800048828125,431.75,113978200
2022-03-07,SPY,395.6663818359375,419.42999267578125,432.29998779296875,419.3599853515625,431.54998779296875,137896600
2022-03-08,SPY,392.66656494140625,416.25,427.2099914550781,415.1199951171875,419.6199951171875,164772700
2022-03-09,SPY,403.1942443847656,427.4100036621094,429.510009765625,422.82000732421875,425.1400146484375,116990800
2022-03-10,SPY,401.3736572265625,425.4800109863281,426.42999267578125,420.44000244140625,422.5199890136719,93972700
2022-03-11,SPY,396.2701721191406,420.07000732421875,428.7699890136719,419.5299987792969,428.1199951171875,95636300
2022-03-14,SPY,393.3741149902344,417.0,424.54998779296875,415.7900085449219,420.8900146484375,95729200
2022-03-15,SPY,402.0245361328125,426.1700134277344,426.8399963378906,418.4200134277344,419.7699890136719,106219100
2022-03-16,SPY,410.93914794921875,435.6199951171875,435.67999267578125,424.79998779296875,429.8900146484375,144954800
2022-03-17,SPY,416.0803527832031,441.07000732421875,441.07000732421875,433.19000244140625,433.5899963378906,102676900
2022-03-18,SPY,420.6375732421875,444.5199890136719,444.8599853515625,437.2200012207031,438.0,106345500
2022-03-21,SPY,420.5146179199219,444.3900146484375,446.4599914550781,440.67999267578125,444.3399963378906,88349800
2022-03-22,SPY,425.4351501464844,449.5899963378906,450.5799865722656,445.8599853515625,445.8599853515625,74650400
2022-03-23,SPY,419.956298828125,443.79998779296875,448.489990234375,443.7099914550781,446.9100036621094,79426100
2022-03-24,SPY,426.286865234375,450.489990234375,450.5,444.760009765625,445.94000244140625,64736900
2022-03-25,SPY,428.3686828613281,452.69000244140625,452.9800109863281,448.42999267578125,451.1600036621094,77101300
2022-03-28,SPY,431.4156799316406,455.9100036621094,455.9100036621094,450.05999755859375,452.05999755859375,68529800
2022-03-29,SPY,436.7525939941406,461.54998779296875,462.07000732421875,457.17999267578125,460.0199890136719,86581500
2022-03-30,SPY,434.0557556152344,458.70001220703125,461.20001220703125,456.4700012207031,460.3399963378906,79666900
2022-03-31,SPY,427.37506103515625,451.6400146484375,458.760009765625,451.1600036621094,457.8900146484375,121699900
2022-04-01,SPY,428.5863342285156,452.9200134277344,453.4599914550781,449.1400146484375,453.30999755859375,89048800
2022-04-04,SPY,432.2578125,456.79998779296875,456.9100036621094,452.260009765625,453.1300048828125,59601000
2022-04-05,SPY,426.7978210449219,451.0299987792969,457.8299865722656,449.82000732421875,455.2200012207031,74214500
2022-04-06,SPY,422.53009033203125,446.5199890136719,448.92999267578125,443.4700012207031,446.8900146484375,106898000
2022-04-07,SPY,424.6592712402344,448.7699890136719,450.69000244140625,443.5299987792969,445.5899963378906,78097200
2022-04-08,SPY,423.5237121582031,447.57000732421875,450.6300048828125,445.94000244140625,447.9700012207031,79272700
2022-04-11,SPY,416.2847900390625,439.9200134277344,445.0,439.3900146484375,444.1099853515625,89770500
2022-04-12,SPY,414.7422790527344,438.2900085449219,445.75,436.6499938964844,443.0799865722656,84363600
2022-04-13,SPY,419.4925842285156,443.30999755859375,444.1099853515625,437.8399963378906,438.0299987792969,74070400
2022-04-14,SPY,414.2691650390625,437.7900085449219,444.7300109863281,437.67999267578125,443.54998779296875,97869500
2022-04-18,SPY,414.4395446777344,437.9700012207031,439.75,435.6099853515625,436.80999755859375,66002500
2022-04-19,SPY,421.12957763671875,445.0400085449219,445.79998779296875,437.67999267578125,437.8599853515625,77821000
2022-04-20,SPY,420.8173522949219,444.7099914550781,447.57000732421875,443.4800109863281,446.9200134277344,65224400
2022-04-21,SPY,414.5246887207031,438.05999755859375,450.010009765625,437.1000061035156,448.5400085449219,85417300
2022-04-22,SPY,403.1504821777344,426.0400085449219,438.0799865722656,425.44000244140625,436.9100036621094,132471800
2022-04-25,SPY,405.48773193359375,428.510009765625,428.69000244140625,418.8399963378906,423.6700134277344,119647700
2022-04-26,SPY,393.7445068359375,416.1000061035156,426.0400085449219,416.07000732421875,425.8299865722656,103996300
2022-04-27,SPY,394.85162353515625,417.2699890136719,422.9200134277344,415.010009765625,417.239990234375,122030000
2022-04-28,SPY,404.8253479003906,427.80999755859375,429.6400146484375,417.6000061035156,422.2900085449219,105449100
2022-04-29,SPY,389.8647766113281,412.0,425.8699951171875,411.2099914550781,423.5899963378906,145491100
2022-05-02,SPY,392.2115173339844,414.4800109863281,415.9200134277344,405.0199890136719,412.07000732421875,158312500
2022-05-03,SPY,394.0094909667969,416.3800048828125,418.92999267578125,413.3599853515625,415.010009765625,100028200
2022-05-04,SPY,406.0082702636719,429.05999755859375,429.6600036621094,413.7099914550781,417.0799865722656,144247900
2022-05-05,SPY,391.5775146484375,413.80999755859375,425.0,409.44000244140625,424.54998779296875,172929100
2022-05-06,SPY,389.24029541015625,411.3399963378906,414.79998779296875,405.7300109863281,411.1000061035156,151770800
2022-05-09,SPY,376.77777099609375,398.1700134277344,406.4100036621094,396.5,405.1000061035156,155586100
2022-05-10,SPY,377.6483459472656,399.0899963378906,406.0799865722656,394.82000732421875,404.489990234375,132497200
2022-05-11,SPY,371.6490173339844,392.75,404.0400085449219,391.9599914550781,398.07000732421875,142361000
2022-05-12,SPY,371.260986328125,392.3399963378906,395.79998779296875,385.1499938964844,389.3699951171875,125090800
2022-05-13,SPY,380.1371154785156,401.7200012207031,403.17999267578125,395.6099853515625,396.7099914550781,104174400
2022-05-16,SPY,378.5946350097656,400.0899963378906,403.9700012207031,397.6000061035156,399.9800109863281,78622400
2022-05-17,SPY,386.3825378417969,408.32000732421875,408.57000732421875,402.5799865722656,406.5299987792969,83029700
2022-05-18,SPY,370.8067626953125,391.8599853515625,403.79998779296875,390.54998779296875,403.5,117674500
2022-05-19,SPY,368.53570556640625,389.4599914550781,394.1400146484375,387.1099853515625,388.6199951171875,98510700
2022-05-20,SPY,368.6966552734375,389.6300048828125,397.0299987792969,380.5400085449219,393.25,131432200
2022-05-23,SPY,375.5949401855469,396.9200134277344,397.7300109863281,390.3800048828125,392.8299865722656,76414900
2022-05-24,SPY,372.7277526855469,393.8900146484375,395.1499938964844,386.9599914550781,392.55999755859375,91448800
2022-05-25,SPY,376.020751953125,397.3699951171875,399.45001220703125,391.8900146484375,392.30999755859375,91472900
2022-05-26,SPY,383.5342102050781,405.30999755859375,407.0400085449219,398.45001220703125,398.6700134277344,82168300
2022-05-27,SPY,392.94964599609375,415.260009765625,415.3800048828125,407.70001220703125,407.9100036621094,84768700
2022-05-31,SPY,390.74481201171875,412.92999267578125,416.4599914550781,410.0299987792969,413.54998779296875,95937000
2022-06-01,SPY,387.5842590332031,409.5899963378906,416.239990234375,406.92999267578125,415.1700134277344,86585800
2022-06-02,SPY,394.9651794433594,417.3900146484375,417.44000244140625,407.0400085449219,409.4200134277344,79609600
2022-06-03,SPY,388.4832763671875,410.5400085449219,414.0400085449219,409.510009765625,412.3999938964844,71874300
2022-06-06,SPY,389.66607666015625,411.7900085449219,416.6099853515625,410.54998779296875,414.7799987792969,57508900
2022-06-07,SPY,393.40380859375,415.739990234375,416.2200012207031,407.6099853515625,408.1000061035156,59272400
2022-06-08,SPY,389.1266784667969,411.2200012207031,415.82000732421875,410.3800048828125,413.92999267578125,64350000
2022-06-09,SPY,379.87213134765625,401.44000244140625,411.739990234375,401.44000244140625,409.3399963378906,86289800
2022-06-10,SPY,368.8575134277344,389.79998779296875,395.7799987792969,389.75,394.8800048828125,132893900
2022-06-13,SPY,354.8526916503906,375.0,381.80999755859375,373.29998779296875,379.8500061035156,170004900
2022-06-14,SPY,353.783447265625,373.8699951171875,377.94000244140625,370.5899963378906,376.8500061035156,104011800
2022-06-15,SPY,358.8270263671875,379.20001220703125,383.8999938964844,372.1199951171875,377.3599853515625,125666800
2022-06-16,SPY,346.9512634277344,366.6499938964844,370.94000244140625,364.0799865722656,370.510009765625,134473300
2022-06-17,SPY,347.6991882324219,365.8599853515625,369.3800048828125,362.1700134277344,365.510009765625,111113900
2022-06-21,SPY,356.4520263671875,375.07000732421875,376.5299987792969,371.80999755859375,371.8900146484375,76811900
2022-06-22,SPY,355.8057556152344,374.3900146484375,378.7200012207031,370.17999267578125,370.6199951171875,90059400
2022-06-23,SPY,359.2936096191406,378.05999755859375,378.8299865722656,372.8900146484375,376.6400146484375,79292100
2022-06-24,SPY,370.7169189453125,390.0799865722656,390.0899963378906,381.3699951171875,381.3999938964844,98050300
2022-06-27,SPY,369.3009338378906,388.5899963378906,391.3599853515625,387.44000244140625,391.04998779296875,66009600
2022-06-28,SPY,361.7549743652344,380.6499938964844,393.1600036621094,380.5299987792969,390.2300109863281,86548900
2022-06-29,SPY,361.46044921875,380.3399963378906,382.2699890136719,378.4200134277344,381.2300109863281,65676000
2022-06-30,SPY,358.52386474609375,377.25,380.6600036621094,372.55999755859375,376.239990234375,112508300
2022-07-01,SPY,362.3158264160156,381.239990234375,381.70001220703125,373.79998779296875,376.55999755859375,74839700
2022-07-05,SPY,363.00006103515625,381.9599914550781,381.9800109863281,372.8999938964844,375.8800048828125,81438000
2022-07-06,SPY,364.2259521484375,383.25,385.8699951171875,379.6000061035156,382.1099853515625,70426200
2022-07-07,SPY,369.68109130859375,388.989990234375,389.8299865722656,383.2699890136719,385.1199951171875,64525900
2022-07-08,SPY,369.376953125,388.6700134277344,390.6400146484375,385.6600036621094,387.2699890136719,72397800
2022-07-11,SPY,365.1573181152344,384.2300109863281,386.8699951171875,383.5,385.8500061035156,58366900
2022-07-12,SPY,361.92608642578125,380.8299865722656,386.1600036621094,378.989990234375,383.6499938964844,62219200
2022-07-13,SPY,360.025390625,378.8299865722656,381.9200134277344,374.6600036621094,375.1000061035156,84224600
2022-07-14,SPY,359.1510925292969,377.9100036621094,379.04998779296875,371.0400085449219,373.6099853515625,89704800
2022-07-15,SPY,366.0126647949219,385.1300048828125,385.25,380.5400085449219,382.54998779296875,79060400
2022-07-18,SPY,362.9905090332031,381.95001220703125,389.0899963378906,380.6600036621094,388.3800048828125,63203600
2022-07-19,SPY,372.79827880859375,392.2699890136719,392.8699951171875,385.3900146484375,386.0799865722656,78506000
2022-07-20,SPY,375.17413330078125,394.7699890136719,396.260009765625,391.0299987792969,392.4700012207031,71843800
2022-07-21,SPY,378.9946594238281,398.7900085449219,398.8399963378906,391.6300048828125,394.1600036621094,64903900
2022-07-22,SPY,375.4782409667969,395.0899963378906,400.17999267578125,392.75,398.9200134277344,72197300
2022-07-25,SPY,375.9344177246094,395.57000732421875,396.4700012207031,393.2099914550781,395.75,53631500
2022-07-26,SPY,371.48681640625,390.8900146484375,394.05999755859375,389.95001220703125,393.8399963378906,52946400
2022-07-27,SPY,381.1329650878906,401.0400085449219,402.8800048828125,394.04998779296875,394.3599853515625,82342100
2022-07-28,SPY,385.9132385253906,406.07000732421875,406.79998779296875,398.1499938964844,401.8900146484375,73966600
2022-07-29,SPY,391.5394592285156,411.989990234375,413.0299987792969,406.7699890136719,407.5799865722656,87003700
2022-08-01,SPY,390.3798828125,410.7699890136719,413.4100036621094,408.3999938964844,409.1499938964844,69997500
2022-08-02,SPY,387.804443359375,408.05999755859375,413.0,406.82000732421875,409.1199951171875,63435400
2022-08-03,SPY,393.8773193359375,414.45001220703125,415.67999267578125,410.0,410.29998779296875,67820600
2022-08-04,SPY,393.6111755371094,414.1700134277344,415.0899963378906,412.44000244140625,414.3699951171875,45656600
2022-08-05,SPY,392.9458312988281,413.4700012207031,414.1499938964844,409.6000061035156,409.6600036621094,56814900
2022-08-08,SPY,392.48968505859375,412.989990234375,417.6199951171875,411.8299865722656,415.25,53886100
2022-08-09,SPY,390.9311828613281,411.3500061035156,412.75,410.2200012207031,412.2200012207031,44931800
2022-08-10,SPY,399.1423034667969,419.989990234375,420.1400146484375,416.7200012207031,418.7799987792969,68665700
2022-08-11,SPY,399.1423034667969,419.989990234375,424.95001220703125,419.2099914550781,422.989990234375,59489700
2022-08-12,SPY,405.8993835449219,427.1000061035156,427.2099914550781,421.0299987792969,422.0299987792969,61694500
2022-08-15,SPY,407.57196044921875,428.8599853515625,429.4100036621094,424.7099914550781,424.7699890136719,54048300
2022-08-16,SPY,408.37030029296875,429.70001220703125,431.7300109863281,426.8800048828125,427.7300109863281,59289000
2022-08-17,SPY,405.4717102050781,426.6499938964844,429.5,424.5400085449219,425.9100036621094,63563400
2022-08-18,SPY,406.6501770019531,427.8900146484375,428.6099853515625,425.5,426.8599853515625,49023200
2022-08-19,SPY,401.185546875,422.1400146484375,425.260009765625,421.2200012207031,424.9800109863281,68016900
2022-08-22,SPY,392.8318176269531,413.3500061035156,417.2300109863281,412.3999938964844,417.04998779296875,77695600
2022-08-23,SPY,391.8815002441406,412.3500061035156,415.4200134277344,411.7699890136719,412.8999938964844,49105200
2022-08-24,SPY,393.1360168457031,413.6700134277344,415.1099853515625,411.3900146484375,412.1099853515625,49177800
2022-08-25,SPY,398.6860046386719,419.510009765625,419.55999755859375,414.0899963378906,415.239990234375,50942300
2022-08-26,SPY,385.19097900390625,405.30999755859375,419.9599914550781,405.25,419.3900146484375,103087000
2022-08-29,SPY,382.64398193359375,402.6300048828125,405.8399963378906,401.20001220703125,402.20001220703125,65370800
2022-08-30,SPY,378.443359375,398.2099914550781,404.1000061035156,396.0,403.8500061035156,85652400
2022-08-31,SPY,375.5638122558594,395.17999267578125,401.239990234375,395.0400085449219,399.92999267578125,76029700
2022-09-01,SPY,376.74224853515625,396.4200134277344,396.7799987792969,390.0400085449219,392.8900146484375,78740100
2022-09-02,SPY,372.76971435546875,392.239990234375,401.55999755859375,390.3299865722656,400.2799987792969,99632100
2022-09-06,SPY,371.36322021484375,390.760009765625,394.1199951171875,388.4200134277344,393.1300048828125,76637400
2022-09-07,SPY,378.0347900390625,397.7799987792969,398.5899963378906,390.20001220703125,390.42999267578125,70964200
2022-09-08,SPY,380.5057067871094,400.3800048828125,400.8599853515625,394.1199951171875,395.3900146484375,80821700
2022-09-09,SPY,386.4169006347656,406.6000061035156,407.510009765625,402.4599914550781,402.739990234375,76706900
2022-09-12,SPY,390.5700988769531,410.9700012207031,411.7300109863281,408.4599914550781,408.7799987792969,69256300
2022-09-13,SPY,373.5870361328125,393.1000061035156,403.1000061035156,391.9200134277344,401.8299865722656,122947100
2022-09-14,SPY,375.01263427734375,394.6000061035156,396.20001220703125,391.1199951171875,394.4700012207031,85023700
2022-09-15,SPY,370.7549133300781,390.1199951171875,395.9599914550781,388.7799987792969,392.9599914550781,87633800
2022-09-16,SPY,367.926513671875,385.55999755859375,386.25,382.1099853515625,384.1400146484375,103084800
2022-09-19,SPY,370.7797546386719,388.54998779296875,388.54998779296875,382.17999267578125,382.260009765625,73278500
2022-09-20,SPY,366.5237731933594,384.0899963378906,386.1199951171875,381.20001220703125,385.05999755859375,77274900
2022-09-21,SPY,360.1301574707031,377.3900146484375,389.30999755859375,377.3800048828125,386.1099853515625,106746600
2022-09-22,SPY,357.10516357421875,374.2200012207031,378.29998779296875,373.44000244140625,376.5799865722656,89472600
2022-09-23,SPY,351.12188720703125,367.95001220703125,370.6199951171875,363.2900085449219,370.5799865722656,122346900
2022-09-26,SPY,347.64837646484375,364.30999755859375,370.2099914550781,363.0299987792969,366.4100036621094,92581200
2022-09-27,SPY,346.7609558105469,363.3800048828125,370.3999938964844,360.8699951171875,368.0199890136719,108294100
2022-09-28,SPY,353.5839538574219,370.5299987792969,372.29998779296875,362.6000061035156,364.3800048828125,110802200
2022-09-29,SPY,346.1978454589844,362.7900085449219,367.1099853515625,359.70001220703125,366.80999755859375,112952300
2022-09-30,SPY,340.84442138671875,357.17999267578125,365.9100036621094,357.0400085449219,361.79998779296875,153711200
2022-10-03,SPY,349.8431701660156,366.6099853515625,368.54998779296875,359.2099914550781,361.0799865722656,89756500
2022-10-04,SPY,360.6836853027344,377.9700012207031,378.0,366.57000732421875,372.3999938964844,103602800
2022-10-05,SPY,359.8439025878906,377.0899963378906,379.4599914550781,370.95001220703125,373.3900146484375,88065700
2022-10-06,SPY,356.13177490234375,373.20001220703125,378.7200012207031,372.67999267578125,375.6199951171875,82333500
2022-10-07,SPY,346.1978454589844,362.7900085449219,373.2900085449219,360.94000244140625,368.9700012207031,107789500
2022-10-10,SPY,343.5545959472656,360.0199890136719,364.2099914550781,357.6700134277344,363.9599914550781,76042800
2022-10-11,SPY,341.3788146972656,357.739990234375,363.0299987792969,355.7099914550781,358.239990234375,92482800
2022-10-12,SPY,340.2527770996094,356.55999755859375,359.82000732421875,356.29998779296875,358.1700134277344,76991800
2022-10-13,SPY,349.2325134277344,365.9700012207031,367.510009765625,348.1099853515625,349.2099914550781,147254500
2022-10-14,SPY,341.2738952636719,357.6300048828125,370.260009765625,356.9599914550781,368.54998779296875,123737000
2022-10-17,SPY,350.0436096191406,366.82000732421875,367.9800109863281,357.2799987792969,364.010009765625,93168200
2022-10-18,SPY,354.1564636230469,371.1300048828125,375.45001220703125,367.5199890136719,375.1300048828125,97162900
2022-10-19,SPY,351.6468200683594,368.5,371.8500061035156,365.54998779296875,368.989990234375,79746900
2022-10-20,SPY,348.6980895996094,365.4100036621094,372.6700134277344,364.6099853515625,368.0299987792969,88283100
2022-10-21,SPY,357.1719970703125,374.2900085449219,374.79998779296875,363.5400085449219,365.1199951171875,131038400
2022-10-24,SPY,361.5424499511719,378.8699951171875,380.05999755859375,373.1099853515625,375.8900146484375,85436900
2022-10-25,SPY,367.3157653808594,384.9200134277344,385.25,378.6700134277344,378.7900085449219,78846300
2022-10-26,SPY,364.5484313964844,382.0199890136719,387.5799865722656,381.3500061035156,381.6199951171875,104087300
2022-10-27,SPY,362.60174560546875,379.9800109863281,385.0,379.3299865722656,383.07000732421875,81971800
2022-10-28,SPY,371.22821044921875,389.0199890136719,389.5199890136719,379.67999267578125,379.8699951171875,100302000
2022-10-31,SPY,368.5467529296875,386.2099914550781,388.3999938964844,385.260009765625,386.44000244140625,96631300
2022-11-01,SPY,366.93408203125,384.5199890136719,390.3900146484375,383.2900085449219,390.1400146484375,85407600
2022-11-02,SPY,357.7254333496094,374.8699951171875,388.6300048828125,374.760009765625,383.8999938964844,126990400
2022-11-03,SPY,354.0419616699219,371.010009765625,374.20001220703125,368.7900085449219,371.4700012207031,87100100
2022-11-04,SPY,359.1377258300781,376.3500061035156,378.8699951171875,370.0,377.0,103505200
2022-11-07,SPY,362.5731506347656,379.95001220703125,380.57000732421875,375.5299987792969,377.7099914550781,68286900
2022-11-08,SPY,364.52935791015625,382.0,385.1199951171875,377.7200012207031,381.1099853515625,84641100
2022-11-09,SPY,357.0192565917969,374.1300048828125,381.1400146484375,373.6099853515625,379.92999267578125,78495500
2022-11-10,SPY,376.6389465332031,394.69000244140625,395.0400085449219,385.6400146484375,388.04998779296875,141455800
2022-11-11,SPY,380.2842712402344,398.510009765625,399.3500061035156,393.6099853515625,395.5899963378906,93839900
2022-11-14,SPY,377.0492858886719,395.1199951171875,400.17999267578125,394.8299865722656,396.6600036621094,71903500
2022-11-15,SPY,380.2651672363281,398.489990234375,402.30999755859375,394.489990234375,401.1499938964844,93194500
2022-11-16,SPY,377.36419677734375,395.45001220703125,397.7799987792969,394.7900085449219,396.7799987792969,68508500
2022-11-17,SPY,376.2095642089844,394.239990234375,394.95001220703125,390.1400146484375,390.4599914550781,74496300
2022-11-18,SPY,377.9176940917969,396.0299987792969,397.80999755859375,393.0400085449219,397.739990234375,92922500
2022-11-21,SPY,376.5435485839844,394.5899963378906,395.82000732421875,392.6600036621094,394.6400146484375,51243200
2022-11-22,SPY,381.6106872558594,399.8999938964844,400.07000732421875,395.1499938964844,396.6300048828125,60429000
2022-11-23,SPY,384.0154724121094,402.4200134277344,402.92999267578125,399.30999755859375,399.54998779296875,68261600
2022-11-25,SPY,383.9295349121094,402.3299865722656,402.9100036621094,401.5400085449219,401.8299865722656,30545400
2022-11-28,SPY,377.80322265625,395.9100036621094,400.80999755859375,395.1099853515625,399.0899963378906,67881600
2022-11-29,SPY,377.1542663574219,395.2300109863281,397.29998779296875,393.29998779296875,396.04998779296875,52310000
2022-11-30,SPY,389.0348815917969,407.67999267578125,407.67999267578125,393.4800109863281,395.489990234375,144566700
2022-12-01,SPY,388.7485656738281,407.3800048828125,410.0,404.75,408.7699890136719,76398200
2022-12-02,SPY,388.3000793457031,406.9100036621094,407.8599853515625,402.1400146484375,402.25,85342700
2022-12-05,SPY,381.3148193359375,399.5899963378906,404.92999267578125,398.1700134277344,403.95001220703125,77289800
2022-12-06,SPY,375.8183288574219,393.8299865722656,399.989990234375,391.6400146484375,399.4200134277344,77972200
2022-12-07,SPY,375.17889404296875,393.1600036621094,395.6400146484375,391.9700012207031,392.94000244140625,65927900
2022-12-08,SPY,378.1180419921875,396.239990234375,397.3599853515625,393.2699890136719,395.1400146484375,60737900
2022-12-09,SPY,375.2934265136719,393.2799987792969,397.6199951171875,393.1499938964844,394.94000244140625,81447700
2022-12-12,SPY,380.7041015625,398.95001220703125,398.95001220703125,393.4100036621094,394.1099853515625,75405800
2022-12-13,SPY,383.5860595703125,401.9700012207031,410.489990234375,399.07000732421875,410.2200012207031,123782500
2022-12-14,SPY,381.1335144042969,399.3999938964844,405.5,396.30999755859375,401.6099853515625,108111300
2022-12-15,SPY,371.8103942871094,389.6300048828125,395.25,387.8900146484375,394.29998779296875,117705900
2022-12-16,SPY,367.4206848144531,383.2699890136719,386.5799865722656,381.0400085449219,385.17999267578125,119858000
2022-12-19,SPY,364.30511474609375,380.0199890136719,383.82000732421875,378.2799987792969,383.4700012207031,79878100
2022-12-20,SPY,364.80364990234375,380.5400085449219,382.2300109863281,377.8500061035156,379.2300109863281,74427200
2022-12-21,SPY,370.2583923339844,386.2300109863281,387.4100036621094,382.69000244140625,383.25,78167400
2022-12-22,SPY,364.9761657714844,380.7200012207031,386.2099914550781,374.7699890136719,383.04998779296875,100120900
2022-12-23,SPY,367.0756530761719,382.9100036621094,383.05999755859375,378.0299987792969,379.6499938964844,59857300
2022-12-27,SPY,365.6280822753906,381.3999938964844,383.1499938964844,379.6499938964844,382.7900085449219,51638200
2022-12-28,SPY,361.0841064453125,376.6600036621094,383.3900146484375,376.4200134277344,381.3299865722656,70911500
2022-12-29,SPY,367.5836486816406,383.44000244140625,384.3500061035156,379.0799865722656,379.6300048828125,66970900
2022-12-30,SPY,366.6154479980469,382.42999267578125,382.5799865722656,378.42999267578125,380.6400146484375,84022200
2023-01-03,SPY,365.07208251953125,380.82000732421875,386.42999267578125,377.8299865722656,384.3699951171875,74850700
2023-01-04,SPY,367.8905029296875,383.760009765625,385.8800048828125,380.0,383.17999267578125,85934100
2023-01-05,SPY,363.69158935546875,379.3800048828125,381.8399963378906,378.760009765625,381.7200012207031,76970500
2023-01-06,SPY,372.0318298339844,388.0799865722656,389.25,379.4100036621094,382.6099853515625,104189600
2023-01-09,SPY,371.8209228515625,387.8599853515625,393.70001220703125,387.6700134277344,390.3699951171875,73978100
2023-01-10,SPY,374.428466796875,390.5799865722656,390.6499938964844,386.2699890136719,387.25,65358100
2023-01-11,SPY,379.1641540527344,395.5199890136719,395.6000061035156,391.3800048828125,392.2300109863281,68881100
2023-01-12,SPY,380.5446472167969,396.9599914550781,398.489990234375,392.4200134277344,396.6700134277344,90157700
2023-01-13,SPY,382.0209655761719,398.5,399.1000061035156,393.3399963378906,393.6199951171875,63903900
2023-01-17,SPY,381.3211364746094,397.7699890136719,400.2300109863281,397.05999755859375,398.4800109863281,62677300
2023-01-18,SPY,375.3008117675781,391.489990234375,400.1199951171875,391.2799987792969,399.010009765625,99632300
2023-01-19,SPY,372.56866455078125,388.6400146484375,391.0799865722656,387.260009765625,389.3599853515625,86958900
2023-01-20,SPY,379.5092468261719,395.8800048828125,396.0400085449219,388.3800048828125,390.1000061035156,91806400
2023-01-23,SPY,384.0628662109375,400.6300048828125,402.6499938964844,395.7200012207031,396.7200012207031,84178800
2023-01-24,SPY,383.6506652832031,400.20001220703125,401.1499938964844,397.6400146484375,398.8800048828125,59524900
2023-01-25,SPY,383.79443359375,400.3500061035156,400.70001220703125,393.55999755859375,395.95001220703125,84800300
2023-01-26,SPY,388.0124816894531,404.75,404.9200134277344,400.0299987792969,403.1300048828125,72287400
2023-01-27,SPY,388.904052734375,405.67999267578125,408.1600036621094,403.44000244140625,403.6600036621094,68346200
2023-01-30,SPY,384.0245056152344,400.5899963378906,405.1300048828125,400.2799987792969,402.79998779296875,74202000
2023-01-31,SPY,389.67095947265625,406.4800109863281,406.5299987792969,400.7699890136719,401.1300048828125,86811800
2023-02-01,SPY,393.81231689453125,410.79998779296875,413.6700134277344,402.3500061035156,405.2099914550781,101459200
2023-02-02,SPY,399.54498291015625,416.7799987792969,418.30999755859375,412.8800048828125,414.8599853515625,101654500
2023-02-03,SPY,395.2981872558594,412.3500061035156,416.9700012207031,411.0899963378906,411.5899963378906,94736800
2023-02-06,SPY,392.88238525390625,409.8299865722656,411.2900085449219,408.1000061035156,409.7900085449219,60295300
2023-02-07,SPY,398.0207824707031,415.19000244140625,416.489990234375,407.57000732421875,408.8699951171875,90990700
2023-02-08,SPY,393.6684875488281,410.6499938964844,414.5299987792969,409.92999267578125,413.1300048828125,76227500
2023-02-09,SPY,390.25567626953125,407.0899963378906,414.57000732421875,405.80999755859375,414.4100036621094,78694900
2023-02-10,SPY,391.1664123535156,408.0400085449219,408.44000244140625,405.010009765625,405.8599853515625,70769700
2023-02-13,SPY,395.75836181640625,412.8299865722656,412.9700012207031,408.239990234375,408.7200012207031,64913500
2023-02-14,SPY,395.5762023925781,412.6400146484375,415.04998779296875,408.510009765625,411.239990234375,88389300
2023-02-15,SPY,396.86083984375,413.9800109863281,414.05999755859375,409.4700012207031,410.3500061035156,61555700
2023-02-16,SPY,391.3965759277344,408.2799987792969,412.9100036621094,408.1400146484375,408.7900085449219,76431500
2023-02-17,SPY,390.418701171875,407.260009765625,407.510009765625,404.04998779296875,406.05999755859375,89257800
2023-02-21,SPY,382.58648681640625,399.0899963378906,404.1600036621094,398.82000732421875,403.05999755859375,82655900
2023-02-22,SPY,382.05926513671875,398.5400085449219,401.1300048828125,397.0199890136719,399.5199890136719,83742300
2023-02-23,SPY,384.091552734375,400.6600036621094,402.20001220703125,396.25,401.55999755859375,96242400
2023-02-24,SPY,379.9886169433594,396.3800048828125,397.25,393.6400146484375,395.4200134277344,108194400
2023-02-27,SPY,381.2828063964844,397.7300109863281,401.2900085449219,396.75,399.8699951171875,80444700
2023-02-28,SPY,379.87359619140625,396.260009765625,399.2799987792969,396.1499938964844,397.2300109863281,96438600
2023-03-01,SPY,378.4163818359375,394.739990234375,396.69000244140625,393.3800048828125,395.4100036621094,99706800
2023-03-02,SPY,381.3595275878906,397.80999755859375,398.69000244140625,392.3299865722656,392.67999267578125,85127800
2023-03-03,SPY,387.47564697265625,404.19000244140625,404.45001220703125,399.0299987792969,399.7099914550781,90120000
2023-03-06,SPY,387.74407958984375,404.4700012207031,407.45001220703125,404.010009765625,405.04998779296875,72795900
2023-03-07,SPY,381.8003845214844,398.2699890136719,404.6700134277344,397.6300048828125,404.4200134277344,108310600
2023-03-08,SPY,382.423583984375,398.9200134277344,399.7099914550781,396.5899963378906,398.3900146484375,74746600
2023-03-09,SPY,375.367919921875,391.55999755859375,401.4800109863281,390.5299987792969,399.739990234375,111945300
2023-03-10,SPY,369.9515686035156,385.9100036621094,393.1600036621094,384.32000732421875,390.989990234375,189253000
2023-03-13,SPY,369.4242858886719,385.3599853515625,390.3900146484375,380.6499938964844,381.80999755859375,157790000
2023-03-14,SPY,375.5308837890625,391.7300109863281,393.45001220703125,387.04998779296875,390.5,149752400
2023-03-15,SPY,373.18218994140625,389.2799987792969,389.489990234375,383.7099914550781,385.8900146484375,172996900
2023-03-16,SPY,379.7297668457031,396.1099853515625,396.4700012207031,386.2900085449219,386.82000732421875,143254200
2023-03-17,SPY,375.2896728515625,389.989990234375,394.3999938964844,388.54998779296875,393.2200012207031,140553400
2023-03-20,SPY,378.89837646484375,393.739990234375,394.1700134277344,390.07000732421875,390.79998779296875,93055800
2023-03-21,SPY,383.8735046386719,398.9100036621094,399.4100036621094,395.5799865722656,397.239990234375,91524200
2023-03-22,SPY,377.32977294921875,392.1099853515625,402.489990234375,392.07000732421875,398.7300109863281,111746600
2023-03-23,SPY,378.349853515625,393.1700134277344,399.2900085449219,390.3500061035156,395.0899963378906,119351300
2023-03-24,SPY,380.8325500488281,395.75,395.8399963378906,389.3999938964844,391.8399963378906,107682400
2023-03-27,SPY,381.5446472167969,396.489990234375,398.9200134277344,395.55999755859375,398.1199951171875,74010400
2023-03-28,SPY,380.68817138671875,395.6000061035156,396.489990234375,393.69000244140625,395.7699890136719,62871700
2023-03-29,SPY,386.22149658203125,401.3500061035156,401.6000061035156,398.67999267578125,399.92999267578125,77497900
2023-03-30,SPY,388.48291015625,403.70001220703125,404.3500061035156,401.760009765625,404.0899963378906,69840000
2023-03-31,SPY,393.95849609375,409.3900146484375,409.70001220703125,404.54998779296875,404.6600036621094,112062600
2023-04-03,SPY,395.459716796875,410.95001220703125,411.3699951171875,408.44000244140625,408.8500061035156,67391100
2023-04-04,SPY,393.26556396484375,408.6700134277344,411.9200134277344,407.239990234375,411.6199951171875,66601500
2023-04-05,SPY,392.23590087890625,407.6000061035156,408.70001220703125,405.8800048828125,407.9100036621094,65200200
2023-04-06,SPY,393.7659606933594,409.19000244140625,409.4800109863281,405.67999267578125,406.7699890136719,63743300
2023-04-10,SPY,394.1701354980469,409.6099853515625,409.69000244140625,405.9700012207031,406.6099853515625,63681000
2023-04-11,SPY,394.2759704589844,409.7200012207031,411.17999267578125,408.9200134277344,410.260009765625,59297900
2023-04-12,SPY,392.6689147949219,408.04998779296875,412.1700134277344,407.44000244140625,411.8699951171875,86420400
2023-04-13,SPY,397.8846130371094,413.4700012207031,413.8399963378906,407.989990234375,409.17999267578125,85814800
2023-04-14,SPY,396.9126892089844,412.4599914550781,415.0899963378906,410.05999755859375,412.80999755859375,78161500
2023-04-17,SPY,398.3369140625,413.94000244140625,413.9599914550781,411.0899963378906,412.3699951171875,66436400
2023-04-18,SPY,398.59674072265625,414.2099914550781,415.7200012207031,412.7799987792969,415.5799865722656,63560000
2023-04-19,SPY,398.5293884277344,414.1400146484375,415.0799865722656,412.1600036621094,412.2200012207031,55227300
2023-04-20,SPY,396.3545837402344,411.8800048828125,413.70001220703125,410.2699890136719,411.2099914550781,75840400
2023-04-21,SPY,396.6625061035156,412.20001220703125,412.67999267578125,410.1700134277344,412.19000244140625,73457400
2023-04-24,SPY,397.0763244628906,412.6300048828125,413.07000732421875,410.6000061035156,411.989990234375,64332100
2023-04-25,SPY,390.77313232421875,406.0799865722656,411.1600036621094,406.0199890136719,410.5799865722656,97766700
2023-04-26,SPY,389.11798095703125,404.3599853515625,407.8399963378906,403.7799987792969,406.7200012207031,80447000
2023-04-27,SPY,396.8645935058594,412.4100036621094,412.69000244140625,406.739990234375,407.0,92968400
2023-04-28,SPY,400.2519226074219,415.92999267578125,415.94000244140625,411.42999267578125,411.489990234375,89433100
2023-05-01,SPY,399.8477478027344,415.510009765625,417.6199951171875,415.2699890136719,415.4700012207031,62122300
2023-05-02,SPY,395.353759765625,410.8399963378906,414.82000732421875,407.82000732421875,414.7699890136719,103998500
2023-05-03,SPY,392.6400146484375,408.0199890136719,413.8699951171875,407.7699890136719,411.3599853515625,91531800
2023-05-04,SPY,389.8590393066406,405.1300048828125,407.2699890136719,403.739990234375,406.92999267578125,94901900
2023-05-05,SPY,397.0763244628906,412.6300048828125,413.7200012207031,408.6400146484375,408.9100036621094,87891800
2023-05-08,SPY,397.1821594238281,412.739990234375,413.239990234375,411.2799987792969,412.9700012207031,50046800
2023-05-09,SPY,395.44036865234375,410.92999267578125,412.0899963378906,410.69000244140625,411.1300048828125,49220100
2023-05-10,SPY,397.28802490234375,412.8500061035156,414.5400085449219,408.8699951171875,413.8800048828125,96142900
2023-05-11,SPY,396.5951232910156,412.1300048828125,412.42999267578125,409.9700012207031,411.95001220703125,70157100
2023-05-12,SPY,396.07550048828125,411.5899963378906,413.6400146484375,409.07000732421875,413.4200134277344,70481500
2023-05-15,SPY,397.4419860839844,413.010009765625,413.42999267578125,410.2300109863281,412.2200012207031,54289400
2023-05-16,SPY,394.78607177734375,410.25,412.82000732421875,410.239990234375,411.8599853515625,57705500
2023-05-17,SPY,399.5782775878906,415.2300109863281,415.8599853515625,410.6400146484375,412.3500061035156,87287000
2023-05-18,SPY,403.4275207519531,419.2300109863281,419.6700134277344,414.6700134277344,414.8999938964844,97177200
2023-05-19,SPY,402.8404846191406,418.6199951171875,420.7200012207031,417.3500061035156,420.1700134277344,103793300
2023-05-22,SPY,403.0041198730469,418.7900085449219,420.3900146484375,417.3500061035156,418.6400146484375,60745400
2023-05-23,SPY,398.4812316894531,414.0899963378906,418.7200012207031,413.67999267578125,417.0799865722656,86383500
2023-05-24,SPY,395.5943298339844,411.0899963378906,412.82000732421875,409.8800048828125,412.4200134277344,89213700
2023-05-25,SPY,399.0201721191406,414.6499938964844,416.1600036621094,412.4100036621094,414.739990234375,90961600
2023-05-26,SPY,404.1877136230469,420.0199890136719,420.7699890136719,415.25,415.3299865722656,93830000
2023-05-30,SPY,404.3417053222656,420.17999267578125,422.5799865722656,418.739990234375,422.0299987792969,72216000
2023-05-31,SPY,402.0995788574219,417.8500061035156,419.2200012207031,416.2200012207031,418.2799987792969,110811800
2023-06-01,SPY,405.9198913574219,421.82000732421875,422.9200134277344,416.7900085449219,418.0899963378906,88865000
2023-06-02,SPY,411.7900390625,427.9200134277344,428.739990234375,423.95001220703125,424.5,91426200
2023-06-05,SPY,411.00091552734375,427.1000061035156,429.6199951171875,426.3699951171875,428.2799987792969,65460200
2023-06-06,SPY,411.8957824707031,428.0299987792969,428.5799865722656,425.989990234375,426.6700134277344,64022200
2023-06-07,SPY,410.4715576171875,426.54998779296875,429.6199951171875,426.1099853515625,428.44000244140625,85373300
2023-06-08,SPY,412.954345703125,429.1300048828125,429.6000061035156,425.82000732421875,426.6199951171875,61952800
2023-06-09,SPY,413.6953125,429.8999938964844,431.989990234375,428.8699951171875,429.9599914550781,85742800
2023-06-12,SPY,417.4483337402344,433.79998779296875,433.8800048828125,430.1700134277344,430.9200134277344,76104300
2023-06-13,SPY,420.2005310058594,436.6600036621094,437.3299865722656,434.6300048828125,435.32000732421875,95899700
2023-06-14,SPY,420.700927734375,437.17999267578125,439.05999755859375,433.5899963378906,437.010009765625,100612100
2023-06-15,SPY,425.9165954589844,442.6000061035156,443.8999938964844,436.2300109863281,436.3299865722656,110303100
2023-06-16,SPY,424.4659118652344,439.4599914550781,443.6099853515625,438.9700012207031,443.0199890136719,114165800
2023-06-20,SPY,422.26361083984375,437.17999267578125,438.3699951171875,435.0299987792969,437.45001220703125,76160400
2023-06-21,SPY,420.1000671386719,434.94000244140625,436.989990234375,434.3299865722656,436.1600036621094,76982300
2023-06-22,SPY,421.6165466308594,436.510009765625,436.6199951171875,433.6000061035156,433.95001220703125,70637200
2023-06-23,SPY,418.42913818359375,433.2099914550781,435.05999755859375,432.4700012207031,432.92999267578125,92074500
2023-06-26,SPY,416.71954345703125,431.44000244140625,434.6099853515625,431.19000244140625,432.6199951171875,72823600
2023-06-27,SPY,421.2881164550781,436.1700134277344,436.80999755859375,431.8800048828125,432.3500061035156,72813700
2023-06-28,SPY,421.5006408691406,436.3900146484375,437.44000244140625,434.4100036621094,435.04998779296875,75636000
2023-06-29,SPY,423.16192626953125,438.1099853515625,438.2799987792969,435.5400085449219,435.9599914550781,67882300
2023-06-30,SPY,428.1554870605469,443.2799987792969,444.29998779296875,441.1099853515625,441.44000244140625,104964000
2023-07-03,SPY,428.64813232421875,443.7900085449219,444.0799865722656,442.6300048828125,442.9200134277344,32793400
2023-07-05,SPY,428.0106506347656,443.1300048828125,443.8900146484375,441.8999938964844,441.9100036621094,58418400
2023-07-06,SPY,424.6590270996094,439.6600036621094,440.1000061035156,437.05999755859375,439.4200134277344,80658300
2023-07-07,SPY,423.5869140625,438.54998779296875,442.6400146484375,438.29998779296875,438.6300048828125,86134200
2023-07-10,SPY,424.6590270996094,439.6600036621094,439.8399963378906,437.5899963378906,438.17999267578125,62443500
2023-07-11,SPY,427.363525390625,442.4599914550781,442.9700012207031,439.44000244140625,440.45001220703125,64463800
2023-07-12,SPY,430.80206298828125,446.0199890136719,447.4800109863281,444.9100036621094,446.3900146484375,91924500
2023-07-13,SPY,434.22125244140625,449.55999755859375,450.3800048828125,447.45001220703125,447.8999938964844,72425200
2023-07-14,SPY,433.9508361816406,449.2799987792969,451.3599853515625,448.489990234375,450.4800109863281,69815800
2023-07-17,SPY,435.45751953125,450.8399963378906,451.92999267578125,449.0799865722656,449.1300048828125,52680200
2023-07-18,SPY,438.69329833984375,454.19000244140625,454.8599853515625,450.04998779296875,450.5,80668200
2023-07-19,SPY,439.6688537597656,455.20001220703125,456.42999267578125,454.1099853515625,455.010009765625,65891700
2023-07-20,SPY,436.7518615722656,452.17999267578125,455.1000061035156,451.44000244140625,454.1700134277344,70591600
2023-07-21,SPY,436.7518615722656,452.17999267578125,454.1700134277344,452.1700134277344,453.9599914550781,71275600
2023-07-24,SPY,438.7029113769531,454.20001220703125,455.0400085449219,452.29998779296875,453.3699951171875,54023400
2023-07-25,SPY,439.900634765625,455.44000244140625,456.739990234375,453.8699951171875,453.9200134277344,55191200
2023-07-26,SPY,439.96826171875,455.510009765625,456.989990234375,453.3800048828125,454.4700012207031,71052900
2023-07-27,SPY,437.05126953125,452.489990234375,459.44000244140625,451.54998779296875,459.0199890136719,92194400
2023-07-28,SPY,441.33013916015625,456.9200134277344,457.7799987792969,452.489990234375,455.8800048828125,80011800
2023-07-31,SPY,442.1704406738281,457.7900085449219,458.1600036621094,456.04998779296875,457.4100036621094,62040400
2023-08-01,SPY,440.9051513671875,456.4800109863281,457.25,455.489990234375,456.2699890136719,55291500
2023-08-02,SPY,434.7718200683594,450.1300048828125,453.5199890136719,449.3500061035156,453.25,93933400
2023-08-03,SPY,433.52581787109375,448.8399963378906,450.7900085449219,447.3699951171875,448.0400085449219,64276100
2023-08-04,SPY,431.5650939941406,446.80999755859375,452.8999938964844,446.2699890136719,450.7200012207031,100128900
2023-08-07,SPY,435.33203125,450.7099914550781,450.8699951171875,447.989990234375,448.7099914550781,58357500
2023-08-08,SPY,433.4388732910156,448.75,450.70001220703125,445.2699890136719,448.0799865722656,71361300
2023-08-09,SPY,430.541259765625,445.75,449.20001220703125,444.9599914550781,449.0299987792969,78789600
2023-08-10,SPY,430.69580078125,445.9100036621094,451.70001220703125,444.70001220703125,448.19000244140625,93005500
2023-08-11,SPY,430.44464111328125,445.6499938964844,446.70001220703125,443.3500061035156,443.9700012207031,68690900
2023-08-14,SPY,432.8207092285156,448.1099853515625,448.1099853515625,444.3800048828125,444.70001220703125,47867400
2023-08-15,SPY,427.77880859375,442.8900146484375,446.6400146484375,442.29998779296875,446.2699890136719,75707500
2023-08-16,SPY,424.6397399902344,439.6400146484375,444.17999267578125,439.5299987792969,442.4599914550781,80107200
2023-08-17,SPY,421.4040832519531,436.2900085449219,441.42999267578125,435.75,441.1600036621094,95711300
2023-08-18,SPY,421.60687255859375,436.5,437.57000732421875,433.010009765625,433.3699951171875,98852000
2023-08-21,SPY,424.3499755859375,439.3399963378906,440.1099853515625,435.32000732421875,437.54998779296875,68719000
2023-08-22,SPY,423.2005920410156,438.1499938964844,441.17999267578125,437.57000732421875,441.17999267578125,64994200
2023-08-23,SPY,427.9140319824219,443.0299987792969,443.6700134277344,439.1000061035156,439.25,68441000
2023-08-24,SPY,421.98358154296875,436.8900146484375,445.2200012207031,436.8599853515625,444.69000244140625,88517300
2023-08-25,SPY,424.9584655761719,439.9700012207031,441.29998779296875,435.0,438.67999267578125,102325100
2023-08-28,SPY,427.6532287597656,442.760009765625,443.3999938964844,439.9700012207031,442.239990234375,61595400
2023-08-29,SPY,433.8348693847656,449.1600036621094,449.45001220703125,442.4599914550781,442.6499938964844,83081900
2023-08-30,SPY,435.621826171875,451.010009765625,451.6700134277344,448.7799987792969,449.510009765625,69053900
2023-08-31,SPY,434.9842529296875,450.3500061035156,452.8299865722656,450.1600036621094,451.6499938964844,66084600
2023-09-01,SPY,435.7956237792969,451.19000244140625,453.6700134277344,449.67999267578125,453.1700134277344,58944100
2023-09-05,SPY,433.91217041015625,449.239990234375,451.05999755859375,449.1700134277344,450.7300109863281,55166200
2023-09-06,SPY,430.9952392578125,446.2200012207031,448.510009765625,443.80999755859375,448.3999938964844,70758500
2023-09-07,SPY,429.6719665527344,444.8500061035156,445.54998779296875,442.75,443.1099853515625,70355400
2023-09-08,SPY,430.31903076171875,445.5199890136719,447.1099853515625,444.5299987792969,444.8999938964844,61659700
2023-09-11,SPY,433.14910888671875,448.45001220703125,448.7699890136719,446.4700012207031,448.239990234375,60180100
2023-09-12,SPY,430.7730407714844,445.989990234375,448.5299987792969,445.3900146484375,446.95001220703125,67565400
2023-09-13,SPY,431.2753601074219,446.510009765625,447.7099914550781,445.0799865722656,446.2200012207031,60199300
2023-09-14,SPY,434.993896484375,450.3599853515625,451.0799865722656,447.7200012207031,449.07000732421875,83430800
2023-09-15,SPY,429.75299072265625,443.3699951171875,447.4800109863281,442.9200134277344,447.1400146484375,111848900
2023-09-18,SPY,430.0050354003906,443.6300048828125,444.9700012207031,442.55999755859375,443.04998779296875,55752200
2023-09-19,SPY,429.1132507324219,442.7099914550781,443.2900085449219,439.94000244140625,442.67999267578125,66514600
2023-09-20,SPY,425.16827392578125,438.6400146484375,444.44000244140625,438.42999267578125,444.010009765625,82562600
2023-09-21,SPY,418.1409912109375,431.3900146484375,435.9700012207031,431.2300109863281,435.70001220703125,104095800
2023-09-22,SPY,417.2007751464844,430.4200134277344,434.1000061035156,429.989990234375,432.45001220703125,100829700
2023-09-25,SPY,418.9551696777344,432.2300109863281,432.2699890136719,428.7200012207031,429.1700134277344,70874500
2023-09-26,SPY,412.8001708984375,425.8800048828125,429.82000732421875,425.0199890136719,429.0899963378906,96168400
2023-09-27,SPY,412.9649353027344,426.04998779296875,427.6700134277344,422.2900085449219,427.0899963378906,104705800
2023-09-28,SPY,415.35906982421875,428.5199890136719,430.25,424.8699951171875,425.4800109863281,92258300
2023-09-29,SPY,414.3510437011719,427.4800109863281,431.8500061035156,425.9100036621094,431.6700134277344,115111300
2023-10-02,SPY,414.1861877441406,427.30999755859375,428.6000061035156,424.4599914550781,426.6199951171875,83798600
2023-10-03,SPY,408.6419372558594,421.5899963378906,427.3699951171875,420.17999267578125,425.05999755859375,103760600
2023-10-04,SPY,411.6176452636719,424.6600036621094,425.42999267578125,420.55999755859375,422.07000732421875,87453000
2023-10-05,SPY,411.4625244140625,424.5,425.3699951171875,421.1700134277344,424.3599853515625,70142700
2023-10-06,SPY,416.3478088378906,429.5400085449219,431.1300048828125,420.6000061035156,421.9700012207031,113273300
2023-10-09,SPY,419.0133361816406,432.2900085449219,432.8800048828125,427.010009765625,427.5799865722656,80374400
2023-10-10,SPY,421.1941833496094,434.5400085449219,437.2200012207031,432.5299987792969,432.94000244140625,78607300
2023-10-11,SPY,422.9195251464844,436.32000732421875,436.5799865722656,433.17999267578125,435.6400146484375,62451700
2023-10-12,SPY,420.3412170410156,433.6600036621094,437.3399963378906,431.2300109863281,436.95001220703125,81154200
2023-10-13,SPY,418.2475891113281,431.5,436.45001220703125,429.8800048828125,435.2099914550781,95143100
2023-10-16,SPY,422.6481018066406,436.0400085449219,437.1400146484375,433.57000732421875,433.82000732421875,75433200
2023-10-17,SPY,422.6286926269531,436.0199890136719,438.1400146484375,432.45001220703125,432.80999755859375,75324700
2023-10-18,SPY,416.9972229003906,430.2099914550781,435.17999267578125,429.0899963378906,434.19000244140625,93559800
2023-10-19,SPY,413.3332824707031,426.42999267578125,432.82000732421875,425.7300109863281,430.95001220703125,121323000
2023-10-20,SPY,408.2542419433594,421.19000244140625,426.5400085449219,421.0799865722656,425.9800109863281,123919900
2023-10-23,SPY,407.5466003417969,420.4599914550781,424.45001220703125,417.79998779296875,419.6099853515625,92035100
2023-10-24,SPY,410.61932373046875,423.6300048828125,424.82000732421875,420.739990234375,422.6499938964844,78564200
2023-10-25,SPY,404.7259826660156,417.54998779296875,421.9200134277344,417.0199890136719,421.8900146484375,94223200
2023-10-26,SPY,399.8795471191406,412.54998779296875,417.3299865722656,411.6000061035156,416.45001220703125,115156800
2023-10-27,SPY,398.0669860839844,410.67999267578125,414.6000061035156,409.2099914550781,414.19000244140625,107367700
2023-10-30,SPY,402.826171875,415.5899963378906,416.67999267578125,412.2200012207031,413.55999755859375,86562700
2023-10-31,SPY,405.3560791015625,418.20001220703125,418.5299987792969,414.2099914550781,416.17999267578125,79665200
2023-11-01,SPY,409.6790771484375,422.6600036621094,423.5,418.6499938964844,419.20001220703125,98068100
2023-11-02,SPY,417.5303039550781,430.760009765625,430.9200134277344,426.55999755859375,426.5799865722656,94938900
2023-11-03,SPY,421.339599609375,434.69000244140625,436.2900085449219,433.010009765625,433.1400146484375,100167800
2023-11-06,SPY,422.3088684082031,435.69000244140625,436.1499938964844,433.67999267578125,435.4700012207031,67831700
2023-11-07,SPY,423.5108337402344,436.92999267578125,437.5899963378906,434.510009765625,435.69000244140625,64256100
2023-11-08,SPY,423.8209533691406,437.25,438.0899963378906,434.8699951171875,437.54998779296875,61746000
2023-11-09,SPY,420.5157165527344,433.8399963378906,438.4700012207031,433.3999938964844,438.42999267578125,83174400
2023-11-10,SPY,427.0777587890625,440.6099853515625,440.92999267578125,433.8299865722656,435.9800109863281,89462200
2023-11-13,SPY,426.67071533203125,440.19000244140625,441.3299865722656,438.4200134277344,439.2300109863281,52236100
2023-11-14,SPY,434.9483947753906,448.7300109863281,450.05999755859375,446.0899963378906,446.32000732421875,97176900
2023-11-15,SPY,435.8692626953125,449.67999267578125,451.3800048828125,448.79998779296875,450.1099853515625,77327600
2023-11-16,SPY,436.40234375,450.2300109863281,450.55999755859375,448.1199951171875,449.2200012207031,66665800
2023-11-17,SPY,436.9450988769531,450.7900085449219,451.4200134277344,449.2900085449219,450.239990234375,83133200
2023-11-20,SPY,440.3085632324219,454.260009765625,455.1300048828125,450.5199890136719,450.5299987792969,69936200
2023-11-21,SPY,439.3489685058594,453.2699890136719,454.1300048828125,451.9599914550781,453.17999267578125,49244600
2023-11-22,SPY,441.045166015625,455.0199890136719,456.3800048828125,453.8900146484375,454.9800109863281,59394900
2023-11-24,SPY,441.3166198730469,455.29998779296875,455.5,454.7300109863281,455.07000732421875,29737400
2023-11-27,SPY,440.52178955078125,454.4800109863281,455.489990234375,454.0799865722656,454.6499938964844,50506000
2023-11-28,SPY,440.9579772949219,454.92999267578125,456.2699890136719,453.5,454.0799865722656,62115000
2023-11-29,SPY,440.6477966308594,454.6099853515625,458.32000732421875,454.20001220703125,457.1499938964844,63146000
2023-11-30,SPY,442.38287353515625,456.3999938964844,456.760009765625,453.3399963378906,455.4800109863281,79752700
2023-12-01,SPY,444.99993896484375,459.1000061035156,459.6499938964844,455.1600036621094,455.7699890136719,89183400
2023-12-04,SPY,442.6639099121094,456.69000244140625,459.1199951171875,454.3399963378906,455.6000061035156,72430900
2023-12-05,SPY,442.5766906738281,456.6000061035156,457.5899963378906,454.8699951171875,455.260009765625,69793500
2023-12-06,SPY,440.793212890625,454.760009765625,458.8399963378906,454.30999755859375,458.80999755859375,69124700
2023-12-07,SPY,444.1565856933594,458.2300109863281,458.8999938964844,456.2900085449219,456.9100036621094,66995400
2023-12-08,SPY,446.066162109375,460.20001220703125,460.75,457.2099914550781,457.4599914550781,83194400
2023-12-11,SPY,447.8011169433594,461.989990234375,462.1700134277344,459.4700012207031,459.69000244140625,65002200
2023-12-12,SPY,449.84637451171875,464.1000061035156,464.20001220703125,460.6000061035156,461.6300048828125,68327600
2023-12-13,SPY,456.0498352050781,470.5,470.760009765625,464.1199951171875,464.489990234375,93278000
2023-12-14,SPY,457.513427734375,472.010009765625,473.7300109863281,469.25,472.5,119026000
2023-12-15,SPY,456.7601013183594,469.3299865722656,470.70001220703125,467.42999267578125,469.489990234375,141553700
2023-12-18,SPY,459.3294372558594,471.9700012207031,472.9800109863281,469.8900146484375,470.9800109863281,70375300
2023-12-19,SPY,462.12255859375,474.8399963378906,474.9200134277344,472.45001220703125,472.5299987792969,55761800
2023-12-20,SPY,455.71881103515625,468.260009765625,475.8999938964844,467.82000732421875,473.9599914550781,102921000
2023-12-21,SPY,460.03985595703125,472.70001220703125,472.9800109863281,468.8399963378906,471.3299865722656,86667500
2023-12-22,SPY,460.9644470214844,473.6499938964844,475.3800048828125,471.70001220703125,473.8599853515625,67160400
2023-12-26,SPY,462.9108581542969,475.6499938964844,476.5799865722656,473.989990234375,474.07000732421875,55387000
2023-12-27,SPY,463.7478332519531,476.510009765625,476.6600036621094,474.8900146484375,475.44000244140625,68000300
2023-12-28,SPY,463.9230041503906,476.69000244140625,477.54998779296875,476.260009765625,476.8800048828125,77158100
2023-12-29,SPY,462.5799560546875,475.30999755859375,477.0299987792969,473.29998779296875,476.489990234375,122283100
2024-01-02,SPY,459.9912109375,472.6499938964844,473.6700134277344,470.489990234375,472.1600036621094,123623700
2024-01-03,SPY,456.234619140625,468.7900085449219,471.19000244140625,468.1700134277344,470.42999267578125,103585900
2024-01-04,SPY,454.7649841308594,467.2799987792969,470.9599914550781,467.04998779296875,468.29998779296875,84232200
2024-01-05,SPY,455.387939453125,467.9200134277344,470.44000244140625,466.42999267578125,467.489990234375,86118900
2024-01-08,SPY,461.88897705078125,474.6000061035156,474.75,468.29998779296875,468.42999267578125,74879100
2024-01-09,SPY,461.18829345703125,473.8800048828125,474.92999267578125,471.3500061035156,471.8699951171875,65931400
2024-01-10,SPY,463.7964782714844,476.55999755859375,477.45001220703125,473.8699951171875,474.1600036621094,67310600
2024-01-11,SPY,463.5921325683594,476.3500061035156,478.1199951171875,472.260009765625,477.5899963378906,77940700
2024-01-12,SPY,463.91326904296875,476.67999267578125,478.6000061035156,475.2300109863281,477.8399963378906,58026400
2024-01-16,SPY,462.21014404296875,474.92999267578125,476.6099853515625,473.05999755859375,475.260009765625,85014900
2024-01-17,SPY,459.6408996582031,472.2900085449219,472.7900085449219,469.8699951171875,471.82000732421875,68843900
2024-01-18,SPY,463.72833251953125,476.489990234375,477.05999755859375,472.4200134277344,474.010009765625,91856200
2024-01-19,SPY,469.5093078613281,482.42999267578125,482.7200012207031,476.5400085449219,477.6499938964844,110834500
2024-01-22,SPY,470.5019836425781,483.45001220703125,485.2200012207031,482.7799987792969,484.010009765625,75844900
2024-01-23,SPY,471.87420654296875,484.8599853515625,485.1099853515625,482.8900146484375,484.010009765625,49945300
2024-01-24,SPY,472.3900451660156,485.3900146484375,488.7699890136719,484.8800048828125,487.80999755859375,81765000
2024-01-25,SPY,474.9593200683594,488.0299987792969,488.30999755859375,485.3900146484375,487.5799865722656,72525000
2024-01-26,SPY,474.35589599609375,487.4100036621094,489.1199951171875,486.5400085449219,487.5899963378906,76641600
2024-01-29,SPY,478.1125183105469,491.2699890136719,491.4200134277344,487.1700134277344,487.7300109863281,61322800
2024-01-30,SPY,477.7427062988281,490.8900146484375,491.6199951171875,490.1099853515625,490.55999755859375,58618400
2024-01-31,SPY,469.947265625,482.8800048828125,489.0799865722656,482.8599853515625,488.6199951171875,126011100
2024-02-01,SPY,476.09796142578125,489.20001220703125,489.2300109863281,483.79998779296875,484.6300048828125,91891600
2024-02-02,SPY,481.1100158691406,494.3500061035156,496.04998779296875,489.29998779296875,489.6499938964844,99228200
2024-02-05,SPY,479.35821533203125,492.54998779296875,494.3800048828125,490.2300109863281,493.70001220703125,75757100
2024-02-06,SPY,480.74993896484375,493.9800109863281,494.32000732421875,492.04998779296875,493.5199890136719,55918600
2024-02-07,SPY,484.7596435546875,498.1000061035156,498.5299987792969,495.3599853515625,496.2900085449219,70556500
2024-02-08,SPY,484.97369384765625,498.32000732421875,498.7099914550781,497.260009765625,498.1000061035156,52343600
2024-02-09,SPY,487.776611328125,501.20001220703125,501.6499938964844,498.489990234375,498.8399963378906,63979400
2024-02-12,SPY,487.5624694824219,500.9800109863281,503.5,500.239990234375,501.1700134277344,56502300
2024-02-13,SPY,480.8472595214844,494.0799865722656,497.0899963378906,490.7200012207031,494.5299987792969,113099200
2024-02-14,SPY,485.217041015625,498.57000732421875,499.07000732421875,494.3999938964844,496.7900085449219,68387800
2024-02-15,SPY,488.56488037109375,502.010009765625,502.20001220703125,498.79998779296875,499.2900085449219,61683000
2024-02-16,SPY,486.1318664550781,499.510009765625,502.8699951171875,498.75,501.70001220703125,75532900
2024-02-20,SPY,483.45550537109375,496.760009765625,498.4100036621094,494.45001220703125,497.7200012207031,71736700
2024-02-21,SPY,483.8934631347656,497.2099914550781,497.3699951171875,493.55999755859375,495.4200134277344,59293400
2024-02-22,SPY,493.9078369140625,507.5,508.489990234375,503.0199890136719,504.010009765625,76402500
2024-02-23,SPY,494.2484436035156,507.8500061035156,510.1300048828125,507.1000061035156,509.2699890136719,61321800
2024-02-26,SPY,492.4382629394531,505.989990234375,508.75,505.8599853515625,508.29998779296875,50386700
2024-02-27,SPY,493.35308837890625,506.92999267578125,507.1600036621094,504.75,506.70001220703125,48854500
2024-02-28,SPY,492.7010192871094,506.260009765625,506.8599853515625,504.9599914550781,505.3299865722656,56506600
2024-02-29,SPY,494.4723205566406,508.0799865722656,509.739990234375,505.3500061035156,508.07000732421875,83924800
2024-03-01,SPY,499.11456298828125,512.8499755859375,513.2899780273438,508.55999755859375,508.9800109863281,76844800
2024-03-04,SPY,498.5793151855469,512.2999877929688,514.2000122070312,512.0,512.030029296875,49799300
2024-03-05,SPY,493.596435546875,507.17999267578125,510.70001220703125,504.9100036621094,510.239990234375,72855600
2024-03-06,SPY,496.0976257324219,509.75,512.0700073242188,508.4200134277344,510.54998779296875,68382400
2024-03-07,SPY,501.02203369140625,514.8099975585938,515.8900146484375,509.80999755859375,513.1400146484375,58652100
2024-03-08,SPY,498.01483154296875,511.7200012207031,518.219970703125,511.1300048828125,515.4600219726562,86532500
2024-03-11,SPY,497.5865783691406,511.2799987792969,511.8800048828125,508.5,510.4800109863281,62557200
2024-03-12,SPY,502.93939208984375,516.780029296875,517.3800048828125,510.8599853515625,513.4500122070312,73114400
2024-03-13,SPY,502.1510009765625,515.969970703125,517.2899780273438,514.489990234375,517.1099853515625,55104100
2024-03-14,SPY,501.1583251953125,514.9500122070312,517.1300048828125,511.82000732421875,516.969970703125,110171800
2024-03-15,SPY,497.7170715332031,509.8299865722656,511.70001220703125,508.1199951171875,510.2099914550781,107646300
2024-03-18,SPY,500.6750793457031,512.8599853515625,515.47998046875,512.4400024414062,514.0,88893300
2024-03-19,SPY,503.4573669433594,515.7100219726562,516.0,511.1199951171875,512.1500244140625,60755300
2024-03-20,SPY,508.1140441894531,520.47998046875,520.6199951171875,515.0800170898438,515.77001953125,69594600
2024-03-21,SPY,509.79327392578125,522.2000122070312,524.1099853515625,521.9099731445312,523.3900146484375,60256100
2024-03-22,SPY,508.8267517089844,521.2100219726562,522.6099853515625,520.969970703125,522.1099853515625,79070800
2024-03-25,SPY,507.4209289550781,519.77001953125,520.9500122070312,519.6099853515625,519.7999877929688,48512100
2024-03-26,SPY,506.4836730957031,518.8099975585938,521.5800170898438,518.4000244140625,521.22998046875,65463700
2024-03-27,SPY,510.74017333984375,523.1699829101562,523.2100219726562,519.489990234375,521.7100219726562,82999800
2024-03-28,SPY,510.6424865722656,523.0700073242188,524.6099853515625,522.780029296875,523.2100219726562,96294900
2024-04-01,SPY,509.7541809082031,522.1599731445312,524.3800048828125,520.969970703125,523.8300170898438,62477500
2024-04-02,SPY,506.5130920410156,518.8400268554688,518.97998046875,516.47998046875,518.239990234375,74230300
2024-04-03,SPY,507.0694274902344,519.4099731445312,520.9500122070312,517.6699829101562,517.719970703125,59155800
2024-04-04,SPY,500.880126953125,513.0700073242188,523.8699951171875,512.760009765625,523.52001953125,96858100
2024-04-05,SPY,506.1127014160156,518.4299926757812,520.4400024414062,514.010009765625,514.4600219726562,74546500
2024-04-08,SPY,506.39581298828125,518.719970703125,520.1799926757812,517.8900146484375,519.1500244140625,48401800
2024-04-09,SPY,506.9815979003906,519.3200073242188,520.75,514.3499755859375,520.5,68049200
2024-04-10,SPY,501.9051513671875,514.1199951171875,516.1599731445312,512.0900268554688,513.47998046875,82652800
2024-04-11,SPY,505.6929626464844,518.0,519.47998046875,512.0800170898438,515.6799926757812,70099000
2024-04-12,SPY,498.7128601074219,510.8500061035156,515.8200073242188,509.0799865722656,514.3699951171875,92561100
2024-04-15,SPY,492.4649353027344,504.45001220703125,515.2999877929688,503.5799865722656,515.1300048828125,92101400
2024-04-16,SPY,491.5667724609375,503.5299987792969,506.5,502.2099914550781,504.94000244140625,73484000
2024-04-17,SPY,488.65753173828125,500.54998779296875,506.2200012207031,499.1199951171875,506.04998779296875,75910300
2024-04-18,SPY,487.6520080566406,499.5199890136719,504.1300048828125,498.55999755859375,501.9800109863281,74548100
2024-04-19,SPY,483.3956298828125,495.1600036621094,500.4599914550781,493.8599853515625,499.44000244140625,102212600
2024-04-22,SPY,487.8473205566406,499.7200012207031,502.3800048828125,495.42999267578125,497.8299865722656,67961000
2024-04-23,SPY,493.63641357421875,505.6499938964844,506.0899963378906,499.5299987792969,501.7799987792969,64633600
2024-04-24,SPY,493.4020690917969,505.4100036621094,507.3699951171875,503.1300048828125,506.55999755859375,55928100
2024-04-25,SPY,491.5276794433594,503.489990234375,504.2699890136719,497.489990234375,499.17999267578125,69122400
2024-04-26,SPY,496.18438720703125,508.260009765625,509.8800048828125,505.70001220703125,506.3500061035156,64306100
2024-04-29,SPY,497.9416198730469,510.05999755859375,510.75,507.25,510.0899963378906,46415400
2024-04-30,SPY,490.0536193847656,501.9800109863281,509.55999755859375,501.9800109863281,508.55999755859375,77483600
2024-05-01,SPY,488.46234130859375,500.3500061035156,508.19000244140625,499.8699951171875,501.3800048828125,80242800
2024-05-02,SPY,493.0311279296875,505.0299987792969,505.8900146484375,499.54998779296875,504.1499938964844,62550200
2024-05-03,SPY,499.1423645019531,511.2900085449219,512.5499877929688,508.55999755859375,511.1600036621094,72756700
2024-05-06,SPY,504.2969665527344,516.5700073242188,516.6099853515625,513.2999877929688,513.75,47264700
2024-05-07,SPY,504.85345458984375,517.1400146484375,518.5700073242188,516.4500122070312,517.5599975585938,52561300
2024-05-08,SPY,504.9021911621094,517.1900024414062,517.739990234375,515.1400146484375,515.260009765625,42047200
2024-05-09,SPY,507.8114318847656,520.1699829101562,520.2100219726562,516.7100219726562,517.3800048828125,43643700
2024-05-10,SPY,508.46551513671875,520.8400268554688,522.6400146484375,519.5900268554688,521.8099975585938,52233200
2024-05-13,SPY,508.5338134765625,520.9099731445312,522.6699829101562,519.739990234375,522.5599975585938,36716400
2024-05-14,SPY,510.86712646484375,523.2999877929688,523.8300170898438,520.5599975585938,521.1099853515625,57535900
2024-05-15,SPY,517.193115234375,529.780029296875,530.0800170898438,525.1799926757812,525.8300170898438,59504900
2024-05-16,SPY,516.12890625,528.6900024414062,531.52001953125,528.5399780273438,529.8800048828125,50244800
2024-05-17,SPY,516.8709716796875,529.4500122070312,529.52001953125,527.3200073242188,528.8099975585938,59187600
2024-05-20,SPY,517.4663696289062,530.0599975585938,531.5599975585938,529.1699829101562,529.5700073242188,37764200
2024-05-21,SPY,518.735595703125,531.3599853515625,531.52001953125,529.0700073242188,529.280029296875,33437000
2024-05-22,SPY,517.2418823242188,529.8300170898438,531.3800048828125,527.5999755859375,530.6500244140625,48390000
2024-05-23,SPY,513.4638671875,525.9600219726562,533.0700073242188,524.719970703125,532.9600219726562,57211200
2024-05-24,SPY,516.8611450195312,529.4400024414062,530.27001953125,526.8800048828125,527.8499755859375,41291100
2024-05-28,SPY,517.2223510742188,529.8099975585938,530.510009765625,527.1099853515625,530.27001953125,36269600
2024-05-29,SPY,513.6004638671875,526.0999755859375,527.3099975585938,525.3699951171875,525.6799926757812,45190300
2024-05-30,SPY,510.1934509277344,522.6099853515625,525.2000122070312,521.3300170898438,524.52001953125,46377600
2024-05-31,SPY,514.84033203125,527.3699951171875,527.5,518.3599853515625,523.5900268554688,90785800
2024-06-03,SPY,515.2601928710938,527.7999877929688,529.3099975585938,522.5999755859375,529.02001953125,46835700
2024-06-04,SPY,515.8361206054688,528.3900146484375,529.1500244140625,524.9600219726562,526.4600219726562,34632700
2024-06-05,SPY,521.966796875,534.6699829101562,534.6900024414062,528.72998046875,530.77001953125,47610400
2024-06-06,SPY,521.9571533203125,534.6599731445312,535.4199829101562,532.6799926757812,534.97998046875,30808500
2024-06-07,SPY,521.322509765625,534.010009765625,536.8900146484375,532.5399780273438,533.6599731445312,43224500
2024-06-10,SPY,522.9332885742188,535.6599731445312,535.989990234375,532.5700073242188,533.1799926757812,35686100
2024-06-11,SPY,524.1927490234375,536.9500122070312,537.010009765625,532.0499877929688,534.0700073242188,36383400
2024-06-12,SPY,528.4979858398438,541.3599853515625,544.1199951171875,540.2999877929688,541.6300048828125,63251300
2024-06-13,SPY,529.56201171875,542.4500122070312,543.3300170898438,539.5900268554688,543.1500244140625,44760900
2024-06-14,SPY,529.88427734375,542.780029296875,542.8099975585938,539.8499755859375,540.8800048828125,40089900
2024-06-17,SPY,534.1015625,547.0999755859375,548.530029296875,541.6099853515625,542.0800170898438,55839500
2024-06-18,SPY,535.4586181640625,548.489990234375,548.6199951171875,546.72998046875,547.1599731445312,41376400
2024-06-20,SPY,534.0039672851562,547.0,550.1199951171875,545.1799926757812,549.4400024414062,70328200
2024-06-21,SPY,533.2880249023438,544.510009765625,545.6500244140625,543.02001953125,544.4000244140625,64338600
2024-06-24,SPY,531.5545043945312,542.739990234375,546.9500122070312,542.6199951171875,544.3300170898438,45528700
2024-06-25,SPY,533.6014404296875,544.8300170898438,545.2000122070312,542.4400024414062,543.989990234375,37936200
2024-06-26,SPY,534.2674560546875,545.510009765625,546.239990234375,543.030029296875,543.6900024414062,38550600
2024-06-27,SPY,535.1097412109375,546.3699951171875,546.9600219726562,544.6099853515625,545.3699951171875,35041500
2024-06-28,SPY,533.0040283203125,544.219970703125,550.280029296875,542.9500122070312,547.1599731445312,76144500
2024-07-01,SPY,534.1009521484375,545.3400268554688,545.8800048828125,542.52001953125,545.6300048828125,40297800
2024-07-02,SPY,537.6953125,549.010009765625,549.010009765625,543.6500244140625,543.7000122070312,40434800
2024-07-03,SPY,540.0948486328125,551.4600219726562,551.8300170898438,548.6500244140625,548.6900024414062,32789900
2024-07-05,SPY,543.2092895507812,554.6400146484375,555.0499877929688,551.1199951171875,551.77001953125,41488400
2024-07-08,SPY,543.8360595703125,555.280029296875,556.25,554.1900024414062,555.4400024414062,36110500
2024-07-09,SPY,544.3649291992188,555.8200073242188,557.1799926757812,555.52001953125,556.260009765625,27289700
2024-07-10,SPY,549.7515869140625,561.3200073242188,561.6699829101562,556.77001953125,557.0700073242188,38701200
2024-07-11,SPY,545.0113525390625,556.47998046875,562.3300170898438,555.8300170898438,561.4400024414062,53054200
2024-07-12,SPY,548.4490356445312,559.989990234375,563.6699829101562,557.1500244140625,557.6300048828125,53084400
2024-07-15,SPY,549.9572143554688,561.530029296875,564.8400268554688,559.6300048828125,562.030029296875,40584300
2024-07-16,SPY,553.2185668945312,564.8599853515625,565.1599731445312,562.0999755859375,562.8699951171875,36475300
2024-07-17,SPY,545.4618530273438,556.9400024414062,560.510009765625,556.6099853515625,558.7999877929688,57119000
2024-07-18,SPY,541.27001953125,552.6599731445312,559.52001953125,550.4299926757812,558.510009765625,56270400
2024-07-19,SPY,537.6756591796875,548.989990234375,554.0800170898438,547.9099731445312,552.4199829101562,65509100
2024-07-22,SPY,543.2191162109375,554.6500244140625,555.27001953125,551.02001953125,553.0,43346700
2024-07-23,SPY,542.3670043945312,553.780029296875,556.739990234375,553.280029296875,554.5399780273438,34439600
2024-07-24,SPY,530.07568359375,541.22998046875,549.1699829101562,540.2899780273438,548.8599853515625,74515300
2024-07-25,SPY,527.313720703125,538.4099731445312,547.4600219726562,537.4500122070312,541.3499755859375,61158300
2024-07-26,SPY,533.219482421875,544.4400024414062,547.1900024414062,541.489990234375,542.280029296875,53763800
2024-07-29,SPY,533.5328979492188,544.760009765625,547.0499877929688,542.719970703125,546.02001953125,39515800
2024-07-30,SPY,530.8297729492188,542.0,547.3400268554688,538.52001953125,546.260009765625,46853600
2024-07-31,SPY,539.4581909179688,550.8099975585938,553.5,547.5800170898438,548.97998046875,65663400
2024-08-01,SPY,531.8189697265625,543.010009765625,554.8699951171875,539.4299926757812,552.5700073242188,76428700
2024-08-02,SPY,521.9174194335938,532.9000244140625,536.989990234375,528.5999755859375,535.75,82789100
2024-08-05,SPY,506.71722412109375,517.3800048828125,523.5800170898438,510.2699890136719,511.6400146484375,146267400
2024-08-06,SPY,511.3888244628906,522.1500244140625,529.75,517.8699951171875,519.219970703125,84826300
2024-08-07,SPY,507.9707946777344,518.6599731445312,531.5900268554688,518.0499877929688,528.469970703125,70698300
2024-08-08,SPY,519.7136840820312,530.6500244140625,531.2899780273438,521.8400268554688,523.9099731445312,63276600
2024-08-09,SPY,522.0054321289062,532.989990234375,534.510009765625,528.5599975585938,529.8099975585938,45619600
2024-08-12,SPY,522.2797241210938,533.27001953125,535.72998046875,530.9500122070312,534.2100219726562,42542100
2024-08-13,SPY,530.8689575195312,542.0399780273438,542.280029296875,536.280029296875,536.530029296875,52333100
2024-08-14,SPY,532.543701171875,543.75,544.9600219726562,540.1199951171875,542.8499755859375,42446900
2024-08-15,SPY,541.6716918945312,553.0700073242188,553.3599853515625,548.8800048828125,549.5,60846800
2024-08-16,SPY,542.8860473632812,554.3099975585938,555.02001953125,551.260009765625,551.4199829101562,44430700
2024-08-19,SPY,548.0767822265625,559.6099853515625,559.6099853515625,553.8599853515625,554.72998046875,39121800
2024-08-20,SPY,547.185546875,558.7000122070312,560.8400268554688,557.3300170898438,559.1500244140625,33732300
2024-08-21,SPY,549.0660400390625,560.6199951171875,562.1099853515625,554.72998046875,559.77001953125,41514600
2024-08-22,SPY,544.7566528320312,556.219970703125,563.1799926757812,554.97998046875,562.5599975585938,56121500
2024-08-23,SPY,550.5448608398438,562.1300048828125,563.0900268554688,557.2899780273438,559.530029296875,50639400
2024-08-26,SPY,549.2324829101562,560.7899780273438,563.9099731445312,559.0499877929688,563.1799926757812,35788600
2024-08-27,SPY,549.9866333007812,561.5599975585938,562.0599975585938,558.3200073242188,559.489990234375,32693900
2024-08-28,SPY,546.7938232421875,558.2999877929688,561.6500244140625,555.0399780273438,561.2100219726562,41066000
2024-08-29,SPY,546.8427734375,558.3499755859375,563.6799926757812,557.1799926757812,560.3099975585938,38715200
2024-08-30,SPY,552.0629272460938,563.6799926757812,564.2000122070312,557.1400146484375,560.77001953125,62700100
2024-09-03,SPY,540.7020874023438,552.0800170898438,560.8099975585938,549.510009765625,560.469970703125,60600100
2024-09-04,SPY,539.5952758789062,550.9500122070312,554.4299926757812,549.4600219726562,550.2000122070312,47224900
2024-09-05,SPY,538.2828979492188,549.6099853515625,553.7999877929688,547.0999755859375,550.8900146484375,44264300
2024-09-06,SPY,529.2235717773438,540.3599853515625,551.5999755859375,539.4400024414062,549.9400024414062,68493800
2024-09-09,SPY,535.14892578125,546.4099731445312,547.7100219726562,542.6799926757812,544.6500244140625,40445800
2024-09-10,SPY,537.4798583984375,548.7899780273438,549.1500244140625,543.3800048828125,548.3599853515625,36394600
2024-09-11,SPY,542.9937133789062,554.4199829101562,555.3599853515625,539.9600219726562,548.7000122070312,75248600
2024-09-12,SPY,547.5675659179688,559.0900268554688,559.4000244140625,552.739990234375,555.010009765625,51819600
2024-09-13,SPY,550.4273681640625,562.010009765625,563.030029296875,559.4500122070312,559.7100219726562,39310500
2024-09-16,SPY,551.240234375,562.8400268554688,563.1099853515625,559.9000244140625,561.739990234375,36656100
2024-09-17,SPY,551.4654541015625,563.0700073242188,566.5800170898438,560.7899780273438,565.0999755859375,49321000
2024-09-18,SPY,549.8300170898438,561.4000244140625,568.6900024414062,560.8300170898438,563.739990234375,59044900
2024-09-19,SPY,559.2125244140625,570.97998046875,572.8800048828125,568.0800170898438,571.010009765625,75315500
2024-09-20,SPY,558.245849609375,568.25,569.3099975585938,565.1699829101562,567.8400268554688,77503100
2024-09-23,SPY,559.6408081054688,569.6699829101562,570.3300170898438,568.0999755859375,569.3400268554688,44116900
2024-09-24,SPY,561.2421264648438,571.2999877929688,571.3599853515625,567.5999755859375,570.47998046875,46805700
2024-09-25,SPY,560.0042724609375,570.0399780273438,571.8900146484375,568.9099731445312,571.1400146484375,38428600
2024-09-26,SPY,562.2244873046875,572.2999877929688,574.7100219726562,569.9000244140625,574.3800048828125,48336000
2024-09-27,SPY,561.4090576171875,571.469970703125,574.219970703125,570.4199829101562,573.3900146484375,42100900
2024-09-30,SPY,563.6588745117188,573.760009765625,574.3800048828125,568.0800170898438,570.4199829101562,63557400
2024-10-01,SPY,558.6092529296875,568.6199951171875,574.0599975585938,566.0,573.4000244140625,72668800
2024-10-02,SPY,558.8450927734375,568.8599853515625,569.9000244140625,565.27001953125,567.7100219726562,38097800
2024-10-03,SPY,557.8233642578125,567.8200073242188,569.7999877929688,565.489990234375,567.3599853515625,40846500
2024-10-04,SPY,562.8925170898438,572.97998046875,573.3599853515625,568.0999755859375,572.3499755859375,42939100
2024-10-07,SPY,557.8037719726562,567.7999877929688,571.9600219726562,566.6300048828125,571.2999877929688,49964700
2024-10-08,SPY,563.0791625976562,573.1699829101562,573.780029296875,569.530029296875,570.4199829101562,37398700
2024-10-09,SPY,566.9793090820312,577.1400146484375,577.7100219726562,572.5499877929688,573.1599731445312,37912200
2024-10-10,SPY,565.987060546875,576.1300048828125,577.5800170898438,574.489990234375,575.77001953125,44138100
2024-10-11,SPY,569.3764038085938,579.5800170898438,580.3300170898438,575.9099731445312,576.0499877929688,42268000
2024-10-14,SPY,574.0328979492188,584.3200073242188,585.27001953125,580.72998046875,581.219970703125,36217200
2024-10-15,SPY,569.5728759765625,579.780029296875,584.9000244140625,578.5399780273438,584.5900268554688,54203600
2024-10-16,SPY,572.0484619140625,582.2999877929688,582.8300170898438,578.9600219726562,579.780029296875,30725400
2024-10-17,SPY,572.0975952148438,582.3499755859375,586.1199951171875,582.1599731445312,585.9099731445312,34393700
2024-10-18,SPY,574.298095703125,584.5900268554688,585.3900146484375,582.5800170898438,584.0700073242188,37416800
2024-10-21,SPY,573.3550415039062,583.6300048828125,584.8499755859375,580.5999755859375,583.8499755859375,36439000
2024-10-22,SPY,573.0504760742188,583.3200073242188,584.5,580.3800048828125,581.0499877929688,34183800
2024-10-23,SPY,567.8143310546875,577.989990234375,581.7100219726562,574.4199829101562,581.260009765625,49314600
2024-10-24,SPY,569.0423583984375,579.239990234375,580.0599975585938,576.5700073242188,579.97998046875,34979900
2024-10-25,SPY,568.8458862304688,579.0399780273438,584.4600219726562,578.0800170898438,581.510009765625,47268200
2024-10-28,SPY,570.6043701171875,580.8300170898438,582.7100219726562,580.52001953125,582.5800170898438,30174700
2024-10-29,SPY,571.52783203125,581.77001953125,582.9099731445312,578.4299926757812,579.8499755859375,42899700
2024-10-30,SPY,569.7987670898438,580.010009765625,583.3200073242188,579.2899780273438,581.2899780273438,41435800
2024-10-31,SPY,558.6289672851562,568.6400146484375,575.6300048828125,568.4400024414062,575.5599975585938,60182500
2024-11-01,SPY,560.9866333007812,571.0399780273438,575.5499877929688,570.6199951171875,571.3200073242188,45667500
2024-11-04,SPY,559.7783813476562,569.8099975585938,572.5,567.8900146484375,571.1799926757812,38217000
2024-11-05,SPY,566.5470581054688,576.7000122070312,576.739990234375,570.52001953125,570.739990234375,39478300
2024-11-06,SPY,580.6346435546875,591.0399780273438,591.9299926757812,585.3900146484375,589.2000122070312,68182000
2024-11-07,SPY,585.1241455078125,595.6099853515625,596.6500244140625,593.0,593.0800170898438,47233200
2024-11-08,SPY,587.6587524414062,598.1900024414062,599.6400146484375,596.1699829101562,596.1699829101562,46444900
2024-11-11,SPY,588.2186889648438,598.760009765625,600.1699829101562,597.0,599.8099975585938,37586800
2024-11-12,SPY,586.3914794921875,596.9000244140625,599.2899780273438,594.3699951171875,598.6799926757812,43006100
2024-11-13,SPY,586.6763305664062,597.1900024414062,599.22998046875,594.9600219726562,597.3699951171875,47388600
2024-11-14,SPY,582.9039306640625,593.3499755859375,597.8099975585938,592.6500244140625,597.3200073242188,38904100
2024-11-15,SPY,575.437744140625,585.75,590.2000122070312,583.8599853515625,589.719970703125,75988800
2024-11-18,SPY,577.7954711914062,588.1500244140625,589.489990234375,585.3400268554688,586.219970703125,37001700
2024-11-19,SPY,579.9076538085938,590.2999877929688,591.0399780273438,584.030029296875,584.7100219726562,49412000
2024-11-20,SPY,580.1041259765625,590.5,590.7899780273438,584.6300048828125,590.3800048828125,50032600
2024-11-21,SPY,583.21826171875,593.6699829101562,595.1199951171875,587.4500122070312,593.4000244140625,46750300
2024-11-22,SPY,585.0260009765625,595.510009765625,596.1500244140625,593.1500244140625,593.6599731445312,38226400
2024-11-25,SPY,587.0103149414062,597.530029296875,600.8599853515625,595.2000122070312,599.52001953125,42441400
2024-11-26,SPY,590.0753784179688,600.6500244140625,601.3300170898438,598.0700073242188,598.7999877929688,45621300
2024-11-27,SPY,588.2874755859375,598.8300170898438,600.8499755859375,597.280029296875,600.4600219726562,34000200
2024-11-29,SPY,591.9419555664062,602.5499877929688,603.3499755859375,599.3800048828125,599.6599731445312,30177400
2024-12-02,SPY,593.0029296875,603.6300048828125,604.3200073242188,602.469970703125,602.969970703125,31746000
2024-12-03,SPY,593.2780151367188,603.9099731445312,604.1599731445312,602.3400268554688,603.3900146484375,26906600
2024-12-04,SPY,596.9619750976562,607.6599731445312,607.9099731445312,604.9500122070312,605.6300048828125,42787600
2024-12-05,SPY,595.9796142578125,606.6599731445312,608.47998046875,606.2999877929688,607.6599731445312,28762200
2024-12-06,SPY,597.1094360351562,607.8099975585938,609.0700073242188,607.02001953125,607.4400024414062,31241500
2024-12-09,SPY,594.034423828125,604.6799926757812,607.8599853515625,604.0800170898438,607.6900024414062,34742700
2024-12-10,SPY,592.1875610351562,602.7999877929688,605.7999877929688,602.1300048828125,605.3699951171875,37234500
2024-12-11,SPY,596.7655029296875,607.4600219726562,608.4299926757812,605.5,605.780029296875,28677700
2024-12-12,SPY,593.6906127929688,604.3300170898438,607.1599731445312,604.3300170898438,606.5800170898438,31543800
2024-12-13,SPY,593.57275390625,604.2100219726562,607.1300048828125,602.8099975585938,606.4000244140625,35904700
2024-12-16,SPY,596.1072998046875,606.7899780273438,607.780029296875,605.2100219726562,606.0,43695200
2024-12-17,SPY,593.6513061523438,604.2899780273438,605.1699829101562,602.8900146484375,604.1900024414062,55773500
2024-12-18,SPY,575.9584350585938,586.280029296875,606.4099731445312,585.8900146484375,603.97998046875,108248700
2024-12-19,SPY,575.7815551757812,586.0999755859375,593.0,585.8499755859375,591.3599853515625,85919500
2024-12-20,SPY,582.6973266601562,591.1500244140625,595.75,580.9099731445312,581.77001953125,125716700
2024-12-23,SPY,586.1866455078125,594.6900024414062,595.2999877929688,587.6599731445312,590.8900146484375,57635800
2024-12-24,SPY,592.7020874023438,601.2999877929688,601.3400268554688,595.469970703125,596.0599975585938,33160100
2024-12-26,SPY,592.7415161132812,601.3400268554688,602.47998046875,598.0800170898438,599.5,41219100
2024-12-27,SPY,586.5020751953125,595.010009765625,597.780029296875,590.760009765625,597.5399780273438,64969300
2024-12-30,SPY,579.8091430664062,588.219970703125,591.739990234375,584.4099731445312,587.8900146484375,56578800
2024-12-31,SPY,577.6997680664062,586.0800170898438,590.6400146484375,584.4199829101562,589.9099731445312,57052700
2025-01-02,SPY,576.2803344726562,584.6400146484375,591.1300048828125,580.5,589.3900146484375,50204000
2025-01-03,SPY,583.4857788085938,591.9500122070312,592.5999755859375,586.4299926757812,587.530029296875,37888500
2025-01-06,SPY,586.8470458984375,595.3599853515625,599.7000122070312,593.5999755859375,596.27001953125,47679400
2025-01-07,SPY,580.2133178710938,588.6300048828125,597.75,586.780029296875,597.4199829101562,60393100
2025-01-08,SPY,581.0609741210938,589.489990234375,590.5800170898438,585.2000122070312,588.7000122070312,47304700
2025-01-10,SPY,572.189697265625,580.489990234375,585.9500122070312,578.5499877929688,585.8800048828125,73105000
2025-01-13,SPY,573.0768432617188,581.3900146484375,581.75,575.3499755859375,575.77001953125,47910100
2025-01-14,SPY,573.8653564453125,582.1900024414062,585.0,578.3499755859375,584.3599853515625,48420600
2025-01-15,SPY,584.3038940429688,592.780029296875,593.9400024414062,589.2000122070312,590.3300170898438,56900200
2025-01-16,SPY,583.1802368164062,591.6400146484375,594.3499755859375,590.9299926757812,594.1699829101562,43319700
2025-01-17,SPY,589.0353393554688,597.5800170898438,599.3599853515625,595.6099853515625,596.9600219726562,58070600
2025-01-21,SPY,594.4270629882812,603.0499877929688,603.0599975585938,598.6699829101562,600.6699829101562,42532900
2025-01-22,SPY,597.7686767578125,606.4400024414062,607.8200073242188,605.3599853515625,605.9199829101562,48196000
2025-01-23,SPY,601.03125,609.75,609.75,605.52001953125,605.7999877929688,41152100
2025-01-24,SPY,599.2767333984375,607.969970703125,610.780029296875,606.7999877929688,609.8099975585938,34604700
2025-01-27,SPY,590.7997436523438,599.3699951171875,599.6900024414062,594.6400146484375,594.8099975585938,70361100
2025-01-28,SPY,595.8760375976562,604.52001953125,605.3699951171875,597.25,600.6199951171875,44433300
2025-01-29,SPY,593.2047729492188,601.8099975585938,604.1300048828125,599.219970703125,603.719970703125,37177400
2025-01-30,SPY,596.3885498046875,605.0399780273438,606.5999755859375,600.719970703125,603.9600219726562,39281300
2025-01-31,SPY,593.2146606445312,601.8200073242188,609.9600219726562,601.0499877929688,607.5,66566900
2025-02-03,SPY,589.22265625,597.77001953125,600.2899780273438,590.489990234375,592.6699829101562,65857200
2025-02-04,SPY,593.17529296875,601.780029296875,602.2999877929688,597.280029296875,597.8300170898438,33457800
2025-02-05,SPY,595.5803833007812,604.219970703125,604.3699951171875,598.5800170898438,600.6400146484375,30653100
2025-02-06,SPY,597.6502685546875,606.3200073242188,606.4500122070312,602.6300048828125,605.989990234375,35771500
2025-02-07,SPY,592.1797485351562,600.77001953125,608.1300048828125,600.0499877929688,606.8900146484375,50788500
2025-02-10,SPY,596.2013549804688,604.8499755859375,605.5,602.739990234375,604.030029296875,26048700
2025-02-11,SPY,596.65478515625,605.3099975585938,605.8599853515625,602.4299926757812,602.5499877929688,30056700
2025-02-12,SPY,594.732666015625,603.3599853515625,604.5499877929688,598.510009765625,599.2000122070312,45076100
2025-02-13,SPY,601.0115356445312,609.72998046875,609.9400024414062,603.2000122070312,604.47998046875,40921300
2025-02-14,SPY,600.9820556640625,609.7000122070312,610.989990234375,609.0700073242188,609.9400024414062,26910400
2025-02-18,SPY,602.746337890625,611.489990234375,611.489990234375,608.3800048828125,610.8800048828125,26749000
2025-02-19,SPY,604.1658325195312,612.9299926757812,613.22998046875,609.5599975585938,610.0800170898438,31011100
2025-02-20,SPY,601.65234375,610.3800048828125,611.6799926757812,607.02001953125,611.5399780273438,36554000
2025-02-21,SPY,591.361572265625,599.9400024414062,610.2999877929688,599.469970703125,610.1599731445312,76519800
2025-02-24,SPY,588.670654296875,597.2100219726562,603.030029296875,596.489990234375,602.02001953125,50737200
2025-02-25,SPY,585.7430419921875,594.239990234375,597.8900146484375,589.5599975585938,597.1500244140625,58266500
2025-02-26,SPY,586.0387573242188,594.5399780273438,599.5800170898438,591.8599853515625,595.9299926757812,43321600
2025-02-27,SPY,576.6844482421875,585.0499877929688,598.02001953125,584.6500244140625,596.8499755859375,74196700
2025-02-28,SPY,585.6839599609375,594.1799926757812,594.719970703125,582.4400024414062,585.5599975585938,88744100
2025-03-03,SPY,575.4227905273438,583.77001953125,597.3400268554688,579.9000244140625,596.1799926757812,74249200
2025-03-04,SPY,568.611572265625,576.8599853515625,585.3900146484375,572.25,579.7100219726562,109648200
2025-03-05,SPY,574.722900390625,583.0599975585938,584.8800048828125,573.0800170898438,576.6900024414062,71230500
2025-03-06,SPY,564.5209350585938,572.7100219726562,580.1699829101562,570.1199951171875,575.47998046875,80094900
2025-03-07,SPY,567.68505859375,575.9199829101562,577.3900146484375,565.6300048828125,570.9000244140625,81158800
2025-03-10,SPY,552.5643310546875,560.5800170898438,569.5399780273438,555.5900268554688,567.5900268554688,99326600
2025-03-11,SPY,547.9710083007812,555.9199829101562,564.02001953125,552.02001953125,559.4000244140625,88102100
2025-03-12,SPY,550.8788452148438,558.8699951171875,563.1099853515625,553.6900024414062,562.1699829101562,69588200
2025-03-13,SPY,543.5352783203125,551.4199829101562,559.1099853515625,549.6799926757812,558.489990234375,74079400
2025-03-14,SPY,554.7625122070312,562.8099975585938,563.8300170898438,551.489990234375,556.1099853515625,62660300
2025-03-17,SPY,559.0404052734375,567.1500244140625,569.7100219726562,562.3499755859375,562.7899780273438,49008700
2025-03-18,SPY,552.9981079101562,561.02001953125,565.02001953125,559.0599975585938,564.7999877929688,66041400
2025-03-19,SPY,559.0206909179688,567.1300048828125,570.9500122070312,561.6300048828125,562.8300170898438,66556000
2025-03-20,SPY,557.4041748046875,565.489990234375,570.5700073242188,562.5999755859375,563.3300170898438,62958200
2025-03-21,SPY,557.5880737304688,563.97998046875,564.8900146484375,558.030029296875,559.280029296875,83763000
2025-03-24,SPY,567.5736083984375,574.0800170898438,575.1500244140625,570.2000122070312,570.7999877929688,58766800
2025-03-25,SPY,568.9379272460938,575.4600219726562,576.4099731445312,573.6900024414062,575.2999877929688,38355700
2025-03-26,SPY,562.1458740234375,568.5900268554688,576.3300170898438,567.1900024414062,575.1900024414062,51848300
2025-03-27,SPY,560.6528930664062,567.0800170898438,570.9000244140625,564.9400024414062,567.1799926757812,42164200
2025-03-28,SPY,549.3623046875,555.6599731445312,566.27001953125,555.0700073242188,565.530029296875,71662700
2025-03-31,SPY,553.0501098632812,559.3900146484375,560.7100219726562,546.8699951171875,549.8300170898438,95328200
2025-04-01,SPY,554.6121215820312,560.969970703125,562.9400024414062,553.6799926757812,557.4500122070312,54609600
2025-04-02,SPY,558.1219482421875,564.52001953125,567.4199829101562,554.8099975585938,555.0499877929688,76014500
2025-04-03,SPY,530.6172485351562,536.7000122070312,547.969970703125,536.7000122070312,545.1099853515625,125986000
2025-04-04,SPY,499.5533752441406,505.2799987792969,525.8699951171875,505.05999755859375,523.6699829101562,217965100
2025-04-07,SPY,498.6635437011719,504.3800048828125,523.1699829101562,481.79998779296875,489.19000244140625,256611400
2025-04-08,SPY,490.85308837890625,496.4800109863281,524.97998046875,489.1600036621094,521.8599853515625,165816600
2025-04-09,SPY,542.402099609375,548.6199951171875,548.6199951171875,493.04998779296875,493.44000244140625,241867300
2025-04-10,SPY,518.6346435546875,524.5800170898438,533.5,509.32000732421875,532.1699829101562,162331200
2025-04-11,SPY,527.8885498046875,533.9400024414062,536.4299926757812,520.0700073242188,523.010009765625,97866300
2025-04-14,SPY,533.009765625,539.1199951171875,544.280029296875,533.8599853515625,544.0499877929688,68034000
2025-04-15,SPY,531.5169067382812,537.6099853515625,543.22998046875,536.8099975585938,539.6699829101562,56892900
2025-04-16,SPY,519.7023315429688,525.6599731445312,537.8900146484375,520.2899780273438,531.6799926757812,83484800
2025-04-17,SPY,520.44384765625,526.4099731445312,531.1699829101562,523.9099731445312,527.6400146484375,79868100
2025-04-21,SPY,508.0558776855469,513.8800048828125,521.7000122070312,508.4599914550781,521.1599731445312,69368100
2025-04-22,SPY,521.2743530273438,527.25,529.2999877929688,519.1900024414062,520.1400146484375,75948100
2025-04-23,SPY,529.3516845703125,535.4199829101562,545.4299926757812,533.8800048828125,540.4299926757812,90590700
2025-04-24,SPY,540.4940185546875,546.6900024414062,547.4299926757812,535.4500122070312,536.719970703125,64150400
2025-04-25,SPY,544.3992919921875,550.6400146484375,551.0499877929688,543.6900024414062,546.6500244140625,61119600
2025-04-28,SPY,544.6068725585938,550.8499755859375,553.5499877929688,545.02001953125,551.3900146484375,47613800
2025-04-29,SPY,548.03759765625,554.3200073242188,555.4500122070312,548.5499877929688,548.9099731445312,47775100
2025-04-30,SPY,548.2550659179688,554.5399780273438,556.52001953125,541.52001953125,547.5700073242188,93101500
2025-05-01,SPY,552.1405029296875,558.469970703125,564.0700073242188,557.8599853515625,560.3699951171875,63186100
2025-05-02,SPY,560.3365478515625,566.760009765625,568.3800048828125,562.3800048828125,564.72998046875,60717300
2025-05-05,SPY,557.1233520507812,563.510009765625,566.6500244140625,561.7000122070312,562.5700073242188,38659200
2025-05-06,SPY,552.466796875,558.7999877929688,563.3499755859375,556.9600219726562,557.9299926757812,48264700
2025-05-07,SPY,554.7901611328125,561.1500244140625,563.8200073242188,556.0399780273438,560.1500244140625,55588000
2025-05-08,SPY,558.6558227539062,565.0599975585938,570.3099975585938,561.7000122070312,565.239990234375,65130800
2025-05-09,SPY,557.9439697265625,564.3400268554688,567.5,562.760009765625,566.47998046875,37603400
2025-05-12,SPY,576.3825073242188,582.989990234375,583.0,577.0399780273438,581.469970703125,78993600
2025-05-13,SPY,580.18896484375,586.8400268554688,589.0800170898438,582.8400268554688,583.4099731445312,67947200
2025-05-14,SPY,580.9304809570312,587.5900268554688,588.97998046875,585.5399780273438,587.8099975585938,66283500
2025-05-15,SPY,583.7680053710938,590.4600219726562,590.969970703125,585.0999755859375,585.5599975585938,71268100
2025-05-16,SPY,587.465576171875,594.2000122070312,594.5,589.280029296875,591.25,76052100
2025-05-19,SPY,588.108154296875,594.8499755859375,595.5399780273438,588.0999755859375,588.0999755859375,68168500
2025-05-20,SPY,586.1307983398438,592.8499755859375,594.0499877929688,589.5999755859375,593.0900268554688,60614500
2025-05-21,SPY,576.2540893554688,582.8599853515625,592.5800170898438,581.8200073242188,588.4400024414062,95197700
2025-05-22,SPY,576.4815673828125,583.0900268554688,586.6199951171875,581.4099731445312,582.6599731445312,70860400
2025-05-23,SPY,572.5465087890625,579.1099853515625,581.8099975585938,575.5999755859375,575.97998046875,76029000
2025-05-27,SPY,584.4501953125,591.1500244140625,591.3099975585938,578.4299926757812,586.0700073242188,72588500
2025-05-28,SPY,581.0689086914062,587.72998046875,592.77001953125,586.989990234375,591.5599975585938,68445500
2025-05-29,SPY,583.362548828125,590.0499877929688,593.2000122070312,586.0700073242188,593.0599975585938,69973300
2025-05-30,SPY,582.7100830078125,589.3900146484375,591.1300048828125,583.239990234375,588.9299926757812,90601200
2025-06-02,SPY,585.9924926757812,592.7100219726562,592.7899780273438,585.0599975585938,587.760009765625,61630500
2025-06-03,SPY,589.3341674804688,596.0900268554688,597.0800170898438,591.8499755859375,592.3400268554688,63606200
2025-06-04,SPY,589.1759643554688,595.9299926757812,597.9500122070312,595.489990234375,596.9600219726562,57314200
2025-06-05,SPY,586.3285522460938,593.0499877929688,599.0,591.0499877929688,597.6300048828125,92278700
2025-06-06,SPY,592.349609375,599.1400146484375,600.8300170898438,596.8599853515625,598.6599731445312,66588700
2025-06-09,SPY,592.8834228515625,599.6799926757812,601.25,598.489990234375,599.719970703125,53016400
2025-06-10,SPY,596.244873046875,603.0800170898438,603.469970703125,599.0900268554688,600.219970703125,66247000
2025-06-11,SPY,594.5443725585938,601.3599853515625,605.0599975585938,599.27001953125,604.1900024414062,73658200
2025-06-12,SPY,596.9072875976562,603.75,603.75,599.52001953125,600.010009765625,64129000
2025-06-13,SPY,590.2338256835938,597.0,601.8499755859375,595.47998046875,598.5,89506000
2025-06-16,SPY,595.8494873046875,602.6799926757812,604.4500122070312,600.219970703125,600.4000244140625,79984100
2025-06-17,SPY,590.7577514648438,597.530029296875,601.75,596.760009765625,600.2100219726562,82209400
2025-06-18,SPY,590.6688232421875,597.4400024414062,601.219970703125,596.469970703125,598.4400024414062,76605000
2025-06-20,SPY,589.2816162109375,594.280029296875,599.4600219726562,592.8599853515625,598.3800048828125,94051400
2025-06-23,SPY,595.1021728515625,600.1500244140625,600.5399780273438,591.8900146484375,595.0399780273438,87426000
2025-06-24,SPY,601.676513671875,606.780029296875,607.8499755859375,603.4099731445312,604.3300170898438,67735300
2025-06-25,SPY,602.0135498046875,607.1199951171875,608.6099853515625,605.5399780273438,607.9099731445312,62114800
2025-06-26,SPY,606.7236328125,611.8699951171875,612.3099975585938,608.3699951171875,608.989990234375,78548400
2025-06-27,SPY,609.7380981445312,614.9099731445312,616.3900146484375,610.8300170898438,612.8800048828125,86258400
2025-06-30,SPY,612.6533203125,617.8499755859375,619.219970703125,615.0399780273438,617.3800048828125,92502500
2025-07-01,SPY,612.455078125,617.6500244140625,618.8300170898438,615.52001953125,616.3599853515625,70030100
2025-07-02,SPY,615.2315063476562,620.4500122070312,620.489990234375,616.6099853515625,617.239990234375,66510400
2025-07-03,SPY,620.0803833007812,625.3400268554688,626.280029296875,622.4299926757812,622.4500122070312,51065800
2025-07-07,SPY,615.4595336914062,620.6799926757812,624.030029296875,617.8699951171875,623.3599853515625,74814500
2025-07-08,SPY,615.1224365234375,620.3400268554688,622.1099853515625,619.52001953125,621.3499755859375,59024600
2025-07-09,SPY,618.8110961914062,624.0599975585938,624.719970703125,620.9099731445312,622.77001953125,66113300
2025-07-10,SPY,620.5563354492188,625.8200073242188,626.8699951171875,623.010009765625,624.2000122070312,57529000
2025-07-11,SPY,618.3748168945312,623.6199951171875,624.8599853515625,621.530029296875,622.739990234375,63670200
2025-07-14,SPY,619.5548095703125,624.8099975585938,625.1599731445312,621.7999877929688,623.1599731445312,51898500
2025-07-15,SPY,616.9072875976562,622.1400146484375,627.8599853515625,622.0599975585938,627.52001953125,74317300
2025-07-16,SPY,618.9697265625,624.219970703125,624.72998046875,618.0499877929688,623.739990234375,88987500
2025-07-17,SPY,622.7576293945312,628.0399780273438,628.4000244140625,624.1799926757812,624.4000244140625,68885700
2025-07-18,SPY,622.301513671875,627.5800170898438,629.469970703125,626.4600219726562,629.2999877929688,65621600
2025-07-21,SPY,623.4815063476562,628.77001953125,631.5399780273438,628.3400268554688,628.77001953125,63375000
2025-07-22,SPY,623.5706787109375,628.8599853515625,629.72998046875,626.1900024414062,629.0999755859375,60046300
2025-07-23,SPY,628.8757934570312,634.2100219726562,634.2100219726562,629.72998046875,631.5499877929688,70511000
2025-07-24,SPY,629.083984375,634.4199829101562,636.1500244140625,633.989990234375,634.5999755859375,71307100
2025-07-25,SPY,631.741455078125,637.0999755859375,637.5800170898438,634.8400268554688,635.0900268554688,56865400
2025-07-28,SPY,631.582763671875,636.9400024414062,638.0399780273438,635.5399780273438,637.47998046875,54917100
2025-07-29,SPY,629.9169311523438,635.260009765625,638.6699829101562,634.3400268554688,638.3499755859375,60556300
2025-07-30,SPY,629.1236572265625,634.4600219726562,637.6799926757812,631.5399780273438,635.9199829101562,80418900
2025-07-31,SPY,626.763671875,632.0800170898438,639.8499755859375,630.77001953125,639.4600219726562,103385200
2025-08-01,SPY,616.4907836914062,621.719970703125,626.3400268554688,619.2899780273438,626.2999877929688,140103600
2025-08-04,SPY,625.8612670898438,631.1699829101562,631.219970703125,625.5800170898438,625.6699829101562,73218000
2025-08-05,SPY,622.6881713867188,627.969970703125,632.6099853515625,627.0399780273438,631.7899780273438,68051400
2025-08-06,SPY,627.4578247070312,632.780029296875,633.4400024414062,628.1300048828125,629.0499877929688,64357500
2025-08-07,SPY,626.9322509765625,632.25,636.97998046875,629.1099853515625,636.239990234375,74205800
2025-08-08,SPY,631.82080078125,637.1799926757812,637.6500244140625,633.739990234375,634.0599975585938,64051600
2025-08-11,SPY,630.5712890625,635.9199829101562,638.9500122070312,634.6599731445312,637.4600219726562,58742300
2025-08-12,SPY,637.284423828125,642.6900024414062,642.8499755859375,636.7899780273438,638.2899780273438,64730800
2025-08-13,SPY,639.4659423828125,644.8900146484375,646.1900024414062,642.6799926757812,644.9099731445312,60092800
2025-08-14,SPY,639.5254516601562,644.9500122070312,645.6199951171875,642.3400268554688,642.7899780273438,59327500
2025-08-15,SPY,638.0281372070312,643.4400024414062,646.0900268554688,642.52001953125,645.989990234375,68592500
2025-08-18,SPY,637.8892822265625,643.2999877929688,644.0,642.1799926757812,642.8599853515625,43804900
2025-08-19,SPY,634.4286499023438,639.8099975585938,644.1099853515625,638.47998046875,643.1199951171875,69750700
2025-08-20,SPY,632.7429809570312,638.1099853515625,639.6599731445312,632.9500122070312,639.4000244140625,88890300
2025-08-21,SPY,630.2044677734375,635.5499877929688,637.969970703125,633.8099975585938,636.280029296875,54805800
2025-08-22,SPY,639.88232421875,645.3099975585938,646.5,637.25,637.760009765625,84083200
2025-08-25,SPY,637.0662231445312,642.469970703125,645.2899780273438,642.3499755859375,644.0399780273438,51274300
2025-08-26,SPY,639.733642578125,645.1599731445312,645.510009765625,641.5700073242188,642.2000122070312,51581600
2025-08-27,SPY,641.1912841796875,646.6300048828125,647.3699951171875,644.4199829101562,644.5700073242188,48341100
2025-08-28,SPY,643.4620361328125,648.9199829101562,649.47998046875,645.3400268554688,647.239990234375,61519500
2025-08-29,SPY,639.6245727539062,645.0499877929688,647.8400268554688,643.1400146484375,647.469970703125,74522200
2025-09-02,SPY,634.884765625,640.27001953125,640.489990234375,634.9199829101562,637.5,81983500
2025-09-03,SPY,638.3255615234375,643.739990234375,644.2100219726562,640.4600219726562,642.6699829101562,70820900
2025-09-04,SPY,643.6603393554688,649.1199951171875,649.1500244140625,643.510009765625,644.4199829101562,65219200
2025-09-05,SPY,641.7960815429688,647.239990234375,652.2100219726562,643.3300170898438,651.47998046875,85178900
2025-09-08,SPY,643.372802734375,648.8300170898438,649.8400268554688,647.22998046875,648.6199951171875,63133100
2025-09-09,SPY,644.8601684570312,650.3300170898438,650.8599853515625,647.219970703125,648.969970703125,66133900
2025-09-10,SPY,646.724365234375,652.2100219726562,654.5499877929688,650.6300048828125,653.6199951171875,78034500
2025-09-11,SPY,652.0987548828125,657.6300048828125,658.3300170898438,653.5900268554688,654.1799926757812,69934400
2025-09-12,SPY,651.8805541992188,657.4099731445312,659.1099853515625,656.9000244140625,657.5999755859375,72780100
2025-09-15,SPY,655.3511352539062,660.9099731445312,661.0399780273438,659.3400268554688,659.6400146484375,63772400
2025-09-16,SPY,654.4488525390625,660.0,661.780029296875,659.2100219726562,661.469970703125,61169000
2025-09-17,SPY,653.6357421875,659.1799926757812,661.719970703125,654.2999877929688,660.010009765625,101952200
2025-09-18,SPY,656.6898193359375,662.260009765625,664.8900146484375,660.27001953125,661.8900146484375,90459200
2025-09-19,SPY,659.9423217773438,663.7000122070312,664.5499877929688,660.3699951171875,662.3300170898438,97945600
2025-09-22,SPY,663.0645751953125,666.8400268554688,667.2899780273438,662.1699829101562,662.2000122070312,69452200
2025-09-23,SPY,659.4551391601562,663.2100219726562,667.3400268554688,661.97998046875,666.719970703125,81708900
2025-09-24,SPY,657.3569946289062,661.0999755859375,664.6099853515625,659.6699829101562,664.510009765625,68082200
2025-09-25,SPY,654.3242797851562,658.0499877929688,659.4099731445312,654.4099731445312,657.9400024414062,89622100
2025-09-26,SPY,658.072998046875,661.8200073242188,662.3699951171875,657.8800048828125,659.510009765625,69179200
2025-09-29,SPY,659.9224243164062,663.6799926757812,665.280029296875,661.8599853515625,664.3599853515625,73499000
2025-09-30,SPY,662.4082641601562,666.1799926757812,666.6500244140625,661.6099853515625,662.9299926757812,86288000
2025-10-01,SPY,664.6654052734375,668.4500122070312,669.3699951171875,663.0599975585938,663.1699829101562,72545400
2025-10-02,SPY,665.4309692382812,669.219970703125,670.5700073242188,666.780029296875,670.4500122070312,56896000
2025-10-03,SPY,665.421142578125,669.2100219726562,672.6799926757812,668.1599731445312,669.989990234375,70494400
2025-10-06,SPY,667.8074951171875,671.6099853515625,672.510009765625,669.4600219726562,671.6199951171875,54623300
2025-10-07,SPY,665.3316040039062,669.1199951171875,672.989990234375,667.6699829101562,672.5399780273438,72020100
2025-10-08,SPY,669.2990112304688,673.1099853515625,673.2100219726562,669.4199829101562,670.25,60702200
2025-10-09,SPY,667.3600463867188,671.1599731445312,673.9400024414062,669.2100219726562,673.530029296875,66501900
2025-10-10,SPY,649.32275390625,653.02001953125,673.9500122070312,652.8400268554688,672.1300048828125,159422600
2025-10-13,SPY,659.2860107421875,663.0399780273438,665.1300048828125,659.77001953125,660.6500244140625,79560500
2025-10-14,SPY,658.4805908203125,662.22998046875,665.8300170898438,653.1699829101562,657.1699829101562,88779600
2025-10-15,SPY,661.4039306640625,665.1699829101562,670.22998046875,658.9299926757812,666.8200073242188,81702600
2025-10-16,SPY,656.8995971679688,660.6400146484375,668.7100219726562,657.1099853515625,666.8200073242188,110563300
2025-10-17,SPY,660.62841796875,664.3900146484375,665.760009765625,658.1400146484375,659.5,96500900
2025-10-20,SPY,667.499267578125,671.2999877929688,672.2100219726562,667.27001953125,667.3200073242188,60493400
2025-10-21,SPY,667.4893188476562,671.2899780273438,672.989990234375,669.97998046875,671.4400024414062,56249000
2025-10-22,SPY,664.0191040039062,667.7999877929688,672.0,663.2999877929688,672.0,80564000
2025-10-23,SPY,667.9566650390625,671.760009765625,672.7100219726562,667.7999877929688,668.1199951171875,65604500
2025-10-24,SPY,673.4155883789062,677.25,678.469970703125,675.6500244140625,676.4600219726562,74356500
2025-10-27,SPY,681.3603515625,685.239990234375,685.5399780273438,682.1199951171875,682.72998046875,63339800
2025-10-28,SPY,683.1700439453125,687.0599975585938,688.9099731445312,684.8300170898438,687.0499877929688,61738100
2025-10-29,SPY,683.4982299804688,687.3900146484375,689.7000122070312,682.8699951171875,688.719970703125,85657100
2025-10-30,SPY,675.9810180664062,679.8300170898438,685.9400024414062,679.8300170898438,683.9000244140625,76335800
2025-10-31,SPY,678.1983032226562,682.0599975585938,685.0800170898438,679.239990234375,685.0399780273438,87164100
2025-11-03,SPY,679.4711303710938,683.3400268554688,685.7999877929688,679.9400024414062,685.6699829101562,57315000
2025-11-04,SPY,671.4169921875,675.239990234375,679.9600219726562,674.5800170898438,676.1099853515625,78427000
2025-11-05,SPY,673.7437133789062,677.5800170898438,680.8599853515625,674.1699829101562,674.97998046875,74402400
2025-11-06,SPY,666.514892578125,670.3099975585938,677.3800048828125,668.719970703125,676.469970703125,85035300
2025-11-07,SPY,667.1710815429688,670.969970703125,671.0800170898438,661.2100219726562,667.9099731445312,100592400
2025-11-10,SPY,677.5818481445312,681.4400024414062,682.1799926757812,675.030029296875,677.239990234375,75842900
2025-11-11,SPY,679.1329956054688,683.0,683.5700073242188,678.72998046875,679.9500122070312,58953400
2025-11-12,SPY,679.5109252929688,683.3800048828125,684.9600219726562,680.9500122070312,684.7899780273438,62312500
2025-11-13,SPY,668.235107421875,672.0399780273438,680.8599853515625,670.52001953125,680.5,103457800
2025-11-14,SPY,668.1256713867188,671.9299926757812,675.6599731445312,663.27001953125,665.3800048828125,96846700
2025-11-17,SPY,661.901123046875,665.6699829101562,673.7100219726562,662.1699829101562,669.7000122070312,90456100
2025-11-18,SPY,656.3427734375,660.0800170898438,665.1199951171875,655.8599853515625,662.0999755859375,114467500
2025-11-19,SPY,658.8783569335938,662.6300048828125,667.3400268554688,658.75,660.780029296875,94703000
2025-11-20,SPY,648.8355712890625,652.530029296875,675.5599975585938,651.8900146484375,672.9099731445312,165293500
2025-11-21,SPY,655.2987670898438,659.030029296875,664.5499877929688,650.8499755859375,655.0499877929688,123956200
2025-11-24,SPY,664.9437866210938,668.72998046875,670.0599975585938,661.5900268554688,662.6900024414062,80437900
2025-11-25,SPY,671.1982421875,675.02001953125,676.2100219726562,664.47998046875,668.6300048828125,81077100
2025-11-26,SPY,675.8318481445312,679.6799926757812,681.7000122070312,676.719970703125,677.6300048828125,71879600
2025-11-28,SPY,679.5208129882812,683.3900146484375,683.6699829101562,680.5,680.8599853515625,49212000
2025-12-01,SPY,676.41845703125,680.27001953125,682.989990234375,678.739990234375,678.8099975585938,61201200
2025-12-02,SPY,677.67138671875,681.530029296875,683.8200073242188,679.3300170898438,681.9199829101562,62953800
2025-12-03,SPY,680.0180053710938,683.8900146484375,684.9099731445312,679.6900024414062,680.5700073242188,57238500
2025-12-04,SPY,680.51513671875,684.3900146484375,685.3699951171875,681.3400268554688,685.2999877929688,61970300
2025-12-05,SPY,681.8078002929688,685.6900024414062,688.3900146484375,684.5800170898438,685.469970703125,79241000
2025-12-08,SPY,679.7594604492188,683.6300048828125,686.6400146484375,681.5700073242188,686.5900268554688,55231500
2025-12-09,SPY,679.1727905273438,683.0399780273438,685.3900146484375,682.5900268554688,683.1500244140625,58310100
2025-12-10,SPY,683.6771850585938,687.5700073242188,688.969970703125,681.3099975585938,682.5599975585938,85671300
2025-12-11,SPY,685.26806640625,689.1699829101562,689.25,682.1699829101562,685.1400146484375,86173700
2025-12-12,SPY,677.9000854492188,681.760009765625,688.8800048828125,679.1699829101562,688.1699829101562,113160300
2025-12-15,SPY,676.8758544921875,680.72998046875,685.760009765625,679.25,685.739990234375,90811000
2025-12-16,SPY,675.0264282226562,678.8699951171875,681.0800170898438,674.97998046875,679.22998046875,122030600
2025-12-17,SPY,667.5986938476562,671.4000244140625,680.4400024414062,671.2000122070312,679.8900146484375,110625200
2025-12-18,SPY,672.6399536132812,676.469970703125,680.739990234375,674.9000244140625,677.5999755859375,108650100
2025-12-19,SPY,678.7363891601562,680.5900268554688,681.0900268554688,676.469970703125,676.5900268554688,103599500
2025-12-22,SPY,682.96484375,684.8300170898438,685.3599853515625,680.5900268554688,683.9400024414062,69556700
2025-12-23,SPY,686.0863037109375,687.9600219726562,688.2000122070312,683.8699951171875,683.9199829101562,64840000
2025-12-24,SPY,688.4996948242188,690.3800048828125,690.8300170898438,687.7999877929688,687.9500122070312,39445600
2025-12-26,SPY,688.4298706054688,690.3099975585938,691.6599731445312,689.27001953125,690.6400146484375,41613300
2025-12-29,SPY,685.9765625,687.8499755859375,689.2000122070312,686.0700073242188,687.5399780273438,62559500
2025-12-30,SPY,685.138916015625,687.010009765625,688.5599975585938,686.5800170898438,687.4500122070312,47160700
2025-12-31,SPY,680.062744140625,681.9199829101562,687.3599853515625,681.7100219726562,687.1400146484375,74144800
2026-01-02,SPY,681.309326171875,683.1699829101562,686.8699951171875,679.8200073242188,685.7100219726562,89377200
2026-01-05,SPY,685.846923828125,687.719970703125,689.4299926757812,686.3800048828125,686.5399780273438,71927200
2026-01-06,SPY,689.92578125,691.8099975585938,692.3200073242188,687.780029296875,687.9299926757812,69273800
2026-01-07,SPY,687.701904296875,689.5800170898438,693.9600219726562,689.3200073242188,692.1900024414062,75588300
2026-01-08,SPY,687.632080078125,689.510009765625,690.6199951171875,687.489990234375,688.8200073242188,64019200
2026-01-09,SPY,692.1796264648438,694.0700073242188,695.3099975585938,689.1799926757812,690.6300048828125,80125500
2026-01-12,SPY,693.2666625976562,695.1599731445312,696.0900268554688,690.6300048828125,690.6799926757812,63976000
2026-01-13,SPY,691.8804931640625,693.77001953125,696.0900268554688,691.3499755859375,695.489990234375,78309700
2026-01-14,SPY,688.479736328125,690.3599853515625,691.719970703125,686.0399780273438,691.0,94676700
2026-01-15,SPY,690.3546142578125,692.239990234375,695.4500122070312,691.25,694.5700073242188,77862000
2026-01-16,SPY,689.7761840820312,691.6599731445312,694.25,690.0999755859375,693.6599731445312,79289200
2026-01-20,SPY,675.7345581054688,677.5800170898438,684.77001953125,676.5700073242188,681.489990234375,111623300
2026-01-21,SPY,683.5332641601562,685.4000244140625,688.739990234375,678.1300048828125,679.6500244140625,127844500
2026-01-22,SPY,687.103515625,688.97998046875,691.1300048828125,686.9199829101562,689.8499755859375,77112200
2026-01-23,SPY,687.352783203125,689.22998046875,690.9600219726562,687.1599731445312,688.1500244140625,63059600
2026-01-26,SPY,690.84326171875,692.72998046875,694.1300048828125,689.9199829101562,690.489990234375,60473800
2026-01-27,SPY,693.5957641601562,695.489990234375,696.530029296875,693.5700073242188,694.1799926757812,55506100
2026-01-28,SPY,693.5259399414062,695.4199829101562,697.8400268554688,693.9400024414062,697.0499877929688,61172200
2026-01-29,SPY,692.1497192382812,694.0399780273438,697.0599975585938,684.8300170898438,696.3900146484375,97486200
2026-01-30,SPY,690.0853271484375,691.969970703125,694.2100219726562,687.1199951171875,691.7899780273438,101835100
2026-02-02,SPY,693.5159912109375,695.4099731445312,696.9299926757812,689.4199829101562,689.5800170898438,79286500
2026-02-03,SPY,687.6520385742188,689.530029296875,696.9600219726562,684.030029296875,696.2100219726562,107904600
2026-02-04,SPY,684.3211059570312,686.1900024414062,691.4500122070312,681.760009765625,690.3499755859375,105204600
2026-02-05,SPY,675.7744750976562,677.6199951171875,683.6900024414062,675.7899780273438,680.9400024414062,113610800
2026-02-06,SPY,688.739013671875,690.6199951171875,692.3099975585938,680.8499755859375,681.4600219726562,89127600
2026-02-09,SPY,692.0599975585938,693.9500122070312,695.8699951171875,688.3400268554688,689.4199829101562,73885200
2026-02-10,SPY,690.2349243164062,692.1199951171875,696.5399780273438,691.6599731445312,694.9500122070312,65185700
2026-02-11,SPY,690.075439453125,691.9600219726562,697.1400146484375,689.1799926757812,696.3900146484375,76353900
2026-02-12,SPY,679.41455078125,681.27001953125,695.3499755859375,680.3699951171875,694.239990234375,118829000
2026-02-13,SPY,679.8931884765625,681.75,686.280029296875,677.52001953125,681.6900024414062,96267500
2026-02-17,SPY,680.9901733398438,682.8499755859375,684.9400024414062,675.780029296875,680.1400146484375,81354700
2026-02-18,SPY,684.4208374023438,686.2899780273438,689.1500244140625,682.8300170898438,684.02001953125,73570300
2026-02-19,SPY,682.61572265625,684.47998046875,686.1799926757812,681.5499877929688,683.8400268554688,58649400
2026-02-20,SPY,687.5523071289062,689.4299926757812,690.0599975585938,681.72998046875,682.3200073242188,100034000
2026-02-23,SPY,680.531494140625,682.3900146484375,690.0,680.3699951171875,687.8300170898438,90558100
2026-02-24,SPY,685.4779052734375,687.3499755859375,688.3499755859375,680.0,681.9000244140625,73798700
2026-02-25,SPY,691.26220703125,693.1500244140625,693.6799926757812,690.0999755859375,690.1799926757812,56369500
2026-02-26,SPY,687.422607421875,689.2999877929688,693.2999877929688,684.3499755859375,693.280029296875,71671000
2026-02-27,SPY,684.1216430664062,685.989990234375,686.8599853515625,681.6400146484375,683.0900268554688,83308900
2026-03-02,SPY,684.5106201171875,686.3800048828125,688.6199951171875,678.02001953125,678.7000122070312,87477200
2026-03-03,SPY,678.4771118164062,680.3300170898438,682.6099853515625,669.6599731445312,675.0599975585938,105003100
2026-03-04,SPY,683.2639770507812,685.1300048828125,687.0900268554688,679.6199951171875,681.6300048828125,79182200
2026-03-05,SPY,679.4544067382812,681.3099975585938,685.530029296875,675.6099853515625,682.0800170898438,106606500
2026-03-06,SPY,670.5487060546875,672.3800048828125,676.1099853515625,669.760009765625,673.4099731445312,100687000
2026-03-09,SPY,676.4227294921875,678.27001953125,679.9199829101562,662.3900146484375,666.3900146484375,102667700
2026-03-10,SPY,675.3356323242188,677.1799926757812,683.3599853515625,674.760009765625,677.719970703125,81505300
2026-03-11,SPY,674.4879760742188,676.3300170898438,680.0800170898438,673.3400268554688,677.5800170898438,68441700
2026-03-12,SPY,664.2459106445312,666.0599975585938,671.6500244140625,665.8699951171875,671.1599731445312,108882200
2026-03-13,SPY,660.4862060546875,662.2899780273438,672.3400268554688,661.3599853515625,669.27001953125,97200200
2026-03-16,SPY,667.2078857421875,669.030029296875,672.0700073242188,667.1199951171875,668.3800048828125,82023100
2026-03-17,SPY,668.9630126953125,670.7899780273438,674.4400024414062,669.7000122070312,672.3900146484375,87128000
2026-03-18,SPY,659.6285400390625,661.4299926757812,669.719970703125,661.1900024414062,668.3599853515625,82062600
2026-03-19,SPY,658.0029907226562,659.7999877929688,662.97998046875,655.1699829101562,656.969970703125,111272500
2026-03-20,SPY,648.5700073242188,648.5700073242188,656.6900024414062,644.719970703125,656.510009765625,163617500
2026-03-23,SPY,655.3800048828125,655.3800048828125,662.6199951171875,653.9400024414062,658.0700073242188,134802700
2026-03-24,SPY,653.1799926757812,653.1799926757812,657.030029296875,649.8800048828125,651.3200073242188,96457500
2026-03-25,SPY,656.8200073242188,656.8200073242188,660.8900146484375,654.239990234375,658.6699829101562,90653800
2026-03-26,SPY,645.0900268554688,645.0900268554688,654.8499755859375,644.8200073242188,652.0599975585938,96494400
2026-03-27,SPY,634.0900268554688,634.0900268554688,642.6599731445312,633.1099853515625,642.5,103649400
2026-03-30,SPY,631.969970703125,631.969970703125,640.3699951171875,629.280029296875,640.1099853515625,99275900
2026-03-31,SPY,650.3400268554688,650.3400268554688,651.5399780273438,637.97998046875,638.9400024414062,152534100
2026-04-01,SPY,655.239990234375,655.239990234375,658.52001953125,653.0,653.9000244140625,97841500
2026-04-02,SPY,655.8300170898438,655.8300170898438,658.2000122070312,645.1099853515625,646.4199829101562,68358700
2026-04-06,SPY,658.9299926757812,658.9299926757812,659.719970703125,655.52001953125,655.8599853515625,39105800
2026-04-07,SPY,659.219970703125,659.219970703125,659.6099853515625,651.0599975585938,656.6500244140625,69980400
2026-04-08,SPY,676.010009765625,676.010009765625,677.0800170898438,671.4600219726562,676.3900146484375,93606100
2026-04-09,SPY,679.9099731445312,679.9099731445312,681.1599731445312,673.77001953125,674.8400268554688,57134400
2026-04-10,SPY,679.4600219726562,679.4600219726562,682.030029296875,678.4500122070312,681.3200073242188,42253500
2026-04-13,SPY,686.0999755859375,686.0999755859375,686.2999877929688,676.5800170898438,677.4099731445312,54185800
2026-04-14,SPY,694.4600219726562,694.4600219726562,694.5800170898438,687.6599731445312,687.6900024414062,63480500
2026-04-15,SPY,699.9400024414062,699.9400024414062,700.280029296875,694.2000122070312,695.260009765625,58240400
2026-04-16,SPY,701.6599731445312,701.6599731445312,702.780029296875,698.530029296875,701.0599975585938,49972400
2026-04-17,SPY,710.1400146484375,710.1400146484375,712.3900146484375,705.760009765625,706.1400146484375,70661900
2026-04-20,SPY,708.719970703125,708.719970703125,709.9099731445312,706.1400146484375,708.780029296875,43546800
2026-04-21,SPY,704.0800170898438,704.0800170898438,711.280029296875,702.6400146484375,710.280029296875,58941400
2026-04-22,SPY,711.2100219726562,711.2100219726562,711.4500122070312,708.219970703125,709.1500244140625,42518500
2026-04-23,SPY,708.4500122070312,708.4500122070312,712.3599853515625,702.280029296875,709.5,56174000
2026-04-24,SPY,713.9400024414062,713.9400024414062,714.469970703125,709.010009765625,710.75,45182000
2026-04-27,SPY,715.1699829101562,715.1699829101562,715.6300048828125,712.2999877929688,713.1699829101562,33135900
2026-04-28,SPY,711.6900024414062,711.6900024414062,712.8800048828125,709.25,711.8200073242188,43117400
2026-04-29,SPY,711.5800170898438,711.5800170898438,712.2000122070312,708.3699951171875,711.0,41859200
2026-04-30,SPY,718.6599731445312,718.6599731445312,719.7899780273438,710.4500122070312,714.6300048828125,67240900
2026-05-01,SPY,720.6500244140625,720.6500244140625,724.8699951171875,720.469970703125,721.25,43049800
2026-05-04,SPY,718.010009765625,718.010009765625,722.1199951171875,714.989990234375,720.0700073242188,51950600
2026-05-05,SPY,723.77001953125,723.77001953125,725.0399780273438,721.489990234375,721.77001953125,36933200
2026-05-06,SPY,733.8300170898438,733.8300170898438,734.5900268554688,727.8200073242188,728.1599731445312,53288900
2026-05-07,SPY,731.5800170898438,731.5800170898438,736.1300048828125,729.75,735.0499877929688,51724600
2026-05-08,SPY,737.6199951171875,737.6199951171875,738.0800170898438,734.5700073242188,734.9299926757812,47227100
2026-05-11,SPY,739.2999877929688,739.2999877929688,740.7899780273438,736.4500122070312,736.4500122070312,43945400
2026-05-12,SPY,737.9299926757812,737.9299926757812,738.0499877929688,731.8300170898438,736.8900146484375,39157001
